block_id,write_us,write_interval_ms,source_ring_before_samples,source_ring_after_samples,driver_depth_before,driver_depth_after
0,4.900000,0.000000,7680,6720,0,1
1,1.700000,0.012000,6720,5760,1,2
2,1.200000,20.060500,15360,14400,1,2
3,0.600000,20.021300,15360,14400,1,2
4,0.600000,20.026100,15360,14400,1,2
5,1.800000,20.044300,15360,14400,1,2
6,0.700000,20.044700,15360,14400,1,2
7,2.800000,20.027100,15360,14400,1,2
8,0.500000,20.024000,15360,14400,1,2
9,0.800000,20.020900,15360,14400,1,2
10,1.900000,20.018300,15360,14400,1,2
11,0.500000,20.031900,15360,14400,1,2
12,0.500000,20.021500,15360,14400,1,2
13,0.700000,20.020000,15360,14400,1,2
14,0.700000,20.019300,15360,14400,1,2
15,0.500000,20.051900,15360,14400,1,2
16,0.500000,20.018900,15360,14400,1,2
17,1.100000,20.032800,15360,14400,1,2
18,0.900000,20.021000,15360,14400,1,2
19,0.800000,20.027100,15360,14880,1,2
20,1.000000,20.028000,15360,14400,1,2
21,0.500000,20.034800,15360,14400,1,2
22,0.400000,20.023200,15360,14400,1,2
23,0.700000,20.019700,15360,14400,1,2
24,1.100000,20.023600,15360,14400,1,2
25,0.900000,20.022600,15360,14400,1,2
26,0.800000,20.027900,15360,14400,1,2
27,0.700000,20.033400,15360,14400,1,2
28,1.000000,20.024800,15360,14400,1,2
29,0.600000,20.019700,15360,14400,1,2
30,0.500000,20.019700,15360,14400,1,2
31,0.600000,20.033100,15360,14400,1,2
32,1.900000,20.053000,15360,14400,1,2
33,0.900000,20.025900,15360,14400,1,2
34,0.800000,20.021600,15360,14400,1,2
35,0.800000,20.026300,15360,14400,1,2
36,0.800000,20.022000,15360,14400,1,2
37,0.800000,19.071600,15360,14400,1,2
38,0.900000,20.021200,15360,14400,1,2
39,4.600000,20.026200,15360,14880,1,2
40,0.800000,20.034900,15360,14400,1,2
41,0.800000,20.025500,15360,14400,1,2
42,0.700000,20.019100,15360,14400,1,2
43,1.300000,20.026600,15360,14400,1,2
44,0.400000,20.028100,15360,14400,1,2
45,0.500000,20.035900,15360,14400,1,2
46,0.900000,20.019900,15360,14400,1,2
47,0.800000,20.018800,15360,14400,1,2
48,0.500000,20.021200,15360,14400,1,2
49,0.900000,20.018300,15360,14400,1,2
50,0.900000,20.019100,15360,14400,1,2
51,0.800000,20.020500,15360,14400,1,2
52,0.800000,20.035800,15360,14400,1,2
53,0.800000,20.023900,15360,14400,1,2
54,0.900000,20.021400,15360,14400,1,2
55,0.800000,20.031700,15360,14400,1,2
56,0.600000,20.019500,15360,14400,1,2
57,0.800000,20.020500,15360,14400,1,2
58,0.800000,20.024200,15360,14400,1,2
59,0.800000,20.024300,15360,14400,1,2
60,1.000000,20.019400,15360,14400,1,2
61,0.700000,20.020700,15360,14400,1,2
62,0.500000,20.026800,15360,14400,1,2
63,0.900000,20.019400,15360,14400,1,2
64,0.700000,20.024700,15360,14400,1,2
65,0.500000,20.020700,15360,14400,1,2
66,0.500000,20.019200,15360,14400,1,2
67,0.700000,20.019500,15360,14400,1,2
68,0.800000,20.019500,15360,14400,1,2
69,0.600000,20.021900,15360,14400,1,2
70,0.800000,20.020100,15360,14400,1,2
71,2.900000,20.024400,15360,14400,1,2
72,0.800000,20.022300,15360,14400,1,2
73,0.600000,20.018700,15360,14400,1,2
74,0.900000,20.055700,15360,14400,1,2
75,0.700000,20.021900,15360,14400,1,2
76,1.000000,20.026300,15360,14400,1,2
77,0.600000,19.026800,15360,14400,1,2
78,0.800000,20.026000,15360,14400,1,2
79,0.800000,20.037600,15360,14400,1,2
80,0.800000,20.022500,15360,14400,1,2
81,1.200000,20.019700,15360,14400,1,2
82,0.800000,20.018200,15360,14400,1,2
83,0.400000,20.018300,15360,14400,1,2
84,0.800000,20.041800,15360,14400,1,2
85,0.700000,20.020000,15360,14400,1,2
86,0.700000,20.036400,15360,14400,1,2
87,0.800000,20.024500,15360,14400,1,2
88,0.800000,20.020800,15360,14400,1,2
89,0.800000,20.037100,15360,14400,1,2
90,0.800000,20.024800,15360,14400,1,2
91,0.800000,20.020100,15360,14400,1,2
92,0.800000,20.016600,15360,14400,1,2
93,0.700000,20.018800,15360,14400,1,2
94,1.100000,20.176100,15360,14400,1,2
95,0.800000,20.026700,15360,14400,1,2
96,0.800000,20.063600,15360,14400,1,2
97,0.800000,20.023600,15360,14400,1,2
98,0.800000,20.023600,15360,14400,1,2
99,0.900000,20.020700,15360,14400,1,2
100,1.100000,20.185900,15360,14400,1,2
101,0.900000,20.025800,15360,14400,1,2
102,0.800000,20.019300,15360,14400,1,2
103,0.900000,19.026700,15360,14400,1,2
104,0.900000,20.023400,15360,14400,1,2
105,0.700000,20.020200,15360,14400,1,2
106,3.100000,20.022200,15360,14400,1,2
107,0.800000,20.023500,15360,14400,1,2
108,0.900000,20.022100,15360,14400,1,2
109,1.000000,20.036400,15360,14400,1,2
110,1.000000,20.029600,15360,14400,1,2
111,0.700000,20.021000,15360,14400,1,2
112,1.000000,20.023900,15360,14400,1,2
113,0.800000,20.019000,15360,14400,1,2
114,0.900000,20.021200,15360,14400,1,2
115,0.900000,20.020100,15360,14400,1,2
116,0.500000,20.024100,15360,14400,1,2
117,0.700000,20.023800,15360,14400,1,2
118,0.700000,20.018500,15360,14400,1,2
119,1.100000,20.105500,15360,14400,1,2
120,1.000000,20.018400,15360,14400,1,2
121,0.800000,20.019500,15360,14400,1,2
122,1.100000,20.021600,15360,14400,1,2
123,0.800000,20.018700,15360,14400,1,2
124,0.600000,20.019800,15360,14400,1,2
125,0.400000,20.020300,15360,14400,1,2
126,0.800000,20.016700,15360,14400,1,2
127,0.600000,20.299500,15360,14400,1,2
128,0.800000,20.024300,15360,14400,1,2
129,0.800000,20.020800,15360,14400,1,2
130,0.900000,20.017900,15360,14400,1,2
131,1.000000,20.020400,15360,14400,1,2
132,1.000000,19.167700,15360,14880,1,2
133,0.700000,20.037600,15360,14400,1,2
134,0.900000,20.050600,15360,14400,1,2
135,0.700000,20.023300,15360,14400,1,2
136,0.800000,20.102700,15360,14400,1,2
137,1.200000,20.026600,15360,14400,1,2
138,1.000000,20.038800,15360,14400,1,2
139,0.800000,20.017200,15360,14400,1,2
140,0.600000,20.016900,15360,14400,1,2
141,3.000000,20.029200,15360,14400,1,2
142,1.200000,20.031400,15360,14400,1,2
143,0.500000,20.031800,15360,14400,1,2
144,0.400000,20.025700,15360,14400,1,2
145,1.000000,20.030400,15360,14400,1,2
146,0.900000,20.020900,15360,14400,1,2
147,0.900000,20.021300,15360,14400,1,2
148,0.600000,20.029900,15360,14400,1,2
149,0.900000,20.020800,15360,14400,1,2
150,0.500000,20.019900,15360,14400,1,2
151,1.200000,20.087900,15360,14400,1,2
152,0.800000,20.048800,15360,14400,1,2
153,0.800000,20.025000,15360,14400,1,2
154,1.000000,20.040800,15360,14400,1,2
155,1.000000,19.181500,15360,14400,1,2
156,0.800000,20.252300,15360,14400,1,2
157,0.900000,20.034500,15360,14400,1,2
158,1.100000,20.029900,15360,14400,1,2
159,0.500000,20.035400,15360,14400,1,2
160,1.000000,20.029800,15360,14400,1,2
161,1.100000,20.020000,15360,14400,1,2
162,0.900000,20.019200,15360,14400,1,2
163,0.600000,20.014700,15360,14400,1,2
164,1.100000,20.026200,15360,14400,1,2
165,0.800000,20.032600,15360,14400,1,2
166,0.900000,20.074200,15360,14400,1,2
167,174.700000,20.038400,15360,14880,1,2
168,0.700000,19.351700,15360,14400,1,2
169,0.800000,20.094600,15360,14400,1,2
170,1.000000,20.134100,15360,14400,1,2
171,0.700000,20.048000,15360,14400,1,2
172,1.000000,20.107000,15360,14400,1,2
173,1.000000,20.095400,15360,14400,1,2
174,0.800000,20.045500,15360,14400,1,2
175,0.800000,20.026100,15360,14400,1,2
176,0.800000,20.016700,15360,14400,1,2
177,1.000000,20.122700,15360,14400,1,2
178,1.000000,20.026300,15360,14400,1,2
179,0.900000,20.031400,15360,14400,1,2
180,0.800000,20.080300,15360,14400,1,2
181,0.700000,20.106500,15360,14400,1,2
182,0.900000,19.022800,15360,14400,1,2
183,1.100000,20.030000,15360,14400,1,2
184,0.800000,20.023900,15360,14400,1,2
185,0.700000,20.022000,15360,14400,1,2
186,0.700000,20.060700,15360,14400,1,2
187,0.600000,20.018500,15360,14400,1,2
188,0.500000,20.016900,15360,14400,1,2
189,1.000000,20.023800,15360,14400,1,2
190,0.900000,20.020800,15360,14400,1,2
191,0.900000,20.052400,15360,14880,1,2
192,1.200000,20.039100,15360,14400,1,2
193,0.800000,20.035600,15360,14400,1,2
194,0.800000,20.021600,15360,14400,1,2
195,1.100000,20.027200,15360,14400,1,2
196,1.300000,20.029300,15360,14400,1,2
197,0.800000,20.111200,15360,14400,1,2
198,1.200000,20.040500,15360,14400,1,2
199,0.800000,20.116600,15360,14400,1,2
200,0.900000,20.032700,15360,14400,1,2
201,1.100000,20.028100,15360,14400,1,2
202,1.200000,20.125500,15360,14400,1,2
203,1.100000,20.040000,15360,14400,1,2
204,0.800000,20.049000,15360,14400,1,2
205,0.800000,19.057600,15360,14400,1,2
206,0.900000,20.074000,15360,14400,1,2
207,0.800000,20.090100,15360,14400,1,2
208,0.900000,20.021200,15360,14400,1,2
209,1.200000,20.172100,15360,14880,1,2
210,1.000000,20.030500,15360,14400,1,2
211,0.800000,20.024100,15360,14400,1,2
212,0.800000,20.061100,15360,14400,1,2
213,0.400000,20.034600,15360,14400,1,2
214,0.500000,20.104400,15360,14400,1,2
215,0.800000,20.091300,15360,14400,1,2
216,0.900000,20.083000,15360,14400,1,2
217,1.000000,20.063500,15360,14400,1,2
218,1.000000,20.030300,15360,14400,1,2
219,0.700000,19.169500,15360,14880,1,2
220,1.200000,20.130400,15360,14400,1,2
221,0.800000,20.028700,15360,14400,1,2
222,0.700000,20.099200,15360,14400,1,2
223,0.800000,20.018500,15360,14400,1,2
224,0.900000,20.032900,15360,14400,1,2
225,1.100000,20.030900,15360,14400,1,2
226,0.800000,20.025400,15360,14400,1,2
227,0.900000,20.031700,15360,14400,1,2
228,0.700000,20.030600,15360,14400,1,2
229,0.900000,20.042400,15360,14400,1,2
230,0.900000,20.023300,15360,14400,1,2
231,0.900000,20.028000,15360,14400,1,2
232,0.800000,20.151000,15360,14400,1,2
233,0.800000,20.027300,15360,14400,1,2
234,1.300000,20.023400,15360,14400,1,2
235,1.000000,20.029100,15360,14400,1,2
236,0.600000,20.020900,15360,14400,1,2
237,0.900000,20.039600,15360,14400,1,2
238,0.500000,20.071400,15360,14400,1,2
239,0.900000,19.144400,15360,14400,1,2
240,1.000000,20.026300,15360,14400,1,2
241,1.000000,20.029700,15360,14880,1,2
242,0.900000,20.059200,15360,14400,1,2
243,0.600000,20.047000,15360,14400,1,2
244,0.600000,20.029700,15360,14400,1,2
245,0.900000,20.025500,15360,14400,1,2
246,0.800000,20.028200,15360,14400,1,2
247,1.100000,20.029700,15360,14400,1,2
248,0.700000,20.074900,15360,14400,1,2
249,0.600000,20.041200,15360,14400,1,2
250,0.800000,20.025300,15360,14400,1,2
251,1.100000,20.024200,15360,14400,1,2
252,0.800000,20.053000,15360,14400,1,2
253,0.500000,20.046500,15360,14400,1,2
254,1.100000,20.172600,15360,14400,1,2
255,1.200000,20.028600,15360,14880,1,2
256,0.900000,20.054100,15360,14400,1,2
257,0.900000,19.089000,15360,14400,1,2
258,0.800000,20.018000,15360,14400,1,2
259,0.600000,20.017000,15360,14400,1,2
260,0.900000,20.092700,15360,14400,1,2
261,0.700000,20.016900,15360,14400,1,2
262,0.700000,20.054000,15360,14400,1,2
263,0.700000,20.017000,15360,14400,1,2
264,0.700000,20.037600,15360,14400,1,2
265,0.600000,20.017000,15360,14400,1,2
266,0.800000,20.126500,15360,14400,1,2
267,1.000000,20.138300,15360,14400,1,2
268,0.900000,20.019900,15360,14400,1,2
269,0.700000,20.032800,15360,14400,1,2
270,1.100000,20.025200,15360,14400,1,2
271,0.700000,20.021200,15360,14400,1,2
272,0.800000,20.017900,15360,14400,1,2
273,0.900000,20.023500,15360,14400,1,2
274,0.800000,20.153000,15360,14400,1,2
275,0.800000,19.166200,15360,14400,1,2
276,0.700000,20.014000,15360,14400,1,2
277,0.600000,20.102200,15360,14400,1,2
278,0.600000,20.017400,15360,14400,1,2
279,0.800000,20.061200,15360,14400,1,2
280,0.800000,20.016000,15360,14400,1,2
281,1.100000,20.033500,15360,14400,1,2
282,0.900000,20.020300,15360,14400,1,2
283,0.700000,20.024400,15360,14400,1,2
284,0.900000,20.015300,15360,14400,1,2
285,0.800000,20.018500,15360,14400,1,2
286,1.100000,20.021200,15360,14400,1,2
287,0.700000,20.017200,15360,14400,1,2
288,0.900000,20.093100,15360,14400,1,2
289,0.600000,20.021700,15360,14400,1,2
290,0.900000,20.051600,15360,14400,1,2
291,0.900000,20.122100,15360,14400,1,2
292,0.500000,20.027500,15360,14400,1,2
293,0.700000,20.077200,15360,14400,1,2
294,1.000000,20.028800,15360,14400,1,2
295,1.000000,20.061800,15360,14400,1,2
296,1.100000,20.038400,15360,14400,1,2
297,0.900000,20.018700,15360,14400,1,2
298,0.500000,20.034500,15360,14400,1,2
299,0.700000,19.119800,15360,14400,1,2
300,0.700000,20.088800,15360,14400,1,2
301,1.000000,20.130500,15360,14400,1,2
302,0.800000,20.059900,15360,14400,1,2
303,0.800000,20.187600,15360,14400,1,2
304,0.500000,20.047600,15360,14400,1,2
305,0.900000,20.052800,15360,14400,1,2
306,1.100000,20.027000,15360,14400,1,2
307,0.900000,20.035300,15360,14400,1,2
308,1.200000,20.028100,15360,14400,1,2
309,0.800000,20.016900,15360,14400,1,2
310,0.800000,20.021200,15360,14400,1,2
311,1.000000,20.019200,15360,14400,1,2
312,1.100000,20.025000,15360,14400,1,2
313,0.700000,20.024700,15360,14400,1,2
314,1.000000,20.028500,15360,14400,1,2
315,0.600000,20.019500,15360,14400,1,2
316,1.100000,20.041500,15360,14880,1,2
317,1.000000,20.027900,15360,14400,1,2
318,0.300000,20.020300,15360,14400,1,2
319,0.600000,19.136400,15360,14400,1,2
320,1.100000,20.024000,15360,14400,1,2
321,0.900000,20.097300,15360,14400,1,2
322,0.800000,20.047900,15360,14400,1,2
323,0.900000,20.027800,15360,14400,1,2
324,1.300000,20.036100,15360,14880,1,2
325,1.000000,20.092900,15360,14880,1,2
326,1.000000,20.062900,15360,14400,1,2
327,0.800000,20.060000,15360,14400,1,2
328,1.500000,20.067000,15360,14400,1,2
329,0.900000,20.078600,15360,14880,1,2
330,1.000000,20.028000,15360,14400,1,2
331,1.100000,20.201500,15360,14400,1,2
332,0.700000,20.023600,15360,14400,1,2
333,0.800000,20.044100,15360,14400,1,2
334,0.800000,19.021600,15360,14400,1,2
335,0.900000,20.099500,15360,14400,1,2
336,0.800000,20.017100,15360,14400,1,2
337,1.000000,20.020900,15360,14400,1,2
338,1.000000,20.027100,15360,14400,1,2
339,1.200000,20.023000,15360,14400,1,2
340,0.600000,20.034700,15360,14400,1,2
341,0.800000,20.017900,15360,14400,1,2
342,0.800000,20.015900,15360,14400,1,2
343,0.700000,20.016400,15360,14400,1,2
344,0.700000,20.017500,15360,14400,1,2
345,0.700000,20.020800,15360,14400,1,2
346,0.800000,20.016600,15360,14400,1,2
347,0.800000,20.149900,15360,14400,1,2
348,0.800000,20.021400,15360,14400,1,2
349,0.700000,20.043900,15360,14400,1,2
350,1.000000,20.126500,15360,14400,1,2
351,1.100000,20.024700,15360,14880,1,2
352,0.700000,20.020400,15360,14400,1,2
353,0.600000,20.018200,15360,14400,1,2
354,0.900000,20.177600,15360,14400,1,2
355,0.800000,20.031000,15360,14400,1,2
356,6.000000,19.080800,15360,14400,1,2
357,0.900000,20.158400,15360,14400,1,2
358,0.800000,20.095400,15360,14400,1,2
359,0.700000,20.019300,15360,14400,1,2
360,0.700000,20.061000,15360,14400,1,2
361,0.900000,20.030200,15360,14400,1,2
362,0.600000,20.020000,15360,14400,1,2
363,0.800000,20.026800,15360,14400,1,2
364,0.800000,20.027000,15360,14400,1,2
365,0.900000,20.064300,15360,14400,1,2
366,0.800000,20.033000,15360,14400,1,2
367,0.700000,20.019600,15360,14400,1,2
368,0.700000,20.096600,15360,14400,1,2
369,0.800000,20.018000,15360,14400,1,2
370,0.700000,20.019400,15360,14400,1,2
371,0.800000,20.031800,15360,14400,1,2
372,0.700000,20.017500,15360,14400,1,2
373,0.800000,20.030300,15360,14400,1,2
374,0.700000,20.039100,15360,14400,1,2
375,0.700000,20.030000,15360,14400,1,2
376,0.800000,20.016900,15360,14400,1,2
377,1.000000,20.031700,15360,14400,1,2
378,0.900000,20.042400,15360,14400,1,2
379,0.900000,19.182200,15360,14400,1,2
380,0.800000,20.035100,15360,14400,1,2
381,0.800000,20.078400,15360,14400,1,2
382,0.800000,20.047200,15360,14400,1,2
383,14.700000,20.031400,15360,14400,1,2
384,0.700000,20.034200,15360,14400,1,2
385,1.100000,20.023000,15360,14400,1,2
386,0.900000,20.037700,15360,14400,1,2
387,1.000000,20.024300,15360,14400,1,2
388,0.700000,20.020300,15360,14400,1,2
389,1.100000,20.089300,15360,14400,1,2
390,0.800000,20.048900,15360,14400,1,2
391,1.200000,20.028600,15360,14400,1,2
392,0.800000,20.021500,15360,14400,1,2
393,0.900000,20.019400,15360,14400,1,2
394,0.800000,20.119800,15360,14400,1,2
395,1.300000,20.034400,15360,14400,1,2
396,1.000000,20.032500,15360,14400,1,2
397,1.300000,19.164000,15360,14880,1,2
398,0.900000,20.055700,15360,14400,1,2
399,0.600000,20.033900,15360,14400,1,2
400,0.700000,20.167700,15360,14400,1,2
401,0.800000,20.020100,15360,14400,1,2
402,0.700000,20.019200,15360,14400,1,2
403,0.600000,20.016800,15360,14400,1,2
404,0.800000,20.018400,15360,14400,1,2
405,1.000000,20.024800,15360,14400,1,2
406,0.800000,20.021100,15360,14400,1,2
407,1.100000,20.035700,15360,14400,1,2
408,0.800000,20.019400,15360,14400,1,2
409,0.900000,20.018000,15360,14400,1,2
410,0.700000,20.143100,15360,14400,1,2
411,0.600000,20.019100,15360,14400,1,2
412,0.800000,20.042300,15360,14400,1,2
413,0.600000,20.020600,15360,14400,1,2
414,0.700000,20.178700,15360,14400,1,2
415,0.800000,20.063200,15360,14400,1,2
416,0.600000,19.137300,15360,14400,1,2
417,0.800000,20.081300,15360,14400,1,2
418,0.800000,20.021600,15360,14400,1,2
419,0.500000,20.071000,15360,14400,1,2
420,1.200000,20.025400,15360,14400,1,2
421,0.800000,20.018800,15360,14400,1,2
422,1.100000,20.037300,15360,14400,1,2
423,0.800000,20.026800,15360,14400,1,2
424,0.900000,20.127800,15360,14400,1,2
425,0.800000,20.026800,15360,14400,1,2
426,0.900000,20.019600,15360,14400,1,2
427,1.000000,20.096400,15360,14400,1,2
428,1.000000,20.231300,15360,14400,1,2
429,1.300000,20.058500,15360,14400,1,2
430,0.800000,19.165900,15360,14400,1,2
431,0.800000,20.021300,15360,14400,1,2
432,1.300000,20.035800,15360,14400,1,2
433,1.100000,20.043000,15360,14400,1,2
434,1.000000,20.022600,15360,14400,1,2
435,1.000000,20.120800,15360,14400,1,2
436,0.900000,20.027700,15360,14400,1,2
437,0.900000,20.109800,15360,14400,1,2
438,0.800000,20.021000,15360,14400,1,2
439,1.200000,20.078500,15360,14400,1,2
440,1.000000,20.020900,15360,14400,1,2
441,0.800000,20.027000,15360,14400,1,2
442,0.900000,20.144300,15360,14400,1,2
443,0.700000,20.045300,15360,14400,1,2
444,0.700000,20.069800,15360,14400,1,2
445,0.900000,20.019100,15360,14400,1,2
446,0.800000,20.027000,15360,14400,1,2
447,1.100000,20.073600,15360,14880,1,2
448,1.000000,19.194600,15360,14880,1,2
449,1.000000,20.129800,15360,14400,1,2
450,0.600000,20.090200,15360,14400,1,2
451,1.000000,20.024100,15360,14400,1,2
452,1.000000,20.051500,15360,14400,1,2
453,0.700000,20.113400,15360,14400,1,2
454,1.100000,20.032500,15360,14400,1,2
455,0.700000,20.063500,15360,14400,1,2
456,0.700000,20.023000,15360,14400,1,2
457,1.200000,20.037500,15360,14400,1,2
458,0.800000,20.056500,15360,14400,1,2
459,0.700000,20.019400,15360,14400,1,2
460,0.700000,20.018100,15360,14400,1,2
461,0.900000,20.067500,15360,14400,1,2
462,0.800000,20.032800,15360,14400,1,2
463,0.800000,19.078300,15360,14400,1,2
464,0.800000,20.195700,15360,14400,1,2
465,1.100000,20.027900,15360,14400,1,2
466,0.800000,20.115000,15360,14400,1,2
467,1.100000,20.068000,15360,14400,1,2
468,0.700000,20.022600,15360,14400,1,2
469,0.600000,20.062200,15360,14400,1,2
470,0.900000,20.055600,15360,14400,1,2
471,1.200000,20.044100,15360,14400,1,2
472,0.700000,20.103700,15360,14400,1,2
473,1.400000,20.025600,15360,14400,1,2
474,0.900000,20.113300,15360,14400,1,2
475,0.800000,20.029300,15360,14400,1,2
476,0.600000,20.046500,15360,14400,1,2
477,0.600000,19.071200,15360,14400,1,2
478,0.800000,20.030500,15360,14400,1,2
479,1.200000,20.032000,15360,14400,1,2
480,0.500000,20.030000,15360,14400,1,2
481,1.100000,20.032400,15360,14400,1,2
482,15.400000,20.049400,15360,14400,1,2
483,1.100000,20.045200,15360,14400,1,2
484,0.900000,20.022600,15360,14400,1,2
485,1.000000,20.025500,15360,14400,1,2
486,0.800000,20.018900,15360,14400,1,2
487,0.800000,20.050900,15360,14400,1,2
488,1.300000,20.037000,15360,14400,1,2
489,0.800000,20.275900,15360,14400,1,2
490,0.900000,20.023100,15360,14400,1,2
491,0.700000,20.040200,15360,14880,1,2
492,1.200000,20.101500,15360,14400,1,2
493,0.900000,20.029700,15360,14400,1,2
494,0.900000,20.027500,15360,14400,1,2
495,0.900000,20.048300,15360,14400,1,2
496,0.600000,19.267300,15360,14400,1,2
497,0.900000,20.149500,15360,14400,1,2
498,1.000000,20.023300,15360,14400,1,2
499,0.600000,20.156000,15360,14400,1,2
500,0.800000,20.023800,15360,14400,1,2
501,0.500000,20.024400,15360,14400,1,2
502,0.700000,20.026900,15360,14400,1,2
503,0.900000,20.027000,15360,14400,1,2
504,1.000000,20.069300,15360,14400,1,2
505,0.900000,20.032700,15360,14400,1,2
506,0.900000,20.024500,15360,14400,1,2
507,0.800000,20.027500,15360,14400,1,2
508,0.800000,20.021300,15360,14400,1,2
509,0.800000,20.081600,15360,14400,1,2
510,0.700000,20.029100,15360,14400,1,2
511,1.200000,19.101100,15360,14400,1,2
512,0.500000,20.018300,15360,14400,1,2
513,0.700000,20.072200,15360,14400,1,2
514,0.900000,20.023100,15360,14400,1,2
515,0.500000,20.023200,15360,14400,1,2
516,0.800000,20.081900,15360,14400,1,2
517,0.900000,20.023400,15360,14400,1,2
518,0.900000,20.051800,15360,14400,1,2
519,0.800000,20.019800,15360,14400,1,2
520,0.900000,20.135600,15360,14400,1,2
521,1.100000,20.047400,15360,14400,1,2
522,0.900000,20.131700,15360,14400,1,2
523,0.700000,20.024700,15360,14400,1,2
524,0.800000,20.017900,15360,14400,1,2
525,0.700000,20.140000,15360,14400,1,2
526,1.000000,20.208700,15360,14400,1,2
527,0.600000,19.028900,15360,14400,1,2
528,1.300000,20.035600,15360,14400,1,2
529,1.000000,20.020500,15360,14400,1,2
530,0.400000,20.169400,15360,14400,1,2
531,0.600000,20.026300,15360,14400,1,2
532,0.900000,20.022100,15360,14400,1,2
533,0.900000,20.026400,15360,14400,1,2
534,0.500000,20.462500,15360,14400,1,2
535,0.800000,20.018800,15360,14400,1,2
536,0.600000,20.021800,15360,14400,1,2
537,0.700000,20.067800,15360,14400,1,2
538,0.700000,19.104100,15360,14400,1,2
539,0.800000,20.024000,15360,14400,1,2
540,0.800000,20.017800,15360,14400,1,2
541,0.800000,20.019400,15360,14400,1,2
542,0.600000,20.048200,15360,14400,1,2
543,0.800000,20.301500,15360,14400,1,2
544,0.700000,20.020100,15360,14400,1,2
545,1.000000,20.097200,15360,14400,1,2
546,0.800000,20.042700,15360,14400,1,2
547,0.700000,20.021300,15360,14400,1,2
548,0.800000,20.024600,15360,14400,1,2
549,0.800000,20.017300,15360,14400,1,2
550,0.900000,20.063300,15360,14880,1,2
551,1.000000,20.145600,15360,14400,1,2
552,0.800000,20.019000,15360,14400,1,2
553,1.300000,19.111400,15360,14400,1,2
554,1.100000,20.059600,15360,14400,1,2
555,0.700000,20.022600,15360,14400,1,2
556,0.800000,20.028200,15360,14400,1,2
557,0.900000,20.099700,15360,14880,1,2
558,0.800000,20.031800,15360,14400,1,2
559,1.000000,20.029600,15360,14880,1,2
560,0.700000,20.064700,15360,14400,1,2
561,0.700000,20.047700,15360,14400,1,2
562,1.500000,20.057600,15360,14400,1,2
563,0.600000,20.174100,15360,14400,1,2
564,0.500000,20.021100,15360,14400,1,2
565,0.800000,20.043600,15360,14400,1,2
566,0.800000,20.070100,15360,14400,1,2
567,0.600000,20.047200,15360,14400,1,2
568,0.900000,20.047400,15360,14400,1,2
569,0.600000,20.027000,15360,14400,1,2
570,1.200000,20.045400,15360,14400,1,2
571,0.600000,20.021400,15360,14400,1,2
572,1.300000,20.041700,15360,14400,1,2
573,0.600000,19.036700,15360,14400,1,2
574,0.600000,20.028100,15360,14400,1,2
575,0.800000,20.028800,15360,14400,1,2
576,1.200000,20.031600,15360,14400,1,2
577,0.900000,20.042600,15360,15360,1,2
578,0.700000,20.093900,15360,14400,1,2
579,0.800000,20.037600,15360,14400,1,2
580,0.700000,20.031900,15360,15360,1,2
581,0.500000,20.046900,15360,14400,1,2
582,0.500000,20.046800,15360,14400,1,2
583,0.700000,20.081100,15360,14400,1,2
584,1.000000,20.046600,15360,14400,1,2
585,0.600000,20.033400,15360,14400,1,2
586,0.900000,20.029900,15360,14400,1,2
587,0.700000,20.028500,15360,14400,1,2
588,0.600000,20.026100,15360,14400,1,2
589,0.700000,20.024400,15360,14400,1,2
590,1.000000,20.062100,15360,14400,1,2
591,0.800000,20.065300,15360,14400,1,2
592,0.800000,20.028400,15360,14400,1,2
593,1.200000,20.033100,15360,14400,1,2
594,0.700000,20.021800,15360,14400,1,2
595,0.900000,20.031300,15360,14400,1,2
596,0.400000,20.020900,15360,14400,1,2
597,0.600000,20.030600,15360,14400,1,2
598,0.700000,19.089100,15360,14400,1,2
599,0.600000,20.018500,15360,14400,1,2
600,0.700000,20.026000,15360,14400,1,2
601,0.800000,20.034500,15360,14400,1,2
602,0.500000,20.031200,15360,14400,1,2
603,0.700000,20.025600,15360,14880,1,2
604,0.700000,20.036100,15360,14400,1,2
605,1.100000,20.018700,15360,14400,1,2
606,1.000000,20.050700,15360,14400,1,2
607,0.700000,19.761200,15360,14400,1,2
608,0.800000,20.037900,15360,14400,1,2
609,0.700000,20.186400,15360,14400,1,2
610,0.700000,20.018800,15360,14400,1,2
611,0.600000,20.077800,15360,14400,1,2
612,0.900000,20.021700,15360,14400,1,2
613,0.800000,20.023700,15360,14400,1,2
614,0.700000,20.027300,15360,14400,1,2
615,0.900000,20.028000,15360,14400,1,2
616,0.900000,20.021500,15360,14400,1,2
617,0.800000,20.019300,15360,14400,1,2
618,0.700000,20.017800,15360,14400,1,2
619,0.700000,20.016000,15360,14400,1,2
620,0.700000,20.132300,15360,14400,1,2
621,1.200000,20.028000,15360,14400,1,2
622,0.800000,20.086800,15360,14400,1,2
623,0.900000,20.045400,15360,14400,1,2
624,0.800000,20.025900,15360,14400,1,2
625,0.800000,20.021600,15360,14400,1,2
626,0.800000,20.021400,15360,14400,1,2
627,0.500000,20.018000,15360,14400,1,2
628,1.000000,20.029900,15360,14400,1,2
629,1.300000,19.028900,15360,14880,1,2
630,0.800000,20.092100,15360,14400,1,2
631,1.100000,20.033600,15360,14400,1,2
632,0.700000,20.016500,15360,14400,1,2
633,0.800000,20.055200,15360,14400,1,2
634,0.900000,20.016200,15360,14400,1,2
635,0.700000,20.017200,15360,14400,1,2
636,0.600000,20.018800,15360,14400,1,2
637,0.800000,20.044700,15360,14400,1,2
638,0.800000,20.017000,15360,14400,1,2
639,0.900000,20.017800,15360,14400,1,2
640,0.700000,20.020300,15360,14400,1,2
641,0.800000,20.015900,15360,14400,1,2
642,0.700000,20.024800,15360,14400,1,2
643,0.700000,20.017900,15360,14400,1,2
644,0.900000,20.016800,15360,14400,1,2
645,0.800000,20.022000,15360,14400,1,2
646,0.700000,20.016500,15360,14400,1,2
647,0.700000,20.025700,15360,14400,1,2
648,1.000000,20.026900,15360,14400,1,2
649,0.900000,20.206300,15360,14400,1,2
650,0.700000,20.033900,15360,14400,1,2
651,1.400000,20.033500,15360,14400,1,2
652,1.000000,20.030800,15360,14400,1,2
653,0.900000,20.019400,15360,14400,1,2
654,1.000000,20.029000,15360,14400,1,2
655,1.100000,20.035000,15360,14400,1,2
656,0.700000,20.025700,15360,14400,1,2
657,1.100000,20.037900,15360,14400,1,2
658,2.100000,19.088200,15360,14400,1,2
659,1.000000,20.039700,15360,14400,1,2
660,0.800000,20.018000,15360,14400,1,2
661,0.700000,20.033400,15360,14400,1,2
662,1.000000,20.028500,15360,14880,1,2
663,1.100000,20.068900,15360,14400,1,2
664,0.700000,20.019900,15360,14400,1,2
665,0.800000,20.018400,15360,14400,1,2
666,1.000000,20.020600,15360,14400,1,2
667,0.700000,20.019600,15360,14400,1,2
668,0.700000,20.146100,15360,14400,1,2
669,1.000000,20.029800,15360,14400,1,2
670,0.900000,20.035100,15360,14400,1,2
671,0.900000,20.026200,15360,14400,1,2
672,1.000000,20.034500,15360,14400,1,2
673,1.000000,20.030500,15360,14400,1,2
674,0.900000,20.041200,15360,14400,1,2
675,1.000000,20.030200,15360,14400,1,2
676,1.000000,20.022900,15360,14400,1,2
677,0.700000,20.075200,15360,14400,1,2
678,0.800000,20.041500,15360,14400,1,2
679,0.900000,20.064000,15360,14400,1,2
680,1.000000,20.027500,15360,14400,1,2
681,1.000000,20.019800,15360,14400,1,2
682,0.800000,20.026200,15360,14400,1,2
683,1.000000,19.053600,15360,14400,1,2
684,0.900000,20.029800,15360,14400,1,2
685,0.900000,20.081600,15360,14400,1,2
686,0.600000,20.015600,15360,14400,1,2
687,0.900000,20.054500,15360,14400,1,2
688,1.000000,20.036700,15360,14400,1,2
689,0.900000,20.023500,15360,14400,1,2
690,0.900000,20.042600,15360,14400,1,2
691,0.900000,20.052200,15360,14400,1,2
692,0.600000,20.021300,15360,14400,1,2
693,0.900000,20.045600,15360,14400,1,2
694,0.700000,20.124800,15360,14400,1,2
695,0.500000,20.021400,15360,14400,1,2
696,2.300000,20.021500,15360,14400,1,2
697,0.900000,20.025700,15360,14400,1,2
698,0.800000,20.027700,15360,14400,1,2
699,0.900000,20.114400,15360,14400,1,2
700,0.800000,20.121500,15360,14400,1,2
701,1.100000,20.029300,15360,14880,1,2
702,1.600000,20.271800,15360,14880,1,2
703,0.700000,19.023500,15360,14400,1,2
704,1.500000,20.276200,15360,14880,1,2
705,1.000000,20.048500,15360,14400,1,2
706,0.500000,20.134200,15360,14400,1,2
707,1.400000,20.021700,15360,14400,1,2
708,0.900000,20.058600,15360,14400,1,2
709,0.900000,20.023500,15360,14400,1,2
710,0.700000,20.017200,15360,14400,1,2
711,1.000000,20.042900,15360,14400,1,2
712,0.700000,20.022000,15360,14400,1,2
713,0.500000,19.138400,15360,14400,1,2
714,0.400000,20.123600,15360,14400,1,2
715,0.800000,20.070700,15360,14400,1,2
716,0.700000,20.040000,15360,14400,1,2
717,0.700000,20.020900,15360,14400,1,2
718,1.000000,20.030700,15360,14400,1,2
719,1.500000,20.033000,15360,14400,1,2
720,1.000000,20.053800,15360,14400,1,2
721,0.800000,20.026400,15360,14400,1,2
722,1.000000,20.035100,15360,14400,1,2
723,1.000000,20.143200,15360,14400,1,2
724,0.700000,20.040100,15360,14400,1,2
725,0.800000,20.018400,15360,14400,1,2
726,1.100000,20.040700,15360,14400,1,2
727,0.800000,20.020000,15360,14400,1,2
728,1.000000,20.027500,15360,14400,1,2
729,0.900000,20.021100,15360,14400,1,2
730,1.200000,20.081000,15360,14400,1,2
731,0.900000,20.019900,15360,14400,1,2
732,0.900000,20.023600,15360,14400,1,2
733,0.800000,20.069300,15360,14400,1,2
734,1.400000,20.076600,15360,14400,1,2
735,0.700000,19.020600,15360,14400,1,2
736,1.100000,20.765500,15360,14400,1,2
737,0.700000,20.108400,15360,14400,1,2
738,0.500000,20.015300,15360,14400,1,2
739,1.100000,20.027000,15360,14400,1,2
740,0.900000,20.015900,15360,14400,1,2
741,1.500000,19.030300,15360,14400,1,2
742,1.000000,20.080500,15360,14400,1,2
743,0.700000,20.019800,15360,14400,1,2
744,0.800000,20.053000,15360,14880,1,2
745,0.600000,20.043700,15360,14400,1,2
746,1.100000,20.027000,15360,14400,1,2
747,0.900000,20.042100,15360,14400,1,2
748,0.700000,20.021700,15360,14400,1,2
749,1.000000,20.025100,15360,14400,1,2
750,1.000000,20.060600,15360,14400,1,2
751,0.600000,20.020700,15360,14400,1,2
752,0.800000,20.026400,15360,14400,1,2
753,0.800000,20.027700,15360,14400,1,2
754,0.600000,20.046400,15360,14400,1,2
755,0.900000,20.027700,15360,14400,1,2
756,0.800000,20.025300,15360,14400,1,2
757,0.500000,20.044700,15360,14400,1,2
758,0.900000,20.027800,15360,14400,1,2
759,0.900000,20.099100,15360,14400,1,2
760,0.600000,20.026200,15360,14400,1,2
761,0.900000,20.043100,15360,14400,1,2
762,0.600000,20.019400,15360,14400,1,2
763,0.700000,20.027200,15360,14400,1,2
764,0.700000,20.023100,15360,14400,1,2
765,0.900000,20.059900,15360,14400,1,2
766,0.700000,20.023400,15360,14400,1,2
767,1.000000,19.169700,15360,14400,1,2
768,0.800000,20.026200,15360,14400,1,2
769,1.200000,20.080600,15360,14400,1,2
770,0.800000,20.076300,15360,14400,1,2
771,1.000000,20.039400,15360,14400,1,2
772,0.900000,20.047400,15360,14400,1,2
773,1.200000,20.033900,15360,14400,1,2
774,1.400000,20.030400,15360,14400,1,2
775,0.900000,20.058900,15360,14400,1,2
776,1.200000,20.127700,15360,14400,1,2
777,1.000000,20.042900,15360,14400,1,2
778,0.800000,20.042900,15360,14400,1,2
779,0.900000,20.234100,15360,14400,1,2
780,0.900000,20.027500,15360,14400,1,2
781,0.700000,19.019300,15360,14400,1,2
782,1.100000,20.232500,15360,14400,1,2
783,0.700000,20.037700,15360,14400,1,2
784,0.700000,20.039700,15360,14400,1,2
785,1.100000,20.028000,15360,14400,1,2
786,0.700000,20.017300,15360,14400,1,2
787,0.700000,20.017300,15360,14400,1,2
788,0.800000,20.054200,15360,14400,1,2
789,0.700000,20.080800,15360,14400,1,2
790,0.900000,20.022700,15360,14400,1,2
791,1.000000,20.033000,15360,14400,1,2
792,0.600000,20.020700,15360,14400,1,2
793,1.000000,20.019900,15360,14400,1,2
794,0.800000,20.120000,15360,14400,1,2
795,0.700000,20.216200,15360,14400,1,2
796,0.900000,20.093500,15360,14400,1,2
797,0.800000,19.028900,15360,14400,1,2
798,0.700000,20.021600,15360,14400,1,2
799,0.800000,20.030400,15360,14400,1,2
800,5.300000,20.020800,15360,14400,1,2
801,0.800000,20.025200,15360,14400,1,2
802,1.100000,20.073100,15360,14400,1,2
803,0.900000,20.026800,15360,14400,1,2
804,0.800000,20.030000,15360,14400,1,2
805,1.100000,20.078900,15360,14400,1,2
806,1.100000,20.031500,15360,14400,1,2
807,0.800000,20.110600,15360,14400,1,2
808,0.700000,20.017500,15360,14400,1,2
809,0.700000,20.018500,15360,14400,1,2
810,0.800000,20.030300,15360,14400,1,2
811,0.800000,20.020700,15360,14400,1,2
812,0.700000,20.115000,15360,14400,1,2
813,1.000000,20.078900,15360,14400,1,2
814,1.400000,20.024900,15360,14400,1,2
815,0.900000,20.063400,15360,14400,1,2
816,0.800000,20.042400,15360,14880,1,2
817,0.900000,19.261900,15360,14400,1,2
818,0.900000,20.128700,15360,14400,1,2
819,0.600000,20.022500,15360,14400,1,2
820,0.700000,20.025300,15360,14400,1,2
821,1.100000,20.027800,15360,14400,1,2
822,0.600000,20.047200,15360,14400,1,2
823,0.800000,20.021600,15360,14400,1,2
824,0.700000,20.069700,15360,14400,1,2
825,0.800000,20.017900,15360,14400,1,2
826,0.800000,20.016300,15360,14400,1,2
827,1.000000,20.085600,15360,14400,1,2
828,0.900000,20.077500,15360,14400,1,2
829,0.800000,20.167000,15360,14400,1,2
830,1.200000,20.025900,15360,14400,1,2
831,0.600000,20.018000,15360,14400,1,2
832,0.800000,19.145100,15360,14400,1,2
833,2.200000,20.052000,15360,14400,1,2
834,0.700000,20.027100,15360,14400,1,2
835,0.600000,20.020400,15360,14400,1,2
836,1.000000,20.025100,15360,14400,1,2
837,0.900000,20.020000,15360,14400,1,2
838,0.800000,20.018100,15360,14400,1,2
839,0.800000,20.017400,15360,14400,1,2
840,0.800000,20.027800,15360,14400,1,2
841,0.800000,20.095300,15360,14400,1,2
842,0.900000,20.256400,15360,14400,1,2
843,0.900000,20.031500,15360,14400,1,2
844,0.700000,20.183800,15360,14400,1,2
845,1.000000,20.120500,15360,14400,1,2
846,1.000000,19.026700,15360,14400,1,2
847,0.800000,20.081800,15360,14400,1,2
848,1.000000,20.030300,15360,14400,1,2
849,1.100000,20.028600,15360,14400,1,2
850,0.900000,20.030000,15360,14400,1,2
851,0.800000,20.020400,15360,14400,1,2
852,1.000000,20.320700,15360,14400,1,2
853,0.900000,20.091800,15360,14400,1,2
854,0.800000,20.033900,15360,14400,1,2
855,0.700000,20.041200,15360,14400,1,2
856,0.700000,20.016800,15360,14400,1,2
857,1.000000,20.027800,15360,14400,1,2
858,1.000000,20.022700,15360,14400,1,2
859,0.900000,20.170600,15360,14400,1,2
860,1.100000,20.029200,15360,14400,1,2
861,0.900000,20.039300,15360,14400,1,2
862,0.900000,19.215700,15360,14400,1,2
863,0.800000,20.092400,15360,14400,1,2
864,1.000000,20.048500,15360,14400,1,2
865,0.900000,20.039000,15360,14400,1,2
866,1.000000,20.027100,15360,14400,1,2
867,0.700000,20.071200,15360,14400,1,2
868,0.700000,20.108900,15360,14400,1,2
869,0.700000,20.028100,15360,14400,1,2
870,1.000000,20.136900,15360,14400,1,2
871,0.700000,20.071400,15360,14400,1,2
872,0.600000,20.106100,15360,14400,1,2
873,0.800000,19.066000,15360,14400,1,2
874,1.200000,20.238100,15360,14400,1,2
875,0.800000,20.131800,15360,14400,1,2
876,0.700000,20.040100,15360,14400,1,2
877,0.800000,20.055700,15360,14400,1,2
878,0.900000,20.025200,15360,14400,1,2
879,0.900000,20.058300,15360,14400,1,2
880,1.000000,20.030300,15360,14400,1,2
881,1.000000,20.027500,15360,14400,1,2
882,0.900000,20.021400,15360,14400,1,2
883,0.900000,20.047900,15360,14400,1,2
884,0.800000,20.247500,15360,14400,1,2
885,0.900000,20.054300,15360,14400,1,2
886,0.900000,19.024300,15360,14400,1,2
887,1.200000,20.038500,15360,14400,1,2
888,1.200000,20.028400,15360,14400,1,2
889,0.700000,20.095100,15360,14400,1,2
890,0.700000,20.054200,15360,14400,1,2
891,0.700000,20.164800,15360,14400,1,2
892,1.000000,20.023800,15360,14400,1,2
893,0.700000,20.018300,15360,14400,1,2
894,0.600000,20.023500,15360,14400,1,2
895,0.900000,20.038300,15360,14400,1,2
896,1.500000,20.040100,15360,14400,1,2
897,6.900000,20.076600,15360,14880,1,2
898,0.800000,20.049800,15360,14400,1,2
899,1.000000,20.046700,15360,14400,1,2
900,0.900000,20.041000,15360,14400,1,2
901,1.100000,20.137400,15360,14400,1,2
902,1.000000,20.099000,15360,14400,1,2
903,0.900000,19.024400,15360,14400,1,2
904,2.200000,20.167900,15360,14880,1,2
905,0.800000,20.027600,15360,14400,1,2
906,0.900000,20.025700,15360,14400,1,2
907,0.900000,20.081100,15360,14400,1,2
908,0.800000,20.041900,15360,14400,1,2
909,0.700000,20.040700,15360,14400,1,2
910,0.600000,20.026800,15360,14400,1,2
911,0.900000,20.069000,15360,14400,1,2
912,1.200000,20.030400,15360,14400,1,2
913,1.000000,20.093500,15360,14400,1,2
914,0.900000,20.160700,15360,14400,1,2
915,0.900000,20.046000,15360,14400,1,2
916,1.000000,20.023800,15360,14400,1,2
917,0.800000,20.132800,15360,14400,1,2
918,0.800000,19.084100,15360,14400,1,2
919,0.800000,20.020900,15360,14400,1,2
920,0.900000,20.038200,15360,14400,1,2
921,0.900000,20.033100,15360,14400,1,2
922,1.000000,20.025700,15360,14400,1,2
923,1.100000,20.165000,15360,14400,1,2
924,1.000000,20.039700,15360,14400,1,2
925,0.700000,20.158900,15360,14400,1,2
926,0.900000,20.064000,15360,14880,1,2
927,0.900000,20.306700,15360,14400,1,2
928,0.700000,20.025900,15360,14400,1,2
929,0.800000,20.040400,15360,14400,1,2
930,0.900000,19.028100,15360,14400,1,2
931,0.700000,20.023800,15360,14400,1,2
932,1.000000,20.021300,15360,14400,1,2
933,0.900000,20.038500,15360,14400,1,2
934,1.000000,20.315200,15360,14400,1,2
935,0.600000,20.055900,15360,14400,1,2
936,0.900000,20.023500,15360,14400,1,2
937,1.100000,20.028900,15360,14400,1,2
938,0.800000,20.025100,15360,14400,1,2
939,0.700000,20.084600,15360,14400,1,2
940,0.700000,20.040600,15360,14400,1,2
941,0.800000,20.038600,15360,14400,1,2
942,0.600000,20.028300,15360,14400,1,2
943,0.700000,20.029300,15360,14400,1,2
944,1.200000,20.045500,15360,14400,1,2
945,0.800000,20.046200,15360,14400,1,2
946,0.800000,20.140100,15360,14400,1,2
947,0.900000,19.032000,15360,14400,1,2
948,0.700000,20.056100,15360,14400,1,2
949,0.900000,20.019600,15360,14400,1,2
950,0.800000,20.027400,15360,14400,1,2
951,0.900000,20.022000,15360,14400,1,2
952,1.200000,20.034200,15360,14400,1,2
953,0.800000,20.042600,15360,14400,1,2
954,1.100000,20.061200,15360,14400,1,2
955,0.700000,20.086900,15360,14400,1,2
956,0.800000,20.031000,15360,14400,1,2
957,0.800000,20.019000,15360,14400,1,2
958,0.900000,20.058300,15360,14400,1,2
959,0.800000,20.021200,15360,14400,1,2
960,0.900000,20.036100,15360,14400,1,2
961,1.400000,20.036700,15360,14400,1,2
962,0.800000,20.073100,15360,14400,1,2
963,0.700000,20.041400,15360,14400,1,2
964,0.800000,20.041100,15360,14400,1,2
965,0.900000,20.032800,15360,14400,1,2
966,0.700000,20.042600,15360,14400,1,2
967,0.900000,20.029600,15360,14400,1,2
968,1.000000,20.058200,15360,14400,1,2
969,1.100000,20.031200,15360,14400,1,2
970,0.500000,19.143700,15360,14400,1,2
971,0.600000,20.075300,15360,14400,1,2
972,0.900000,20.084800,15360,14400,1,2
973,1.100000,20.065500,15360,14400,1,2
974,1.000000,20.150300,15360,14400,1,2
975,0.800000,20.062800,15360,14400,1,2
976,1.200000,20.026400,15360,14400,1,2
977,0.800000,20.023300,15360,14400,1,2
978,0.700000,20.019200,15360,14400,1,2
979,0.700000,20.031600,15360,14400,1,2
980,0.800000,20.067000,15360,14400,1,2
981,0.800000,20.019100,15360,14400,1,2
982,0.800000,20.024100,15360,14400,1,2
983,0.800000,20.022000,15360,14400,1,2
984,0.700000,20.016900,15360,14400,1,2
985,0.900000,19.777100,15360,14400,1,2
986,0.500000,20.021000,15360,14400,1,2
987,0.900000,20.024500,15360,14400,1,2
988,0.800000,20.024000,15360,14400,1,2
989,0.700000,20.017900,15360,14400,1,2
990,0.700000,20.017600,15360,14400,1,2
991,1.000000,20.015400,15360,14400,1,2
992,0.900000,20.168200,15360,14400,1,2
993,0.700000,20.092800,15360,14400,1,2
994,0.600000,20.016000,15360,14400,1,2
995,0.800000,20.017400,15360,14400,1,2
996,0.900000,20.042000,15360,14400,1,2
997,1.000000,19.038100,15360,14400,1,2
998,0.900000,20.037900,15360,14400,1,2
999,0.800000,20.028800,15360,14400,1,2
1000,1.100000,20.043800,15360,14880,1,2
1001,0.900000,20.038100,15360,14400,1,2
1002,1.000000,20.026700,15360,14400,1,2
1003,0.900000,20.030400,15360,14400,1,2
1004,0.900000,20.028000,15360,14400,1,2
1005,0.800000,20.017300,15360,14400,1,2
1006,0.900000,20.171500,15360,14400,1,2
1007,0.700000,20.014800,15360,14400,1,2
1008,0.900000,20.017400,15360,14400,1,2
1009,1.000000,20.017200,15360,14400,1,2
1010,0.900000,20.018300,15360,14400,1,2
1011,0.800000,20.023100,15360,14400,1,2
1012,0.700000,20.021200,15360,14400,1,2
1013,0.700000,20.014800,15360,14400,1,2
1014,0.600000,20.191900,15360,14400,1,2
1015,0.700000,20.070900,15360,14400,1,2
1016,1.100000,20.030600,15360,14400,1,2
1017,0.700000,20.026600,15360,14400,1,2
1018,0.800000,20.020800,15360,14400,1,2
1019,0.700000,20.025100,15360,14400,1,2
1020,0.800000,20.018100,15360,14400,1,2
1021,0.500000,19.051400,15360,14400,1,2
1022,0.900000,20.026400,15360,14400,1,2
1023,0.900000,20.023800,15360,14400,1,2
1024,1.000000,20.022300,15360,14400,1,2
1025,1.000000,20.052900,15360,14400,1,2
1026,0.900000,20.028000,15360,14400,1,2
1027,0.900000,20.027200,15360,14400,1,2
1028,0.600000,20.022800,15360,14400,1,2
1029,0.800000,20.018800,15360,14400,1,2
1030,0.700000,20.094100,15360,14400,1,2
1031,0.800000,20.058700,15360,14880,1,2
1032,0.800000,20.020000,15360,14400,1,2
1033,0.800000,20.017600,15360,14400,1,2
1034,0.700000,20.019900,15360,14400,1,2
1035,0.800000,20.022900,15360,14400,1,2
1036,0.600000,20.016500,15360,14400,1,2
1037,0.800000,20.029400,15360,14400,1,2
1038,0.800000,20.016300,15360,14400,1,2
1039,0.700000,20.018500,15360,14400,1,2
1040,0.800000,20.094700,15360,14400,1,2
1041,1.100000,20.038300,15360,14400,1,2
1042,0.900000,20.022100,15360,14400,1,2
1043,1.000000,20.042000,15360,14400,1,2
1044,0.900000,20.054600,15360,14400,1,2
1045,0.700000,20.017200,15360,14400,1,2
1046,0.500000,20.042600,15360,14400,1,2
1047,0.800000,20.018300,15360,14400,1,2
1048,0.800000,20.023600,15360,14400,1,2
1049,0.800000,19.113100,15360,14400,1,2
1050,0.800000,20.020700,15360,14400,1,2
1051,0.800000,20.016000,15360,14400,1,2
1052,0.800000,20.210300,15360,14400,1,2
1053,1.000000,20.024900,15360,14400,1,2
1054,1.000000,20.019100,15360,14400,1,2
1055,1.000000,20.024900,15360,14400,1,2
1056,1.100000,20.108000,15360,14400,1,2
1057,1.000000,20.045700,15360,14400,1,2
1058,0.600000,20.023300,15360,14400,1,2
1059,1.000000,20.016200,15360,14400,1,2
1060,0.600000,20.019200,15360,14400,1,2
1061,1.000000,20.031700,15360,14880,1,2
1062,0.700000,20.035900,15360,14400,1,2
1063,0.900000,20.082800,15360,14400,1,2
1064,0.800000,20.060500,15360,14400,1,2
1065,1.000000,20.016900,15360,14400,1,2
1066,0.800000,20.021000,15360,14400,1,2
1067,0.800000,20.023000,15360,14400,1,2
1068,0.500000,20.020100,15360,14400,1,2
1069,0.600000,20.024200,15360,14400,1,2
1070,0.900000,20.017800,15360,14400,1,2
1071,0.900000,20.024400,15360,14880,1,2
1072,1.100000,20.041900,15360,14400,1,2
1073,0.700000,20.021800,15360,14400,1,2
1074,0.700000,19.027500,15360,14400,1,2
1075,0.800000,20.019500,15360,14400,1,2
1076,0.900000,20.025400,15360,14400,1,2
1077,0.800000,20.024300,15360,14400,1,2
1078,0.900000,20.028500,15360,14400,1,2
1079,0.800000,20.128900,15360,14400,1,2
1080,1.000000,20.052300,15360,14400,1,2
1081,0.700000,20.119500,15360,14400,1,2
1082,0.800000,20.110600,15360,14400,1,2
1083,0.800000,20.027100,15360,14880,1,2
1084,0.900000,20.031800,15360,14400,1,2
1085,0.900000,20.043900,15360,14400,1,2
1086,0.800000,20.024500,15360,14400,1,2
1087,0.700000,20.018900,15360,14400,1,2
1088,0.900000,20.020900,15360,14400,1,2
1089,0.500000,20.030500,15360,14400,1,2
1090,0.900000,20.030800,15360,14400,1,2
1091,0.900000,20.022600,15360,14400,1,2
1092,0.700000,20.033100,15360,14400,1,2
1093,0.700000,20.054100,15360,14400,1,2
1094,0.800000,20.026600,15360,14880,1,2
1095,0.800000,20.052900,15360,14400,1,2
1096,0.800000,20.029800,15360,14400,1,2
1097,1.200000,19.149100,15360,14400,1,2
1098,1.100000,20.219100,15360,14400,1,2
1099,0.500000,20.027000,15360,14400,1,2
1100,0.700000,20.019700,15360,14400,1,2
1101,0.800000,20.072600,15360,14400,1,2
1102,0.800000,20.081300,15360,14400,1,2
1103,0.900000,20.032300,15360,14400,1,2
1104,1.200000,20.025000,15360,14400,1,2
1105,1.000000,19.428200,15360,14400,1,2
1106,0.900000,20.231500,15360,14880,1,2
1107,0.900000,20.036100,15360,14400,1,2
1108,0.700000,20.035400,15360,14400,1,2
1109,0.800000,20.091500,15360,14400,1,2
1110,0.700000,20.048700,15360,14400,1,2
1111,0.700000,20.018400,15360,14400,1,2
1112,0.800000,20.046300,15360,14400,1,2
1113,0.800000,20.032500,15360,14400,1,2
1114,1.000000,20.062000,15360,14400,1,2
1115,1.000000,20.045200,15360,14400,1,2
1116,1.000000,20.220400,15360,14400,1,2
1117,0.700000,20.019800,15360,14400,1,2
1118,1.000000,20.034500,15360,14400,1,2
1119,0.700000,20.017000,15360,14400,1,2
1120,0.600000,20.019300,15360,14400,1,2
1121,0.800000,20.017500,15360,14400,1,2
1122,0.900000,19.015400,15360,14400,1,2
1123,0.800000,20.115200,15360,14400,1,2
1124,0.900000,20.088300,15360,14400,1,2
1125,0.900000,20.027300,15360,14400,1,2
1126,1.100000,20.032700,15360,14400,1,2
1127,0.900000,20.078600,15360,14400,1,2
1128,1.000000,20.095100,15360,14400,1,2
1129,1.400000,20.034200,15360,14400,1,2
1130,1.100000,20.034000,15360,14400,1,2
1131,0.900000,20.066200,15360,14400,1,2
1132,1.100000,20.095400,15360,14400,1,2
1133,0.800000,20.020400,15360,14400,1,2
1134,0.500000,20.017000,15360,14400,1,2
1135,1.000000,20.067600,15360,14400,1,2
1136,1.200000,20.033500,15360,14400,1,2
1137,1.000000,20.065900,15360,14400,1,2
1138,1.200000,20.086100,15360,14400,1,2
1139,0.900000,20.067100,15360,14400,1,2
1140,0.900000,19.029900,15360,14400,1,2
1141,0.600000,20.169800,15360,14400,1,2
1142,0.800000,20.016800,15360,14400,1,2
1143,1.100000,20.044000,15360,14400,1,2
1144,0.900000,20.089900,15360,14400,1,2
1145,0.800000,20.042600,15360,14400,1,2
1146,0.800000,20.026700,15360,14400,1,2
1147,0.900000,20.038000,15360,14400,1,2
1148,1.000000,20.031100,15360,14400,1,2
1149,0.800000,20.018500,15360,14400,1,2
1150,0.600000,20.031400,15360,14400,1,2
1151,1.200000,20.027100,15360,14400,1,2
1152,0.700000,20.025000,15360,14400,1,2
1153,0.800000,20.016600,15360,14400,1,2
1154,0.900000,20.018200,15360,14400,1,2
1155,0.900000,20.219600,15360,14400,1,2
1156,0.800000,20.111200,15360,14400,1,2
1157,0.800000,19.384300,15360,14400,1,2
1158,0.700000,20.109800,15360,14400,1,2
1159,0.800000,20.033500,15360,14400,1,2
1160,0.800000,20.156000,15360,14400,1,2
1161,1.000000,20.040800,15360,14400,1,2
1162,0.700000,20.128500,15360,14400,1,2
1163,0.600000,19.187100,15360,14400,1,2
1164,0.800000,20.020100,15360,14400,1,2
1165,0.700000,20.021100,15360,14400,1,2
1166,0.800000,20.052900,15360,14400,1,2
1167,1.200000,20.164100,15360,14400,1,2
1168,0.700000,20.099200,15360,14400,1,2
1169,0.700000,20.021400,15360,14400,1,2
1170,0.800000,20.038500,15360,14400,1,2
1171,1.100000,20.045000,15360,14400,1,2
1172,0.700000,20.068400,15360,14400,1,2
1173,0.800000,20.031900,15360,14400,1,2
1174,0.800000,20.017400,15360,14400,1,2
1175,0.800000,20.022500,15360,14400,1,2
1176,0.900000,20.152900,15360,14400,1,2
1177,1.100000,20.028400,15360,14400,1,2
1178,0.800000,20.042400,15360,14400,1,2
1179,0.600000,20.079800,15360,14400,1,2
1180,0.700000,20.032800,15360,14400,1,2
1181,1.000000,20.031600,15360,14400,1,2
1182,0.600000,19.023500,15360,14400,1,2
1183,0.700000,20.018900,15360,14400,1,2
1184,1.400000,20.088200,15360,14880,1,2
1185,0.800000,20.113500,15360,14400,1,2
1186,1.200000,20.032900,15360,14400,1,2
1187,0.700000,20.032600,15360,14400,1,2
1188,1.100000,20.056100,15360,14400,1,2
1189,1.000000,20.029500,15360,14400,1,2
1190,1.200000,20.059100,15360,14400,1,2
1191,0.600000,20.345200,15360,14400,1,2
1192,1.000000,20.053000,15360,14400,1,2
1193,1.000000,20.024300,15360,14400,1,2
1194,1.000000,20.045500,15360,14880,1,2
1195,0.700000,19.144300,15360,14400,1,2
1196,1.000000,20.027100,15360,14400,1,2
1197,1.200000,20.049400,15360,14400,1,2
1198,1.000000,20.024100,15360,14400,1,2
1199,0.700000,20.322500,15360,14400,1,2
1200,0.900000,20.041100,15360,14400,1,2
1201,0.600000,20.056000,15360,14400,1,2
1202,0.900000,20.053800,15360,14400,1,2
1203,0.900000,20.051600,15360,14400,1,2
1204,0.700000,20.053000,15360,14400,1,2
1205,0.900000,20.017100,15360,14400,1,2
1206,1.100000,20.061100,15360,14400,1,2
1207,0.700000,20.127100,15360,14400,1,2
1208,1.000000,19.159200,15360,14400,1,2
1209,0.700000,20.019200,15360,14400,1,2
1210,0.800000,20.026600,15360,14400,1,2
1211,0.900000,20.063900,15360,14400,1,2
1212,0.700000,20.022100,15360,14400,1,2
1213,0.700000,20.023200,15360,14400,1,2
1214,0.900000,20.015200,15360,14400,1,2
1215,0.600000,20.261400,15360,14400,1,2
1216,1.000000,20.028400,15360,14400,1,2
1217,0.900000,20.041000,15360,14400,1,2
1218,0.800000,20.163900,15360,14400,1,2
1219,1.000000,20.032100,15360,14400,1,2
1220,0.600000,20.187700,15360,14400,1,2
1221,0.800000,19.059700,15360,14400,1,2
1222,1.000000,20.021200,15360,14400,1,2
1223,0.700000,20.075300,15360,14400,1,2
1224,0.900000,20.064600,15360,14400,1,2
1225,0.700000,20.019700,15360,14400,1,2
1226,1.200000,20.063900,15360,14400,1,2
1227,1.100000,20.262900,15360,14400,1,2
1228,0.700000,20.062700,15360,14400,1,2
1229,0.800000,20.043100,15360,14400,1,2
1230,1.100000,20.026700,15360,14400,1,2
1231,0.700000,20.079000,15360,14400,1,2
1232,0.800000,20.112100,15360,14400,1,2
1233,1.300000,20.124300,15360,14400,1,2
1234,0.900000,19.063300,15360,14400,1,2
1235,0.800000,20.170800,15360,14400,1,2
1236,0.800000,20.070700,15360,14400,1,2
1237,0.700000,20.056300,15360,14400,1,2
1238,0.700000,20.019500,15360,14400,1,2
1239,0.600000,20.047000,15360,14400,1,2
1240,1.000000,20.026900,15360,14400,1,2
1241,0.800000,20.037500,15360,14400,1,2
1242,0.700000,20.017000,15360,14400,1,2
1243,1.100000,20.177100,15360,14400,1,2
1244,0.800000,20.021700,15360,14400,1,2
1245,0.800000,20.065600,15360,14400,1,2
1246,0.900000,20.018100,15360,14400,1,2
1247,0.700000,20.065800,15360,14400,1,2
1248,0.800000,19.199600,15360,14400,1,2
1249,0.900000,20.031400,15360,14400,1,2
1250,1.000000,20.021700,15360,14400,1,2
1251,0.800000,20.027700,15360,14400,1,2
1252,0.900000,20.016300,15360,14400,1,2
1253,0.800000,20.019000,15360,14400,1,2
1254,0.800000,20.143600,15360,14400,1,2
1255,0.900000,20.043700,15360,14400,1,2
1256,1.200000,20.052400,15360,14400,1,2
1257,1.100000,20.121700,15360,14880,1,2
1258,1.000000,20.082300,15360,14400,1,2
1259,1.200000,20.030500,15360,14400,1,2
1260,1.100000,20.085800,15360,14400,1,2
1261,1.000000,20.038800,15360,14400,1,2
1262,0.700000,20.129200,15360,14400,1,2
1263,0.700000,20.017500,15360,14400,1,2
1264,1.200000,20.026000,15360,14400,1,2
1265,1.000000,20.126100,15360,14880,1,2
1266,0.900000,19.119500,15360,14400,1,2
1267,1.000000,20.069400,15360,14400,1,2
1268,1.000000,20.027500,15360,14400,1,2
1269,0.700000,20.225900,15360,14400,1,2
1270,0.600000,20.162200,15360,14400,1,2
1271,0.800000,20.040500,15360,14400,1,2
1272,0.800000,20.021100,15360,14400,1,2
1273,0.800000,20.030900,15360,14400,1,2
1274,1.000000,20.033900,15360,14400,1,2
1275,0.900000,20.026700,15360,14400,1,2
1276,0.600000,20.088100,15360,14400,1,2
1277,0.800000,20.017700,15360,14400,1,2
1278,0.900000,20.026500,15360,14400,1,2
1279,0.900000,20.033000,15360,14400,1,2
1280,1.300000,19.034000,15360,14400,1,2
1281,0.600000,20.083100,15360,14400,1,2
1282,1.000000,20.159400,15360,14400,1,2
1283,0.900000,20.025200,15360,14400,1,2
1284,1.000000,20.069400,15360,14400,1,2
1285,0.700000,20.020200,15360,14400,1,2
1286,0.800000,20.020900,15360,14400,1,2
1287,0.800000,20.020800,15360,14400,1,2
1288,0.800000,20.079000,15360,14400,1,2
1289,0.900000,20.040400,15360,14400,1,2
1290,0.600000,20.016300,15360,14400,1,2
1291,0.800000,20.109900,15360,14400,1,2
1292,0.800000,20.017400,15360,14400,1,2
1293,0.600000,20.067000,15360,14400,1,2
1294,1.100000,20.047700,15360,14400,1,2
1295,0.600000,20.015800,15360,14400,1,2
1296,1.000000,20.077400,15360,14400,1,2
1297,1.000000,20.032900,15360,14400,1,2
1298,0.600000,20.022700,15360,14400,1,2
1299,1.000000,20.017400,15360,14400,1,2
1300,0.900000,19.049700,15360,14400,1,2
1301,0.900000,20.054000,15360,14400,1,2
1302,0.800000,20.019700,15360,14400,1,2
1303,1.300000,20.022700,15360,14400,1,2
1304,1.600000,20.050600,15360,14880,1,2
1305,1.200000,20.100300,15360,14400,1,2
1306,0.600000,20.122700,15360,14400,1,2
1307,0.800000,20.017100,15360,14400,1,2
1308,1.000000,20.023400,15360,14400,1,2
1309,0.900000,20.028900,15360,14400,1,2
1310,0.900000,20.021200,15360,14400,1,2
1311,0.900000,20.096700,15360,14400,1,2
1312,0.900000,20.031900,15360,14400,1,2
1313,0.800000,20.018100,15360,14400,1,2
1314,0.600000,20.071000,15360,14400,1,2
1315,0.800000,20.020700,15360,14400,1,2
1316,1.000000,20.027000,15360,14400,1,2
1317,1.200000,20.033500,15360,14880,1,2
1318,1.600000,20.028100,15360,14400,1,2
1319,0.900000,19.258500,15360,14400,1,2
1320,0.700000,20.022800,15360,14400,1,2
1321,0.800000,20.017800,15360,14400,1,2
1322,0.800000,20.019000,15360,14400,1,2
1323,0.900000,20.033800,15360,14400,1,2
1324,0.800000,20.027000,15360,14400,1,2
1325,1.000000,20.060900,15360,14400,1,2
1326,0.800000,20.031300,15360,14400,1,2
1327,0.700000,20.021900,15360,14400,1,2
1328,1.100000,20.026300,15360,14400,1,2
1329,0.700000,20.019500,15360,14400,1,2
1330,0.800000,20.021800,15360,14400,1,2
1331,0.700000,20.061700,15360,14400,1,2
1332,0.900000,20.140100,15360,14400,1,2
1333,1.100000,20.020100,15360,14400,1,2
1334,0.900000,20.042200,15360,14400,1,2
1335,1.000000,20.031100,15360,14400,1,2
1336,0.900000,20.019400,15360,14400,1,2
1337,0.800000,20.018100,15360,14400,1,2
1338,1.000000,20.030400,15360,14400,1,2
1339,1.000000,20.026700,15360,14400,1,2
1340,0.700000,20.021800,15360,14400,1,2
1341,0.900000,20.029900,15360,14400,1,2
1342,0.800000,20.023800,15360,14400,1,2
1343,0.900000,20.043000,15360,14400,1,2
1344,0.800000,20.019800,15360,14400,1,2
1345,0.600000,20.017000,15360,14400,1,2
1346,0.900000,20.061200,15360,14400,1,2
1347,0.600000,20.017800,15360,14400,1,2
1348,0.800000,19.022000,15360,14400,1,2
1349,1.100000,20.027800,15360,14880,1,2
1350,1.500000,20.046400,15360,14400,1,2
1351,0.700000,20.025100,15360,14400,1,2
1352,0.700000,20.114600,15360,14400,1,2
1353,0.800000,20.030900,15360,14400,1,2
1354,0.800000,20.017900,15360,14400,1,2
1355,0.600000,20.045700,15360,14400,1,2
1356,1.000000,20.037200,15360,14400,1,2
1357,1.000000,20.106000,15360,14400,1,2
1358,0.600000,20.183900,15360,14400,1,2
1359,0.600000,20.094300,15360,14400,1,2
1360,1.100000,20.032600,15360,14400,1,2
1361,1.000000,20.025800,15360,14400,1,2
1362,0.600000,20.030000,15360,14400,1,2
1363,0.700000,20.016500,15360,14400,1,2
1364,0.800000,20.027800,15360,14400,1,2
1365,0.900000,19.176300,15360,14400,1,2
1366,0.700000,20.021000,15360,14400,1,2
1367,0.900000,20.091900,15360,14400,1,2
1368,1.300000,20.059400,15360,14400,1,2
1369,1.000000,20.175100,15360,14400,1,2
1370,0.800000,20.017000,15360,14400,1,2
1371,1.300000,20.130900,15360,14400,1,2
1372,0.800000,20.027000,15360,14400,1,2
1373,0.800000,20.115500,15360,14400,1,2
1374,1.100000,20.027900,15360,14400,1,2
1375,0.800000,20.061100,15360,14400,1,2
1376,0.500000,20.023800,15360,14400,1,2
1377,0.600000,20.020900,15360,14400,1,2
1378,1.000000,20.170100,15360,14400,1,2
1379,0.800000,19.018600,15360,14400,1,2
1380,0.800000,20.049600,15360,14400,1,2
1381,0.700000,20.028800,15360,14400,1,2
1382,1.100000,20.028600,15360,14400,1,2
1383,1.000000,20.166200,15360,14400,1,2
1384,0.900000,20.024300,15360,14400,1,2
1385,0.800000,20.021500,15360,14400,1,2
1386,1.100000,20.100900,15360,14400,1,2
1387,1.000000,20.026100,15360,14400,1,2
1388,0.700000,20.032700,15360,14400,1,2
1389,0.800000,20.034600,15360,14400,1,2
1390,0.900000,20.035900,15360,14400,1,2
1391,0.500000,20.038000,15360,14400,1,2
1392,1.300000,20.045800,15360,14400,1,2
1393,1.000000,20.030600,15360,14400,1,2
1394,0.700000,20.019500,15360,14400,1,2
1395,0.800000,20.031400,15360,14400,1,2
1396,1.100000,20.130700,15360,14400,1,2
1397,0.900000,20.077300,15360,14400,1,2
1398,1.000000,20.025500,15360,14400,1,2
1399,1.000000,20.026100,15360,14400,1,2
1400,1.300000,19.028600,15360,14400,1,2
1401,1.100000,20.031600,15360,14400,1,2
1402,1.100000,20.061700,15360,14400,1,2
1403,0.700000,20.020900,15360,14400,1,2
1404,0.800000,20.019100,15360,14400,1,2
1405,0.700000,20.079300,15360,14400,1,2
1406,0.900000,20.027400,15360,14400,1,2
1407,0.800000,20.150500,15360,14400,1,2
1408,1.200000,20.041100,15360,14400,1,2
1409,1.000000,20.033400,15360,14400,1,2
1410,1.100000,20.023800,15360,14880,1,2
1411,0.800000,20.040800,15360,14400,1,2
1412,1.000000,20.033600,15360,14400,1,2
1413,0.900000,20.032500,15360,14400,1,2
1414,1.100000,20.031400,15360,14400,1,2
1415,1.000000,20.053000,15360,14400,1,2
1416,1.300000,20.032100,15360,14400,1,2
1417,0.800000,20.084500,15360,14400,1,2
1418,0.700000,20.043400,15360,14400,1,2
1419,0.900000,20.023000,15360,14400,1,2
1420,0.900000,20.038700,15360,14400,1,2
1421,1.100000,20.055500,15360,14400,1,2
1422,0.700000,19.181600,15360,14400,1,2
1423,0.800000,20.067800,15360,14400,1,2
1424,0.800000,20.021900,15360,14400,1,2
1425,1.000000,20.068700,15360,14400,1,2
1426,1.000000,20.035500,15360,14400,1,2
1427,1.000000,20.226900,15360,14400,1,2
1428,0.900000,20.030500,15360,14400,1,2
1429,0.700000,20.021200,15360,14400,1,2
1430,177.600000,20.229300,15360,14880,1,2
1431,0.700000,19.229600,15360,14880,1,2
1432,0.900000,20.036700,15360,14400,1,2
1433,1.200000,20.032700,15360,14400,1,2
1434,1.200000,20.033100,15360,14400,1,2
1435,0.800000,20.030600,15360,14400,1,2
1436,0.600000,20.020000,15360,14400,1,2
1437,0.800000,20.031700,15360,14400,1,2
1438,1.200000,20.046500,15360,14400,1,2
1439,0.800000,20.023900,15360,14400,1,2
1440,0.900000,20.027100,15360,14400,1,2
1441,1.200000,20.029500,15360,14400,1,2
1442,1.000000,20.049300,15360,14400,1,2
1443,0.800000,20.032600,15360,14400,1,2
1444,0.900000,20.115200,15360,14400,1,2
1445,1.100000,20.303500,15360,14400,1,2
1446,0.900000,19.689300,15360,14400,1,2
1447,0.900000,20.052900,15360,14400,1,2
1448,1.100000,20.028800,15360,14400,1,2
1449,1.000000,20.046100,15360,14400,1,2
1450,1.400000,20.136900,15360,14400,1,2
1451,1.000000,20.027000,15360,14400,1,2
1452,0.900000,20.030500,15360,14400,1,2
1453,2.600000,20.176900,15360,14400,1,2
1454,0.700000,19.037300,15360,14400,1,2
1455,1.100000,20.028700,15360,14400,1,2
1456,1.600000,20.046000,15360,14400,1,2
1457,0.900000,20.026300,15360,14400,1,2
1458,1.400000,20.024600,15360,14400,1,2
1459,1.100000,20.189800,15360,14400,1,2
1460,0.800000,20.023700,15360,14400,1,2
1461,0.900000,20.057800,15360,14400,1,2
1462,0.600000,20.022500,15360,14400,1,2
1463,0.700000,20.024000,15360,14400,1,2
1464,0.900000,20.020700,15360,14400,1,2
1465,0.800000,20.021400,15360,14400,1,2
1466,0.800000,20.117100,15360,14400,1,2
1467,0.700000,20.026800,15360,14400,1,2
1468,0.800000,20.042800,15360,14400,1,2
1469,0.900000,20.019900,15360,14400,1,2
1470,0.700000,20.071300,15360,14400,1,2
1471,0.800000,20.016600,15360,14400,1,2
1472,0.700000,20.039000,15360,14400,1,2
1473,1.300000,20.019400,15360,14400,1,2
1474,0.800000,19.079700,15360,14400,1,2
1475,0.900000,20.131800,15360,14400,1,2
1476,0.900000,20.048800,15360,14400,1,2
1477,0.700000,20.017200,15360,14400,1,2
1478,0.800000,20.020600,15360,14400,1,2
1479,0.800000,20.030700,15360,14400,1,2
1480,0.900000,20.140600,15360,14400,1,2
1481,1.000000,20.025300,15360,14400,1,2
1482,1.200000,20.026700,15360,14400,1,2
1483,0.900000,20.029900,15360,14400,1,2
1484,0.700000,20.031800,15360,14400,1,2
1485,0.800000,20.029000,15360,14400,1,2
1486,0.700000,20.019400,15360,14400,1,2
1487,1.100000,20.028200,15360,14400,1,2
1488,1.100000,20.028400,15360,14400,1,2
1489,0.900000,20.136600,15360,14400,1,2
1490,1.000000,20.024600,15360,14400,1,2
1491,0.800000,20.035300,15360,14400,1,2
1492,1.000000,20.027100,15360,14400,1,2
1493,1.000000,20.046500,15360,14400,1,2
1494,1.000000,20.028900,15360,14400,1,2
1495,0.800000,19.073100,15360,14400,1,2
1496,0.800000,20.064300,15360,14400,1,2
1497,1.000000,20.057700,15360,14400,1,2
1498,0.900000,20.257400,15360,14400,1,2
1499,0.700000,20.017400,15360,14400,1,2
1500,1.000000,20.137000,15360,14400,1,2
1501,0.900000,20.024200,15360,14400,1,2
1502,0.600000,20.016200,15360,14400,1,2
1503,0.600000,20.067900,15360,14400,1,2
1504,0.900000,20.026500,15360,14400,1,2
1505,0.700000,20.019100,15360,14400,1,2
1506,0.700000,20.070100,15360,14400,1,2
1507,0.600000,20.210700,15360,14400,1,2
1508,0.800000,19.019600,15360,14400,1,2
1509,0.800000,20.187600,15360,14400,1,2
1510,0.800000,20.030000,15360,14400,1,2
1511,1.200000,20.040900,15360,14880,1,2
1512,0.800000,20.044300,15360,14400,1,2
1513,1.000000,20.023600,15360,14400,1,2
1514,0.500000,20.041800,15360,14400,1,2
1515,1.000000,20.057700,15360,14400,1,2
1516,1.200000,20.033200,15360,14400,1,2
1517,0.800000,20.019700,15360,14400,1,2
1518,0.700000,20.105900,15360,14400,1,2
1519,0.600000,20.026700,15360,14400,1,2
1520,0.900000,20.079700,15360,14400,1,2
1521,0.900000,20.030300,15360,14400,1,2
1522,1.000000,20.115300,15360,14400,1,2
1523,0.900000,20.049500,15360,14400,1,2
1524,0.900000,20.044200,15360,14400,1,2
1525,0.800000,20.061600,15360,14400,1,2
1526,0.900000,19.138200,15360,14400,1,2
1527,1.100000,20.061800,15360,14400,1,2
1528,0.800000,20.020400,15360,14400,1,2
1529,0.800000,20.272100,15360,14400,1,2
1530,0.700000,20.102900,15360,14400,1,2
1531,1.000000,20.068200,15360,14400,1,2
1532,0.700000,20.018200,15360,14400,1,2
1533,1.000000,20.058400,15360,14400,1,2
1534,1.200000,20.217400,15360,14400,1,2
1535,1.100000,19.141400,15360,14400,1,2
1536,1.300000,20.042500,15360,14400,1,2
1537,1.000000,20.030000,15360,14400,1,2
1538,0.700000,20.019600,15360,14400,1,2
1539,0.700000,20.028800,15360,14400,1,2
1540,0.700000,20.054600,15360,14400,1,2
1541,0.800000,20.080400,15360,14400,1,2
1542,0.700000,20.028900,15360,14400,1,2
1543,1.000000,20.019800,15360,14400,1,2
1544,0.900000,20.031300,15360,14400,1,2
1545,0.800000,20.018900,15360,14400,1,2
1546,1.000000,20.072100,15360,14400,1,2
1547,1.100000,20.037500,15360,14400,1,2
1548,0.600000,20.152800,15360,14400,1,2
1549,1.000000,20.024100,15360,14400,1,2
1550,0.900000,20.105000,15360,14400,1,2
1551,0.700000,20.026900,15360,14400,1,2
1552,0.700000,20.044900,15360,14400,1,2
1553,0.800000,20.027400,15360,14400,1,2
1554,0.700000,20.017700,15360,14400,1,2
1555,0.800000,20.026900,15360,14400,1,2
1556,0.900000,19.071000,15360,14400,1,2
1557,0.700000,20.130900,15360,14400,1,2
1558,0.800000,20.055300,15360,14400,1,2
1559,0.800000,20.018900,15360,14400,1,2
1560,0.700000,20.018400,15360,14400,1,2
1561,0.700000,20.020400,15360,14400,1,2
1562,1.100000,20.039100,15360,14400,1,2
1563,0.600000,20.054400,15360,14400,1,2
1564,0.700000,20.041300,15360,14400,1,2
1565,0.700000,20.107000,15360,14400,1,2
1566,0.700000,20.017400,15360,14400,1,2
1567,0.800000,20.026900,15360,14400,1,2
1568,0.500000,20.172300,15360,14400,1,2
1569,1.200000,20.022100,15360,14400,1,2
1570,1.000000,20.105700,15360,14400,1,2
1571,1.300000,19.199800,15360,14400,1,2
1572,0.800000,20.134900,15360,14400,1,2
1573,0.800000,20.084400,15360,14400,1,2
1574,0.800000,20.018900,15360,14400,1,2
1575,0.800000,20.031100,15360,14400,1,2
1576,0.700000,20.097600,15360,14400,1,2
1577,0.800000,20.031800,15360,14400,1,2
1578,1.000000,20.052500,15360,14400,1,2
1579,0.800000,20.037300,15360,14400,1,2
1580,0.800000,20.019500,15360,14400,1,2
1581,1.200000,20.018900,15360,14400,1,2
1582,1.000000,20.017600,15360,14400,1,2
1583,1.100000,20.025000,15360,14400,1,2
1584,0.700000,20.035200,15360,14400,1,2
1585,1.400000,20.074000,15360,14400,1,2
1586,1.100000,20.169700,15360,14400,1,2
1587,1.800000,19.282700,15360,14400,1,2
1588,0.800000,20.022400,15360,14400,1,2
1589,0.800000,20.055600,15360,14400,1,2
1590,0.900000,20.028100,15360,14400,1,2
1591,0.900000,20.019900,15360,14400,1,2
1592,0.900000,20.020300,15360,14400,1,2
1593,0.800000,20.147900,15360,14400,1,2
1594,0.900000,20.021400,15360,14400,1,2
1595,0.400000,20.032700,15360,14400,1,2
1596,0.800000,20.022800,15360,14400,1,2
1597,0.600000,20.018100,15360,14400,1,2
1598,0.800000,20.018700,15360,14400,1,2
1599,0.700000,20.035400,15360,14400,1,2
1600,0.700000,20.021200,15360,14400,1,2
1601,0.800000,20.077200,15360,14880,1,2
1602,0.500000,20.023700,15360,14400,1,2
1603,0.600000,20.018400,15360,14400,1,2
1604,0.700000,20.032600,15360,14400,1,2
1605,0.800000,20.018100,15360,14400,1,2
1606,0.700000,20.019200,15360,14400,1,2
1607,0.900000,20.018700,15360,14400,1,2
1608,0.800000,20.021300,15360,14400,1,2
1609,1.200000,20.028300,15360,14400,1,2
1610,0.600000,19.120000,15360,14400,1,2
1611,12.300000,20.113700,15360,14400,1,2
1612,1.000000,20.052600,15360,14400,1,2
1613,0.800000,20.048200,15360,14400,1,2
1614,0.700000,20.083100,15360,14400,1,2
1615,1.000000,20.022600,15360,14400,1,2
1616,0.900000,20.028900,15360,14400,1,2
1617,0.900000,20.025400,15360,14400,1,2
1618,0.900000,20.098800,15360,14400,1,2
1619,0.700000,20.130500,15360,14400,1,2
1620,0.900000,20.025100,15360,14400,1,2
1621,1.000000,20.031000,15360,14400,1,2
1622,1.000000,20.197200,15360,14400,1,2
1623,1.100000,20.035600,15360,14400,1,2
1624,1.500000,20.026200,15360,14400,1,2
1625,1.200000,19.041100,15360,14400,1,2
1626,0.800000,20.051100,15360,14400,1,2
1627,0.800000,20.043000,15360,14400,1,2
1628,0.900000,20.053600,15360,14400,1,2
1629,0.900000,20.111200,15360,14400,1,2
1630,0.500000,20.022700,15360,14400,1,2
1631,0.900000,20.033500,15360,14400,1,2
1632,0.900000,20.022900,15360,14400,1,2
1633,0.700000,20.018200,15360,14400,1,2
1634,0.900000,20.045600,15360,14400,1,2
1635,0.900000,20.023500,15360,14400,1,2
1636,0.700000,20.018600,15360,14400,1,2
1637,1.200000,20.073300,15360,14400,1,2
1638,1.700000,20.112500,15360,14400,1,2
1639,0.600000,20.071600,15360,14400,1,2
1640,1.200000,20.027200,15360,14400,1,2
1641,1.400000,20.041300,15360,14400,1,2
1642,1.200000,20.028700,15360,14400,1,2
1643,0.800000,20.027200,15360,14400,1,2
1644,1.100000,20.030700,15360,14400,1,2
1645,0.800000,20.029100,15360,14400,1,2
1646,0.600000,19.204400,15360,14400,1,2
1647,0.700000,20.024300,15360,14400,1,2
1648,0.900000,20.105100,15360,14400,1,2
1649,1.500000,20.027800,15360,14400,1,2
1650,1.000000,20.021200,15360,14400,1,2
1651,0.800000,20.022100,15360,14400,1,2
1652,0.800000,20.027700,15360,14400,1,2
1653,0.700000,20.018300,15360,14400,1,2
1654,0.600000,20.027700,15360,14400,1,2
1655,0.800000,20.016100,15360,14400,1,2
1656,0.900000,20.020500,15360,14400,1,2
1657,0.800000,20.019100,15360,14400,1,2
1658,0.900000,20.195100,15360,14400,1,2
1659,0.900000,20.026500,15360,14400,1,2
1660,0.800000,20.023300,15360,14400,1,2
1661,0.800000,20.042700,15360,14400,1,2
1662,0.800000,20.017800,15360,14400,1,2
1663,0.700000,20.021700,15360,14400,1,2
1664,0.800000,20.099800,15360,14400,1,2
1665,0.700000,20.030900,15360,14400,1,2
1666,0.700000,20.081500,15360,14400,1,2
1667,1.000000,19.020700,15360,14400,1,2
1668,0.700000,20.019200,15360,14400,1,2
1669,1.000000,20.053600,15360,14400,1,2
1670,0.900000,20.077200,15360,14400,1,2
1671,0.800000,20.076300,15360,14400,1,2
1672,1.300000,20.047000,15360,14880,1,2
1673,0.800000,20.073000,15360,14400,1,2
1674,0.600000,20.072700,15360,14400,1,2
1675,0.900000,20.023800,15360,14400,1,2
1676,1.000000,20.061100,15360,14400,1,2
1677,0.900000,20.098300,15360,14400,1,2
1678,1.000000,20.023200,15360,14400,1,2
1679,0.900000,20.161500,15360,14400,1,2
1680,0.800000,20.074200,15360,14400,1,2
1681,0.800000,20.053200,15360,14400,1,2
1682,1.000000,20.024400,15360,14400,1,2
1683,1.000000,20.026400,15360,14400,1,2
1684,0.900000,19.041000,15360,14400,1,2
1685,0.800000,20.018500,15360,14400,1,2
1686,0.800000,20.038200,15360,14400,1,2
1687,0.800000,20.064700,15360,14400,1,2
1688,1.200000,20.084600,15360,14400,1,2
1689,1.200000,20.023600,15360,14880,1,2
1690,0.800000,20.054000,15360,14400,1,2
1691,0.800000,20.128300,15360,14400,1,2
1692,1.000000,20.025100,15360,14400,1,2
1693,0.800000,20.025000,15360,14400,1,2
1694,0.800000,20.073100,15360,14400,1,2
1695,0.700000,20.017100,15360,14400,1,2
1696,0.900000,20.064500,15360,14400,1,2
1697,0.900000,20.019300,15360,14400,1,2
1698,0.700000,20.020900,15360,14400,1,2
1699,1.100000,20.060500,15360,14400,1,2
1700,0.900000,20.029000,15360,14400,1,2
1701,1.000000,20.057800,15360,14400,1,2
1702,0.600000,20.075900,15360,14400,1,2
1703,0.600000,19.234600,15360,14400,1,2
1704,1.500000,20.093300,15360,14880,1,2
1705,0.900000,20.041100,15360,14400,1,2
1706,0.900000,20.022600,15360,14400,1,2
1707,0.800000,20.044000,15360,14400,1,2
1708,0.700000,20.017500,15360,14400,1,2
1709,0.700000,20.161500,15360,14400,1,2
1710,0.900000,20.083900,15360,14400,1,2
1711,0.800000,20.042300,15360,14400,1,2
1712,0.800000,20.019900,15360,14400,1,2
1713,0.700000,20.015500,15360,14400,1,2
1714,0.800000,20.080500,15360,14400,1,2
1715,0.700000,20.020200,15360,14400,1,2
1716,1.100000,20.027300,15360,14400,1,2
1717,0.900000,20.021500,15360,14400,1,2
1718,0.900000,20.106200,15360,14400,1,2
1719,0.600000,20.019900,15360,14400,1,2
1720,0.900000,20.018900,15360,14400,1,2
1721,0.700000,20.021700,15360,14400,1,2
1722,0.900000,19.024400,15360,14400,1,2
1723,0.800000,20.022200,15360,14400,1,2
1724,0.800000,20.104400,15360,14400,1,2
1725,1.300000,20.185900,15360,14400,1,2
1726,1.000000,20.070700,15360,14400,1,2
1727,0.800000,20.031600,15360,14400,1,2
1728,0.900000,20.047900,15360,14400,1,2
1729,0.700000,20.045900,15360,14400,1,2
1730,1.300000,20.078800,15360,14400,1,2
1731,0.700000,20.021500,15360,14400,1,2
1732,0.900000,20.032700,15360,14400,1,2
1733,1.000000,20.023800,15360,14400,1,2
1734,0.800000,20.033500,15360,14400,1,2
1735,1.100000,20.047900,15360,14400,1,2
1736,0.800000,20.034800,15360,14400,1,2
1737,0.900000,20.035100,15360,14400,1,2
1738,0.700000,20.022500,15360,14400,1,2
1739,0.900000,20.026400,15360,14400,1,2
1740,0.700000,20.098700,15360,14400,1,2
1741,0.500000,20.016900,15360,14400,1,2
1742,1.000000,19.021200,15360,14400,1,2
1743,0.800000,20.021600,15360,14400,1,2
1744,0.700000,20.038800,15360,14400,1,2
1745,1.500000,20.080700,15360,14880,1,2
1746,0.700000,20.152000,15360,14400,1,2
1747,0.700000,20.028600,15360,14400,1,2
1748,1.200000,20.112000,15360,14400,1,2
1749,0.700000,20.083500,15360,14400,1,2
1750,0.900000,20.045000,15360,14400,1,2
1751,1.200000,20.037600,15360,14400,1,2
1752,1.100000,20.089400,15360,14400,1,2
1753,0.900000,20.078900,15360,14400,1,2
1754,0.900000,20.069900,15360,14880,1,2
1755,0.800000,20.056300,15360,14400,1,2
1756,1.300000,19.149800,15360,14400,1,2
1757,0.900000,20.028200,15360,14880,1,2
1758,1.000000,20.058700,15360,14400,1,2
1759,0.600000,20.036900,15360,14400,1,2
1760,1.100000,20.103600,15360,14400,1,2
1761,0.600000,20.071500,15360,14400,1,2
1762,0.900000,20.065800,15360,14400,1,2
1763,0.700000,20.022000,15360,14400,1,2
1764,0.500000,20.150800,15360,14880,1,2
1765,0.900000,20.132800,15360,14400,1,2
1766,0.800000,20.027700,15360,14400,1,2
1767,0.700000,20.018200,15360,14400,1,2
1768,1.000000,20.027100,15360,14400,1,2
1769,1.100000,20.037700,15360,14400,1,2
1770,1.100000,20.090700,15360,14400,1,2
1771,0.900000,20.029700,15360,14880,1,2
1772,0.800000,19.047800,15360,14400,1,2
1773,1.000000,20.088900,15360,14400,1,2
1774,0.800000,20.030400,15360,14400,1,2
1775,1.000000,20.027000,15360,14400,1,2
1776,1.300000,20.164700,15360,14400,1,2
1777,0.800000,20.019500,15360,14400,1,2
1778,1.200000,20.036500,15360,14400,1,2
1779,0.900000,20.025500,15360,14400,1,2
1780,0.500000,20.019000,15360,14400,1,2
1781,1.000000,20.049700,15360,14400,1,2
1782,0.800000,20.020200,15360,14400,1,2
1783,1.100000,20.031500,15360,14400,1,2
1784,0.700000,20.023800,15360,14400,1,2
1785,1.000000,20.018700,15360,14400,1,2
1786,0.800000,20.017000,15360,14400,1,2
1787,0.900000,20.032300,15360,14400,1,2
1788,0.700000,20.017000,15360,14400,1,2
1789,0.800000,20.018700,15360,14400,1,2
1790,0.700000,20.200400,15360,14400,1,2
1791,0.800000,20.019300,15360,14400,1,2
1792,0.800000,20.019300,15360,14400,1,2
1793,1.000000,20.016300,15360,14400,1,2
1794,1.000000,20.018700,15360,14400,1,2
1795,0.700000,20.061300,15360,14400,1,2
1796,0.900000,19.049200,15360,14400,1,2
1797,1.000000,20.029200,15360,14400,1,2
1798,0.900000,20.082300,15360,14400,1,2
1799,7.000000,20.062000,15360,14400,1,2
1800,0.900000,20.124800,15360,14400,1,2
1801,0.600000,20.018000,15360,14400,1,2
1802,1.200000,20.032300,15360,14400,1,2
1803,1.000000,20.030700,15360,14400,1,2
1804,0.700000,20.032500,15360,14400,1,2
1805,0.800000,20.025300,15360,14400,1,2
1806,1.400000,20.194200,15360,14400,1,2
1807,0.600000,20.119100,15360,14400,1,2
1808,0.800000,20.035700,15360,14400,1,2
1809,1.000000,20.026800,15360,14400,1,2
1810,0.700000,20.046600,15360,14400,1,2
1811,1.000000,20.019700,15360,14400,1,2
1812,1.000000,20.039100,15360,14400,1,2
1813,0.900000,20.021400,15360,14400,1,2
1814,1.200000,19.096400,15360,14880,1,2
1815,0.800000,20.080400,15360,14400,1,2
1816,0.600000,20.048600,15360,14400,1,2
1817,0.900000,20.033400,15360,14400,1,2
1818,0.700000,20.024600,15360,14400,1,2
1819,0.900000,20.335700,15360,14400,1,2
1820,0.700000,20.104800,15360,14400,1,2
1821,0.800000,20.029900,15360,14400,1,2
1822,0.800000,20.019200,15360,14400,1,2
1823,0.800000,20.017600,15360,14400,1,2
1824,1.000000,20.021300,15360,14400,1,2
1825,1.200000,20.044700,15360,14400,1,2
1826,0.800000,20.052200,15360,14400,1,2
1827,1.000000,20.028400,15360,14400,1,2
1828,0.900000,20.021300,15360,14400,1,2
1829,0.800000,20.029300,15360,14400,1,2
1830,0.700000,20.026400,15360,14400,1,2
1831,0.500000,19.027400,15360,14400,1,2
1832,0.800000,20.023500,15360,14400,1,2
1833,0.700000,20.018900,15360,14400,1,2
1834,0.900000,20.082000,15360,14400,1,2
1835,1.000000,20.034500,15360,14400,1,2
1836,0.900000,20.033000,15360,14400,1,2
1837,1.000000,20.023500,15360,14400,1,2
1838,0.900000,20.108900,15360,14400,1,2
1839,0.800000,20.057800,15360,14400,1,2
1840,1.000000,20.017700,15360,14400,1,2
1841,0.800000,20.018000,15360,14400,1,2
1842,0.700000,20.017800,15360,14400,1,2
1843,0.600000,20.018700,15360,14400,1,2
1844,0.400000,20.025700,15360,14400,1,2
1845,0.700000,20.021400,15360,14400,1,2
1846,0.600000,20.018900,15360,14400,1,2
1847,0.800000,20.049800,15360,14400,1,2
1848,0.800000,20.143800,15360,14400,1,2
1849,0.900000,20.133000,15360,14400,1,2
1850,0.700000,19.161600,15360,14400,1,2
1851,1.700000,20.103200,15360,14400,1,2
1852,0.700000,20.194100,15360,14400,1,2
1853,0.500000,20.019000,15360,14400,1,2
1854,0.900000,20.018300,15360,14400,1,2
1855,0.700000,20.019900,15360,14400,1,2
1856,1.000000,20.019400,15360,14400,1,2
1857,0.900000,20.141800,15360,14400,1,2
1858,0.800000,20.030700,15360,14400,1,2
1859,0.900000,20.017800,15360,14400,1,2
1860,0.900000,20.027400,15360,14400,1,2
1861,0.800000,20.020300,15360,14400,1,2
1862,1.100000,20.168800,15360,14400,1,2
1863,0.800000,20.025700,15360,14400,1,2
1864,1.000000,20.142800,15360,14400,1,2
1865,1.000000,19.188300,15360,14400,1,2
1866,0.900000,20.249800,15360,14400,1,2
1867,0.900000,20.140800,15360,14400,1,2
1868,1.100000,20.150800,15360,14880,1,2
1869,0.800000,20.039000,15360,14400,1,2
1870,0.900000,20.026800,15360,14400,1,2
1871,1.100000,20.083600,15360,14400,1,2
1872,0.800000,20.038700,15360,14400,1,2
1873,0.700000,20.023000,15360,14400,1,2
1874,1.000000,20.026100,15360,14400,1,2
1875,0.800000,20.041900,15360,14400,1,2
1876,0.800000,19.020000,15360,14400,1,2
1877,1.000000,20.744000,15360,14400,1,2
1878,0.900000,20.025600,15360,14400,1,2
1879,0.800000,20.046800,15360,14400,1,2
1880,0.900000,20.048600,15360,14400,1,2
1881,1.000000,20.023000,15360,14400,1,2
1882,1.100000,20.025000,15360,14400,1,2
1883,0.800000,19.203300,15360,14400,1,2
1884,0.900000,20.020500,15360,14400,1,2
1885,0.900000,20.051700,15360,14400,1,2
1886,0.800000,20.021700,15360,14400,1,2
1887,1.000000,20.257100,15360,14400,1,2
1888,1.000000,20.028900,15360,14400,1,2
1889,1.100000,20.067900,15360,14400,1,2
1890,0.800000,20.019500,15360,14400,1,2
1891,0.800000,20.092500,15360,14400,1,2
1892,0.800000,20.022000,15360,14400,1,2
1893,0.900000,20.075600,15360,14400,1,2
1894,0.900000,20.019000,15360,14400,1,2
1895,0.900000,20.040800,15360,14400,1,2
1896,1.500000,20.090600,15360,14400,1,2
1897,0.800000,20.022000,15360,14400,1,2
1898,0.900000,19.145900,15360,14400,1,2
1899,0.800000,20.091500,15360,14400,1,2
1900,0.700000,20.017200,15360,14400,1,2
1901,0.900000,20.046100,15360,14400,1,2
1902,0.800000,20.200300,15360,14400,1,2
1903,1.000000,20.079600,15360,14400,1,2
1904,0.900000,20.066800,15360,14400,1,2
1905,1.000000,20.070400,15360,14880,1,2
1906,0.700000,20.145700,15360,14400,1,2
1907,0.600000,20.088900,15360,14400,1,2
1908,1.000000,20.033300,15360,14400,1,2
1909,1.000000,20.064900,15360,14400,1,2
1910,0.700000,19.096000,15360,14400,1,2
1911,0.800000,20.055600,15360,14400,1,2
1912,1.200000,20.028600,15360,14400,1,2
1913,1.000000,20.028300,15360,14400,1,2
1914,1.000000,20.037100,15360,14400,1,2
1915,1.000000,20.031000,15360,14400,1,2
1916,0.800000,20.143000,15360,14400,1,2
1917,0.800000,20.080200,15360,14400,1,2
1918,0.800000,20.023700,15360,14400,1,2
1919,0.900000,20.030100,15360,14400,1,2
1920,0.900000,20.047200,15360,14400,1,2
1921,1.100000,20.031900,15360,14400,1,2
1922,0.900000,20.047300,15360,14400,1,2
1923,0.900000,20.026900,15360,14400,1,2
1924,0.700000,20.035400,15360,14400,1,2
1925,0.900000,20.030300,15360,14400,1,2
1926,0.900000,20.035200,15360,14400,1,2
1927,0.900000,20.148900,15360,14400,1,2
1928,1.000000,20.018300,15360,14400,1,2
1929,0.800000,19.205100,15360,14400,1,2
1930,0.800000,20.020300,15360,14400,1,2
1931,0.900000,20.045500,15360,14400,1,2
1932,1.000000,20.216600,15360,14880,1,2
1933,0.700000,20.076300,15360,14400,1,2
1934,0.800000,20.021100,15360,14400,1,2
1935,0.800000,20.131100,15360,14400,1,2
1936,0.700000,20.046000,15360,14400,1,2
1937,1.000000,20.028200,15360,14400,1,2
1938,0.800000,20.020400,15360,14400,1,2
1939,0.900000,20.019300,15360,14400,1,2
1940,0.700000,20.044600,15360,14400,1,2
1941,0.800000,20.015200,15360,14400,1,2
1942,1.000000,20.014300,15360,14400,1,2
1943,0.700000,20.038600,15360,14400,1,2
1944,0.900000,20.021400,15360,14400,1,2
1945,0.900000,20.016600,15360,14400,1,2
1946,0.700000,20.018300,15360,14400,1,2
1947,0.700000,20.019200,15360,14400,1,2
1948,0.800000,19.013700,15360,14400,1,2
1949,0.900000,20.016500,15360,14400,1,2
1950,0.500000,20.034500,15360,14400,1,2
1951,0.700000,20.231400,15360,14400,1,2
1952,0.900000,20.105100,15360,14400,1,2
1953,1.100000,20.018500,15360,14400,1,2
1954,0.800000,20.024300,15360,14400,1,2
1955,0.800000,20.211300,15360,14400,1,2
1956,1.500000,20.053100,15360,14400,1,2
1957,0.700000,20.019900,15360,14400,1,2
1958,0.700000,20.104500,15360,14400,1,2
1959,0.800000,20.096300,15360,14400,1,2
1960,0.700000,20.025300,15360,14400,1,2
1961,0.700000,20.021900,15360,14400,1,2
1962,0.700000,20.024500,15360,14400,1,2
1963,0.800000,19.016700,15360,14400,1,2
1964,0.800000,20.016500,15360,14400,1,2
1965,1.000000,20.021900,15360,14400,1,2
1966,0.800000,20.017200,15360,14400,1,2
1967,0.800000,20.024900,15360,14400,1,2
1968,1.000000,20.026300,15360,14400,1,2
1969,1.100000,20.342600,15360,14400,1,2
1970,0.700000,20.073700,15360,14400,1,2
1971,0.800000,20.027200,15360,14400,1,2
1972,1.000000,20.026100,15360,14400,1,2
1973,1.000000,20.029700,15360,14400,1,2
1974,0.700000,20.020700,15360,14400,1,2
1975,0.600000,20.016700,15360,14400,1,2
1976,0.600000,20.045600,15360,14400,1,2
1977,0.900000,20.018900,15360,14400,1,2
1978,0.800000,20.018900,15360,14400,1,2
1979,0.900000,20.018300,15360,14400,1,2
1980,0.900000,20.050200,15360,14400,1,2
1981,0.600000,20.018100,15360,14400,1,2
1982,0.800000,20.026500,15360,14400,1,2
1983,0.800000,20.042500,15360,14400,1,2
1984,1.000000,20.031500,15360,14880,1,2
1985,0.700000,20.028000,15360,14400,1,2
1986,0.800000,20.018200,15360,14400,1,2
1987,0.900000,20.019700,15360,14400,1,2
1988,0.800000,19.027600,15360,14400,1,2
1989,0.800000,20.034400,15360,14400,1,2
1990,0.900000,20.024600,15360,14400,1,2
1991,1.000000,20.027400,15360,14880,1,2
1992,0.800000,20.119500,15360,14400,1,2
1993,0.700000,20.024800,15360,14400,1,2
1994,0.700000,20.046000,15360,14400,1,2
1995,0.900000,20.151900,15360,14400,1,2
1996,0.800000,20.019400,15360,14400,1,2
1997,0.900000,20.068000,15360,14400,1,2
1998,1.200000,20.023300,15360,14400,1,2
1999,1.000000,20.072800,15360,14400,1,2
2000,0.500000,20.018500,15360,14880,1,2
2001,0.900000,20.027600,15360,14400,1,2
2002,0.700000,20.017700,15360,14400,1,2
2003,0.900000,20.095700,15360,14400,1,2
2004,0.800000,20.027800,15360,14400,1,2
2005,0.800000,20.094100,15360,14400,1,2
2006,0.900000,20.035200,15360,14400,1,2
2007,1.100000,19.109000,15360,14400,1,2
2008,0.900000,20.207100,15360,14400,1,2
2009,0.800000,20.019100,15360,14400,1,2
2010,1.000000,20.076300,15360,14400,1,2
2011,0.900000,20.017600,15360,14400,1,2
2012,0.800000,20.030100,15360,14400,1,2
2013,0.800000,20.020900,15360,14400,1,2
2014,0.700000,20.015800,15360,14400,1,2
2015,0.900000,20.069800,15360,14400,1,2
2016,0.900000,20.021300,15360,14400,1,2
2017,1.100000,20.156200,15360,14400,1,2
2018,1.100000,20.085000,15360,14400,1,2
2019,0.900000,20.052100,15360,14400,1,2
2020,0.800000,20.031400,15360,14400,1,2
2021,1.000000,20.119500,15360,14880,1,2
2022,1.000000,20.028200,15360,14400,1,2
2023,0.700000,19.031400,15360,14400,1,2
2024,1.200000,20.034200,15360,14400,1,2
2025,1.000000,20.088200,15360,14400,1,2
2026,0.900000,20.113600,15360,14400,1,2
2027,0.900000,20.021200,15360,14400,1,2
2028,0.900000,20.020700,15360,14400,1,2
2029,0.700000,20.016000,15360,14400,1,2
2030,0.800000,20.157100,15360,14400,1,2
2031,0.800000,20.015600,15360,14400,1,2
2032,1.200000,20.114700,15360,14400,1,2
2033,1.000000,20.045400,15360,14400,1,2
2034,0.700000,20.018400,15360,14400,1,2
2035,0.800000,20.203300,15360,14400,1,2
2036,0.700000,20.076800,15360,14400,1,2
2037,0.700000,20.038100,15360,14400,1,2
2038,0.700000,19.034700,15360,14400,1,2
2039,0.700000,20.056500,15360,14400,1,2
2040,0.900000,20.020900,15360,14400,1,2
2041,0.900000,20.024000,15360,14400,1,2
2042,0.800000,20.015600,15360,14400,1,2
2043,1.000000,20.024700,15360,14400,1,2
2044,0.700000,20.031100,15360,14400,1,2
2045,0.700000,20.017800,15360,14400,1,2
2046,0.800000,20.018100,15360,14400,1,2
2047,1.000000,20.080700,15360,14400,1,2
2048,1.000000,20.021400,15360,14400,1,2
2049,0.900000,20.019100,15360,14400,1,2
2050,0.800000,20.039000,15360,14400,1,2
2051,0.500000,20.019200,15360,14400,1,2
2052,0.700000,20.031600,15360,14400,1,2
2053,0.800000,20.036100,15360,14400,1,2
2054,0.900000,20.016800,15360,14400,1,2
2055,0.700000,20.021900,15360,14400,1,2
2056,1.400000,20.021500,15360,14400,1,2
2057,1.000000,20.029100,15360,14400,1,2
2058,1.100000,20.033300,15360,14400,1,2
2059,0.900000,20.033500,15360,14400,1,2
2060,0.800000,20.024100,15360,14400,1,2
2061,0.900000,20.020200,15360,14400,1,2
2062,0.600000,20.049100,15360,14400,1,2
2063,1.100000,20.025300,15360,14400,1,2
2064,0.700000,20.015900,15360,14400,1,2
2065,1.700000,19.803600,15360,14400,1,2
2066,1.000000,20.047400,15360,14400,1,2
2067,0.700000,20.036900,15360,14400,1,2
2068,0.500000,20.018900,15360,14400,1,2
2069,0.800000,20.047500,15360,14400,1,2
2070,0.800000,20.022700,15360,14400,1,2
2071,1.300000,20.039100,15360,14400,1,2
2072,0.800000,20.038700,15360,14400,1,2
2073,0.800000,20.028500,15360,14400,1,2
2074,1.000000,20.055300,15360,14400,1,2
2075,0.700000,20.074400,15360,14400,1,2
2076,0.700000,19.017100,15360,14400,1,2
2077,1.000000,20.250100,15360,14400,1,2
2078,1.000000,20.028000,15360,14400,1,2
2079,0.800000,20.023700,15360,14400,1,2
2080,1.000000,20.053800,15360,14400,1,2
2081,0.600000,20.044900,15360,14400,1,2
2082,0.700000,20.079900,15360,14400,1,2
2083,0.700000,20.015900,15360,14400,1,2
2084,0.800000,20.059000,15360,14400,1,2
2085,0.500000,20.047100,15360,14400,1,2
2086,0.900000,20.042900,15360,14880,1,2
2087,1.000000,20.083700,15360,14400,1,2
2088,1.000000,20.397600,15360,14400,1,2
2089,0.800000,19.060600,15360,14400,1,2
2090,0.600000,20.252400,15360,14400,1,2
2091,0.700000,20.024400,15360,14400,1,2
2092,1.100000,20.050400,15360,14400,1,2
2093,0.800000,20.034900,15360,14400,1,2
2094,0.800000,20.115500,15360,14400,1,2
2095,0.600000,20.037500,15360,14880,1,2
2096,0.800000,20.058500,15360,14400,1,2
2097,1.000000,20.016300,15360,14400,1,2
2098,0.900000,20.028900,15360,14400,1,2
2099,0.800000,20.030500,15360,14400,1,2
2100,0.800000,20.022900,15360,14400,1,2
2101,0.800000,20.031900,15360,14400,1,2
2102,0.800000,20.056500,15360,14400,1,2
2103,1.100000,19.085900,15360,14400,1,2
2104,1.000000,20.102200,15360,14400,1,2
2105,0.900000,20.021500,15360,14400,1,2
2106,0.900000,20.119900,15360,14400,1,2
2107,0.800000,20.016000,15360,14400,1,2
2108,0.900000,20.026900,15360,14400,1,2
2109,1.000000,20.246600,15360,14400,1,2
2110,0.700000,20.023500,15360,14400,1,2
2111,0.900000,20.028600,15360,14400,1,2
2112,0.800000,20.049700,15360,14400,1,2
2113,0.700000,20.016200,15360,14400,1,2
2114,0.700000,20.025000,15360,14400,1,2
2115,0.700000,20.029800,15360,14400,1,2
2116,1.200000,20.031000,15360,14400,1,2
2117,0.900000,20.066000,15360,14400,1,2
2118,0.700000,20.017200,15360,14400,1,2
2119,1.200000,20.055100,15360,14400,1,2
2120,0.700000,20.025400,15360,14400,1,2
2121,0.800000,19.102700,15360,14400,1,2
2122,0.800000,20.108000,15360,14400,1,2
2123,0.900000,20.035900,15360,14400,1,2
2124,0.900000,20.020500,15360,14400,1,2
2125,0.900000,20.028300,15360,14400,1,2
2126,1.200000,20.027700,15360,14400,1,2
2127,1.100000,20.325300,15360,14400,1,2
2128,1.200000,20.197300,15360,14400,1,2
2129,0.600000,20.143200,15360,14400,1,2
2130,1.000000,20.076000,15360,14400,1,2
2131,0.900000,19.057300,15360,14400,1,2
2132,0.600000,20.076600,15360,14400,1,2
2133,0.600000,20.038400,15360,14400,1,2
2134,0.600000,20.014200,15360,14400,1,2
2135,0.900000,20.027500,15360,14400,1,2
2136,0.800000,20.088800,15360,14400,1,2
2137,0.800000,20.027100,15360,14400,1,2
2138,0.600000,20.053800,15360,14400,1,2
2139,0.700000,20.016000,15360,14400,1,2
2140,1.000000,20.118700,15360,14400,1,2
2141,0.900000,20.065600,15360,14400,1,2
2142,0.800000,20.017200,15360,14400,1,2
2143,0.900000,20.017100,15360,14400,1,2
2144,0.700000,20.019800,15360,14400,1,2
2145,1.100000,20.031900,15360,14400,1,2
2146,1.000000,20.101700,15360,14400,1,2
2147,3.500000,20.033800,15360,14880,1,2
2148,0.600000,20.041900,15360,14400,1,2
2149,0.900000,20.072800,15360,14400,1,2
2150,0.800000,20.018100,15360,14400,1,2
2151,0.500000,19.096200,15360,14400,1,2
2152,0.800000,20.018900,15360,14400,1,2
2153,1.000000,20.043400,15360,14400,1,2
2154,0.800000,20.018800,15360,14400,1,2
2155,0.700000,20.025500,15360,14400,1,2
2156,0.800000,20.024800,15360,14400,1,2
2157,0.800000,20.029800,15360,14400,1,2
2158,0.600000,20.051800,15360,14400,1,2
2159,0.900000,20.021900,15360,14400,1,2
2160,1.000000,20.033000,15360,14400,1,2
2161,0.900000,20.099400,15360,14400,1,2
2162,0.800000,20.017400,15360,14400,1,2
2163,1.000000,20.028500,15360,14400,1,2
2164,0.800000,20.021800,15360,14400,1,2
2165,0.900000,20.079500,15360,14400,1,2
2166,0.800000,20.034900,15360,14400,1,2
2167,0.700000,20.018800,15360,14400,1,2
2168,1.200000,20.050800,15360,14400,1,2
2169,1.000000,20.029400,15360,14400,1,2
2170,0.700000,20.026400,15360,14400,1,2
2171,1.000000,20.030000,15360,14400,1,2
2172,0.700000,20.219700,15360,14400,1,2
2173,0.800000,20.021300,15360,14400,1,2
2174,0.700000,19.105200,15360,14400,1,2
2175,0.700000,20.074100,15360,14400,1,2
2176,0.800000,20.016900,15360,14400,1,2
2177,0.700000,20.017800,15360,14400,1,2
2178,0.900000,20.077100,15360,14400,1,2
2179,0.800000,20.017200,15360,14400,1,2
2180,0.600000,20.029700,15360,14400,1,2
2181,1.000000,20.022300,15360,14400,1,2
2182,0.400000,20.019400,15360,14400,1,2
2183,0.700000,20.019000,15360,14400,1,2
2184,0.700000,20.020200,15360,14400,1,2
2185,0.500000,20.016200,15360,14400,1,2
2186,0.500000,20.059200,15360,14400,1,2
2187,0.700000,20.064100,15360,14400,1,2
2188,0.400000,20.022800,15360,14400,1,2
2189,0.700000,19.616400,15360,14400,1,2
2190,0.500000,20.048900,15360,14400,1,2
2191,0.900000,20.040100,15360,14400,1,2
2192,0.500000,20.046800,15360,14400,1,2
2193,0.900000,20.046100,15360,14400,1,2
2194,0.700000,20.037200,15360,14400,1,2
2195,1.000000,20.078100,15360,14880,1,2
2196,1.200000,20.045000,15360,14400,1,2
2197,0.600000,20.041400,15360,14400,1,2
2198,0.700000,20.054200,15360,14400,1,2
2199,1.200000,20.051100,15360,14400,1,2
2200,0.700000,20.178400,15360,14400,1,2
2201,0.800000,20.029700,15360,14400,1,2
2202,0.900000,20.052600,15360,14400,1,2
2203,0.500000,20.019700,15360,14400,1,2
2204,0.900000,20.018100,15360,14400,1,2
2205,0.800000,19.027000,15360,14400,1,2
2206,0.700000,20.156300,15360,14400,1,2
2207,1.400000,20.094800,15360,14400,1,2
2208,1.000000,20.031000,15360,14400,1,2
2209,1.200000,20.292100,15360,14880,1,2
2210,0.900000,20.048600,15360,14400,1,2
2211,1.200000,20.032100,15360,14400,1,2
2212,1.000000,20.038400,15360,14400,1,2
2213,1.100000,20.028100,15360,14400,1,2
2214,1.000000,20.035700,15360,14400,1,2
2215,0.800000,20.028500,15360,14400,1,2
2216,1.000000,20.034000,15360,14400,1,2
2217,0.600000,20.044100,15360,14400,1,2
2218,0.800000,20.030700,15360,14400,1,2
2219,1.400000,20.037500,15360,14400,1,2
2220,0.900000,20.039600,15360,14400,1,2
2221,0.800000,19.035700,15360,14400,1,2
2222,1.000000,20.036600,15360,14880,1,2
2223,0.700000,20.055300,15360,14400,1,2
2224,1.300000,20.061800,15360,14880,1,2
2225,0.900000,20.048300,15360,14400,1,2
2226,1.200000,20.032400,15360,14400,1,2
2227,1.100000,20.044500,15360,14400,1,2
2228,1.000000,20.026600,15360,14400,1,2
2229,1.200000,20.046000,15360,14400,1,2
2230,0.700000,20.020100,15360,14400,1,2
2231,1.000000,20.029700,15360,14400,1,2
2232,1.600000,20.030600,15360,14400,1,2
2233,1.000000,20.073500,15360,14400,1,2
2234,1.200000,20.029700,15360,14880,1,2
2235,1.100000,20.093000,15360,14400,1,2
2236,0.700000,20.033300,15360,14400,1,2
2237,0.800000,20.066800,15360,14400,1,2
2238,1.100000,20.029700,15360,14400,1,2
2239,1.200000,20.040400,15360,14400,1,2
2240,1.200000,20.063800,15360,14400,1,2
2241,1.200000,20.028200,15360,14400,1,2
2242,0.800000,20.027200,15360,14880,1,2
2243,0.900000,20.044300,15360,14400,1,2
2244,1.300000,19.058400,15360,14880,1,2
2245,0.900000,20.037100,15360,14400,1,2
2246,0.900000,20.113100,15360,14400,1,2
2247,1.200000,20.032200,15360,14400,1,2
2248,0.800000,20.033000,15360,14400,1,2
2249,1.000000,20.037100,15360,14400,1,2
2250,0.800000,20.021400,15360,14400,1,2
2251,1.000000,20.032400,15360,14880,1,2
2252,1.000000,20.026300,15360,14400,1,2
2253,0.900000,20.025900,15360,14400,1,2
2254,0.700000,20.024000,15360,14400,1,2
2255,0.700000,20.025400,15360,14400,1,2
2256,0.900000,20.035800,15360,14400,1,2
2257,0.900000,20.046400,15360,14400,1,2
2258,0.600000,20.061500,15360,14400,1,2
2259,1.500000,20.026700,15360,14400,1,2
2260,0.500000,20.036100,15360,14400,1,2
2261,1.000000,20.029700,15360,14400,1,2
2262,1.000000,20.047300,15360,14400,1,2
2263,0.800000,20.025000,15360,14400,1,2
2264,0.800000,20.023800,15360,14400,1,2
2265,1.000000,20.084100,15360,14400,1,2
2266,1.000000,20.044500,15360,14400,1,2
2267,0.900000,20.032500,15360,14400,1,2
2268,0.700000,19.115100,15360,14400,1,2
2269,0.900000,20.510500,15360,14400,1,2
2270,1.100000,20.066200,15360,14400,1,2
2271,1.400000,20.028300,15360,14400,1,2
2272,1.000000,20.026800,15360,14400,1,2
2273,1.100000,20.037300,15360,14400,1,2
2274,1.400000,20.047900,15360,14400,1,2
2275,1.000000,20.032500,15360,14400,1,2
2276,1.300000,20.034000,15360,14400,1,2
2277,1.000000,20.038700,15360,14400,1,2
2278,1.300000,20.033400,15360,14400,1,2
2279,1.000000,20.041900,15360,14400,1,2
2280,1.200000,20.135900,15360,14400,1,2
2281,1.300000,19.034300,15360,14400,1,2
2282,1.300000,20.033200,15360,14400,1,2
2283,1.100000,20.028400,15360,14400,1,2
2284,1.000000,20.560400,15360,14400,1,2
2285,1.800000,20.207700,15360,14400,1,2
2286,0.800000,20.034000,15360,14400,1,2
2287,1.000000,20.026300,15360,14400,1,2
2288,0.900000,19.048800,15360,14400,1,2
2289,0.700000,20.019200,15360,14400,1,2
2290,1.800000,20.064000,15360,14400,1,2
2291,0.900000,20.130300,15360,14400,1,2
2292,1.300000,20.143700,15360,14400,1,2
2293,0.700000,20.026800,15360,14400,1,2
2294,0.800000,20.017400,15360,14400,1,2
2295,0.900000,20.023800,15360,14400,1,2
2296,0.900000,20.031900,15360,14400,1,2
2297,0.600000,20.017900,15360,14400,1,2
2298,0.600000,20.018400,15360,14400,1,2
2299,0.700000,20.142900,15360,14400,1,2
2300,1.000000,20.019300,15360,14400,1,2
2301,1.100000,20.136400,15360,14400,1,2
2302,1.000000,20.027400,15360,14400,1,2
2303,1.000000,20.028200,15360,14400,1,2
2304,1.100000,20.035300,15360,14880,1,2
2305,0.900000,20.025800,15360,14400,1,2
2306,0.900000,20.017800,15360,14400,1,2
2307,0.800000,20.018200,15360,14400,1,2
2308,0.700000,19.021500,15360,14400,1,2
2309,0.800000,20.019000,15360,14400,1,2
2310,0.900000,20.021700,15360,14400,1,2
2311,0.800000,20.029200,15360,14400,1,2
2312,0.700000,20.033900,15360,14880,1,2
2313,1.100000,20.077500,15360,14400,1,2
2314,0.800000,20.020400,15360,14400,1,2
2315,1.000000,20.017800,15360,14400,1,2
2316,0.900000,20.024800,15360,14400,1,2
2317,0.900000,20.024500,15360,14400,1,2
2318,0.600000,20.017900,15360,14400,1,2
2319,0.700000,20.015100,15360,14400,1,2
2320,0.900000,20.038400,15360,14880,1,2
2321,0.800000,20.027000,15360,14400,1,2
2322,0.800000,20.015300,15360,14400,1,2
2323,0.700000,20.019300,15360,14400,1,2
2324,0.800000,20.045200,15360,14400,1,2
2325,1.000000,20.020000,15360,14400,1,2
2326,0.600000,20.020100,15360,14400,1,2
2327,0.800000,20.037800,15360,14400,1,2
2328,0.800000,20.016800,15360,14400,1,2
2329,0.800000,20.152800,15360,14400,1,2
2330,0.700000,20.150400,15360,14400,1,2
2331,1.000000,20.057400,15360,14400,1,2
2332,0.800000,20.019700,15360,14400,1,2
2333,1.000000,20.034900,15360,14400,1,2
2334,0.800000,20.017600,15360,14400,1,2
2335,0.800000,19.021100,15360,14400,1,2
2336,0.800000,20.017800,15360,14400,1,2
2337,0.900000,20.021900,15360,14400,1,2
2338,0.800000,20.020000,15360,14400,1,2
2339,1.100000,20.027300,15360,14400,1,2
2340,0.900000,20.053800,15360,14400,1,2
2341,0.900000,20.022000,15360,14400,1,2
2342,1.200000,20.026200,15360,14400,1,2
2343,0.900000,20.045800,15360,14400,1,2
2344,0.700000,20.030300,15360,14400,1,2
2345,1.100000,20.094700,15360,14400,1,2
2346,0.800000,20.032100,15360,14400,1,2
2347,1.000000,20.115300,15360,14400,1,2
2348,0.800000,20.117400,15360,14400,1,2
2349,0.900000,20.033000,15360,14400,1,2
2350,0.900000,20.104100,15360,14400,1,2
2351,0.900000,20.082800,15360,14400,1,2
2352,0.800000,19.177800,15360,14400,1,2
2353,0.800000,20.034100,15360,14400,1,2
2354,0.800000,20.028000,15360,14400,1,2
2355,0.900000,20.128700,15360,14400,1,2
2356,0.800000,20.029000,15360,14400,1,2
2357,0.700000,20.017000,15360,14400,1,2
2358,0.800000,20.066500,15360,14400,1,2
2359,0.900000,20.282400,15360,14400,1,2
2360,0.900000,20.027200,15360,14400,1,2
2361,0.900000,20.036500,15360,14400,1,2
2362,0.600000,20.020600,15360,14400,1,2
2363,0.900000,20.113000,15360,14400,1,2
2364,1.100000,20.028000,15360,14400,1,2
2365,1.000000,20.028900,15360,14400,1,2
2366,0.700000,20.056800,15360,14400,1,2
2367,1.800000,20.198700,15360,14880,1,2
2368,0.800000,19.019700,15360,14400,1,2
2369,0.800000,20.021900,15360,14400,1,2
2370,0.800000,20.020600,15360,14400,1,2
2371,0.600000,20.034300,15360,14400,1,2
2372,0.600000,20.029600,15360,14400,1,2
2373,0.800000,20.018600,15360,14400,1,2
2374,1.100000,20.090700,15360,14400,1,2
2375,0.700000,20.022400,15360,14400,1,2
2376,0.900000,20.110500,15360,14400,1,2
2377,1.100000,20.031900,15360,14400,1,2
2378,0.800000,20.021700,15360,14400,1,2
2379,0.700000,20.386100,15360,14400,1,2
2380,0.800000,20.017800,15360,14400,1,2
2381,0.700000,20.023900,15360,14400,1,2
2382,0.700000,19.032400,15360,14400,1,2
2383,0.900000,20.017000,15360,14400,1,2
2384,0.700000,20.018900,15360,14400,1,2
2385,0.800000,20.029400,15360,14400,1,2
2386,0.600000,20.014900,15360,14400,1,2
2387,0.800000,20.026800,15360,14400,1,2
2388,0.700000,20.100800,15360,14400,1,2
2389,0.800000,20.036400,15360,14400,1,2
2390,1.100000,20.029100,15360,14400,1,2
2391,0.900000,20.027900,15360,14400,1,2
2392,0.800000,20.035000,15360,14400,1,2
2393,0.800000,20.021400,15360,14400,1,2
2394,0.600000,20.023400,15360,14400,1,2
2395,0.600000,20.132800,15360,14400,1,2
2396,0.700000,20.026700,15360,14400,1,2
2397,0.800000,20.016600,15360,14400,1,2
2398,1.000000,20.039900,15360,14400,1,2
2399,1.100000,20.037400,15360,14880,1,2
2400,0.700000,20.048000,15360,14400,1,2
2401,0.800000,20.037200,15360,14400,1,2
2402,0.900000,20.021300,15360,14400,1,2
2403,0.800000,20.018300,15360,14400,1,2
2404,0.700000,20.088200,15360,14400,1,2
2405,0.800000,20.046200,15360,14400,1,2
2406,0.700000,19.448200,15360,14400,1,2
2407,0.800000,20.047500,15360,14400,1,2
2408,0.800000,20.018400,15360,14400,1,2
2409,1.000000,20.018800,15360,14400,1,2
2410,0.900000,20.043500,15360,14400,1,2
2411,0.600000,20.029100,15360,14400,1,2
2412,0.900000,20.071000,15360,14400,1,2
2413,0.900000,20.066500,15360,14400,1,2
2414,1.400000,20.064800,15360,14400,1,2
2415,0.800000,20.116600,15360,14400,1,2
2416,0.900000,20.017600,15360,14400,1,2
2417,1.000000,20.076000,15360,14400,1,2
2418,0.900000,20.019600,15360,14400,1,2
2419,0.800000,19.148500,15360,14400,1,2
2420,1.000000,20.192200,15360,14400,1,2
2421,1.000000,20.034500,15360,14400,1,2
2422,1.000000,20.029400,15360,14400,1,2
2423,1.000000,20.033900,15360,14400,1,2
2424,0.800000,20.030100,15360,14400,1,2
2425,1.600000,20.049700,15360,14880,1,2
2426,1.000000,20.104700,15360,14400,1,2
2427,1.100000,20.029600,15360,14400,1,2
2428,1.000000,20.031900,15360,14400,1,2
2429,0.900000,20.054100,15360,14400,1,2
2430,1.100000,20.071900,15360,14400,1,2
2431,0.800000,20.066000,15360,14400,1,2
2432,1.000000,20.119600,15360,14400,1,2
2433,0.900000,20.056500,15360,14400,1,2
2434,0.800000,19.021100,15360,14400,1,2
2435,1.100000,20.086200,15360,14400,1,2
2436,1.600000,20.098700,15360,14880,1,2
2437,0.900000,20.036900,15360,14400,1,2
2438,0.500000,20.018800,15360,14400,1,2
2439,0.800000,20.026300,15360,14400,1,2
2440,0.700000,20.024200,15360,14400,1,2
2441,0.800000,20.020700,15360,14400,1,2
2442,5.200000,20.047500,15360,14400,1,2
2443,0.800000,20.025600,15360,14400,1,2
2444,1.100000,20.038300,15360,14400,1,2
2445,1.000000,20.048700,15360,14400,1,2
2446,1.100000,20.036800,15360,14400,1,2
2447,1.000000,20.046700,15360,14400,1,2
2448,1.000000,20.029400,15360,14400,1,2
2449,0.900000,20.023800,15360,14400,1,2
2450,1.200000,20.019300,15360,14400,1,2
2451,0.900000,20.019600,15360,14400,1,2
2452,0.900000,20.090500,15360,14400,1,2
2453,0.900000,20.154600,15360,14400,1,2
2454,0.800000,20.021600,15360,14400,1,2
2455,1.100000,20.027700,15360,14400,1,2
2456,1.000000,19.051200,15360,14400,1,2
2457,0.800000,20.052900,15360,14400,1,2
2458,0.800000,20.039600,15360,14400,1,2
2459,1.000000,20.073600,15360,14400,1,2
2460,0.800000,20.216200,15360,14400,1,2
2461,0.700000,20.036200,15360,14400,1,2
2462,1.000000,20.025400,15360,14400,1,2
2463,0.600000,20.060500,15360,14400,1,2
2464,0.700000,20.019900,15360,14400,1,2
2465,0.800000,20.050900,15360,14400,1,2
2466,0.800000,20.086600,15360,14400,1,2
2467,1.000000,20.031800,15360,14400,1,2
2468,0.900000,20.045200,15360,14400,1,2
2469,0.800000,20.022300,15360,14400,1,2
2470,0.800000,20.063700,15360,14400,1,2
2471,0.900000,20.087600,15360,14400,1,2
2472,0.700000,20.044200,15360,14400,1,2
2473,0.800000,19.036100,15360,14400,1,2
2474,1.200000,20.032000,15360,14400,1,2
2475,0.600000,20.189400,15360,14400,1,2
2476,0.900000,20.020400,15360,14400,1,2
2477,0.800000,20.022700,15360,14400,1,2
2478,0.700000,20.026000,15360,14400,1,2
2479,0.800000,20.062500,15360,14400,1,2
2480,0.800000,20.019100,15360,14400,1,2
2481,1.000000,20.034600,15360,14400,1,2
2482,1.100000,20.072600,15360,14400,1,2
2483,1.200000,20.031900,15360,14400,1,2
2484,0.800000,20.019700,15360,14400,1,2
2485,1.100000,20.125900,15360,14400,1,2
2486,1.400000,20.182800,15360,14400,1,2
2487,0.800000,20.062800,15360,14400,1,2
2488,1.200000,19.156800,15360,14880,1,2
2489,0.800000,20.022800,15360,14400,1,2
2490,0.800000,20.017400,15360,14400,1,2
2491,0.800000,20.046500,15360,14400,1,2
2492,0.700000,20.019400,15360,14400,1,2
2493,0.700000,20.018900,15360,14400,1,2
2494,0.700000,20.033600,15360,14400,1,2
2495,0.900000,20.019500,15360,14400,1,2
2496,0.800000,20.016700,15360,14400,1,2
2497,0.800000,20.147300,15360,14400,1,2
2498,1.000000,20.030000,15360,14400,1,2
2499,0.700000,20.018300,15360,14400,1,2
2500,1.100000,20.058500,15360,14400,1,2
2501,0.500000,20.237800,15360,14400,1,2
2502,0.700000,20.019200,15360,14400,1,2
2503,0.800000,20.049000,15360,14400,1,2
2504,1.300000,20.025500,15360,14400,1,2
2505,0.800000,20.019000,15360,14400,1,2
2506,1.300000,20.031700,15360,14400,1,2
2507,1.000000,20.028000,15360,14400,1,2
2508,1.000000,19.132600,15360,14400,1,2
2509,0.800000,20.218300,15360,14400,1,2
2510,0.800000,20.039100,15360,14400,1,2
2511,0.800000,20.017700,15360,14400,1,2
2512,0.900000,20.019200,15360,14400,1,2
2513,0.900000,20.031100,15360,14400,1,2
2514,0.800000,20.025900,15360,14400,1,2
2515,0.900000,20.121100,15360,14400,1,2
2516,0.700000,20.035800,15360,14400,1,2
2517,1.000000,20.110100,15360,14400,1,2
2518,0.800000,20.085400,15360,14400,1,2
2519,0.900000,20.025400,15360,14400,1,2
2520,0.800000,20.025100,15360,14400,1,2
2521,0.800000,20.052500,15360,14400,1,2
2522,0.700000,19.246000,15360,14400,1,2
2523,0.700000,20.016500,15360,14400,1,2
2524,0.800000,20.019900,15360,14400,1,2
2525,0.700000,20.028800,15360,14400,1,2
2526,0.600000,20.051200,15360,14400,1,2
2527,0.700000,20.019500,15360,14400,1,2
2528,0.700000,20.017500,15360,14400,1,2
2529,1.000000,20.031700,15360,14880,1,2
2530,0.600000,20.060400,15360,14400,1,2
2531,0.900000,20.061300,15360,14880,1,2
2532,0.700000,20.046000,15360,14400,1,2
2533,1.000000,20.021700,15360,14400,1,2
2534,1.200000,20.047300,15360,14400,1,2
2535,1.200000,20.032300,15360,14400,1,2
2536,0.700000,20.230200,15360,14400,1,2
2537,0.600000,20.040400,15360,14400,1,2
2538,0.900000,20.028900,15360,14400,1,2
2539,0.900000,20.097100,15360,14400,1,2
2540,0.700000,20.042200,15360,14400,1,2
2541,1.000000,19.032300,15360,14400,1,2
2542,0.800000,20.076900,15360,14400,1,2
2543,1.200000,20.035200,15360,14400,1,2
2544,1.500000,20.020800,15360,14400,1,2
2545,0.900000,20.038400,15360,14400,1,2
2546,1.200000,20.025800,15360,14400,1,2
2547,1.100000,20.041400,15360,14400,1,2
2548,0.900000,20.046400,15360,14400,1,2
2549,1.500000,20.030900,15360,14400,1,2
2550,1.600000,20.103800,15360,14400,1,2
2551,0.600000,20.033800,15360,14400,1,2
2552,1.300000,20.034600,15360,14400,1,2
2553,1.000000,20.058400,15360,14400,1,2
2554,1.300000,20.027800,15360,14400,1,2
2555,0.700000,20.034200,15360,14400,1,2
2556,1.100000,20.033500,15360,14400,1,2
2557,1.100000,19.564400,15360,14400,1,2
2558,0.700000,20.018900,15360,14400,1,2
2559,0.900000,20.026000,15360,14400,1,2
2560,1.300000,20.160800,15360,15360,1,2
2561,1.000000,20.083600,15360,14400,1,2
2562,0.900000,20.028400,15360,14400,1,2
2563,0.700000,20.093000,15360,14400,1,2
2564,1.000000,20.211000,15360,14400,1,2
2565,0.700000,20.019400,15360,14400,1,2
2566,1.100000,20.029800,15360,14400,1,2
2567,0.600000,20.044800,15360,14400,1,2
2568,0.800000,19.134900,15360,14400,1,2
2569,0.900000,20.023400,15360,14400,1,2
2570,0.800000,20.295500,15360,14400,1,2
2571,0.900000,20.015700,15360,14400,1,2
2572,0.800000,20.102000,15360,14400,1,2
2573,0.700000,20.023000,15360,14400,1,2
2574,1.800000,20.173100,15360,14400,1,2
2575,0.800000,20.036500,15360,14400,1,2
2576,1.100000,20.037300,15360,15360,1,2
2577,1.000000,20.103600,15360,14400,1,2
2578,0.800000,20.033100,15360,14400,1,2
2579,1.000000,20.035700,15360,14400,1,2
2580,1.000000,19.098900,15360,14400,1,2
2581,0.700000,20.016900,15360,14400,1,2
2582,1.000000,20.104000,15360,14400,1,2
2583,1.000000,20.020100,15360,14400,1,2
2584,0.800000,20.020900,15360,14400,1,2
2585,0.800000,20.017300,15360,14400,1,2
2586,0.700000,20.021100,15360,14400,1,2
2587,1.000000,20.027500,15360,14400,1,2
2588,0.800000,20.026600,15360,14400,1,2
2589,0.800000,20.121600,15360,14400,1,2
2590,1.100000,20.134600,15360,15360,1,2
2591,0.700000,20.232700,15360,15360,1,2
2592,0.800000,20.170700,15360,14400,1,2
2593,0.800000,19.017800,15360,14400,1,2
2594,1.300000,20.017000,15360,14400,1,2
2595,0.900000,20.089600,15360,14400,1,2
2596,0.800000,20.171800,15360,14400,1,2
2597,0.800000,20.018600,15360,14400,1,2
2598,0.800000,20.019300,15360,14400,1,2
2599,0.900000,20.032800,15360,14400,1,2
2600,1.100000,20.061000,15360,14400,1,2
2601,1.700000,20.127100,15360,14400,1,2
2602,0.900000,20.031500,15360,14400,1,2
2603,1.000000,20.105600,15360,14400,1,2
2604,0.900000,20.029900,15360,14400,1,2
2605,0.700000,20.020400,15360,14400,1,2
2606,1.100000,20.069600,15360,14400,1,2
2607,0.800000,20.050200,15360,14400,1,2
2608,0.900000,20.020300,15360,14400,1,2
2609,1.000000,19.250100,15360,14400,1,2
2610,1.000000,20.027400,15360,14400,1,2
2611,1.100000,20.042600,15360,14400,1,2
2612,0.800000,20.024000,15360,14400,1,2
2613,0.900000,20.026900,15360,14400,1,2
2614,0.900000,20.017900,15360,14400,1,2
2615,0.900000,20.024900,15360,14400,1,2
2616,0.800000,20.029300,15360,14400,1,2
2617,0.700000,20.155000,15360,14400,1,2
2618,0.700000,20.018300,15360,14400,1,2
2619,0.900000,20.014800,15360,14400,1,2
2620,0.700000,20.032600,15360,14400,1,2
2621,2.100000,20.062800,15360,14400,1,2
2622,0.900000,20.027200,15360,14400,1,2
2623,0.800000,20.067900,15360,14400,1,2
2624,1.100000,20.031000,15360,14880,1,2
2625,1.000000,20.029000,15360,14400,1,2
2626,0.400000,20.036700,15360,14400,1,2
2627,0.800000,20.065900,15360,14400,1,2
2628,0.600000,20.044900,15360,14400,1,2
2629,0.700000,20.070200,15360,14400,1,2
2630,0.800000,19.123800,15360,14400,1,2
2631,0.800000,20.060100,15360,14400,1,2
2632,0.900000,20.100800,15360,14400,1,2
2633,0.700000,20.017400,15360,14400,1,2
2634,0.800000,20.039300,15360,14400,1,2
2635,1.000000,20.031000,15360,14400,1,2
2636,0.800000,20.020400,15360,14400,1,2
2637,0.800000,20.023000,15360,14400,1,2
2638,0.900000,20.050600,15360,14400,1,2
2639,0.900000,20.023700,15360,14400,1,2
2640,0.500000,20.020200,15360,14400,1,2
2641,0.700000,20.017300,15360,14400,1,2
2642,0.800000,20.054000,15360,14400,1,2
2643,0.800000,20.019400,15360,14400,1,2
2644,1.000000,20.033400,15360,14880,1,2
2645,0.700000,20.035600,15360,14400,1,2
2646,0.800000,20.021900,15360,14400,1,2
2647,0.800000,20.079900,15360,14400,1,2
2648,0.800000,20.245500,15360,14400,1,2
2649,1.300000,19.041300,15360,14400,1,2
2650,0.800000,20.114100,15360,14400,1,2
2651,1.000000,20.022400,15360,14400,1,2
2652,0.800000,20.019100,15360,14400,1,2
2653,0.900000,20.057800,15360,14400,1,2
2654,1.100000,20.037600,15360,14400,1,2
2655,1.000000,20.026300,15360,14400,1,2
2656,1.000000,20.138700,15360,14400,1,2
2657,1.200000,20.075600,15360,14400,1,2
2658,0.800000,20.509400,15360,14400,1,2
2659,1.000000,19.047900,15360,14400,1,2
2660,0.900000,20.023900,15360,14400,1,2
2661,0.700000,20.016600,15360,14400,1,2
2662,0.700000,20.063300,15360,14400,1,2
2663,0.900000,20.050900,15360,14400,1,2
2664,1.000000,20.025600,15360,14400,1,2
2665,0.800000,20.017900,15360,14400,1,2
2666,0.900000,20.026800,15360,14400,1,2
2667,0.800000,20.131800,15360,14400,1,2
2668,1.000000,20.026800,15360,14400,1,2
2669,0.700000,20.017000,15360,14400,1,2
2670,0.700000,20.021100,15360,14400,1,2
2671,0.800000,20.048400,15360,14400,1,2
2672,0.900000,20.031500,15360,14400,1,2
2673,0.700000,20.019200,15360,14400,1,2
2674,0.900000,20.023500,15360,14400,1,2
2675,1.000000,20.058200,15360,14400,1,2
2676,0.700000,20.182000,15360,14400,1,2
2677,1.100000,20.027900,15360,14400,1,2
2678,0.700000,20.036200,15360,14400,1,2
2679,1.300000,20.022400,15360,14400,1,2
2680,1.000000,20.061800,15360,14400,1,2
2681,1.000000,19.043700,15360,14400,1,2
2682,1.000000,20.066900,15360,14400,1,2
2683,1.000000,20.027000,15360,14400,1,2
2684,0.700000,20.043300,15360,14400,1,2
2685,0.900000,20.032600,15360,14400,1,2
2686,0.900000,20.049700,15360,14400,1,2
2687,0.700000,20.020500,15360,14400,1,2
2688,1.000000,20.021800,15360,14400,1,2
2689,0.800000,20.019100,15360,14400,1,2
2690,0.600000,20.018200,15360,14400,1,2
2691,1.700000,20.179600,15360,14400,1,2
2692,1.100000,20.143200,15360,14400,1,2
2693,1.300000,20.041100,15360,14880,1,2
2694,0.800000,20.148800,15360,14400,1,2
2695,1.000000,20.026200,15360,14400,1,2
2696,1.300000,19.174700,15360,14400,1,2
2697,0.800000,20.044600,15360,14400,1,2
2698,18.300000,20.052300,15360,14400,1,2
2699,0.700000,20.037200,15360,14400,1,2
2700,1.100000,20.045100,15360,14880,1,2
2701,0.900000,20.092600,15360,14400,1,2
2702,0.900000,20.039200,15360,14400,1,2
2703,0.900000,20.027000,15360,14400,1,2
2704,1.100000,20.032900,15360,14400,1,2
2705,0.800000,20.020900,15360,14400,1,2
2706,1.100000,20.026900,15360,14400,1,2
2707,0.800000,20.138000,15360,14400,1,2
2708,0.800000,20.020100,15360,14400,1,2
2709,0.800000,20.040300,15360,14400,1,2
2710,0.600000,20.077300,15360,14400,1,2
2711,0.700000,20.053900,15360,14400,1,2
2712,1.200000,20.077600,15360,14400,1,2
2713,1.100000,20.033400,15360,14400,1,2
2714,1.000000,20.069400,15360,14400,1,2
2715,1.100000,19.052400,15360,14400,1,2
2716,1.000000,20.026200,15360,14400,1,2
2717,0.900000,20.072600,15360,14400,1,2
2718,0.900000,20.109300,15360,14400,1,2
2719,1.100000,20.022400,15360,14400,1,2
2720,1.000000,20.023900,15360,14400,1,2
2721,0.700000,20.019800,15360,14400,1,2
2722,0.900000,20.037200,15360,14400,1,2
2723,0.800000,20.024500,15360,14400,1,2
2724,0.900000,20.109300,15360,14400,1,2
2725,0.900000,20.061100,15360,14400,1,2
2726,1.200000,20.045400,15360,14400,1,2
2727,1.100000,20.097200,15360,14400,1,2
2728,0.800000,20.043100,15360,14400,1,2
2729,0.900000,20.026200,15360,14400,1,2
2730,1.000000,20.026800,15360,14400,1,2
2731,1.000000,20.024200,15360,14400,1,2
2732,0.900000,20.029200,15360,14400,1,2
2733,0.800000,20.082000,15360,14400,1,2
2734,0.900000,20.018300,15360,14400,1,2
2735,0.800000,20.027800,15360,14400,1,2
2736,0.700000,20.019200,15360,14400,1,2
2737,0.600000,19.165000,15360,14400,1,2
2738,0.800000,20.026400,15360,14400,1,2
2739,1.100000,20.032800,15360,14400,1,2
2740,0.800000,20.018800,15360,14400,1,2
2741,0.700000,20.021400,15360,14400,1,2
2742,1.100000,20.021100,15360,14400,1,2
2743,0.700000,20.017600,15360,14400,1,2
2744,1.000000,20.026300,15360,14400,1,2
2745,0.700000,20.046300,15360,14400,1,2
2746,0.800000,20.066400,15360,14400,1,2
2747,0.800000,20.025800,15360,14400,1,2
2748,1.000000,20.104800,15360,14400,1,2
2749,1.000000,20.026000,15360,14400,1,2
2750,1.000000,20.049300,15360,14400,1,2
2751,0.900000,20.025000,15360,14400,1,2
2752,1.000000,20.187200,15360,14400,1,2
2753,0.900000,20.019300,15360,14400,1,2
2754,0.700000,19.132600,15360,14400,1,2
2755,0.800000,20.023100,15360,14400,1,2
2756,0.800000,20.085200,15360,14400,1,2
2757,0.600000,20.122600,15360,14400,1,2
2758,0.800000,20.018300,15360,14400,1,2
2759,1.100000,20.029800,15360,14400,1,2
2760,0.700000,20.617500,15360,14400,1,2
2761,0.900000,20.078800,15360,14400,1,2
2762,1.800000,19.082100,15360,14400,1,2
2763,0.800000,20.025700,15360,14400,1,2
2764,0.900000,20.022000,15360,14400,1,2
2765,1.100000,20.036800,15360,14400,1,2
2766,1.000000,20.127300,15360,14400,1,2
2767,0.900000,20.019100,15360,14400,1,2
2768,0.900000,20.018100,15360,14400,1,2
2769,0.800000,20.020800,15360,14400,1,2
2770,0.900000,20.245900,15360,14400,1,2
2771,1.000000,20.043400,15360,14400,1,2
2772,0.700000,20.030300,15360,14400,1,2
2773,0.700000,20.044800,15360,14400,1,2
2774,0.900000,20.086800,15360,14400,1,2
2775,1.000000,20.109400,15360,14400,1,2
2776,0.800000,20.107000,15360,14400,1,2
2777,0.700000,19.031400,15360,14400,1,2
2778,0.800000,20.089400,15360,14400,1,2
2779,0.700000,20.034100,15360,14400,1,2
2780,1.000000,20.032100,15360,14400,1,2
2781,0.900000,20.028200,15360,14400,1,2
2782,0.700000,20.020600,15360,14400,1,2
2783,0.800000,20.037800,15360,14400,1,2
2784,1.400000,20.030800,15360,14400,1,2
2785,0.900000,20.042100,15360,14400,1,2
2786,0.700000,20.021200,15360,14400,1,2
2787,0.900000,20.332600,15360,14400,1,2
2788,1.000000,20.045700,15360,14400,1,2
2789,0.900000,20.072000,15360,14400,1,2
2790,1.000000,20.027600,15360,14400,1,2
2791,0.900000,20.053200,15360,14400,1,2
2792,1.000000,20.045800,15360,14400,1,2
2793,0.700000,20.030000,15360,14400,1,2
2794,0.900000,20.026300,15360,14400,1,2
2795,1.000000,19.139000,15360,14400,1,2
2796,1.400000,20.029500,15360,14400,1,2
2797,0.800000,20.036200,15360,14400,1,2
2798,1.400000,20.057400,15360,14400,1,2
2799,1.200000,20.036500,15360,14400,1,2
2800,0.900000,20.062900,15360,14400,1,2
2801,0.600000,20.018900,15360,14400,1,2
2802,0.600000,20.053200,15360,14400,1,2
2803,71.800000,20.018400,15360,14880,1,2
2804,0.900000,20.100200,15360,14400,1,2
2805,0.900000,20.044700,15360,14400,1,2
2806,0.900000,20.026300,15360,14400,1,2
2807,0.800000,20.027300,15360,14400,1,2
2808,1.000000,20.031500,15360,14400,1,2
2809,1.100000,20.084300,15360,14400,1,2
2810,1.000000,20.020200,15360,14400,1,2
2811,1.200000,20.069300,15360,14400,1,2
2812,0.700000,19.202100,15360,14400,1,2
2813,0.700000,20.021200,15360,14400,1,2
2814,0.700000,20.098100,15360,14400,1,2
2815,0.700000,20.062300,15360,14400,1,2
2816,1.000000,20.024600,15360,14400,1,2
2817,0.800000,20.043200,15360,14400,1,2
2818,0.800000,20.023100,15360,14400,1,2
2819,0.800000,20.046700,15360,14400,1,2
2820,0.800000,20.034200,15360,14400,1,2
2821,0.800000,20.017200,15360,14400,1,2
2822,0.900000,20.021300,15360,14400,1,2
2823,0.800000,20.027400,15360,14400,1,2
2824,0.500000,20.018300,15360,14400,1,2
2825,1.100000,20.026600,15360,14400,1,2
2826,0.700000,20.021900,15360,14400,1,2
2827,0.600000,20.034600,15360,14400,1,2
2828,0.900000,20.052400,15360,14400,1,2
2829,1.100000,20.134100,15360,14400,1,2
2830,0.800000,20.090400,15360,14400,1,2
2831,0.900000,20.022500,15360,14400,1,2
2832,0.800000,20.033800,15360,14400,1,2
2833,1.000000,19.185200,15360,14400,1,2
2834,0.800000,20.021400,15360,14400,1,2
2835,0.800000,20.071900,15360,14400,1,2
2836,0.800000,20.091700,15360,14400,1,2
2837,1.200000,20.173000,15360,14400,1,2
2838,1.100000,20.034700,15360,14400,1,2
2839,1.100000,20.050600,15360,14400,1,2
2840,0.800000,20.149500,15360,14400,1,2
2841,1.200000,20.159900,15360,14400,1,2
2842,0.800000,20.054300,15360,14400,1,2
2843,0.500000,20.082800,15360,14400,1,2
2844,0.700000,19.024000,15360,14400,1,2
2845,1.000000,20.024900,15360,14400,1,2
2846,1.000000,20.052900,15360,14400,1,2
2847,1.000000,20.086400,15360,14400,1,2
2848,1.100000,20.088600,15360,14400,1,2
2849,0.800000,20.170500,15360,14400,1,2
2850,0.900000,20.026800,15360,14400,1,2
2851,0.800000,20.023100,15360,14400,1,2
2852,0.900000,20.029500,15360,14400,1,2
2853,1.000000,20.027800,15360,14400,1,2
2854,0.900000,20.020900,15360,14400,1,2
2855,0.700000,20.043200,15360,14400,1,2
2856,1.500000,20.060000,15360,14400,1,2
2857,0.700000,20.028500,15360,14400,1,2
2858,1.200000,20.028200,15360,14400,1,2
2859,0.900000,20.029500,15360,14400,1,2
2860,1.000000,20.029300,15360,14400,1,2
2861,1.000000,20.079600,15360,14400,1,2
2862,1.000000,20.040100,15360,14400,1,2
2863,0.900000,20.033300,15360,14400,1,2
2864,1.200000,20.042900,15360,14400,1,2
2865,0.900000,20.026700,15360,14400,1,2
2866,0.800000,19.045200,15360,14400,1,2
2867,0.700000,20.067000,15360,14400,1,2
2868,0.900000,20.029700,15360,14400,1,2
2869,0.800000,20.022700,15360,14400,1,2
2870,1.000000,20.188200,15360,14400,1,2
2871,1.100000,20.028100,15360,14400,1,2
2872,0.600000,20.018600,15360,14400,1,2
2873,0.800000,20.118600,15360,14400,1,2
2874,0.800000,20.068100,15360,14400,1,2
2875,0.700000,20.061300,15360,14400,1,2
2876,0.800000,20.028000,15360,14400,1,2
2877,0.800000,20.050200,15360,14400,1,2
2878,0.800000,20.058900,15360,14400,1,2
2879,0.800000,20.054300,15360,14400,1,2
2880,0.700000,20.098700,15360,14400,1,2
2881,1.300000,20.029300,15360,14400,1,2
2882,1.100000,19.048600,15360,14400,1,2
2883,0.900000,20.040000,15360,14400,1,2
2884,1.000000,20.031500,15360,14400,1,2
2885,1.000000,20.066400,15360,14400,1,2
2886,0.900000,20.021000,15360,14400,1,2
2887,0.800000,20.036900,15360,14400,1,2
2888,1.000000,20.082100,15360,14400,1,2
2889,1.000000,20.286400,15360,14400,1,2
2890,0.900000,20.019300,15360,14400,1,2
2891,0.900000,20.042100,15360,14400,1,2
2892,0.800000,20.025400,15360,14400,1,2
2893,0.800000,20.025000,15360,14400,1,2
2894,0.800000,20.068400,15360,14400,1,2
2895,1.000000,20.034800,15360,14400,1,2
2896,0.700000,20.023500,15360,14400,1,2
2897,0.700000,20.020100,15360,14400,1,2
2898,0.600000,20.059700,15360,14400,1,2
2899,0.700000,19.133000,15360,14400,1,2
2900,0.900000,20.176900,15360,14400,1,2
2901,0.800000,20.022700,15360,14400,1,2
2902,0.900000,20.028300,15360,14400,1,2
2903,0.800000,20.017900,15360,14400,1,2
2904,1.000000,20.028200,15360,14400,1,2
2905,1.000000,20.033500,15360,14400,1,2
2906,0.900000,20.033800,15360,14400,1,2
2907,0.800000,20.018300,15360,14400,1,2
2908,0.700000,20.023500,15360,14400,1,2
2909,0.800000,20.022500,15360,14400,1,2
2910,0.800000,20.021000,15360,14400,1,2
2911,0.700000,20.112800,15360,14400,1,2
2912,1.000000,20.084200,15360,14400,1,2
2913,1.300000,20.053000,15360,14400,1,2
2914,0.900000,20.084300,15360,14400,1,2
2915,8.500000,20.185400,15360,14880,1,2
2916,0.800000,19.043100,15360,14400,1,2
2917,0.700000,20.031100,15360,14400,1,2
2918,1.200000,20.021000,15360,14400,1,2
2919,0.700000,20.023400,15360,14400,1,2
2920,0.900000,20.018600,15360,14400,1,2
2921,0.600000,20.019800,15360,14400,1,2
2922,0.700000,20.029700,15360,14400,1,2
2923,0.800000,20.053800,15360,14400,1,2
2924,0.800000,20.018100,15360,14400,1,2
2925,0.700000,20.024300,15360,14400,1,2
2926,0.800000,20.019500,15360,14400,1,2
2927,1.100000,20.062600,15360,14400,1,2
2928,0.800000,20.018100,15360,14400,1,2
2929,0.800000,20.021900,15360,14400,1,2
2930,0.800000,20.020600,15360,14400,1,2
2931,0.800000,20.079600,15360,14400,1,2
2932,0.800000,20.077000,15360,14400,1,2
2933,0.700000,20.041000,15360,14400,1,2
2934,0.900000,20.047500,15360,14400,1,2
2935,0.700000,20.136500,15360,14400,1,2
2936,1.400000,20.086900,15360,14880,1,2
2937,1.100000,20.037800,15360,14400,1,2
2938,0.700000,20.086200,15360,14400,1,2
2939,0.800000,19.071400,15360,14400,1,2
2940,0.800000,20.046200,15360,14400,1,2
2941,0.700000,20.017100,15360,14400,1,2
2942,0.800000,20.018000,15360,14400,1,2
2943,1.300000,20.060300,15360,14400,1,2
2944,1.400000,20.097800,15360,14400,1,2
2945,1.100000,20.020100,15360,14400,1,2
2946,0.800000,20.053400,15360,14400,1,2
2947,0.900000,20.026200,15360,14400,1,2
2948,0.900000,20.029500,15360,14400,1,2
2949,0.900000,20.018100,15360,14400,1,2
2950,0.800000,20.032000,15360,14400,1,2
2951,4.400000,20.067800,15360,14400,1,2
2952,0.700000,20.021800,15360,14400,1,2
2953,0.700000,20.019100,15360,14400,1,2
2954,0.900000,20.025900,15360,14400,1,2
2955,0.800000,20.018900,15360,14400,1,2
2956,1.100000,20.030400,15360,14400,1,2
2957,0.800000,20.025400,15360,14400,1,2
2958,0.800000,20.035300,15360,14400,1,2
2959,0.500000,20.052500,15360,14400,1,2
2960,0.700000,20.017700,15360,14400,1,2
2961,0.900000,20.018000,15360,14400,1,2
2962,0.800000,20.024500,15360,14400,1,2
2963,0.700000,20.034900,15360,14400,1,2
2964,0.800000,20.021900,15360,14400,1,2
2965,1.200000,20.073900,15360,14400,1,2
2966,0.800000,19.050600,15360,14880,1,2
2967,0.800000,20.047600,15360,14400,1,2
2968,0.800000,20.050100,15360,14400,1,2
2969,0.900000,20.022600,15360,14400,1,2
2970,0.500000,20.023200,15360,14400,1,2
2971,0.900000,20.134900,15360,14400,1,2
2972,0.900000,20.019900,15360,14400,1,2
2973,0.800000,20.021300,15360,14400,1,2
2974,0.700000,20.017100,15360,14400,1,2
2975,1.000000,20.026900,15360,14400,1,2
2976,1.200000,20.032500,15360,14400,1,2
2977,0.800000,20.023600,15360,14400,1,2
2978,1.100000,20.031500,15360,14400,1,2
2979,0.700000,20.021000,15360,14400,1,2
2980,0.900000,20.040400,15360,14400,1,2
2981,1.100000,20.035300,15360,14880,1,2
2982,1.000000,20.049600,15360,14400,1,2
2983,1.400000,20.032200,15360,14400,1,2
2984,1.000000,20.051200,15360,14400,1,2
2985,0.700000,20.025700,14400,13440,1,2
2986,1.400000,20.032300,13440,12480,1,2
2987,0.800000,20.030000,12480,11520,1,2
2988,0.900000,20.025100,11520,10560,1,2
2989,0.800000,20.021900,10560,9600,1,2
2990,0.600000,20.042800,9600,8640,1,2
2991,0.800000,20.013700,8640,7680,1,2
2992,0.800000,20.057300,7680,6720,1,2
2993,0.800000,20.019100,6720,5760,1,2
2994,0.900000,20.013500,5760,4800,1,2
2995,0.600000,19.013600,4800,3840,1,2
2996,0.800000,20.026000,3840,2880,1,2
2997,0.700000,20.019700,2880,1920,1,2
2998,0.900000,20.013400,1920,960,1,2
2999,0.700000,20.019400,960,0,1,2
