block_index,target_elapsed_ms,submit_elapsed_ms,submit_call_ms
0,0.0,0.005599998985417187,0.03429999924264848
1,20.0,20.000900003651623,0.05239999882178381
2,40.0,40.00169999926584,0.04440000338945538
3,60.0,60.01249999826541,0.04410000110510737
4,80.0,80.17200000176672,0.06749999738531187
5,100.0,100.00099999888334,0.04140000237384811
6,120.0,120.01099999906728,0.051200004236306995
7,140.0,140.00189999933355,0.05059999966761097
8,160.0,160.00070000154665,0.03879999712808058
9,180.0,180.11719999776687,0.050000002374872565
10,200.0,200.05890000174986,0.04549999721348286
11,220.0,220.0007999999798,0.03840000135824084
12,240.0,240.00070000329288,0.04020000051241368
13,260.0,260.05560000339756,0.07639999967068434
14,280.0,280.1166999997804,0.13700000272365287
15,300.0,300.0010000032489,0.04739999712910503
16,320.0,320.00069999776315,0.04370000533526763
17,340.0,340.00080000259914,0.04569999873638153
18,360.0,360.0005999978748,0.04150000313529745
19,380.0,380.00040000042645,0.03480000304989517
20,400.0,400.0006999995094,0.036600002204068005
21,420.0,420.00089999783086,0.04270000499673188
22,440.0,440.036300002248,0.03869999636663124
23,460.0,460.00050000293413,0.039699996705166996
24,480.0,480.0007000012556,0.03850000211969018
25,500.0,500.00050000380725,0.040599996282253414
26,520.0,520.0005000006058,0.03909999941242859
27,540.0,540.0007999996888,0.04479999915929511
28,560.0,560.0006000022404,0.04230000195093453
29,580.0,580.0004999982775,0.0360000049113296
30,600.0,600.000700003875,0.03929999365936965
31,620.0,620.0007000006735,0.03719999949680641
32,640.0,640.0006999974721,0.03360000118846074
33,660.0,660.001000003831,0.03569999535102397
34,680.0,680.0005999975838,0.03590000414988026
35,700.0,700.0007000024198,0.037699996028095484
36,720.0,720.0007999999798,0.03909999941242859
37,740.0,740.0008000040543,0.036499994166661054
38,760.0,760.0187999996706,0.04220000118948519
39,780.0,780.0371999983327,0.040099999750964344
40,800.0,800.0004999994417,0.036299999919719994
41,820.0,820.0006000042777,0.036299999919719994
42,840.0,840.0062000000617,0.04030000127386302
43,860.0,860.0006999986363,0.0377000033040531
44,880.0,880.0009000042337,0.03609999839682132
45,900.0,900.0005999987479,0.03460000152699649
46,920.0,920.0006000028225,0.03489999653538689
47,940.0,940.0007000003825,0.03899999865097925
48,960.0,960.000700004457,0.040099999750964344
49,980.0,980.0007000012556,0.038899997889529914
50,1000.0,1000.0008999995771,0.03909999941242859
51,1020.0,1020.0005000006058,0.037500001781154424
52,1040.0,1040.0005999981659,0.03640000068116933
53,1060.0,1060.0006000022404,0.03840000135824084
54,1080.0,1080.000599999039,0.029000002541579306
55,1100.0,1100.0006000031135,0.032500000088475645
56,1120.0,1120.0007000006735,0.032199997804127634
57,1140.0,1140.0005000032252,0.030199997127056122
58,1160.0,1160.0005000000237,0.03139999898849055
59,1180.0,1180.0005000040983,0.0337999954354018
60,1200.0,1200.0038999976823,0.035700002626981586
61,1220.0,1220.000599998457,0.04050000279676169
62,1240.0,1240.0007000032929,0.035400000342633575
63,1260.0,1260.0004999985686,0.039500002458225936
64,1280.0,1280.000700004166,0.02769999991869554
65,1300.0,1300.0009000024875,0.03779999678954482
66,1320.0,1320.0006999977631,0.036299999919719994
67,1340.0,1340.0007000018377,0.04430000262800604
68,1360.0,1360.0005999978748,0.04180000541964546
69,1380.0,1380.0004000004265,0.0335000004270114
70,1400.0,1400.0004999979865,0.0394000016967766
71,1420.0,1420.000700003584,0.042599996959324926
72,1440.0,1440.0007000003825,0.04020000051241368
73,1460.0,1460.0076999995508,0.03290000313427299
74,1480.0,1480.0009000027785,0.036799996451009065
75,1500.0,1500.0005000038072,0.028899994504172355
76,1520.0,1520.0007000021287,0.033899996196851134
77,1540.0,1540.0005999981659,0.03510000533424318
78,1560.0,1560.000500001479,0.039200000173877925
79,1580.0,1580.000599999039,0.030399998649954796
80,1600.0,1600.000700003875,0.034699995012488216
81,1620.0,1620.000599999912,0.0377000033040531
82,1640.0,1640.0007999982336,0.04060000355821103
83,1660.0,1660.069099998509,0.04460000491235405
84,1680.0,1680.0849999999627,0.061700004152953625
85,1700.0,1700.0098999997135,0.0518000015290454
86,1720.0,1720.065400004387,0.049899994337465614
87,1740.0,1740.0013000005856,0.054299998737405986
88,1760.0,1760.0047000014456,0.05219999729888514
89,1780.0,1780.0007999976515,0.04560000525088981
90,1800.0,1800.000800001726,0.0444999968749471
91,1820.0,1820.0006999977631,0.04580000677378848
92,1840.0,1840.0008000025991,0.04980000085197389
93,1860.0,1860.001100001682,0.04569999873638153
94,1880.0,1880.0006000019494,0.03999999898951501
95,1900.0,1900.0008000002708,0.0453000029665418
96,1920.0,1920.0009999985923,0.047100002120714635
97,1940.0,1940.0009000019054,0.05119999696034938
98,1960.0,1960.0011000002269,0.05059999966761097
99,1980.0,1980.0006000004942,0.055999997130129486
100,2000.0,2000.0010000003385,0.04859999899053946
101,2020.0,2020.0008000028902,0.0486999997519888
102,2040.0,2040.0091999981669,0.04400000034365803
103,2060.0,2060.0009999980102,0.048800000513438135
104,2080.0,2080.000800000562,0.04189999890513718
105,2100.0,2100.0007999973604,0.043000000005122274
106,2120.0,2120.004500000505,0.04649999755201861
107,2140.0,2140.119900002901,0.05080000119050965
108,2160.0,2160.122400004184,0.049700000090524554
109,2180.0,2180.617500001972,0.11329999688314274
110,2200.0,2200.201300001936,0.10109999857377261
111,2220.0,2220.011400000658,0.14209999790182337
112,2240.0,2240.0061000007554,0.05709999823011458
113,2260.0,2260.0032999980613,0.1247000036528334
114,2280.0,2280.002200001036,0.0988000028883107
115,2300.0,2300.0023999993573,0.10930000280495733
116,2320.0,2320.0857999981963,0.11390000145183876
117,2340.0,2340.001199998369,0.06340000254567713
118,2360.0,2360.000900000159,0.04289999924367294
119,2380.0,2380.000700002711,0.046799999836366624
120,2400.0,2400.000599998748,0.04410000110510737
121,2420.0,2420.0009999985923,0.05100000271340832
122,2440.0,2440.000800001144,0.048499998229090124
123,2460.0,2460.033299998031,0.047900000936351717
124,2480.0,2480.0007000012556,0.04289999924367294
125,2500.0,2500.0007999988156,0.049100002797786146
126,2520.0,2520.0007000021287,0.045599997974932194
127,2540.0,2540.001300003496,0.05179999425308779
128,2560.0,2560.000700003002,0.05070000042906031
129,2580.0,2580.000599999039,0.04150000313529745
130,2600.0,2600.023600003624,0.043799998820759356
131,2620.0,2620.0007000006735,0.037099998735357076
132,2640.0,2640.000699997472,0.03890000516548753
133,2660.0,2660.0009000030695,0.041399995097890496
134,2680.0,2680.000699998345,0.03960000321967527
135,2700.0,2700.0009000039427,0.05029999738326296
136,2720.0,2720.094299998891,0.04769999941345304
137,2740.0,2740.0009999983013,0.04730000364361331
138,2760.0,2760.0009000016144,0.0503999981447123
139,2780.0,2780.0007999976515,0.04440000338945538
140,2800.0,2800.0012999982573,0.06270000449148938
141,2820.0,2820.000699997763,0.04610000178217888
142,2840.0,2840.001199998369,0.05059999966761097
143,2860.0,2860.0100000039674,0.047299996367655694
144,2880.0,2880.0008000034722,0.04289999924367294
145,2900.0,2900.000800000271,0.04440000338945538
146,2920.0,2920.0010999993538,0.050300004659220576
147,2940.0,2940.001000002667,0.05249999958323315
148,2960.0,2960.000899998704,0.042800005758181214
149,2980.0,2980.00100000354,0.04249999619787559
150,3000.0,3000.0007999988156,0.04189999890513718
151,3020.0,3020.0028000035672,0.03879999712808058
152,3040.0,3040.00090000045,0.05390000296756625
153,3060.0,3060.0013000002946,0.06269999721553177
154,3080.0,3080.0009000013233,0.04569999873638153
155,3100.0,3100.0006000031135,0.04220000118948519
156,3120.0,3120.0009000021964,0.045000000682193786
157,3140.0,3140.0007999982336,0.0394000016967766
158,3160.0,3160.0009000030695,0.0470000013592653
159,3180.0,3180.001100001391,0.04249999619787559
160,3200.0,3200.000999997428,0.04770000668941066
161,3220.0,3220.0010000015027,0.04520000220509246
162,3240.0,3240.0009999983013,0.04890000127488747
163,3260.0,3260.000800000853,0.049299997044727206
164,3280.0,3280.000899998413,0.05529999907594174
165,3300.0,3300.0009000024875,0.05450000026030466
166,3320.0,3320.0007999985246,0.05310000415192917
167,3340.0,3340.000800002599,0.04199999966658652
168,3360.0,3360.0007999993977,0.04389999958220869
169,3380.0,3380.013300004066,0.04579999949783087
170,3400.0,3400.000800000271,0.04739999712910503
171,3420.0,3420.0006000028225,0.04389999958220869
172,3440.0,3440.000800001144,0.045599997974932194
173,3460.0,3460.000700004457,0.04249999619787559
174,3480.0,3480.0007000012556,0.04269999772077426
175,3500.0,3500.000899999577,0.044699998397845775
176,3520.0,3520.0006000013673,0.04720000288216397
177,3540.0,3540.010800003074,0.048999994760379195
178,3560.0,3560.0008000037633,0.04549999721348286
179,3580.0,3580.000599999039,0.03970000398112461
180,3600.0,3600.035299998126,0.05110000347485766
181,3620.0,3620.0007000006735,0.043000000005122274
182,3640.0,3640.128899998672,0.050499998906161636
183,3660.0,3660.001000003831,0.05119999696034938
184,3680.0,3680.000699998345,0.04640000406652689
185,3700.0,3700.0350000016624,0.04859999899053946
186,3720.0,3720.0010000015027,0.04890000127488747
187,3740.0,3740.002300000924,0.05200000305194408
188,3760.0,3760.00059999933,0.043600004573818296
189,3780.0,3780.000899998413,0.043300002289470285
190,3800.0,3800.000800001726,0.043799998820759356
191,3820.0,3820.0007999985246,0.04099999932805076
192,3840.0,3840.112500001851,0.05160000000614673
193,3860.0,3860.0014000039664,0.05179999425308779
194,3880.0,3880.0008000034722,0.04889999399892986
195,3900.0,3900.08040000248,0.11439999798312783
196,3920.0,3920.0013000008767,0.06959999882383272
197,3940.0,3940.0011000034283,0.0655999974696897
198,3960.0,3960.0009999994654,0.05239999882178381
199,3980.0,3980.000800002017,0.04749999789055437
200,4000.0,4000.000899999577,0.04079999780515209
201,4020.0,4020.0009000036516,0.04690000059781596
202,4040.0,4040.0090999974054,0.07140000525396317
203,4060.0,4060.0008000037633,0.04669999907491729
204,4080.0,4080.0006999998004,0.04430000262800604
205,4100.0,4100.116800000251,0.04600000102072954
206,4120.0,4120.005400000082,0.046200002543628216
207,4140.0,4140.015099997981,0.05110000347485766
208,4160.0,4160.000700001547,0.04749999789055437
209,4180.0,4180.000599997584,0.051500006520655006
210,4200.0,4200.000999997428,0.09280000085709617
211,4220.0,4220.000900000741,0.0503999981447123
212,4240.0,4240.000800004054,0.05239999882178381
213,4260.0,4260.000800000853,0.043300002289470285
214,4280.0,4280.059400000027,0.043799998820759356
215,4300.0,4300.0009000024875,0.04269999772077426
216,4320.0,4320.000899999286,0.04410000110510737
217,4340.0,4340.0010999976075,0.049500005843583494
218,4360.0,4360.000900000159,0.04610000178217888
219,4380.0,4380.000700002711,0.042100000428035855
220,4400.0,4400.008800002979,0.04999999509891495
221,4420.0,4420.014399998763,0.046600005589425564
222,4440.0,4440.0049000032595,0.05289999535307288
223,4460.0,4460.0007999979425,0.046200002543628216
224,4480.0,4480.00100000354,0.04769999941345304
225,4500.0,4500.007900001947,0.04569999873638153
226,4520.0,4520.00080000289,0.049700000090524554
227,4540.0,4540.001100001973,0.04769999941345304
228,4560.0,4560.000800003763,0.04400000034365803
229,4580.0,4580.0006999998,0.045900000259280205
230,4600.0,4600.000700003875,0.03619999915827066
231,4620.0,4620.000499999151,0.037800004065502435
232,4640.0,4640.000600003987,0.04079999780515209
233,4660.0,4660.00090000307,0.04539999645203352
234,4680.0,4680.000699998345,0.07800000457791612
235,4700.0,4700.000500000897,0.038300000596791506
236,4720.0,4720.000599998457,0.03880000440403819
237,4740.0,4740.000600002531,0.04069999704370275
238,4760.0,4760.001100003137,0.039699996705166996
239,4780.0,4780.000700004166,0.035899996873922646
240,4800.0,4800.000499999442,0.03650000144261867
241,4820.0,4820.000600004278,0.03789999755099416
242,4840.0,4840.000700001838,0.03819999983534217
243,4860.0,4860.000799999398,0.03640000068116933
244,4880.0,4880.000600001949,0.031299998227041215
245,4900.0,4900.0004999979865,0.03390000347280875
246,4920.0,4920.000500002061,0.028299997211433947
247,4940.0,4940.00120000419,0.036799996451009065
248,4960.0,4960.000700004457,0.032999996619764715
249,4980.0,4980.000600000494,0.035400000342633575
250,5000.0,5000.000699998054,0.031200004741549492
251,5020.0,5020.000700002129,0.03479999577393755
252,5040.0,5040.000699998927,0.21019999985583127
253,5060.0,5060.00060000224,0.03609999839682132
254,5080.0,5080.001100002846,0.034199998481199145
255,5100.0,5100.0006000031135,0.031600000511389226
256,5120.0,5120.000599999912,0.029800001357216388
257,5140.0,5140.000799998234,0.03670000296551734
258,5160.0,5160.000600000785,0.03290000313427299
259,5180.0,5180.000500004098,0.03999999898951501
260,5200.0,5200.000800003181,0.0385999956051819
261,5220.0,5220.000699999218,0.03229999856557697
262,5240.0,5240.000999998301,0.03909999941242859
263,5260.0,5260.000900001614,0.03640000068116933
264,5280.0,5280.001200000697,0.05059999966761097
265,5300.0,5300.000700000965,0.03879999712808058
266,5320.0,5320.00120000157,0.07439999899361283
267,5340.0,5340.000399999553,0.04630000330507755
268,5360.0,5360.0141999995685,0.1680999994277954
269,5380.0,5380.000700002711,0.03949999518226832
270,5400.0,5400.000699999509,0.0453000029665418
271,5420.0,5420.0006000028225,0.062200000684242696
272,5440.0,5440.0007000003825,0.045599997974932194
273,5460.0,5460.000500002934,0.03749999450519681
274,5480.0,5480.000700001256,0.04169999738223851
275,5500.0,5500.000699998054,0.04310000076657161
276,5520.0,5520.000600001367,0.043499996536411345
277,5540.0,5540.000699998927,0.04479999915929511
278,5560.0,5560.00099999801,0.05890000466024503
279,5580.0,5580.001000002085,0.04130000161239877
280,5600.0,5600.0006000031135,0.03479999577393755
281,5620.0,5620.000599999912,0.03560000186553225
282,5640.0,5640.000600003987,0.040599996282253414
283,5660.0,5660.000500000024,0.03319999814266339
284,5680.0,5680.000799999107,0.044699998397845775
285,5700.0,5700.000400000135,0.04060000355821103
286,5720.0,5720.0035999994725,0.039500002458225936
287,5740.0,5740.009599998302,0.044200001866556704
288,5760.0,5760.0007000000915,0.04600000102072954
289,5780.0,5780.000700004166,0.032999996619764715
290,5800.0,5800.000700000965,0.03779999678954482
291,5820.0,5820.000699997763,0.044200001866556704
292,5840.0,5840.000500000315,0.04369999805931002
293,5860.0,5860.000699998636,0.03970000398112461
294,5880.0,5880.000700002711,0.03789999755099416
295,5900.0,5900.000599998748,0.04060000355821103
296,5920.0,5920.000800004345,0.04189999890513718
297,5940.0,5940.0007000003825,0.04199999966658652
298,5960.0,5960.000600003696,0.041200000850949436
299,5980.0,5980.139999999665,0.04600000102072954
300,6000.0,6000.081600002886,0.042100000428035855
301,6020.0,6020.001000004413,0.043799998820759356
302,6040.0,6040.000699998927,0.039500002458225936
303,6060.0,6060.00060000224,0.041200000850949436
304,6080.0,6080.0004999982775,0.03700000524986535
305,6100.0,6100.036800002272,0.03949999518226832
306,6120.0,6120.000499999151,0.036900004488416016
307,6140.0,6140.000600003987,0.03749999450519681
308,6160.0,6160.000700001547,0.04459999763639644
309,6180.0,6180.000699998345,0.10770000517368317
310,6200.0,6200.000500000897,0.04030000127386302
311,6220.0,6220.000699999218,0.043600004573818296
312,6240.0,6240.000999998301,0.04370000533526763
313,6260.0,6260.0007000000915,0.04410000110510737
314,6280.0,6280.000700004166,0.0444999968749471
315,6300.0,6300.000700000965,0.04369999805931002
316,6320.0,6320.0010000000475,0.03960000321967527
317,6340.0,6340.000500000315,0.03699999797390774
318,6360.0,6360.000500004389,0.03899999865097925
319,6380.0,6380.000800003472,0.041200000850949436
320,6400.0,6400.000800000271,0.04220000118948519
321,6420.0,6420.000700003584,0.03979999746661633
322,6440.0,6440.002000003005,0.04389999958220869
323,6460.0,6460.000600003696,0.04049999552080408
324,6480.0,6480.000700001256,0.038899997889529914
325,6500.0,6500.089000001026,0.044699998397845775
326,6520.0,6520.000600001367,0.044399996113497764
327,6540.0,6540.000699998927,0.03980000474257395
328,6560.0,6560.001300000295,0.04140000237384811
329,6580.0,6580.0006999998,0.05819999933009967
330,6600.0,6600.04189999745,0.04260000423528254
331,6620.0,6620.000399998389,0.03719999949680641
332,6640.0,6640.000899998995,0.042400002712383866
333,6660.0,6660.000500000024,0.037800004065502435
334,6680.0,6680.000699998345,0.04430000262800604
335,6700.0,6700.000800003181,0.04239999543642625
336,6720.0,6720.002100002603,0.043499996536411345
337,6740.0,6740.000800004054,0.04239999543642625
338,6760.0,6760.001000002376,0.0385999956051819
339,6780.0,6780.0006000034045,0.11409999569877982
340,6800.0,6800.000700000965,0.04389999958220869
341,6820.0,6820.000500003516,0.036499994166661054
342,6840.0,6840.000600001076,0.03529999958118424
343,6860.0,6860.000500004389,0.03159999323543161
344,6880.0,6880.000500001188,0.03190000279573724
345,6900.0,6900.0004999979865,0.03330000618007034
346,6920.0,6920.0006000028225,0.03599999763537198
347,6940.0,6940.0007000003825,0.03699999797390774
348,6960.0,6960.000700004457,0.038899997889529914
349,6980.0,6980.000800002017,0.038899997889529914
350,7000.0,7000.000500003807,0.0337999954354018
351,7020.0,7020.000500000606,0.031600000511389226
352,7040.0,7040.000699998927,0.03719999949680641
353,7060.0,7060.01130000368,0.03989999822806567
354,7080.0,7080.0006999998,0.1033000007737428
355,7100.0,7100.000700003875,0.039200000173877925
356,7120.0,7120.0007000006735,0.037099998735357076
357,7140.0,7140.000699997472,0.0377000033040531
358,7160.0,7160.000600000785,0.03809999907389283
359,7180.0,7180.000599997584,0.03360000118846074
360,7200.0,7200.000500000897,0.03930000093532726
361,7220.0,7220.000900000741,0.03850000211969018
362,7240.0,7240.000600002531,0.03569999535102397
363,7260.0,7260.0007000000915,0.038700003642588854
364,7280.0,7280.001500002982,0.04189999890513718
365,7300.0,7300.0061999991885,0.0453000029665418
366,7320.0,7320.000500003516,0.03669999568955973
367,7340.0,7340.000600001076,0.0351999988197349
368,7360.0,7360.000799999398,0.03840000135824084
369,7380.0,7380.000700002711,0.03609999839682132
370,7400.0,7400.000699999509,0.037800004065502435
371,7420.0,7420.012599999609,0.04220000118948519
372,7440.0,7440.092800003185,0.04039999475935474
373,7460.0,7460.000700004457,0.04079999780515209
374,7480.0,7480.000600000494,0.04060000355821103
375,7500.0,7500.000699998054,0.0408000050811097
376,7520.0,7520.000700002129,0.044699998397845775
377,7540.0,7540.00090000045,0.042100000428035855
378,7560.0,7560.000800003763,0.03749999450519681
379,7580.0,7580.000599999039,0.03700000524986535
380,7600.0,7600.073599998723,0.037500001781154424
381,7620.0,7620.000599999912,0.0351999988197349
382,7640.0,7640.000500003225,0.03809999907389283
383,7660.0,7660.000600000785,0.04289999924367294
384,7680.0,7680.000599997584,0.04130000161239877
385,7700.0,7700.008200001321,0.036600002204068005
386,7720.0,7720.000599998457,0.034000004234258085
387,7740.0,7740.000600002531,0.03489999653538689
388,7760.0,7760.00500000373,0.03339999966556206
389,7780.0,7780.000500002643,0.11049999739043415
390,7800.0,7800.000700000965,0.0501000031363219
391,7820.0,7820.001100000809,0.03670000296551734
392,7840.0,7840.000600001076,0.03560000186553225
393,7860.0,7860.011900003883,0.03749999450519681
394,7880.0,7880.000600001949,0.02890000178012997
395,7900.0,7900.0004999979865,0.036600002204068005
396,7920.0,7920.000700003584,0.03869999636663124
397,7940.0,7940.00049999886,0.03460000152699649
398,7960.0,7960.000600003696,0.03930000093532726
399,7980.0,7980.000600000494,0.0335000004270114
400,8000.0,8000.000699998054,0.03850000211969018
401,8020.0,8020.046400000865,0.044699998397845775
402,8040.0,8040.039600004093,0.044699998397845775
403,8060.0,8060.00060000224,0.04489999992074445
404,8080.0,8080.116700002691,0.05589999636868015
405,8100.0,8100.000700003875,0.06339999526971951
406,8120.0,8120.000599999912,0.03789999755099416
407,8140.0,8140.009100003226,0.04129999433644116
408,8160.0,8160.05650000443,0.03839999408228323
409,8180.0,8180.000699998345,0.08540000271750614
410,8200.0,8200.00109999819,0.052600000344682485
411,8220.0,8220.000699999218,0.04260000423528254
412,8240.0,8240.00050000177,0.040099999750964344
413,8260.0,8260.000700000091,0.03909999941242859
414,8280.0,8280.000600003405,0.04339999577496201
415,8300.0,8300.000700000965,0.040099999750964344
416,8320.0,8320.000699997763,0.03790000482695177
417,8340.0,8340.000500000315,0.042400002712383866
418,8360.0,8360.00050000439,0.037699996028095484
419,8380.0,8380.00180000381,0.0478999936603941
420,8400.0,8400.00069999951,0.04340000305091962
421,8420.0,8420.000999998592,0.05710000550607219
422,8440.0,8440.000599999621,0.0411000000895001
423,8460.0,8460.000600003696,0.038899997889529914
424,8480.0,8480.000499999733,0.14480000390904024
425,8500.0,8500.000699998054,0.038300000596791506
426,8520.0,8520.000600001367,0.043799998820759356
427,8540.0,8540.000499997404,0.040400002035312355
428,8560.0,8560.000700003002,0.035400000342633575
429,8580.0,8580.001200003608,0.05389999569160864
430,8600.0,8600.001300001168,0.05480000254465267
431,8620.0,8620.00049999915,0.034900003811344504
432,8640.0,8640.000799998234,0.0453000029665418
433,8660.0,8660.000600000785,0.039699996705166996
434,8680.0,8680.000599997584,0.11210000229766592
435,8700.0,8700.000500000897,0.040099999750964344
436,8720.0,8720.000900000741,0.04230000195093453
437,8740.0,8740.00089999754,0.0470000013592653
438,8760.0,8760.045700000774,0.03740000101970509
439,8780.0,8780.063600002904,0.03640000068116933
440,8800.0,8800.024600001052,0.08510000043315813
441,8820.0,8820.001100000809,0.053499999921768904
442,8840.0,8840.000600001076,0.0394000016967766
443,8860.0,8860.000799999398,0.0408000050811097
444,8880.0,8880.000800003472,0.05609999789157882
445,8900.0,8900.00069999951,0.039500002458225936
446,8920.0,8920.03680000198,0.03869999636663124
447,8940.0,8940.206400002353,0.040400002035312355
448,8960.0,8960.000600003696,0.040599996282253414
449,8980.0,8980.000600000494,0.037099998735357076
450,9000.0,9000.001599997631,0.041200000850949436
451,9020.0,9020.000600001367,0.03599999763537198
452,9040.0,9040.002699999604,0.03580000338843092
453,9060.0,9060.000900004525,0.03459999425103888
454,9080.0,9080.000599999039,0.039200000173877925
455,9100.0,9100.000600003114,0.035899996873922646
456,9120.0,9120.00039999839,0.0318000020342879
457,9140.0,9140.00450000458,0.040199993236456066
458,9160.0,9160.000800002308,0.03779999678954482
459,9180.0,9180.000699998345,0.09470000077271834
460,9200.0,9200.000600001658,0.03760000254260376
461,9220.0,9220.00079999998,0.03670000296551734
462,9240.0,9240.00089999754,0.03980000474257395
463,9260.0,9260.000900001614,0.033899996196851134
464,9280.0,9280.000600003405,0.03789999755099416
465,9300.0,9300.091099998099,0.03580000338843092
466,9320.0,9320.000699997763,0.037800004065502435
467,9340.0,9340.015400004631,0.03909999941242859
468,9360.0,9360.000799999398,0.038300000596791506
469,9380.0,9380.00070000271,0.037699996028095484
470,9400.0,9400.03489999799,0.03529999958118424
471,9420.0,9420.031000001472,0.0335000004270114
472,9440.0,9440.000700000382,0.05059999966761097
473,9460.0,9460.000700004457,0.03839999408228323
474,9480.0,9480.000600000494,0.039200000173877925
475,9500.0,9500.000799998816,0.04199999966658652
476,9520.0,9520.00080000289,0.035599994589574635
477,9540.0,9540.000499997404,0.033200005418621004
478,9560.0,9560.000500001479,0.03270000161137432
479,9580.0,9580.000599999039,0.04270000499673188
480,9600.0,9600.000600003114,0.038300000596791506
481,9620.0,9620.000599999912,0.03860000288113952
482,9640.0,9640.000699997472,0.04140000237384811
483,9660.0,9660.000600000785,0.035899996873922646
484,9680.0,9680.000599997584,0.1354000050923787
485,9700.0,9700.000600001658,0.03730000025825575
486,9720.0,9720.000599998457,0.043300002289470285
487,9740.0,9740.067600003385,0.04039999475935474
488,9760.0,9760.00059999933,0.034900003811344504
489,9780.0,9780.064899998251,0.04720000288216397
490,9800.0,9800.000700000965,0.04310000076657161
491,9820.0,9820.000699997763,0.039900005504023284
492,9840.0,9840.000600001076,0.04069999704370275
493,9860.0,9860.000699998636,0.039500002458225936
494,9880.0,9880.000500001188,0.035700002626981586
495,9900.0,9900.000499997986,0.030300005164463073
496,9920.0,9920.000600002822,0.06510000093840063
497,9940.0,9940.009999998438,0.039000005926936865
498,9960.0,9960.000700004457,0.037299992982298136
499,9980.0,9980.000800002017,0.03599999763537198
500,10000.0,10000.000699998054,0.03760000254260376
501,10020.0,10020.000399999844,0.03550000110408291
502,10040.0,10040.000799999689,0.04440000338945538
503,10060.0,10060.00060000224,0.03619999915827066
504,10080.0,10080.000599999039,0.10850000398932025
505,10100.0,10100.000700003875,0.03579999611247331
506,10120.0,10120.000599999912,0.038300000596791506
507,10140.0,10140.000699997472,0.03580000338843092
508,10160.0,10160.000600000785,0.03309999738121405
509,10180.0,10180.000899999868,0.04780000017490238
510,10200.0,10200.000400000135,0.03730000025825575
511,10220.0,10220.000699999218,0.04150000313529745
512,10240.0,10240.000800004054,0.043799998820759356
513,10260.0,10260.000499998569,0.03339999966556206
514,10280.0,10280.000600003405,0.038899997889529914
515,10300.0,10300.000600000203,0.03719999949680641
516,10320.0,10320.000600004278,0.042299994674976915
517,10340.0,10340.000399999553,0.03560000186553225
518,10360.0,10360.000699998636,0.0360000049113296
519,10380.0,10380.00070000271,0.03779999678954482
520,10400.0,10400.000599998748,0.03560000186553225
521,10420.0,10420.018299999356,0.03899999865097925
522,10440.0,10440.00049999886,0.033700001949910074
523,10460.0,10460.000700004457,0.03579999611247331
524,10480.0,10480.162400002882,0.04339999577496201
525,10500.0,10500.088100001449,0.04410000110510737
526,10520.0,10520.018499999424,0.043799998820759356
527,10540.0,10540.030800002569,0.04410000110510737
528,10560.0,10560.00060000224,0.04049999552080408
529,10580.0,10580.0006999998,0.04020000051241368
530,10600.0,10600.172700003895,0.04219999391352758
531,10620.0,10620.016200002283,0.03850000211969018
532,10640.0,10640.005499997642,0.054100004490464926
533,10660.0,10660.215299998526,0.05520000559045002
534,10680.0,10680.005599999276,0.0686999992467463
535,10700.0,10700.000500000897,0.04459999763639644
536,10720.0,10720.002000001841,0.07360000017797574
537,10740.0,10740.234299999429,0.052600000344682485
538,10760.0,10760.050999997475,0.04680000711232424
539,10780.0,10780.000999999174,0.054299998737405986
540,10800.0,10800.000800001726,0.04919999628327787
541,10820.0,10820.029700000305,0.04690000059781596
542,10840.0,10840.015200003108,0.048499998229090124
543,10860.0,10860.021599997708,0.04750000516651198
544,10880.0,10880.000800003472,0.044699998397845775
545,10900.0,10900.000900001032,0.04510000144364312
546,10920.0,10920.000800004345,0.04780000017490238
547,10940.0,10940.000800001144,0.047299996367655694
548,10960.0,10960.000899998704,0.04669999907491729
549,10980.0,10980.000900002779,0.04949999856762588
550,11000.0,11000.0011000011,0.053099996875971556
551,11020.0,11020.001099997899,0.05370000144466758
552,11040.0,11040.000699998927,0.043300002289470285
553,11060.0,11060.00170000334,0.03959999594371766
554,11080.0,11080.001000002085,0.04769999941345304
555,11100.0,11100.00079999736,0.04580000677378848
556,11120.0,11120.000900002196,0.04359999729786068
557,11140.0,11140.000999999756,0.05419999797595665
558,11160.0,11160.00090000307,0.047599998652003706
559,11180.0,11180.000899999868,0.04990000161342323
560,11200.0,11200.000800003181,0.048999994760379195
561,11220.0,11220.00079999998,0.044699998397845775
562,11240.0,11240.006600004563,0.046899993321858346
563,11260.0,11260.000900001614,0.04949999856762588
564,11280.0,11280.000899998413,0.04550000448944047
565,11300.0,11300.000900002487,0.04569999873638153
566,11320.0,11320.000899999286,0.04750000516651198
567,11340.0,11340.000600001076,0.04839999746764079
568,11360.0,11360.00090000016,0.046200002543628216
569,11380.0,11380.000800003472,0.04739999712910503
570,11400.0,11400.000900001032,0.04389999958220869
571,11420.0,11420.000700003584,0.04339999577496201
572,11440.0,11440.014699997846,0.04980000085197389
573,11460.0,11460.000799997943,0.04990000161342323
574,11480.0,11480.000900002779,0.050199996621813625
575,11500.0,11500.001000000339,0.04479999915929511
576,11520.0,11520.00080000289,0.0461999952676706
577,11540.0,11540.000699998927,0.044500004150904715
578,11560.0,11560.000900004525,0.04579999949783087
579,11580.0,11580.000800000562,0.049299997044727206
580,11600.0,11600.001300001168,0.0610999995842576
581,11620.0,11620.000900002196,0.04780000017490238
582,11640.0,11640.000899998995,0.04990000161342323
583,11660.0,11660.001100004592,0.060699996538460255
584,11680.0,11680.00100000063,0.056400000175926834
585,11700.0,11700.000800003181,0.0351999988197349
586,11720.0,11720.000699999218,0.03510000533424318
587,11740.0,11740.000800004054,0.04169999738223851
588,11760.0,11760.00059999933,0.03890000516548753
589,11780.0,11780.000999999174,0.043799998820759356
590,11800.0,11800.000700000965,0.09500000305706635
591,11820.0,11820.000899999286,0.04510000144364312
592,11840.0,11840.00090000336,0.04030000127386302
593,11860.0,11860.00100000092,0.05300000339047983
594,11880.0,11880.00070000271,0.04959999932907522
595,11900.0,11900.001000001794,0.0562999994144775
596,11920.0,11920.001099999354,0.05660000169882551
597,11940.0,11940.001000002667,0.05850000161444768
598,11960.0,11960.000700004457,0.03489999653538689
599,11980.0,11980.000800002017,0.0470000013592653
600,12000.0,12000.000799998816,0.04569999873638153
601,12020.0,12020.000700002129,0.04099999932805076
602,12040.0,12040.000699998927,0.04410000110510737
603,12060.0,12060.03580000106,0.04159999662078917
604,12080.0,12080.000800000562,0.040099999750964344
605,12100.0,12100.000999998883,0.03970000398112461
606,12120.0,12120.000900002196,0.04220000118948519
607,12140.0,12140.044100000523,0.05339999916031957
608,12160.0,12160.000800002308,0.040099999750964344
609,12180.0,12180.00100000063,0.04549999721348286
610,12200.0,12200.000500000897,0.04410000110510737
611,12220.0,12220.000900000741,0.05029999738326296
612,12240.0,12240.000800004054,0.04539999645203352
613,12260.0,12260.000900001614,0.04520000220509246
614,12280.0,12280.000700004166,0.04949999856762588
615,12300.0,12300.000900002487,0.050499998906161636
616,12320.0,12320.000699997763,0.04720000288216397
617,12340.0,12340.0094000026,0.061899998399894685
618,12360.0,12360.001200002444,0.059300000430084765
619,12380.0,12380.001199999242,0.07020000339252874
620,12400.0,12400.001200003317,0.059499994677025825
621,12420.0,12420.00089999783,0.04610000178217888
622,12440.0,12440.000700000382,0.04549999721348286
623,12460.0,12460.000700004457,0.046399996790569276
624,12480.0,12480.000900002779,0.048099995183292776
625,12500.0,12500.022599997465,0.04430000262800604
626,12520.0,12520.00080000289,0.046399996790569276
627,12540.0,12540.00090000045,0.048000001697801054
628,12560.0,12560.00060000224,0.046799999836366624
629,12580.0,12580.0006999998,0.04990000161342323
630,12600.0,12600.00079999736,0.04750000516651198
631,12620.0,12620.000800001435,0.047299996367655694
632,12640.0,12640.014299999166,0.05100000271340832
633,12660.0,12660.00090000307,0.05059999966761097
634,12680.0,12680.000599997584,0.048800000513438135
635,12700.0,12700.12560000032,0.06089999806135893
636,12720.0,12720.000699999218,0.050499998906161636
637,12740.0,12740.049400003045,0.04749999789055437
638,12760.0,12760.030400000687,0.09320000390289351
639,12780.0,12780.127700003504,0.10800000018207356
640,12800.0,12800.006099998427,0.05370000144466758
641,12820.0,12820.003699998779,0.14560000272467732
642,12840.0,12840.019600000232,0.14879999798722565
643,12860.0,12860.002300003543,0.11889999586855993
644,12880.0,12880.177700004424,0.1066999975591898
645,12900.0,12900.061699998332,0.07530000584665686
646,12920.0,12920.001099999354,0.04650000482797623
647,12940.0,12940.000800001144,0.04919999628327787
648,12960.0,12960.000899998704,0.04669999907491729
649,12980.0,12980.000600000494,0.048300003982149065
650,13000.0,13000.000799998816,0.04270000499673188
651,13020.0,13020.000600001367,0.04410000110510737
652,13040.0,13040.000699998927,0.04460000491235405
653,13060.0,13060.000900004525,0.04749999789055437
654,13080.0,13080.000800000562,0.048300003982149065
655,13100.0,13100.000999998883,0.04850000550504774
656,13120.0,13120.001000002958,0.048499998229090124
657,13140.0,13140.08869999816,0.060500002291519195
658,13160.0,13160.000700001547,0.04890000127488747
659,13180.0,13180.000899999868,0.04649999755201861
660,13200.0,13200.000600001658,0.04629999602911994
661,13220.0,13220.010199998796,0.047100002120714635
662,13240.0,13240.001199999824,0.05249999958323315
663,13260.0,13260.001200003899,0.04659999831346795
664,13280.0,13280.000799997651,0.04220000118948519
665,13300.0,13300.000700000965,0.04269999772077426
666,13320.0,13320.000699997763,0.04230000195093453
667,13340.0,13340.069199999562,0.042400002712383866
668,13360.0,13360.000699998636,0.04990000161342323
669,13380.0,13380.00109999848,0.05439999949885532
670,13400.0,13400.000900001032,0.047299996367655694
671,13420.0,13420.001200000115,0.08420000085607171
672,13440.0,13440.00120000419,0.05729999975301325
673,13460.0,13460.001200000988,0.05539999983739108
674,13480.0,13480.001199997787,0.0653000024612993
675,13500.0,13500.000899999577,0.05130000499775633
676,13520.0,13520.000900003652,0.04400000034365803
677,13540.0,13540.001000001212,0.04829999670619145
678,13560.0,13560.00099999801,0.04990000161342323
679,13580.0,13580.001200003608,0.05909999890718609
680,13600.0,13600.000899998122,0.05249999958323315
681,13620.0,13620.00160000025,0.07660000119358301
682,13640.0,13640.000999999756,0.043000000005122274
683,13660.0,13660.00090000307,0.04489999992074445
684,13680.0,13680.000599997584,0.032500000088475645
685,13700.0,13700.000500000897,0.02970000059576705
686,13720.0,13720.000499997695,0.031600000511389226
687,13740.0,13740.000700003293,0.038300000596791506
688,13760.0,13760.00059999933,0.031299998227041215
689,13780.0,13780.000500002643,0.03669999568955973
690,13800.0,13800.000700000965,0.037500001781154424
691,13820.0,13820.000600004278,0.03730000025825575
692,13840.0,13840.000700001838,0.04140000237384811
693,13860.0,13860.000699998636,0.03860000288113952
694,13880.0,13880.00070000271,0.04039999475935474
695,13900.0,13900.001599999086,0.04340000305091962
696,13920.0,13920.000500002061,0.03879999712808058
697,13940.0,13940.000900001905,0.043499996536411345
698,13960.0,13960.001200000988,0.050000002374872565
699,13980.0,13980.000600000494,0.036600002204068005
700,14000.0,14000.001400003384,0.03609999839682132
701,14020.0,14020.000500000606,0.03390000347280875
702,14040.0,14040.000699998927,0.03899999865097925
703,14060.0,14060.000500001479,0.03239999932702631
704,14080.0,14080.00880000327,0.034699995012488216
705,14100.0,14100.000700003875,0.0354999938281253
706,14120.0,14120.000700000674,0.03930000093532726
707,14140.0,14140.000600003987,0.038899997889529914
708,14160.0,14160.000700001547,0.03879999712808058
709,14180.0,14180.000599997584,0.03980000474257395
710,14200.0,14200.000500000897,0.039500002458225936
711,14220.0,14220.058099999733,0.04220000118948519
712,14240.0,14240.000700003293,0.03959999594371766
713,14260.0,14260.000700000091,0.03960000321967527
714,14280.0,14280.006400003913,0.061899998399894685
715,14300.0,14300.200500001665,0.040400002035312355
716,14320.0,14320.000799998525,0.04370000533526763
717,14340.0,14340.000600001076,0.037099998735357076
718,14360.0,14363.445599999977,0.055500000598840415
719,14380.0,14380.224300002737,0.0914999982342124
720,14400.0,14400.00080000027,0.03670000296551734
721,14420.0,14420.000600002822,0.03719999949680641
722,14440.0,14440.000599999621,0.04189999890513718
723,14460.0,14460.00169999752,0.06450000364566222
724,14480.0,14480.000900002779,0.059499994677025825
725,14500.0,14500.000600004569,0.04189999890513718
726,14520.0,14520.000399999844,0.033700001949910074
727,14540.0,14540.000799999689,0.04020000051241368
728,14560.0,14560.00060000224,0.04069999704370275
729,14580.0,14580.0006999998,0.04780000017490238
730,14600.0,14600.000600003114,0.04030000127386302
731,14620.0,14620.000599999912,0.04199999966658652
732,14640.0,14640.000799998234,0.04489999992074445
733,14660.0,14660.00090000307,0.043799998820759356
734,14680.0,14680.000400003337,0.03609999839682132
735,14700.0,14700.000600001658,0.03339999966556206
736,14720.0,14720.007299998542,0.038700003642588854
737,14740.0,14740.000700003293,0.03819999983534217
738,14760.0,14760.00059999933,0.034000004234258085
739,14780.0,14780.000700004166,0.03829999332083389
740,14800.0,14800.000700000965,0.03779999678954482
741,14820.0,14820.000600004278,0.03669999568955973
742,14840.0,14840.010100000654,0.058099998568650335
743,14860.0,14860.000599997875,0.03970000398112461
744,14880.0,14880.000900004234,0.04199999966658652
745,14900.0,14900.000599998748,0.03680000372696668
746,14920.0,14920.001600003161,0.0385999956051819
747,14940.0,14940.000700000382,0.03760000254260376
748,14960.0,14960.032599999977,0.040099999750964344
749,14980.0,14980.049099998723,0.037800004065502435
750,15000.0,15005.049699997471,0.050300004659220576
751,15020.0,15020.011599997815,0.04650000482797623
752,15040.0,15040.096900003846,0.04339999577496201
753,15060.0,15060.00060000224,0.03850000211969018
754,15080.0,15080.001000002085,0.05339999916031957
755,15100.0,15100.00140000193,0.05450000026030466
756,15120.0,15120.000700000674,0.0714999987394549
757,15140.0,15140.000699997472,0.036900004488416016
758,15160.0,15160.000600000785,0.034900003811344504
759,15180.0,15180.000699998345,0.03819999983534217
760,15200.0,15200.000800003181,0.03759999526664615
761,15220.0,15220.000699999218,0.03719999949680641
762,15240.0,15240.00050000177,0.037699996028095484
763,15260.0,15260.00059999933,0.03640000068116933
764,15280.0,15280.007499997737,0.03970000398112461
765,15300.0,15300.000700000965,0.03339999966556206
766,15320.0,15320.000500003516,0.03599999763537198
767,15340.0,15340.000500000315,0.03999999898951501
768,15360.0,15360.00050000439,0.03449999348958954
769,15380.0,15380.00070000271,0.035400000342633575
770,15400.0,15400.000599998748,0.036600002204068005
771,15420.0,15420.00089999783,0.043600004573818296
772,15440.0,15440.000900001905,0.04269999772077426
773,15460.0,15460.00130000175,0.05270000110613182
774,15480.0,15480.001500000071,0.09100000170292333
775,15500.0,15500.001799999154,0.08330000127898529
776,15520.0,15520.002099998237,0.08200000593205914
777,15540.0,15540.001499997743,0.07760000153211877
778,15560.0,15560.00170000334,0.07360000017797574
779,15580.0,15580.00130000437,0.07009999535512179
780,15600.0,15600.001200000406,0.06579999899258837
781,15620.0,15620.00049999915,0.030499999411404133
782,15640.0,15640.006800000265,0.034199998481199145
783,15660.0,15660.000399999262,0.03609999839682132
784,15680.0,15680.000599997584,0.036600002204068005
785,15700.0,15700.000500000897,0.030399998649954796
786,15720.0,15720.000599998457,0.055500000598840415
787,15740.0,15740.00050000177,0.029900002118665725
788,15760.0,15760.000499998569,0.031600000511389226
789,15780.0,15780.000600003405,0.03809999907389283
790,15800.0,15800.000600000203,0.03760000254260376
791,15820.0,15820.000500003516,0.034699995012488216
792,15840.0,15840.106900002866,0.041399995097890496
793,15860.0,15860.00090000016,0.047599998652003706
794,15880.0,15880.000800003472,0.04159999662078917
795,15900.0,15900.000499997986,0.040099999750964344
796,15920.0,15920.01049999817,0.04550000448944047
797,15940.0,15940.001700000721,0.04410000110510737
798,15960.0,15960.023899999214,0.05200000305194408
799,15980.0,15980.000700001256,0.032800002372823656
800,16000.0,16000.000500003807,0.03869999636663124
801,16020.0,16020.000399999844,0.038899997889529914
802,16040.0,16040.000699998927,0.04030000127386302
803,16060.0,16060.028300002159,0.040400002035312355
804,16080.0,16080.001200003608,0.0402999939979054
805,16100.0,16100.000500002352,0.036600002204068005
806,16120.0,16120.000599999912,0.03719999949680641
807,16140.0,16140.000500003225,0.03989999822806567
808,16160.0,16160.000500000024,0.03819999983534217
809,16180.0,16180.043100001058,0.03979999746661633
810,16200.0,16200.049899998703,0.04470000567380339
811,16220.0,16220.000499997695,0.036100005672778934
812,16240.0,16240.000600002531,0.040099999750964344
813,16260.0,16260.00059999933,0.04310000076657161
814,16280.0,16280.001200000697,0.04400000034365803
815,16300.0,16300.030800004606,0.03699999797390774
816,16320.0,16320.000600004278,0.03579999611247331
817,16340.0,16340.032000000065,0.04140000237384811
818,16360.0,16363.384100004623,0.04249999619787559
819,16380.0,16380.038800001785,0.04369999805931002
820,16400.0,16400.00069999951,0.04550000448944047
821,16420.0,16420.001400001638,0.08240000170189887
822,16440.0,16440.00049999886,0.040400002035312355
823,16460.0,16460.00120000099,0.05680000322172418
824,16480.0,16480.04629999923,0.04230000195093453
825,16500.0,16500.00060000457,0.03879999712808058
826,16520.0,16520.000299999083,0.040899998566601425
827,16540.0,16540.000599998166,0.03860000288113952
828,16560.0,16560.00060000224,0.051099996198900044
829,16580.0,16580.000800000562,0.040400002035312355
830,16600.0,16600.05490000185,0.03640000068116933
831,16620.0,16620.000700000674,0.04199999966658652
832,16640.0,16640.025000000605,0.03860000288113952
833,16660.0,16660.000800002308,0.03909999941242859
834,16680.0,16680.000599997584,0.051500006520655006
835,16700.0,16700.000900003943,0.03839999408228323
836,16720.0,16720.00079999998,0.03789999755099416
837,16740.0,16740.00089999754,0.03980000474257395
838,16760.0,16760.00070000009,0.035700002626981586
839,16780.0,16780.000700004166,0.03909999941242859
840,16800.0,16800.1213000025,0.050499998906161636
841,16820.0,16820.001500003855,0.07109999569365755
842,16840.0,16840.032100000826,0.043000000005122274
843,16860.0,16860.00839999906,0.0577000027988106
844,16880.0,16880.00060000195,0.0394000016967766
845,16900.0,16900.00080000027,0.03930000093532726
846,16920.0,16920.031300003757,0.043000000005122274
847,16940.0,16940.66820000444,0.04079999780515209
848,16960.0,16963.38359999936,0.04750000516651198
849,16980.0,16980.02560000168,0.04149999585933983
850,17000.0,17000.000799998816,0.04140000237384811
851,17020.0,17020.00119999866,0.053499999921768904
852,17040.0,17040.014400001382,0.055199998314492404
853,17060.0,17060.039299998607,0.03930000093532726
854,17080.0,17080.00059999904,0.04579999949783087
855,17100.0,17100.000700003875,0.038899997889529914
856,17120.0,17120.000900002196,0.04099999932805076
857,17140.0,17140.000699997472,0.040700004319660366
858,17160.0,17160.000500000024,0.037099998735357076
859,17180.0,17180.000599997584,0.04130000161239877
860,17200.0,17200.000500000897,0.04050000279676169
861,17220.0,17220.00079999998,0.04350000381236896
862,17240.0,17240.00060000253,0.037099998735357076
863,17260.0,17260.00070000009,0.0394000016967766
864,17280.0,17280.000600003405,0.03479999577393755
865,17300.0,17300.00049999944,0.03550000110408291
866,17320.0,17320.000600004278,0.0368999972124584
867,17340.0,17340.000399999553,0.03719999949680641
868,17360.0,17360.000599997875,0.033700001949910074
869,17380.0,17380.0332000028,0.037999998312443495
870,17400.0,17400.00069999951,0.03960000321967527
871,17420.0,17420.000800004345,0.03839999408228323
872,17440.0,17440.000900001905,0.03460000152699649
873,17460.0,17460.000400002173,0.03879999712808058
874,17480.0,17480.000600000494,0.037800004065502435
875,17500.0,17500.000799998816,0.038300000596791506
876,17520.0,17520.000500000606,0.03650000144261867
877,17540.0,17540.00079999969,0.041200000850949436
878,17560.0,17560.00060000224,0.04900000203633681
879,17580.0,17580.000399997516,0.03480000304989517
880,17600.0,17600.000700003875,0.038300000596791506
881,17620.0,17620.000700000674,0.03619999915827066
882,17640.0,17640.000600003987,0.039699996705166996
883,17660.0,17660.000600000785,0.03730000025825575
884,17680.0,17680.000599997584,0.03330000618007034
885,17700.0,17700.000400000135,0.03840000135824084
886,17720.0,17720.000499997695,0.036600002204068005
887,17740.0,17740.00050000177,0.03440000000409782
888,17760.0,17760.00049999857,0.03580000338843092
889,17780.0,17780.000700004166,0.03839999408228323
890,17800.0,17800.00049999944,0.035400000342633575
891,17820.0,17820.20210000337,0.048999994760379195
892,17840.0,17840.0008000026,0.04189999890513718
893,17860.0,17860.02279999957,0.04270000499673188
894,17880.0,17880.00060000195,0.03930000093532726
895,17900.0,17900.012800004333,0.04159999662078917
896,17920.0,17920.00050000206,0.03730000025825575
897,17940.0,17940.000700000382,0.03999999898951501
898,17960.0,17960.00450000429,0.036799996451009065
899,17980.0,17980.000600000494,0.03560000186553225
900,18000.0,18000.000500003807,0.03779999678954482
901,18020.0,18020.000399999844,0.03899999865097925
902,18040.0,18040.003800000704,0.041799998143687844
903,18060.0,18060.00060000224,0.037099998735357076
904,18080.0,18080.00059999904,0.040099999750964344
905,18100.0,18100.000700003875,0.04159999662078917
906,18120.0,18120.000599999912,0.03609999839682132
907,18140.0,18140.000600003987,0.03609999839682132
908,18160.0,18160.000700001547,0.03899999865097925
909,18180.0,18180.000699998345,0.037800004065502435
910,18200.0,18200.000500000897,0.03730000025825575
911,18220.0,18220.000499997695,0.03890000516548753
912,18240.0,18240.000800004054,0.04020000051241368
913,18260.0,18260.00070000009,0.03699999797390774
914,18280.0,18280.000899998413,0.04859999899053946
915,18300.0,18300.000600000203,0.0411000000895001
916,18320.0,18320.000600004278,0.03929999365936965
917,18340.0,18340.000500000315,0.03529999958118424
918,18360.0,18360.000699998636,0.03840000135824084
919,18380.0,18380.00060000195,0.04069999704370275
920,18400.0,18400.00080000027,0.05310000415192917
921,18420.0,18420.055200003844,0.041799998143687844
922,18440.0,18440.000800001144,0.03999999898951501
923,18460.0,18460.000700004457,0.039399994420818985
924,18480.0,18480.000700001256,0.04030000127386302
925,18500.0,18500.000899999577,0.03840000135824084
926,18520.0,18520.4040000026,0.04269999772077426
927,18540.0,18540.22790000454,0.040099999750964344
928,18560.0,18560.00099999801,0.05780000356025994
929,18580.0,18580.000900001323,0.05370000144466758
930,18600.0,18600.000600003114,0.039200000173877925
931,18620.0,18620.00120000448,0.05289999535307288
932,18640.0,18640.069300003233,0.04020000051241368
933,18660.0,18660.000600000785,0.040899998566601425
934,18680.0,18680.0005000041,0.03809999907389283
935,18700.0,18700.000500000897,0.040899998566601425
936,18720.0,18720.001000001503,0.04749999789055437
937,18740.0,18740.0009999983,0.05080000119050965
938,18760.0,18760.001000002376,0.05679999594576657
939,18780.0,18780.000899998413,0.05890000466024503
940,18800.0,18800.00100000325,0.05149999924469739
941,18820.0,18820.000899999286,0.04489999992074445
942,18840.0,18840.00090000336,0.04739999712910503
943,18860.0,18860.00100000092,0.04810000245925039
944,18880.0,18880.000800003472,0.048499998229090124
945,18900.0,18900.001000001794,0.04819999594474211
946,18920.0,18920.000700003584,0.0444999968749471
947,18940.0,18940.001000002667,0.0470000013592653
948,18960.0,18960.000700004457,0.04459999763639644
949,18980.0,18980.000800002017,0.05249999958323315
950,19000.0,19000.012500000594,0.0444999968749471
951,19020.0,19020.001000004413,0.05299999611452222
952,19040.0,19040.000699998927,0.04579999949783087
953,19060.0,19060.014100003173,0.0520999965374358
954,19080.0,19080.000900001323,0.05339999916031957
955,19100.0,19100.000899998122,0.05340000643627718
956,19120.0,19120.000700000674,0.04810000245925039
957,19140.0,19140.001100000518,0.0486999997519888
958,19160.0,19160.000700001547,0.047599998652003706
959,19180.0,19180.112900001404,0.052900002629030496
960,19200.0,19200.015399997937,0.04960000660503283
961,19220.0,19220.001100002264,0.05879999662283808
962,19240.0,19240.000700003293,0.04769999941345304
963,19260.0,19260.001299997384,0.05370000144466758
964,19280.0,19280.000999999174,0.05310000415192917
965,19300.0,19300.133900003857,0.05360000068321824
966,19320.0,19320.00110000081,0.05160000000614673
967,19340.0,19340.001000004122,0.05079999391455203
968,19360.0,19360.000599997875,0.0453000029665418
969,19380.0,19380.000800003472,0.05089999467600137
970,19400.0,19400.00069999951,0.047100002120714635
971,19420.0,19420.000999998592,0.049700000090524554
972,19440.0,19440.000900001905,0.05619999865302816
973,19460.0,19460.000999999465,0.04949999856762588
974,19480.0,19480.00090000278,0.04389999958220869
975,19500.0,19500.0011000011,0.05280000186758116
976,19520.0,19520.00190000399,0.0503999981447123
977,19540.0,19540.052600001218,0.07689999620197341
978,19560.0,19560.000800003763,0.04359999729786068
979,19580.0,19580.001000002085,0.04489999992074445
980,19600.0,19600.00079999736,0.04380000609671697
981,19620.0,19620.000700000674,0.05490000330610201
982,19640.0,19640.048100001877,0.03979999746661633
983,19660.0,19660.000600000785,0.048800000513438135
984,19680.0,19680.001799999445,0.051399998483248055
985,19700.0,19700.03440000437,0.04189999890513718
986,19720.0,19720.00069999922,0.03640000068116933
987,19740.0,19740.00050000177,0.03579999611247331
988,19760.0,19760.00059999933,0.038700003642588854
989,19780.0,19780.000700004166,0.03809999907389283
990,19800.0,19800.000700000965,0.03809999907389283
991,19820.0,19820.000699997763,0.054700001783203334
992,19840.0,19840.000600001076,0.036600002204068005
993,19860.0,19860.000699998636,0.03890000516548753
994,19880.0,19880.00099999772,0.05729999975301325
995,19900.0,19900.000599998748,0.037500001781154424
996,19920.0,19920.000600002822,0.03650000144261867
997,19940.0,19940.00529999903,0.09800000407267362
998,19960.0,19960.00120000099,0.05709999823011458
999,19980.0,19980.000600000494,0.036299999919719994
1000,20000.0,20000.00060000457,0.0351999988197349
1001,20020.0,20020.000500000606,0.035099998058285564
1002,20040.0,20040.000599998166,0.03719999949680641
1003,20060.0,20060.00060000224,0.03289999585831538
1004,20080.0,20080.0006999998,0.04020000051241368
1005,20100.0,20100.005400003283,0.048999994760379195
1006,20120.0,20120.000700000674,0.03789999755099416
1007,20140.0,20140.000600003987,0.03929999365936965
1008,20160.0,20160.000700001547,0.03930000093532726
1009,20180.0,20180.000599997584,0.04170000465819612
1010,20200.0,20200.00060000166,0.040899998566601425
1011,20220.0,20220.000599998457,0.0394000016967766
1012,20240.0,20240.000800004054,0.040899998566601425
1013,20260.0,20260.00059999933,0.03899999865097925
1014,20280.0,20280.000700004166,0.03529999958118424
1015,20300.0,20300.000800001726,0.03899999865097925
1016,20320.0,20320.000600004278,0.041799998143687844
1017,20340.0,20340.000700001838,0.04020000051241368
1018,20360.0,20360.00050000439,0.037299992982298136
1019,20380.0,20380.000500001188,0.04720000288216397
1020,20400.0,20400.00069999951,0.04020000051241368
1021,20420.0,20420.0004000013,0.035700002626981586
1022,20440.0,20440.000700000382,0.04060000355821103
1023,20460.0,20460.000600003696,0.035099998058285564
1024,20480.0,20480.000600000494,0.049700000090524554
1025,20500.0,20500.00060000457,0.03659999492811039
1026,20520.0,20520.000399999844,0.034500000765547156
1027,20540.0,20540.000699998927,0.03580000338843092
1028,20560.0,20560.00060000224,0.033899996196851134
1029,20580.0,20580.00059999904,0.03719999949680641
1030,20600.0,20600.000600003114,0.03699999797390774
1031,20620.0,20620.000700000674,0.036600002204068005
1032,20640.0,20640.024500004074,0.040899998566601425
1033,20660.0,20660.000600000785,0.03609999839682132
1034,20680.0,20680.0005000041,0.03639999340521172
1035,20700.0,20700.000500000897,0.04079999780515209
1036,20720.0,20720.000599998457,0.044500004150904715
1037,20740.0,20740.0009999983,0.046799999836366624
1038,20760.0,20760.000800000853,0.0486999997519888
1039,20780.0,20780.00079999765,0.06240000220714137
1040,20800.0,20800.00100000325,0.04659999831346795
1041,20820.0,20820.000799998525,0.04550000448944047
1042,20840.0,20840.001000004122,0.04839999746764079
1043,20860.0,20860.001200002444,0.044200001866556704
1044,20880.0,20880.00070000271,0.044200001866556704
1045,20900.0,20900.001000001794,0.05100000271340832
1046,20920.0,20920.000999998592,0.0411000000895001
1047,20940.0,20940.000800001144,0.0470000013592653
1048,20960.0,20960.000600003696,0.0411000000895001
1049,20980.0,20980.000800002017,0.04220000118948519
1050,21000.0,21000.001300002623,0.05119999696034938
1051,21020.0,21020.00080000289,0.04839999746764079
1052,21040.0,21040.00090000045,0.048300003982149065
1053,21060.0,21060.00420000055,0.04920000355923548
1054,21080.0,21080.000900001323,0.05339999916031957
1055,21100.0,21100.00079999736,0.04980000085197389
1056,21120.0,21120.000900002196,0.04819999594474211
1057,21140.0,21140.000699997472,0.04940000508213416
1058,21160.0,21160.054500003753,0.04919999628327787
1059,21180.0,21180.000899999868,0.0484000047435984
1060,21200.0,21200.000999997428,0.04850000550504774
1061,21220.0,21221.14760000113,0.07709999772487208
1062,21240.0,21241.000000001804,0.09670000144978985
1063,21260.0,21262.706599998637,0.049700000090524554
1064,21280.0,21280.001200000697,0.049299997044727206
1065,21300.0,21300.03289999877,0.06740000389982015
1066,21320.0,21320.001300002332,0.07439999899361283
1067,21340.0,21340.0008000026,0.054700001783203334
1068,21360.0,21360.00249999779,0.05750000127591193
1069,21380.0,21380.000900004234,0.04659999831346795
1070,21400.0,21400.001000001794,0.052299998060334474
1071,21420.0,21420.000800004345,0.04629999602911994
1072,21440.0,21440.001000002667,0.05289999535307288
1073,21460.0,21460.000600003696,0.04400000034365803
1074,21480.0,21480.000700001256,0.049700000090524554
1075,21500.0,21500.0011000011,0.047900000936351717
1076,21520.0,21520.00090000365,0.044399996113497764
1077,21540.0,21540.00079999969,0.04520000220509246
1078,21560.0,21560.000800003763,0.04389999958220869
1079,21580.0,21580.00059999904,0.05070000042906031
1080,21600.0,21600.01629999897,0.052100003813393414
1081,21620.0,21620.000900002196,0.04549999721348286
1082,21640.0,21640.016600002127,0.043799998820759356
1083,21660.0,21660.048700003244,0.06649999704677612
1084,21680.0,21680.000699998345,0.04810000245925039
1085,21700.0,21700.000999997428,0.0467000063508749
1086,21720.0,21720.006299998204,0.04820000322069973
1087,21740.0,21740.000800004054,0.037099998735357076
1088,21760.0,21760.01769999857,0.03710000601131469
1089,21780.0,21780.000600003405,0.044699998397845775
1090,21800.0,21800.000600000203,0.037800004065502435
1091,21820.0,21820.000500003516,0.03809999907389283
1092,21840.0,21840.000700001838,0.04140000237384811
1093,21860.0,21860.000799999398,0.036900004488416016
1094,21880.0,21880.06989999849,0.0560000044060871
1095,21900.0,21900.002200003655,0.04049999552080408
1096,21920.0,21920.00050000206,0.033899996196851134
1097,21940.0,21940.000700000382,0.03699999797390774
1098,21960.0,21960.000700004457,0.03619999915827066
1099,21980.0,21980.03079999762,0.039200000173877925
1100,22000.0,22000.000699998054,0.0377000033040531
1101,22020.0,22020.000500000606,0.03740000101970509
1102,22040.0,22040.00090000045,0.040099999750964344
1103,22060.0,22060.00099999801,0.03700000524986535
1104,22080.0,22080.000800000562,0.040400002035312355
1105,22100.0,22100.000600003114,0.03909999941242859
1106,22120.0,22120.000700000674,0.03860000288113952
1107,22140.0,22140.000699997472,0.0408000050811097
1108,22160.0,22160.000700001547,0.03670000296551734
1109,22180.0,22180.034900004102,0.042599996959324926
1110,22200.0,22200.000500000897,0.03789999755099416
1111,22220.0,22220.000599998457,0.036900004488416016
1112,22240.0,22240.000700003293,0.03979999746661633
1113,22260.0,22260.00059999933,0.03989999822806567
1114,22280.0,22280.000600003405,0.03619999915827066
1115,22300.0,22300.000800001726,0.03989999822806567
1116,22320.0,22320.000600004278,0.03749999450519681
1117,22340.0,22340.00090000336,0.04149999585933983
1118,22360.0,22360.000599997875,0.038300000596791506
1119,22380.0,22380.007400002796,0.0385999956051819
1120,22400.0,22400.001200003317,0.04699999408330768
1121,22420.0,22420.005899999524,0.03760000254260376
1122,22440.0,22440.00059999962,0.03719999949680641
1123,22460.0,22460.000700004457,0.0351999988197349
1124,22480.0,22480.010899998888,0.03930000093532726
1125,22500.0,22500.000699998054,0.03880000440403819
1126,22520.0,22520.009100000607,0.03899999865097925
1127,22540.0,22540.000699998927,0.043799998820759356
1128,22560.0,22560.000800003763,0.032500000088475645
1129,22580.0,22580.0006999998,0.0394000016967766
1130,22600.0,22600.000700003875,0.038899997889529914
1131,22620.0,22620.00049999915,0.037800004065502435
1132,22640.0,22640.000699997472,0.042400002712383866
1133,22660.0,22660.000600000785,0.03580000338843092
1134,22680.0,22680.000699998345,0.03980000474257395
1135,22700.0,22700.000400000135,0.03670000296551734
1136,22720.0,22720.000599998457,0.039200000173877925
1137,22740.0,22740.00050000177,0.03930000093532726
1138,22760.0,22760.00049999857,0.03550000110408291
1139,22780.0,22780.00079999765,0.051200004236306995
1140,22800.0,22800.000700000965,0.04369999805931002
1141,22820.0,22820.000600004278,0.03949999518226832
1142,22840.0,22840.000600001076,0.03909999941242859
1143,22860.0,22860.000599997875,0.030200004403013736
1144,22880.0,22880.000900004234,0.039200000173877925
1145,22900.0,22900.00069999951,0.037099998735357076
1146,22920.0,22920.000700003584,0.0351999988197349
1147,22940.0,22940.13210000412,0.04400000034365803
1148,22960.0,22960.000500002934,0.03730000025825575
1149,22980.0,22980.000800002017,0.03930000093532726
1150,23000.0,23000.000699998054,0.03909999941242859
1151,23020.0,23020.000500000606,0.035899996873922646
1152,23040.0,23040.00249999808,0.04099999932805076
1153,23060.0,23060.000700003002,0.038899997889529914
1154,23080.0,23080.0006999998,0.03980000474257395
1155,23100.0,23100.000700003875,0.03979999746661633
1156,23120.0,23121.664400001464,0.04510000144364312
1157,23140.0,23140.998700000637,0.12340000102994964
1158,23160.0,23162.047600002552,0.03879999712808058
1159,23180.0,23180.01650000224,0.04780000017490238
1160,23200.0,23200.00070000242,0.037699996028095484
1161,23220.0,23220.000599998457,0.03980000474257395
1162,23240.0,23240.001199999824,0.07439999899361283
1163,23260.0,23260.075199999847,0.0627999979769811
1164,23280.0,23280.000600003405,0.05070000042906031
1165,23300.0,23300.004299999273,0.04050000279676169
1166,23320.0,23320.00110000081,0.061899998399894685
1167,23340.0,23340.001000004122,0.04249999619787559
1168,23360.0,23360.000599997875,0.042400002712383866
1169,23380.0,23380.00070000271,0.04429999535204843
1170,23400.0,23400.001000001794,0.04020000051241368
1171,23420.0,23420.00089999783,0.038300000596791506
1172,23440.0,23440.000800001144,0.03409999771974981
1173,23460.0,23460.000600003696,0.03199999628122896
1174,23480.0,23480.00090000278,0.052299998060334474
1175,23500.0,23500.000799998816,0.04060000355821103
1176,23520.0,23520.000600001367,0.03869999636663124
1177,23540.0,23540.000599998166,0.03210000431863591
1178,23560.0,23560.00060000224,0.03029999788850546
1179,23580.0,23580.033999998705,0.0351999988197349
1180,23600.0,23600.000600003114,0.03650000144261867
1181,23620.0,23620.000599999912,0.036600002204068005
1182,23640.0,23640.000699997472,0.036299999919719994
1183,23660.0,23660.000700001547,0.03819999983534217
1184,23680.0,23680.00110000139,0.032800002372823656
1185,23700.0,23700.01290000073,0.039200000173877925
1186,23720.0,23720.00090000074,0.03599999763537198
1187,23740.0,23740.000800004054,0.059799996961373836
1188,23760.0,23760.00059999933,0.03580000338843092
1189,23780.0,23780.000500002643,0.031299998227041215
1190,23800.0,23800.00049999944,0.03339999966556206
1191,23820.0,23820.000699997763,0.24090000079013407
1192,23840.0,23840.000600001076,0.03650000144261867
1193,23860.0,23860.01070000202,0.04539999645203352
1194,23880.0,23880.00060000195,0.058999998145736754
1195,23900.0,23900.00069999951,0.05750000127591193
1196,23920.0,23920.000600002822,0.027599999157246202
1197,23940.0,23940.000700000382,0.036299999919719994
1198,23960.0,23960.000700004457,0.035599994589574635
1199,23980.0,23980.000600000494,0.03399999695830047
1200,24000.0,24000.00100000034,0.03819999983534217
1201,24020.0,24020.000600001367,0.03599999763537198
1202,24040.0,24040.14289999759,0.03680000372696668
1203,24060.0,24060.00060000224,0.03899999865097925
1204,24080.0,24080.0006999998,0.03880000440403819
1205,24100.0,24100.000600003114,0.038499994843732566
1206,24120.0,24120.000599999912,0.03599999763537198
1207,24140.0,24140.000699997472,0.04060000355821103
1208,24160.0,24160.000600000785,0.03819999983534217
1209,24180.0,24180.000699998345,0.040400002035312355
1210,24200.0,24200.000500000897,0.04769999941345304
1211,24220.0,24220.03830000176,0.05750000127591193
1212,24240.0,24240.000800004054,0.04429999535204843
1213,24260.0,24260.065000002214,0.06209999992279336
1214,24280.0,24280.000600003405,0.03399999695830047
1215,24300.0,24300.000700000965,0.03840000135824084
1216,24320.0,24320.001000000047,0.03909999941242859
1217,24340.0,24340.000700001838,0.04140000237384811
1218,24360.0,24360.035600002448,0.03819999983534217
1219,24380.0,24380.00060000195,0.04149999585933983
1220,24400.0,24400.00069999951,0.0394000016967766
1221,24420.0,24420.000800004345,0.0351999988197349
1222,24440.0,24440.00059999962,0.0425000034738332
1223,24460.0,24460.000700004457,0.03879999712808058
1224,24480.0,24480.00090000278,0.04030000127386302
1225,24500.0,24500.000699998054,0.04000000626547262
1226,24520.0,24520.00080000289,0.04249999619787559
1227,24540.0,24540.000599998166,0.04090000584255904
1228,24560.0,24560.000700003002,0.04569999873638153
1229,24580.0,24580.001100002846,0.04419999459059909
1230,24600.0,24600.00079999736,0.04650000482797623
1231,24620.0,24620.004399999743,0.04260000423528254
1232,24640.0,24640.902999999525,0.043799998820759356
1233,24660.0,24660.00090000307,0.04239999543642625
1234,24680.0,24680.08080000436,0.04269999772077426
1235,24700.0,24700.00060000166,0.03809999907389283
1236,24720.0,24720.11239999847,0.03980000474257395
1237,24740.0,24740.0009999983,0.04140000237384811
1238,24760.0,24760.001100003137,0.07280000136233866
1239,24780.0,24780.000899998413,0.04479999915929511
1240,24800.0,24800.001199997496,0.04870000702794641
1241,24820.0,24820.001000000047,0.04459999763639644
1242,24840.0,24840.0008000026,0.04569999873638153
1243,24860.0,24860.000699998636,0.04090000584255904
1244,24880.0,24880.047899998317,0.06900000153109431
1245,24900.0,24900.00080000027,0.04630000330507755
1246,24920.0,24920.021899997664,0.05140000575920567
1247,24940.0,24940.001000002667,0.05989999772282317
1248,24960.0,24960.00120000099,0.0701000026310794
1249,24980.0,24980.08710000431,0.07089999417075887
1250,25000.0,25000.00100000034,0.0610999995842576
1251,25020.0,25020.00090000365,0.054799995268695056
1252,25040.0,25040.00079999969,0.04939999780617654
1253,25060.0,25060.000900004525,0.04549999721348286
1254,25080.0,25080.032400001073,0.06600000051548705
1255,25100.0,25100.00079999736,0.04400000034365803
1256,25120.0,25120.000800001435,0.04569999873638153
1257,25140.0,25140.38360000268,0.04949999856762588
1258,25160.0,25160.001100004592,0.04889999399892986
1259,25180.0,25180.000899999868,0.04289999924367294
1260,25200.0,25200.000999997428,0.045400003727991134
1261,25220.0,25220.013300000574,0.04649999755201861
1262,25240.0,25240.063700002793,0.04949999856762588
1263,25260.0,25260.000800000853,0.04859999899053946
1264,25280.0,25280.000899998413,0.0453000029665418
1265,25300.0,25300.001199997496,0.0501000031363219
1266,25320.0,25320.000799998525,0.045900000259280205
1267,25340.0,25340.00090000336,0.04819999594474211
1268,25360.0,25360.000599997875,0.04130000161239877
1269,25380.0,25380.09990000137,0.04829999670619145
1270,25400.0,25400.020799999766,0.05160000000614673
1271,25420.0,25420.108700003766,0.0900999948498793
1272,25440.0,25440.066100003605,0.05059999966761097
1273,25460.0,25460.001999999804,0.08160000288626179
1274,25480.0,25480.00129999855,0.1416000013705343
1275,25500.0,25500.00159999763,0.10490000568097457
1276,25520.0,25520.00090000365,0.057999997807201
1277,25540.0,25540.00100000121,0.0470000013592653
1278,25560.0,25560.001199999533,0.04980000085197389
1279,25580.0,25580.000900001323,0.048800000513438135
1280,25600.0,25600.00079999736,0.04550000448944047
1281,25620.0,25620.000800001435,0.0453000029665418
1282,25640.0,25640.000799998234,0.04760000592796132
1283,25660.0,25660.00100000383,0.047599998652003706
1284,25680.0,25680.000699998345,0.04920000355923548
1285,25700.0,25700.000900003943,0.0478999936603941
1286,25720.0,25720.00090000074,0.04820000322069973
1287,25740.0,25740.00089999754,0.05450000026030466
1288,25760.0,25760.0012000039,0.05089999467600137
1289,25780.0,25780.000600003405,0.03949999518226832
1290,25800.0,25800.000700000965,0.043000000005122274
1291,25820.0,25820.000500003516,0.02989999484270811
1292,25840.0,25840.000600001076,0.037999998312443495
1293,25860.0,25860.000699998636,0.02920000406447798
1294,25880.0,25880.00070000271,0.05579999560723081
1295,25900.0,25900.00069999951,0.034000004234258085
1296,25920.0,25920.000800004345,0.043499996536411345
1297,25940.0,25940.01019999996,0.03970000398112461
1298,25960.0,25960.000600003696,0.040599996282253414
1299,25980.0,25980.000600000494,0.035899996873922646
1300,26000.0,26000.00060000457,0.030999995942693204
1301,26020.0,26020.00080000289,0.03640000068116933
1302,26040.0,26040.000699998927,0.048300003982149065
1303,26060.0,26060.000900004525,0.06049999501556158
1304,26080.0,26080.001399997855,0.0853000019560568
1305,26100.0,26100.0017999977,0.07610000466229394
1306,26120.0,26120.001399998728,0.08019999950192869
1307,26140.0,26140.001100000518,0.05919999966863543
1308,26160.0,26160.01430000324,0.05699999746866524
1309,26180.0,26180.001599997922,0.07060000643832609
1310,26200.0,26200.00080000318,0.03930000093532726
1311,26220.0,26220.00069999922,0.04940000508213416
1312,26240.0,26240.000800004054,0.03619999915827066
1313,26260.0,26260.00070000009,0.03789999755099416
1314,26280.0,26280.000700004166,0.07579999510198832
1315,26300.0,26300.007199999527,0.032800002372823656
1316,26320.0,26320.000699997763,0.03980000474257395
1317,26340.0,26340.000600001076,0.03670000296551734
1318,26360.0,26360.00050000439,0.03699999797390774
1319,26380.0,26380.00070000271,0.047900000936351717
1320,26400.0,26400.00069999951,0.0411000000895001
1321,26420.0,26420.005600004515,0.05079999391455203
1322,26440.0,26440.000800001144,0.042599996959324926
1323,26460.0,26460.000600003696,0.03879999712808058
1324,26480.0,26480.000700001256,0.04069999704370275
1325,26500.0,26500.000899999577,0.06650000432273373
1326,26520.0,26520.00070000213,0.04539999645203352
1327,26540.0,26540.000499997404,0.032500000088475645
1328,26560.0,26560.00060000224,0.037099998735357076
1329,26580.0,26580.020100002002,0.05190000229049474
1330,26600.0,26600.000700003875,0.04049999552080408
1331,26620.0,26620.001000002958,0.0411000000895001
1332,26640.0,26640.000600003987,0.03999999898951501
1333,26660.0,26660.000700001547,0.03860000288113952
1334,26680.0,26680.000599997584,0.036600002204068005
1335,26700.0,26700.000900003943,0.04269999772077426
1336,26720.0,26720.00069999922,0.03840000135824084
1337,26740.0,26740.001099999063,0.04310000076657161
1338,26760.0,26760.021800000686,0.04189999890513718
1339,26780.0,26780.023600003915,0.043000000005122274
1340,26800.0,26800.000700000965,0.037999998312443495
1341,26820.0,26820.000400002755,0.04069999704370275
1342,26840.0,26840.0008000026,0.04169999738223851
1343,26860.0,26860.000699998636,0.041200000850949436
1344,26880.0,26880.07359999756,0.0470000013592653
1345,26900.0,26900.980899998103,0.04230000195093453
1346,26920.0,26920.000600002822,0.04549999721348286
1347,26940.0,26940.00059999962,0.03909999941242859
1348,26960.0,26963.359699999273,0.04949999856762588
1349,26980.0,26980.00100000354,0.04539999645203352
1350,27000.0,27000.000799998816,0.04560000525088981
1351,27020.0,27020.00090000365,0.05679999594576657
1352,27040.0,27040.001499997743,0.07590000313939527
1353,27060.0,27060.000800003763,0.04149999585933983
1354,27080.0,27080.000800000562,0.052299998060334474
1355,27100.0,27100.005000000237,0.04150000313529745
1356,27120.0,27120.000800001435,0.03719999949680641
1357,27140.0,27140.000699997472,0.10550000297371298
1358,27160.0,27160.000700001547,0.03879999712808058
1359,27180.0,27180.000599997584,0.04230000195093453
1360,27200.0,27200.00070000242,0.04239999543642625
1361,27220.0,27220.000599998457,0.04020000051241368
1362,27240.0,27240.00060000253,0.04749999789055437
1363,27260.0,27260.00059999933,0.03850000211969018
1364,27280.0,27280.000899998413,0.043600004573818296
1365,27300.0,27300.000600000203,0.03930000093532726
1366,27320.0,27320.000699997763,0.04050000279676169
1367,27340.0,27340.000700001838,0.040599996282253414
1368,27360.0,27360.00200000126,0.03899999865097925
1369,27380.0,27380.01890000305,0.04239999543642625
1370,27400.0,27400.000499997986,0.03550000110408291
1371,27420.0,27420.000600002822,0.03979999746661633
1372,27440.0,27440.000700000382,0.04030000127386302
1373,27460.0,27460.000600003696,0.04400000034365803
1374,27480.0,27480.000800002017,0.04189999890513718
1375,27500.0,27500.00060000457,0.04149999585933983
1376,27520.0,27520.007999999507,0.038300000596791506
1377,27540.0,27540.00079999969,0.03960000321967527
1378,27560.0,27560.00050000148,0.03930000093532726
1379,27580.0,27580.00059999904,0.04260000423528254
1380,27600.0,27600.000500002352,0.03979999746661633
1381,27620.0,27620.000700000674,0.039200000173877925
1382,27640.0,27640.000600003987,0.03809999907389283
1383,27660.0,27660.003099997994,0.037500001781154424
1384,27680.0,27680.000699998345,0.03970000398112461
1385,27700.0,27700.00060000166,0.04189999890513718
1386,27720.0,27720.000599998457,0.040400002035312355
1387,27740.0,27740.00060000253,0.04149999585933983
1388,27760.0,27760.060799999337,0.048800000513438135
1389,27780.0,27780.000500002643,0.03759999526664615
1390,27800.0,27800.000800001726,0.03740000101970509
1391,27820.0,27820.000600004278,0.03739999374374747
1392,27840.0,27840.000399999553,0.03260000084992498
1393,27860.0,27860.00050000439,0.03279999509686604
1394,27880.0,27880.000500001188,0.03609999839682132
1395,27900.0,27900.00069999951,0.038300000596791506
1396,27920.0,27920.00050000206,0.03599999763537198
1397,27940.0,27940.00059999962,0.03619999915827066
1398,27960.0,27960.01719999913,0.03590000414988026
1399,27980.0,27980.000600000494,0.04020000051241368
1400,28000.0,28000.000500003807,0.036299999919719994
1401,28020.0,28020.000500000606,0.03999999898951501
1402,28040.0,28040.000699998927,0.036299999919719994
1403,28060.0,28060.000700003002,0.03749999450519681
1404,28080.0,28080.000499998278,0.03819999983534217
1405,28100.0,28100.000700003875,0.038300000596791506
1406,28120.0,28120.00160000025,0.042400002712383866
1407,28140.0,28140.000799998234,0.03800000558840111
1408,28160.0,28160.000700001547,0.032199997804127634
1409,28180.0,28180.000699998345,0.03890000516548753
1410,28200.0,28200.00060000166,0.035099998058285564
1411,28220.0,28220.000599998457,0.03930000093532726
1412,28240.0,28240.00050000177,0.03319999814266339
1413,28260.0,28260.00750000094,0.035700002626981586
1414,28280.0,28280.091300002823,0.05029999738326296
1415,28300.0,28300.018800000544,0.041799998143687844
1416,28320.0,28320.000600004278,0.04049999552080408
1417,28340.0,28340.000700001838,0.03850000211969018
1418,28360.0,28360.000599997875,0.04000000626547262
1419,28380.0,28380.00479999755,0.06490000669145957
1420,28400.0,28400.00080000027,0.04400000034365803
1421,28420.0,28420.000600002822,0.04049999552080408
1422,28440.0,28440.000700000382,0.04199999966658652
1423,28460.0,28460.000600003696,0.03819999983534217
1424,28480.0,28480.000700001256,0.03550000110408291
1425,28500.0,28500.00060000457,0.03449999348958954
1426,28520.0,28520.00070000213,0.040599996282253414
1427,28540.0,28540.000699998927,0.03980000474257395
1428,28560.0,28560.00050000148,0.03789999755099416
1429,28580.0,28580.0006999998,0.03809999907389283
1430,28600.0,28600.00079999736,0.04350000381236896
1431,28620.0,28620.000599999912,0.03860000288113952
1432,28640.0,28640.000699997472,0.04020000051241368
1433,28660.0,28660.000700001547,0.03409999771974981
1434,28680.0,28680.000799999107,0.03500000457279384
1435,28700.0,28700.000500000897,0.036299999919719994
1436,28720.0,28720.000599998457,0.03840000135824084
1437,28740.0,28740.000700003293,0.039699996705166996
1438,28760.0,28760.00070000009,0.03809999907389283
1439,28780.0,28780.000600003405,0.0351999988197349
1440,28800.0,28800.000600000203,0.03470000228844583
1441,28820.0,28820.000500003516,0.036299999919719994
1442,28840.0,28840.000700001838,0.04079999780515209
1443,28860.0,28860.00050000439,0.03619999915827066
1444,28880.0,28880.00060000195,0.0368999972124584
1445,28900.0,28900.00069999951,0.03909999941242859
1446,28920.0,28920.000800004345,0.03839999408228323
1447,28940.0,28940.00059999962,0.03809999907389283
1448,28960.0,28960.000600003696,0.03479999577393755
1449,28980.0,28980.000700001256,0.042599996959324926
1450,29000.0,29000.003499997547,0.04090000584255904
1451,29020.0,29020.000399999844,0.038700003642588854
1452,29040.0,29040.008700001636,0.04320000152802095
1453,29060.0,29063.316600004327,0.05959999543847516
1454,29080.0,29080.04140000412,0.034699995012488216
1455,29100.0,29101.01659999782,0.03850000211969018
1456,29120.0,29120.000599999912,0.03899999865097925
1457,29140.0,29140.04769999883,0.04400000034365803
1458,29160.0,29160.000700001547,0.03989999822806567
1459,29180.0,29180.007700000715,0.04020000051241368
1460,29200.0,29200.000400000135,0.041200000850949436
1461,29220.0,29220.00079999998,0.044500004150904715
1462,29240.0,29240.000700003293,0.038499994843732566
1463,29260.0,29260.00059999933,0.03550000110408291
1464,29280.0,29280.000500002643,0.03959999594371766
1465,29300.0,29300.000600000203,0.048000001697801054
1466,29320.0,29320.000699997763,0.038300000596791506
1467,29340.0,29340.000700001838,0.04099999932805076
1468,29360.0,29360.000699998636,0.06299999949987978
1469,29380.0,29380.00060000195,0.04529999569058418
1470,29400.0,29400.00080000027,0.04220000118948519
1471,29420.0,29420.00050000206,0.03489999653538689
1472,29440.0,29440.000700000382,0.03809999907389283
1473,29460.0,29460.000500002934,0.037999998312443495
1474,29480.0,29480.000700001256,0.041799998143687844
1475,29500.0,29500.000799998816,0.03960000321967527
1476,29520.0,29520.000500000606,0.03560000186553225
1477,29540.0,29540.000599998166,0.0394000016967766
1478,29560.0,29560.00099999801,0.0377000033040531
1479,29580.0,29580.045800001244,0.0655999974696897
1480,29600.0,29600.00410000066,0.05280000186758116
1481,29620.0,29620.000599999912,0.03979999746661633
1482,29640.0,29640.047000000777,0.044699998397845775
1483,29660.0,29660.000800002308,0.04159999662078917
1484,29680.0,29680.00590000156,0.04659999831346795
1485,29700.0,29701.792200001364,0.047299996367655694
1486,29720.0,29721.653200002038,0.04569999873638153
1487,29740.0,29740.03200000152,0.0444999968749471
1488,29760.0,29760.00059999933,0.036600002204068005
1489,29780.0,29780.000600003405,0.037699996028095484
1490,29800.0,29800.000700000965,0.040099999750964344
1491,29820.0,29820.000899999286,0.054100004490464926
1492,29840.0,29840.051099999982,0.06130000110715628
1493,29860.0,29860.000799999398,0.05320000491337851
1494,29880.0,29880.029100000684,0.04600000102072954
1495,29900.0,29900.000599998748,0.03480000304989517
1496,29920.0,29920.000800004345,0.03749999450519681
1497,29940.0,29940.000700000382,0.04030000127386302
1498,29960.0,29960.000700004457,0.04039999475935474
1499,29980.0,29980.000600000494,0.043300002289470285
1500,30000.0,30000.000699998054,0.03760000254260376
1501,30020.0,30020.000500000606,0.03149999974993989
1502,30040.0,30040.000599998166,0.0335000004270114
1503,30060.0,30060.00060000224,0.03479999577393755
1504,30080.0,30080.00059999904,0.032800002372823656
1505,30100.0,30100.000500002352,0.034699995012488216
1506,30120.0,30120.000700000674,0.03380000271135941
1507,30140.0,30140.000999999756,0.0377000033040531
1508,30160.0,30160.000700001547,0.03879999712808058
1509,30180.0,30180.024699999194,0.06340000254567713
1510,30200.0,30200.000400000135,0.03499999729683623
1511,30220.0,30220.00069999922,0.038300000596791506
1512,30240.0,30240.000700003293,0.041799998143687844
1513,30260.0,30260.00059999933,0.0718000010238029
1514,30280.0,30280.000700004166,0.03869999636663124
1515,30300.0,30300.000800001726,0.03850000211969018
1516,30320.0,30320.000899999286,0.03550000110408291
1517,30340.0,30340.000700001838,0.03909999941242859
1518,30360.0,30360.00050000439,0.036499994166661054
1519,30380.0,30380.000500001188,0.03619999915827066
1520,30400.0,30400.000599998748,0.03500000457279384
1521,30420.0,30420.00310000003,0.058400000852998346
1522,30440.0,30440.000800001144,0.039699996705166996
1523,30460.0,30460.02109999972,0.04130000161239877
1524,30480.0,30480.000600000494,0.035899996873922646
1525,30500.0,30500.019899998733,0.03420000575715676
1526,30520.0,30520.001400000183,0.0655999974696897
1527,30540.0,30540.000699998927,0.03560000186553225
1528,30560.0,30560.00060000224,0.03819999983534217
1529,30580.0,30580.0006999998,0.04410000110510737
1530,30600.0,30600.000600003114,0.03409999771974981
1531,30620.0,30620.000700000674,0.04720000288216397
1532,30640.0,30640.049200002977,0.04289999924367294
1533,30660.0,30660.000500000024,0.0394000016967766
1534,30680.0,30680.000699998345,0.041600003896746784
1535,30700.0,30700.001500001235,0.057600002037361264
1536,30720.0,30720.00079999998,0.03819999983534217
1537,30740.0,30740.00050000177,0.03899999865097925
1538,30760.0,30760.00059999933,0.03880000440403819
1539,30780.0,30780.002300001797,0.03869999636663124
1540,30800.0,30800.000800001726,0.0368999972124584
1541,30820.0,30820.000600004278,0.039200000173877925
1542,30840.0,30840.000600001076,0.04199999966658652
1543,30860.0,30860.000599997875,0.03529999958118424
1544,30880.0,30880.001199999242,0.05780000356025994
1545,30900.0,30900.000599998748,0.03640000068116933
1546,30920.0,30920.000999998592,0.040700004319660366
1547,30940.0,30940.00059999962,0.04350000381236896
1548,30960.0,30960.000700004457,0.037299992982298136
1549,30980.0,30980.000600000494,0.036299999919719994
1550,31000.0,31000.000699998054,0.03980000474257395
1551,31020.0,31020.000500000606,0.03399999695830047
1552,31040.0,31040.00090000045,0.04050000279676169
1553,31060.0,31060.00060000224,0.03779999678954482
1554,31080.0,31080.000499998278,0.03930000093532726
1555,31100.0,31100.000600003114,0.03809999907389283
1556,31120.0,31120.000700000674,0.039200000173877925
1557,31140.0,31140.000600003987,0.031600000511389226
1558,31160.0,31160.000600000785,0.036600002204068005
1559,31180.0,31180.000699998345,0.038300000596791506
1560,31200.0,31200.00060000166,0.03670000296551734
1561,31220.0,31220.00069999922,0.03410000499570742
1562,31240.0,31240.00060000253,0.03909999941242859
1563,31260.0,31260.00059999933,0.03670000296551734
1564,31280.0,31280.000600003405,0.03749999450519681
1565,31300.0,31300.000700000965,0.04030000127386302
1566,31320.0,31320.000699997763,0.03740000101970509
1567,31340.0,31340.000399999553,0.03470000228844583
1568,31360.0,31360.000599997875,0.03650000144261867
1569,31380.0,31380.005200000596,0.03909999941242859
1570,31400.0,31400.000599998748,0.03460000152699649
1571,31420.0,31420.000600002822,0.03730000025825575
1572,31440.0,31440.00059999962,0.03790000482695177
1573,31460.0,31460.000700004457,0.03979999746661633
1574,31480.0,31480.000600000494,0.03999999898951501
1575,31500.0,31500.025800000003,0.037500001781154424
1576,31520.0,31520.047400001204,0.04159999662078917
1577,31540.0,31540.052199998172,0.053800002206116915
1578,31560.0,31560.00050000148,0.03779999678954482
1579,31580.0,31580.062300003192,0.041799998143687844
1580,31600.0,31600.000500002352,0.03719999949680641
1581,31620.0,31621.646200001123,0.04839999746764079
1582,31640.0,31640.859799997997,0.02970000059576705
1583,31660.0,31660.020800001803,0.03719999949680641
1584,31680.0,31680.000799999107,0.04350000381236896
1585,31700.0,31700.00080000318,0.04919999628327787
1586,31720.0,31720.00069999922,0.03719999949680641
1587,31740.0,31740.00089999754,0.0411000000895001
1588,31760.0,31760.00049999857,0.036100005672778934
1589,31780.0,31780.00079999765,0.03800000558840111
1590,31800.0,31800.000700000965,0.039500002458225936
1591,31820.0,31820.000500003516,0.03909999941242859
1592,31840.0,31840.000600001076,0.04369999805931002
1593,31860.0,31860.000400003628,0.04539999645203352
1594,31880.0,31880.00060000195,0.04459999763639644
1595,31900.0,31900.00069999951,0.042100000428035855
1596,31920.0,31920.000600002822,0.04049999552080408
1597,31940.0,31940.000900001905,0.03979999746661633
1598,31960.0,31960.001600004034,0.06829999620094895
1599,31980.0,31980.000800002017,0.036299999919719994
1600,32000.0,32000.00060000457,0.03809999907389283
1601,32020.0,32020.002600002044,0.040599996282253414
1602,32040.0,32040.000599998166,0.0377000033040531
1603,32060.0,32060.00060000224,0.03869999636663124
1604,32080.0,32080.002200003946,0.0520999965374358
1605,32100.0,32100.000600003114,0.03740000101970509
1606,32120.0,32120.000599999912,0.037800004065502435
1607,32140.0,32140.000799998234,0.043300002289470285
1608,32160.0,32160.000500000024,0.03680000372696668
1609,32180.0,32180.000899999868,0.04170000465819612
1610,32200.0,32200.00060000166,0.039500002458225936
1611,32220.0,32220.00239999761,0.03640000068116933
1612,32240.0,32240.00060000253,0.03659999492811039
1613,32260.0,32260.00070000009,0.038300000596791506
1614,32280.0,32280.028799999855,0.04189999890513718
1615,32300.0,32300.000600000203,0.040700004319660366
1616,32320.0,32320.000600004278,0.03819999983534217
1617,32340.0,32340.000600001076,0.04069999704370275
1618,32360.0,32360.000699998636,0.040099999750964344
1619,32380.0,32380.000800003472,0.04199999966658652
1620,32400.0,32400.001000001794,0.04410000110510737
1621,32420.0,32420.000800004345,0.04879999323748052
1622,32440.0,32440.000700000382,0.03590000414988026
1623,32460.0,32460.000700004457,0.03779999678954482
1624,32480.0,32480.000800002017,0.037099998735357076
1625,32500.0,32500.016400001186,0.03440000000409782
1626,32520.0,32520.000600001367,0.03989999822806567
1627,32540.0,32540.000599998166,0.036299999919719994
1628,32560.0,32560.00060000224,0.031199997465591878
1629,32580.0,32580.00059999904,0.037500001781154424
1630,32600.0,32600.000700003875,0.038300000596791506
1631,32620.0,32620.000800001435,0.03499999729683623
1632,32640.0,32640.000699997472,0.03480000304989517
1633,32660.0,32660.000700001547,0.04269999772077426
1634,32680.0,32680.000599997584,0.03390000347280875
1635,32700.0,32700.000500000897,0.032800002372823656
1636,32720.0,32720.000499997695,0.03190000279573724
1637,32740.0,32740.00050000177,0.03640000068116933
1638,32760.0,32760.00059999933,0.04189999890513718
1639,32780.0,32780.000600003405,0.03440000000409782
1640,32800.0,32800.000800001726,0.03029999788850546
1641,32820.0,32820.00060000428,0.03060000017285347
1642,32840.0,32840.00070000184,0.037999998312443495
1643,32860.0,32860.498399997596,0.04230000195093453
1644,32880.0,32880.04789999832,0.04320000152802095
1645,32900.0,32900.00080000027,0.04050000279676169
1646,32920.0,32920.000800004345,0.03869999636663124
1647,32940.0,32940.000800001144,0.042400002712383866
1648,32960.0,32960.00070000446,0.03659999492811039
1649,32980.0,32980.00100000354,0.039200000173877925
1650,33000.0,33000.000699998054,0.035700002626981586
1651,33020.0,33020.001500000944,0.03779999678954482
1652,33040.0,33040.000499997404,0.03860000288113952
1653,33060.0,33060.001400001056,0.05970000347588211
1654,33080.0,33080.001000002085,0.061899998399894685
1655,33100.0,33100.000700003875,0.046099994506221265
1656,33120.0,33120.00059999991,0.04610000178217888
1657,33140.0,33140.00060000399,0.03929999365936965
1658,33160.0,33160.000600000785,0.03399999695830047
1659,33180.0,33180.0005000041,0.0354999938281253
1660,33200.0,33200.00070000242,0.03619999915827066
1661,33220.0,33220.000499997695,0.03700000524986535
1662,33240.0,33240.00060000253,0.03759999526664615
1663,33260.0,33260.00070000009,0.038700003642588854
1664,33280.0,33280.039500001294,0.040599996282253414
1665,33300.0,33300.0006000002,0.0368999972124584
1666,33320.0,33320.0227999987,0.0394000016967766
1667,33340.0,33340.00039999955,0.03580000338843092
1668,33360.0,33360.000599997875,0.03460000152699649
1669,33380.0,33380.00040000043,0.03930000093532726
1670,33400.0,33400.00069999951,0.03860000288113952
1671,33420.0,33420.000800004345,0.03409999771974981
1672,33440.0,33440.00049999886,0.03680000372696668
1673,33460.0,33460.000500002934,0.036299999919719994
1674,33480.0,33480.000700001256,0.03809999907389283
1675,33500.0,33500.000799998816,0.041200000850949436
1676,33520.0,33520.000399999844,0.034500000765547156
1677,33540.0,33540.000599998166,0.04199999966658652
1678,33560.0,33560.014200003934,0.04959999932907522
1679,33580.0,33580.04190000065,0.05409999721450731
1680,33600.0,33600.001099999645,0.047900000936351717
1681,33620.0,33620.000800001435,0.06969999958528206
1682,33640.0,33640.005799999926,0.051200004236306995
1683,33660.0,33660.00080000231,0.0427999984822236
1684,33680.0,33680.000699998345,0.035400000342633575
1685,33700.0,33700.00109999819,0.04140000237384811
1686,33720.0,33720.0010000015,0.04410000110510737
1687,33740.0,33740.00060000253,0.03779999678954482
1688,33760.0,33760.00059999933,0.04350000381236896
1689,33780.0,33780.00089999841,0.05740000051446259
1690,33800.0,33800.00139999902,0.05830000009154901
1691,33820.0,33820.00140000309,0.06959999882383272
1692,33840.0,33840.005400001246,0.06079999729990959
1693,33860.0,33860.024599998724,0.060800004575867206
1694,33880.0,33880.00080000347,0.07299999560927972
1695,33900.0,33900.00069999951,0.045000000682193786
1696,33920.0,33920.00060000282,0.04130000161239877
1697,33940.0,33940.00159999996,0.06500000017695129
1698,33960.0,33960.00179999828,0.0701000026310794
1699,33980.0,33980.0011000043,0.06469999789260328
1700,34000.0,34000.005599998985,0.06160000339150429
1701,34020.0,34020.00119999866,0.05970000347588211
1702,34040.0,34040.00069999893,0.041200000850949436
1703,34060.0,34060.00109999877,0.05140000575920567
1704,34080.0,34080.0040000031,0.035599994589574635
1705,34100.0,34100.00140000193,0.0594000011915341
1706,34120.0,34120.000800001435,0.04479999915929511
1707,34140.0,34140.00069999747,0.03980000474257395
1708,34160.0,34160.00080000231,0.044200001866556704
1709,34180.0,34180.00079999911,0.04780000017490238
1710,34200.0,34200.00090000394,0.04669999907491729
1711,34220.0,34220.00079999998,0.046799999836366624
1712,34240.0,34240.0009999983,0.0518000015290454
1713,34260.0,34260.001000002376,0.04890000127488747
1714,34280.0,34280.001099999936,0.055500000598840415
1715,34300.0,34300.000700000965,0.047900000936351717
1716,34320.0,34320.00069999776,0.04640000406652689
1717,34340.0,34340.00100000412,0.05339999916031957
1718,34360.0,34360.001300003205,0.05909999890718609
1719,34380.0,34380.000900004234,0.0461999952676706
1720,34400.0,34400.001000001794,0.04900000203633681
1721,34420.0,34420.070599997416,0.044500004150904715
1722,34440.0,34440.000800001144,0.07609999738633633
1723,34460.0,34460.00240000285,0.048800000513438135
1724,34480.0,34480.00080000202,0.04249999619787559
1725,34500.0,34500.000699998054,0.04380000609671697
1726,34520.0,34520.00080000289,0.04859999899053946
1727,34540.0,34540.00100000121,0.040400002035312355
1728,34560.0,34560.00080000376,0.04529999569058418
1729,34580.0,34580.00080000056,0.04459999763639644
1730,34600.0,34600.00099999888,0.044500004150904715
1731,34620.0,34620.000800001435,0.04369999805931002
1732,34640.0,34640.00099999976,0.050000002374872565
1733,34660.0,34660.00080000231,0.04780000017490238
1734,34680.0,34680.02649999835,0.0501000031363219
1735,34700.0,34700.08840000082,0.04730000364361331
1736,34720.0,34720.00090000074,0.04600000102072954
1737,34740.0,34740.02720000135,0.05070000042906031
1738,34760.0,34760.016500003985,0.04949999856762588
1739,34780.0,34780.0012000007,0.048000001697801054
1740,34800.0,34800.000800001726,0.048000001697801054
1741,34820.0,34820.000899999286,0.046200002543628216
1742,34840.0,34840.00090000336,0.04719999560620636
1743,34860.0,34860.000599997875,0.041600003896746784
1744,34880.0,34880.00080000347,0.04189999890513718
1745,34900.0,34900.00080000027,0.04430000262800604
1746,34920.0,34920.00130000088,0.04520000220509246
1747,34940.0,34940.000800001144,0.05160000000614673
1748,34960.0,34960.00079999794,0.04340000305091962
1749,34980.0,34980.00080000202,0.04359999729786068
1750,35000.0,35000.00100000034,0.04640000406652689
1751,35020.0,35020.00090000365,0.04959999932907522
1752,35040.0,35040.00090000045,0.048800000513438135
1753,35060.0,35060.00119999953,0.045900000259280205
1754,35080.0,35080.001000002085,0.0427999984822236
1755,35100.0,35100.00099999888,0.052900002629030496
1756,35120.0,35120.0009000022,0.04459999763639644
1757,35140.0,35140.00099999976,0.055000004067551345
1758,35160.0,35160.00080000231,0.04579999949783087
1759,35180.0,35180.00089999987,0.04310000076657161
1760,35200.0,35200.00090000394,0.04269999772077426
1761,35220.0,35220.00069999922,0.0427999984822236
1762,35240.0,35240.0009999983,0.045700006012339145
1763,35260.0,35260.000900001614,0.04749999789055437
1764,35280.0,35280.00089999841,0.043000000005122274
1765,35300.0,35300.02300000342,0.04839999746764079
1766,35320.0,35320.000799998525,0.04900000203633681
1767,35340.0,35340.00109999761,0.05560000136028975
1768,35360.0,35360.00090000016,0.04839999746764079
1769,35380.0,35380.00080000347,0.04669999907491729
1770,35400.0,35400.00059999875,0.04310000076657161
1771,35420.0,35420.008599998255,0.0518000015290454
1772,35440.0,35440.000800001144,0.04369999805931002
1773,35460.0,35460.00079999794,0.04470000567380339
1774,35480.0,35480.00080000202,0.048800000513438135
1775,35500.0,35500.01660000271,0.04709999484475702
1776,35520.0,35520.00090000365,0.04529999569058418
1777,35540.0,35540.00100000121,0.048800000513438135
1778,35560.0,35560.00080000376,0.04699999408330768
1779,35580.0,35580.022800000734,0.04489999992074445
1780,35600.0,35600.00079999736,0.040400002035312355
1781,35620.0,35620.0009000022,0.043799998820759356
1782,35640.0,35640.00079999823,0.046799999836366624
1783,35660.0,35660.00080000231,0.04479999915929511
1784,35680.0,35680.005499998515,0.052100003813393414
1785,35700.0,35700.00760000403,0.05459999374579638
1786,35720.0,35720.00090000074,0.04440000338945538
1787,35740.0,35740.00089999754,0.049100002797786146
1788,35760.0,35760.00070000009,0.04949999856762588
1789,35780.0,35780.02600000036,0.07980000373208895
1790,35800.0,35800.000800001726,0.04649999755201861
1791,35820.0,35820.000899999286,0.04940000508213416
1792,35840.0,35840.00070000184,0.047900000936351717
1793,35860.0,35860.00700000295,0.04990000161342323
1794,35880.0,35880.000900004234,0.03719999949680641
1795,35900.0,35900.00090000103,0.04060000355821103
1796,35920.0,35920.00089999783,0.042800005758181214
1797,35940.0,35940.02000000182,0.04050000279676169
1798,35960.0,35960.00079999794,0.048000001697801054
1799,35980.0,35980.0011000043,0.042599996959324926
1800,36000.0,36000.0011000011,0.04769999941345304
1801,36020.0,36020.00100000441,0.05459999374579638
1802,36040.0,36040.00090000045,0.0470000013592653
1803,36060.0,36060.000700003,0.04049999552080408
1804,36080.0,36080.01520000107,0.04400000034365803
1805,36100.0,36100.00079999736,0.037800004065502435
1806,36120.0,36120.00070000067,0.041799998143687844
1807,36140.0,36140.00099999976,0.038300000596791506
1808,36160.0,36160.00070000155,0.04369999805931002
1809,36180.0,36180.00100000063,0.05070000042906031
1810,36200.0,36200.00090000394,0.04780000017490238
1811,36220.0,36220.0010000015,0.04220000118948519
1812,36240.0,36240.00089999754,0.03700000524986535
1813,36260.0,36260.00080000085,0.03879999712808058
1814,36280.0,36280.00160000374,0.042100000428035855
1815,36300.0,36300.000800001726,0.04320000152802095
1816,36320.0,36320.000799998525,0.04460000491235405
1817,36340.0,36340.00090000336,0.045599997974932194
1818,36360.0,36360.0007999994,0.044200001866556704
1819,36380.0,36380.00080000347,0.04389999958220869
1820,36400.0,36400.00080000027,0.04669999907491729
1821,36420.0,36420.000800004345,0.04429999535204843
1822,36440.0,36440.00100000267,0.049299997044727206
1823,36460.0,36460.00120000099,0.050499998906161636
1824,36480.0,36480.00100000354,0.05789999704575166
1825,36500.0,36500.00130000262,0.06199999916134402
1826,36520.0,36520.00190000399,0.07049999840091914
1827,36540.0,36540.001599998504,0.08030000026337802
1828,36560.0,36560.00189999759,0.09580000187270343
1829,36580.0,36580.08040000277,0.07699999696342275
1830,36600.0,36600.001200000406,0.05709999823011458
1831,36620.0,36620.00100000296,0.04990000161342323
1832,36640.0,36640.026100001705,0.057600002037361264
1833,36660.0,36660.00110000459,0.05559999408433214
1834,36680.0,36680.00089999987,0.04949999856762588
1835,36700.0,36700.02430000022,0.04649999755201861
1836,36720.0,36720.0010000015,0.04690000059781596
1837,36740.0,36740.000800004054,0.046399996790569276
1838,36760.0,36760.00110000314,0.0537999949301593
1839,36780.0,36780.00160000374,0.0670000008540228
1840,36800.0,36800.00139999902,0.0743000055081211
1841,36820.0,36820.001500003855,0.06209999992279336
1842,36840.0,36840.001600001415,0.07760000153211877
1843,36860.0,36860.019400002784,0.08600000001024455
1844,36880.0,36880.020700002206,0.0777000022935681
1845,36900.0,36900.001000001794,0.05489999603014439
1846,36920.0,36920.02450000291,0.0461999952676706
1847,36940.0,36940.000800001144,0.04189999890513718
1848,36960.0,36960.000600003696,0.0444999968749471
1849,36980.0,36980.006600002525,0.04780000017490238
1850,37000.0,37000.00060000457,0.038899997889529914
1851,37020.0,37020.000500000606,0.037500001781154424
1852,37040.0,37040.00069999893,0.04230000195093453
1853,37060.0,37060.00080000376,0.040599996282253414
1854,37080.0,37080.00090000132,0.043799998820759356
1855,37100.0,37100.000700003875,0.035899996873922646
1856,37120.0,37120.00059999991,0.03819999983534217
1857,37140.0,37140.00069999747,0.04060000355821103
1858,37160.0,37160.00080000231,0.04079999780515209
1859,37180.0,37180.0005000041,0.04119999357499182
1860,37200.0,37200.00080000318,0.04189999890513718
1861,37220.0,37220.00090000074,0.04900000203633681
1862,37240.0,37240.0009999983,0.04900000203633681
1863,37260.0,37260.00110000314,0.04819999594474211
1864,37280.0,37280.00089999841,0.050000002374872565
1865,37300.0,37300.000800001726,0.04479999915929511
1866,37320.0,37320.00060000428,0.03749999450519681
1867,37340.0,37340.0008000026,0.04320000152802095
1868,37360.0,37360.000599997875,0.033200005418621004
1869,37380.0,37380.00080000347,0.04129999433644116
1870,37400.0,37400.00059999875,0.04180000541964546
1871,37420.0,37420.00050000206,0.0368999972124584
1872,37440.0,37440.00049999886,0.03800000558840111
1873,37460.0,37460.000500002934,0.038499994843732566
1874,37480.0,37480.00080000202,0.042100000428035855
1875,37500.0,37500.000699998054,0.04150000313529745
1876,37520.0,37520.000500000606,0.03989999822806567
1877,37540.0,37540.000599998166,0.041200000850949436
1878,37560.0,37560.000700003,0.04149999585933983
1879,37580.0,37580.02780000243,0.06339999526971951
1880,37600.0,37600.000700003875,0.043799998820759356
1881,37620.0,37620.00070000067,0.03899999865097925
1882,37640.0,37640.000500003225,0.03930000093532726
1883,37660.0,37660.00070000155,0.03809999907389283
1884,37680.0,37680.0005000041,0.037699996028095484
1885,37700.0,37700.00080000318,0.03909999941242859
1886,37720.0,37720.00069999922,0.04510000144364312
1887,37740.0,37740.00109999906,0.04260000423528254
1888,37760.0,37760.00070000009,0.04169999738223851
1889,37780.0,37780.000700004166,0.040899998566601425
1890,37800.0,37800.0006000002,0.03819999983534217
1891,37820.0,37820.00060000428,0.04079999780515209
1892,37840.0,37840.00039999955,0.039200000173877925
1893,37860.0,37860.000699998636,0.03480000304989517
1894,37880.0,37880.00430000102,0.0320999970426783
1895,37900.0,37900.00059999875,0.03700000524986535
1896,37920.0,37920.000700003584,0.03599999763537198
1897,37940.0,37940.000800001144,0.03609999839682132
1898,37960.0,37960.00079999794,0.036100005672778934
1899,37980.0,37980.000600000494,0.03409999771974981
1900,38000.0,38000.00060000457,0.0337999954354018
1901,38020.0,38020.030899999256,0.034199998481199145
1902,38040.0,38040.000499997404,0.03620000643422827
1903,38060.0,38060.00060000224,0.032999996619764715
1904,38080.0,38080.00080000056,0.037999998312443495
1905,38100.0,38100.00060000311,0.03669999568955973
1906,38120.0,38120.00070000067,0.03740000101970509
1907,38140.0,38140.00069999747,0.039200000173877925
1908,38160.0,38160.000600000785,0.03960000321967527
1909,38180.0,38180.000599997584,0.038700003642588854
1910,38200.0,38200.00060000166,0.035899996873922646
1911,38220.0,38220.00059999846,0.0425000034738332
1912,38240.0,38240.00050000177,0.03229999856557697
1913,38260.0,38260.00070000009,0.0318000020342879
1914,38280.0,38280.00050000264,0.03659999492811039
1915,38300.0,38300.000700000965,0.03860000288113952
1916,38320.0,38320.00069999776,0.036600002204068005
1917,38340.0,38340.00070000184,0.03850000211969018
1918,38360.0,38360.000599997875,0.03730000025825575
1919,38380.0,38380.00050000119,0.038300000596791506
1920,38400.0,38400.00069999951,0.037099998735357076
1921,38420.0,38420.00060000282,0.037699996028095484
1922,38440.0,38440.00059999962,0.03880000440403819
1923,38460.0,38460.00070000446,0.04099999932805076
1924,38480.0,38480.000700001256,0.039699996705166996
1925,38500.0,38500.00060000457,0.039399994420818985
1926,38520.0,38520.000399999844,0.03860000288113952
1927,38540.0,38540.000599998166,0.040400002035312355
1928,38560.0,38560.00150000182,0.0427999984822236
1929,38580.0,38580.0006999998,0.037800004065502435
1930,38600.0,38600.00060000311,0.03550000110408291
1931,38620.0,38620.00059999991,0.036600002204068005
1932,38640.0,38640.01210000424,0.043499996536411345
1933,38660.0,38660.00090000307,0.04079999780515209
1934,38680.0,38680.000699998345,0.040700004319660366
1935,38700.0,38700.00080000318,0.03989999822806567
1936,38720.0,38720.00069999922,0.0360000049113296
1937,38740.0,38740.00050000177,0.03779999678954482
1938,38760.0,38760.00059999933,0.035099998058285564
1939,38780.0,38780.00089999841,0.047100002120714635
1940,38800.0,38800.00049999944,0.03730000025825575
1941,38820.0,38820.00060000428,0.037999998312443495
1942,38840.0,38840.0135999982,0.04060000355821103
1943,38860.0,38860.000599997875,0.03360000118846074
1944,38880.0,38880.05770000018,0.040099999750964344
1945,38900.0,38900.00069999951,0.043300002289470285
1946,38920.0,38920.000700003584,0.037099998735357076
1947,38940.0,38940.00059999962,0.03500000457279384
1948,38960.0,38960.000600003696,0.03499999729683623
1949,38980.0,38980.000700001256,0.037999998312443495
1950,39000.0,39000.00060000457,0.04249999619787559
1951,39020.0,39020.00080000289,0.038499994843732566
1952,39040.0,39040.00339999766,0.053499999921768904
1953,39060.0,39060.003999999026,0.04430000262800604
1954,39080.0,39080.00049999828,0.046200002543628216
1955,39100.0,39100.00050000235,0.042599996959324926
1956,39120.0,39120.000800001435,0.04099999932805076
1957,39140.0,39140.00069999747,0.03840000135824084
1958,39160.0,39160.00070000155,0.037500001781154424
1959,39180.0,39180.005000001984,0.0444999968749471
1960,39200.0,39200.000400000135,0.03850000211969018
1961,39220.0,39220.00069999922,0.037800004065502435
1962,39240.0,39240.000800004054,0.03989999822806567
1963,39260.0,39260.000900001614,0.043000000005122274
1964,39280.0,39280.00890000112,0.04769999941345304
1965,39300.0,39300.000700000965,0.0411000000895001
1966,39320.0,39320.001899999625,0.04189999890513718
1967,39340.0,39340.000500000315,0.04269999772077426
1968,39360.0,39360.03830000118,0.03930000093532726
1969,39380.0,39380.01929999882,0.05080000119050965
1970,39400.0,39400.00069999951,0.04579999949783087
1971,39420.0,39420.00060000282,0.034199998481199145
1972,39440.0,39440.00070000038,0.03840000135824084
1973,39460.0,39460.00240000285,0.052600000344682485
1974,39480.0,39480.000700001256,0.03529999958118424
1975,39500.0,39500.000699998054,0.039500002458225936
1976,39520.0,39520.000500000606,0.0377000033040531
1977,39540.0,39540.01180000341,0.04079999780515209
1978,39560.0,39560.00800000038,0.03850000211969018
1979,39580.0,39580.00059999904,0.04140000237384811
1980,39600.0,39600.00040000159,0.038300000596791506
1981,39620.0,39620.00049999915,0.03890000516548753
1982,39640.0,39640.00079999823,0.038700003642588854
1983,39660.0,39660.000500000024,0.04289999924367294
1984,39680.0,39680.024300003424,0.04189999890513718
1985,39700.0,39700.00060000166,0.04020000051241368
1986,39720.0,39720.0090999977,0.039000005926936865
1987,39740.0,39740.00070000329,0.03819999983534217
1988,39760.0,39760.00180000119,0.040400002035312355
1989,39780.0,39780.00050000264,0.0385999956051819
1990,39800.0,39800.000800001726,0.03819999983534217
1991,39820.0,39820.00060000428,0.03879999712808058
1992,39840.0,39840.03040000243,0.04230000195093453
1993,39860.0,39860.052399999404,0.06660000508418307
1994,39880.0,39880.00060000195,0.03840000135824084
1995,39900.0,39900.00059999875,0.036900004488416016
1996,39920.0,39920.00050000206,0.03409999771974981
1997,39940.0,39940.00070000038,0.03270000161137432
1998,39960.0,39960.000600003696,0.03659999492811039
1999,39980.0,39980.01490000024,0.094600000011269
2000,40000.0,40000.000699998054,0.03740000101970509
2001,40020.0,40020.00060000137,0.03869999636663124
2002,40040.0,40040.00079999969,0.03989999822806567
2003,40060.0,40060.00060000224,0.03599999763537198
2004,40080.0,40080.039500004204,0.04079999780515209
2005,40100.0,40100.00060000311,0.03899999865097925
2006,40120.0,40120.00070000067,0.03619999915827066
2007,40140.0,40140.000500003225,0.037699996028095484
2008,40160.0,40160.00070000155,0.03409999771974981
2009,40180.0,40180.000599997584,0.03880000440403819
2010,40200.0,40200.000400000135,0.03699999797390774
2011,40220.0,40220.02030000294,0.03740000101970509
2012,40240.0,40240.00050000177,0.03429999924264848
2013,40260.0,40260.00059999933,0.03840000135824084
2014,40280.0,40280.000700004166,0.0402999939979054
2015,40300.0,40300.0006000002,0.03699999797390774
2016,40320.0,40320.000500003516,0.036299999919719994
2017,40340.0,40340.00039999955,0.034199998481199145
2018,40360.0,40360.00050000439,0.036799996451009065
2019,40380.0,40380.07690000086,0.03599999763537198
2020,40400.0,40400.00069999951,0.036900004488416016
2021,40420.0,40420.00060000282,0.035899996873922646
2022,40440.0,40440.00059999962,0.036600002204068005
2023,40460.0,40460.00289999938,0.039200000173877925
2024,40480.0,40480.000700001256,0.038899997889529914
2025,40500.0,40500.00060000457,0.03739999374374747
2026,40520.0,40520.00100000441,0.056400000175926834
2027,40540.0,40540.00079999969,0.0425000034738332
2028,40560.0,40560.00060000224,0.04020000051241368
2029,40580.0,40580.00059999904,0.042100000428035855
2030,40600.0,40600.000700003875,0.04169999738223851
2031,40620.0,40620.000800001435,0.04030000127386302
2032,40640.0,40640.00069999747,0.03840000135824084
2033,40660.0,40660.000600000785,0.036299999919719994
2034,40680.0,40680.000599997584,0.04180000541964546
2035,40700.0,40700.00080000318,0.038300000596791506
2036,40720.0,40720.0146000032,0.03999999898951501
2037,40740.0,40740.00170000363,0.03949999518226832
2038,40760.0,40760.00070000009,0.037800004065502435
2039,40780.0,40780.000600003405,0.04769999941345304
2040,40800.0,40800.0006000002,0.03979999746661633
2041,40820.0,40820.000500003516,0.03749999450519681
2042,40840.0,40840.000500000315,0.039200000173877925
2043,40860.0,40860.00090000016,0.0394000016967766
2044,40880.0,40880.006200000935,0.0368999972124584
2045,40900.0,40900.00069999951,0.03980000474257395
2046,40920.0,40920.000800004345,0.03659999492811039
2047,40940.0,40940.00070000038,0.03760000254260376
2048,40960.0,40960.00079999794,0.03380000271135941
2049,40980.0,40980.01600000134,0.06430000212276354
2050,41000.0,41000.00060000457,0.037099998735357076
2051,41020.0,41020.000500000606,0.03470000228844583
2052,41040.0,41040.000599998166,0.03410000499570742
2053,41060.0,41060.000700003,0.0351999988197349
2054,41080.0,41080.0006999998,0.038700003642588854
2055,41100.0,41100.00050000235,0.033899996196851134
2056,41120.0,41120.00059999991,0.035400000342633575
2057,41140.0,41140.000500003225,0.03809999907389283
2058,41160.0,41160.00070000155,0.037699996028095484
2059,41180.0,41180.00079999911,0.04150000313529745
2060,41200.0,41200.00109999819,0.04050000279676169
2061,41220.0,41220.047599999816,0.04020000051241368
2062,41240.0,41240.00070000329,0.04049999552080408
2063,41260.0,41260.03099999798,0.038700003642588854
2064,41280.0,41280.00050000264,0.04269999772077426
2065,41300.0,41300.000800001726,0.03860000288113952
2066,41320.0,41320.00060000428,0.03659999492811039
2067,41340.0,41340.00090000336,0.036799996451009065
2068,41360.0,41360.000599997875,0.05360000068321824
2069,41380.0,41380.00060000195,0.04400000034365803
2070,41400.0,41400.151100002404,0.041200000850949436
2071,41420.0,41420.00060000282,0.037999998312443495
2072,41440.0,41440.000900001905,0.04389999958220869
2073,41460.0,41460.000500002934,0.039200000173877925
2074,41480.0,41480.000600000494,0.03609999839682132
2075,41500.0,41500.00060000457,0.039399994420818985
2076,41520.0,41520.000500000606,0.037500001781154424
2077,41540.0,41540.000599998166,0.03909999941242859
2078,41560.0,41560.000700003,0.045199994929134846
2079,41580.0,41580.0006999998,0.03880000440403819
2080,41600.0,41600.000700003875,0.038499994843732566
2081,41620.0,41620.00059999991,0.037099998735357076
2082,41640.0,41640.000500003225,0.043799998820759356
2083,41660.0,41660.004299999855,0.045400003727991134
2084,41680.0,41680.00480000046,0.04169999738223851
2085,41700.0,41700.00070000242,0.04249999619787559
2086,41720.0,41720.000499997695,0.037800004065502435
2087,41740.0,41740.00070000329,0.03640000068116933
2088,41760.0,41760.00049999857,0.03680000372696668
2089,41780.0,41780.017700002645,0.04030000127386302
2090,41800.0,41800.00049999944,0.035099998058285564
2091,41820.0,41820.00060000428,0.035400000342633575
2092,41840.0,41840.000600001076,0.03879999712808058
2093,41860.0,41860.00090000016,0.035400000342633575
2094,41880.0,41880.00050000119,0.04269999772077426
2095,41900.0,41900.00069999951,0.043300002289470285
2096,41920.0,41920.00689999986,0.03960000321967527
2097,41940.0,41940.03890000022,0.03930000093532726
2098,41960.0,41960.01149999938,0.053499999921768904
2099,41980.0,41980.0041999988,0.043000000005122274
2100,42000.0,42000.00060000457,0.036799996451009065
2101,42020.0,42020.00080000289,0.03989999822806567
2102,42040.0,42040.000499997404,0.03700000524986535
2103,42060.0,42060.000700003,0.04859999899053946
2104,42080.0,42080.0104000009,0.040899998566601425
2105,42100.0,42104.93080000015,0.043300002289470285
2106,42120.0,42121.59029999748,0.04050000279676169
2107,42140.0,42140.272199998435,0.0377000033040531
2108,42160.0,42160.10140000435,0.03779999678954482
2109,42180.0,42180.041400002665,0.041200000850949436
2110,42200.0,42200.000400000135,0.03650000144261867
2111,42220.0,42220.00169999956,0.05870000313734636
2112,42240.0,42240.001300000586,0.055500000598840415
2113,42260.0,42260.00059999933,0.039200000173877925
2114,42280.0,42280.000700004166,0.03959999594371766
2115,42300.0,42300.00100000325,0.03930000093532726
2116,42320.0,42320.00069999776,0.03740000101970509
2117,42340.0,42340.000500000315,0.037800004065502435
2118,42360.0,42360.00050000439,0.0402999939979054
2119,42380.0,42380.00070000271,0.0427999984822236
2120,42400.0,42400.00049999799,0.03719999949680641
2121,42420.0,42420.055599999614,0.037099998735357076
2122,42440.0,42440.000900001905,0.0427999984822236
2123,42460.0,42460.00070000446,0.035899996873922646
2124,42480.0,42480.0447000016,0.05539999983739108
2125,42500.0,42500.000799998816,0.03899999865097925
2126,42520.0,42520.00060000137,0.04130000161239877
2127,42540.0,42540.00079999969,0.042400002712383866
2128,42560.0,42560.00080000376,0.040899998566601425
2129,42580.0,42580.001000002085,0.04030000127386302
2130,42600.0,42600.000700003875,0.03699999797390774
2131,42620.0,42620.000800001435,0.03309999738121405
2132,42640.0,42640.000899998995,0.03800000558840111
2133,42660.0,42660.000600000785,0.034900003811344504
2134,42680.0,42680.00110000139,0.060200000007171184
2135,42700.0,42700.00060000166,0.032999996619764715
2136,42720.0,42720.000499997695,0.027400004910305142
2137,42740.0,42740.00089999754,0.04000000626547262
2138,42760.0,42760.001000002376,0.046399996790569276
2139,42780.0,42780.000999999174,0.04659999831346795
2140,42800.0,42800.04600000393,0.04269999772077426
2141,42820.0,42820.00060000428,0.038499994843732566
2142,42840.0,42840.00100000412,0.04739999712910503
2143,42860.0,42860.00100000092,0.04310000076657161
2144,42880.0,42880.035499998485,0.04850000550504774
2145,42900.0,42900.0090000045,0.04999999509891495
2146,42920.0,42920.00060000282,0.039200000173877925
2147,42940.0,42940.01550000394,0.043499996536411345
2148,42960.0,42960.000899998704,0.04230000195093453
2149,42980.0,42980.00080000202,0.044200001866556704
2150,43000.0,43000.00089999958,0.04260000423528254
2151,43020.0,43020.0010999979,0.043300002289470285
2152,43040.0,43040.00100000121,0.04549999721348286
2153,43060.0,43060.00080000376,0.04659999831346795
2154,43080.0,43080.001100002846,0.056400000175926834
2155,43100.0,43100.00640000362,0.0790999984019436
2156,43120.0,43120.001299997966,0.05810000584460795
2157,43140.0,43140.000899998995,0.06540000322274864
2158,43160.0,43160.00090000307,0.04829999670619145
2159,43180.0,43180.00570000004,0.047400004405062646
2160,43200.0,43200.00070000242,0.04529999569058418
2161,43220.0,43220.00069999922,0.04440000338945538
2162,43240.0,43240.000800004054,0.0478999936603941
2163,43260.0,43260.00070000009,0.04199999966658652
2164,43280.0,43280.00089999841,0.04289999924367294
2165,43300.0,43300.01009999978,0.047900000936351717
2166,43320.0,43320.00069999776,0.053300005674827844
2167,43340.0,43340.00070000184,0.051700000767596066
2168,43360.0,43360.00090000016,0.036299999919719994
2169,43380.0,43380.00099999772,0.04960000660503283
2170,43400.0,43400.00080000027,0.047599998652003706
2171,43420.0,43420.000800004345,0.04749999789055437
2172,43440.0,43440.000900001905,0.04690000059781596
2173,43460.0,43460.00120000099,0.04749999789055437
2174,43480.0,43480.00080000202,0.04810000245925039
2175,43500.0,43500.0011000011,0.04720000288216397
2176,43520.0,43520.00080000289,0.041399995097890496
2177,43540.0,43540.00079999969,0.048800000513438135
2178,43560.0,43560.000900004525,0.042299994674976915
2179,43580.0,43580.04710000387,0.05759999476140365
2180,43600.0,43605.04570000194,0.12540000170702115
2181,43620.0,43621.61130000459,0.05059999966761097
2182,43640.0,43640.598600002704,0.043499996536411345
2183,43660.0,43660.383100002946,0.04819999594474211
2184,43680.0,43680.00120000215,0.05059999966761097
2185,43700.0,43700.00209999853,0.12509999942267314
2186,43720.0,43720.002300004126,0.10359999578213319
2187,43740.0,43740.00189999788,0.09750000026542693
2188,43760.0,43760.0012000039,0.0655999974696897
2189,43780.0,43780.00079999765,0.04440000338945538
2190,43800.0,43800.00090000249,0.049700000090524554
2191,43820.0,43820.000500003516,0.035599994589574635
2192,43840.0,43840.0008000026,0.0520999965374358
2193,43860.0,43860.00050000439,0.044399996113497764
2194,43880.0,43880.000900004234,0.052799994591623545
2195,43900.0,43900.001000001794,0.04739999712910503
2196,43920.0,43920.000700003584,0.045000000682193786
2197,43940.0,43940.000800001144,0.04919999628327787
2198,43960.0,43960.00079999794,0.04579999949783087
2199,43980.0,43980.05589999957,0.06160000339150429
2200,44000.0,44000.01870000415,0.05199999577598646
2201,44020.0,44020.0010999979,0.048600006266497076
2202,44040.0,44040.00100000121,0.050000002374872565
2203,44060.0,44060.12020000344,0.053499999921768904
2204,44080.0,44080.00080000056,0.04400000034365803
2205,44100.0,44100.00089999812,0.03840000135824084
2206,44120.0,44120.0009000022,0.03930000093532726
2207,44140.0,44140.00069999747,0.04270000499673188
2208,44160.0,44160.00080000231,0.035400000342633575
2209,44180.0,44180.00089999987,0.048300003982149065
2210,44200.0,44200.00129999971,0.06009999924572185
2211,44220.0,44220.00079999998,0.04430000262800604
2212,44240.0,44240.0009999983,0.05680000322172418
2213,44260.0,44260.0012000039,0.046799999836366624
2214,44280.0,44280.001099999936,0.05200000305194408
2215,44300.0,44300.000700000965,0.04230000195093453
2216,44320.0,44320.000799998525,0.052600000344682485
2217,44340.0,44340.00070000184,0.05190000229049474
2218,44360.0,44360.00110000168,0.06059999577701092
2219,44380.0,44380.00959999772,0.04350000381236896
2220,44400.0,44400.001000001794,0.05480000254465267
2221,44420.0,44420.00089999783,0.04260000423528254
2222,44440.0,44440.00070000038,0.042100000428035855
2223,44460.0,44460.00070000446,0.04419999459059909
2224,44480.0,44480.00090000278,0.03840000135824084
2225,44500.0,44500.000799998816,0.053499999921768904
2226,44520.0,44520.00060000137,0.039200000173877925
2227,44540.0,44540.01170000265,0.04369999805931002
2228,44560.0,44560.00080000376,0.041799998143687844
2229,44580.0,44580.001000002085,0.04600000102072954
2230,44600.0,44600.00099999888,0.04479999915929511
2231,44620.0,44620.00100000296,0.043799998820759356
2232,44640.0,44640.00060000399,0.04189999890513718
2233,44660.0,44660.00070000155,0.04610000178217888
2234,44680.0,44680.00089999987,0.04690000059781596
2235,44700.0,44700.03849999921,0.04990000161342323
2236,44720.0,44720.00069999922,0.0453000029665418
2237,44740.0,44740.01800000406,0.05249999958323315
2238,44760.0,44760.000900001614,0.051399998483248055
2239,44780.0,44780.00089999841,0.045700006012339145
2240,44800.0,44800.00250000012,0.052100003813393414
2241,44820.0,44820.000899999286,0.0484000047435984
2242,44840.0,44840.00090000336,0.04949999856762588
2243,44860.0,44860.00120000244,0.04900000203633681
2244,44880.0,44880.01240000449,0.04629999602911994
2245,44900.0,44900.0343000007,0.04579999949783087
2246,44920.0,44920.00610000105,0.047900000936351717
2247,44940.0,44940.000900001905,0.04900000203633681
2248,44960.0,44960.00070000446,0.03599999763537198
2249,44980.0,44980.00080000202,0.03999999898951501
2250,45000.0,45000.00060000457,0.03719999949680641
2251,45020.0,45020.00060000137,0.0351999988197349
2252,45040.0,45040.00079999969,0.04079999780515209
2253,45060.0,45060.00080000376,0.03819999983534217
2254,45080.0,45080.00049999828,0.04030000127386302
2255,45100.0,45100.00089999812,0.03930000093532726
2256,45120.0,45120.00059999991,0.03590000414988026
2257,45140.0,45140.00060000399,0.0402999939979054
2258,45160.0,45160.00090000307,0.04719999560620636
2259,45180.0,45180.000699998345,0.03860000288113952
2260,45200.0,45200.00060000166,0.037999998312443495
2261,45220.0,45220.00069999922,0.04140000237384811
2262,45240.0,45240.00050000177,0.036799996451009065
2263,45260.0,45260.02090000111,0.03760000254260376
2264,45280.0,45280.000600003405,0.0444999968749471
2265,45300.0,45300.000700000965,0.03879999712808058
2266,45320.0,45320.000899999286,0.03960000321967527
2267,45340.0,45340.0008000026,0.04220000118948519
2268,45360.0,45360.0007999994,0.03930000093532726
2269,45380.0,45380.00060000195,0.04310000076657161
2270,45400.0,45400.00059999875,0.04130000161239877
2271,45420.0,45420.000700003584,0.03740000101970509
2272,45440.0,45440.00059999962,0.04050000279676169
2273,45460.0,45460.000600003696,0.04069999704370275
2274,45480.0,45480.00499999762,0.04340000305091962
2275,45500.0,45500.000799998816,0.04410000110510737
2276,45520.0,45520.00070000213,0.04159999662078917
2277,45540.0,45540.000499997404,0.03470000228844583
2278,45560.0,45560.000700003,0.03289999585831538
2279,45580.0,45580.00529999845,0.041600003896746784
2280,45600.0,45600.000700003875,0.03499999729683623
2281,45620.0,45620.00059999991,0.038899997889529914
2282,45640.0,45640.00060000399,0.04069999704370275
2283,45660.0,45660.00070000155,0.04050000279676169
2284,45680.0,45680.000599997584,0.0411000000895001
2285,45700.0,45700.0005000009,0.039500002458225936
2286,45720.0,45720.00069999922,0.040700004319660366
2287,45740.0,45740.000800004054,0.04239999543642625
2288,45760.0,45760.000900001614,0.03959999594371766
2289,45780.0,45780.000700004166,0.045199994929134846
2290,45800.0,45800.000800001726,0.03850000211969018
2291,45820.0,45820.000500003516,0.03909999941242859
2292,45840.0,45840.00070000184,0.04020000051241368
2293,45860.0,45860.00050000439,0.03789999755099416
2294,45880.0,45880.00070000271,0.045199994929134846
2295,45900.0,45900.00069999951,0.03960000321967527
2296,45920.0,45920.000700003584,0.03579999611247331
2297,45940.0,45940.00070000038,0.0394000016967766
2298,45960.0,45960.000500002934,0.03429999924264848
2299,45980.0,45980.00200000388,0.04719999560620636
2300,46000.0,46000.00060000457,0.037699996028095484
2301,46020.0,46020.00070000213,0.045000000682193786
2302,46040.0,46040.00069999893,0.036299999919719994
2303,46060.0,46060.00050000148,0.03650000144261867
2304,46080.0,46080.021800000395,0.04440000338945538
2305,46100.0,46100.00089999812,0.03339999966556206
2306,46120.0,46120.00070000067,0.0335000004270114
2307,46140.0,46140.00060000399,0.03869999636663124
2308,46160.0,46160.000600000785,0.034900003811344504
2309,46180.0,46180.00420000317,0.03619999915827066
2310,46200.0,46200.0005000009,0.03730000025825575
2311,46220.0,46220.00069999922,0.034900003811344504
2312,46240.0,46240.000800004054,0.036499994166661054
2313,46260.0,46260.00039999781,0.032800002372823656
2314,46280.0,46280.059900003835,0.035099998058285564
2315,46300.0,46300.02760000207,0.039200000173877925
2316,46320.0,46320.000799998525,0.038700003642588854
2317,46340.0,46340.000600001076,0.039699996705166996
2318,46360.0,46360.000599997875,0.03480000304989517
2319,46380.0,46380.00070000271,0.03560000186553225
2320,46400.0,46400.00069999951,0.0408000050811097
2321,46420.0,46420.000800004345,0.0354999938281253
2322,46440.0,46440.001900002244,0.03399999695830047
2323,46460.0,46460.01100000285,0.035599994589574635
2324,46480.0,46480.03179999796,0.062000006437301636
2325,46500.0,46500.00089999958,0.035700002626981586
2326,46520.0,46520.00060000137,0.03719999949680641
2327,46540.0,46540.000599998166,0.03480000304989517
2328,46560.0,46560.00060000224,0.03489999653538689
2329,46580.0,46580.00539999921,0.03899999865097925
2330,46600.0,46600.00130000117,0.04459999763639644
2331,46620.0,46620.00059999991,0.03560000186553225
2332,46640.0,46640.00069999747,0.0408000050811097
2333,46660.0,46660.000600000785,0.03960000321967527
2334,46680.0,46680.0207999986,0.051200004236306995
2335,46700.0,46700.00070000242,0.04339999577496201
2336,46720.0,46720.00069999922,0.039200000173877925
2337,46740.0,46740.000800004054,0.04269999772077426
2338,46760.0,46760.00080000085,0.04780000017490238
2339,46780.0,46780.010599999514,0.039500002458225936
2340,46800.0,46800.000700000965,0.03619999915827066
2341,46820.0,46820.000500003516,0.03319999814266339
2342,46840.0,46840.00299999752,0.04090000584255904
2343,46860.0,46860.00100000092,0.042100000428035855
2344,46880.0,46880.00150000153,0.03879999712808058
2345,46900.0,46900.07209999749,0.0698000003467314
2346,46920.0,46920.00250000274,0.07809999806340784
2347,46940.0,46940.00550000055,0.07929999992484227
2348,46960.0,46960.00140000251,0.08330000127898529
2349,46980.0,46980.00119999779,0.06290000601438805
2350,47000.0,47000.00130000262,0.08439999510301277
2351,47020.0,47020.001500000944,0.06589999975403771
2352,47040.0,47040.00069999893,0.04520000220509246
2353,47060.0,47060.00080000376,0.056400000175926834
2354,47080.0,47080.001100002846,0.06030000076862052
2355,47100.0,47100.00099999888,0.04720000288216397
2356,47120.0,47120.00120000448,0.061599996115546674
2357,47140.0,47140.00120000128,0.05490000330610201
2358,47160.0,47160.00090000307,0.051099996198900044
2359,47180.0,47180.00120000215,0.06500000017695129
2360,47200.0,47200.00090000394,0.045000000682193786
2361,47220.0,47220.001100002264,0.0627999979769811
2362,47240.0,47240.00150000211,0.0644999963697046
2363,47260.0,47260.00070000009,0.04030000127386302
2364,47280.0,47280.00140000222,0.061400001868605614
2365,47300.0,47300.000700000965,0.03489999653538689
2366,47320.0,47320.00110000081,0.06130000110715628
2367,47340.0,47340.00090000336,0.052600000344682485
2368,47360.0,47360.000599997875,0.03310000465717167
2369,47380.0,47380.00060000195,0.0351999988197349
2370,47400.0,47400.00059999875,0.03899999865097925
2371,47420.0,47420.00060000282,0.03699999797390774
2372,47440.0,47440.000800001144,0.04099999932805076
2373,47460.0,47460.000600003696,0.03149999974993989
2374,47480.0,47480.000600000494,0.03999999898951501
2375,47500.0,47500.000799998816,0.03819999983534217
2376,47520.0,47520.0010999979,0.05140000575920567
2377,47540.0,47540.000499997404,0.03850000211969018
2378,47560.0,47560.000900004525,0.054799995268695056
2379,47580.0,47580.00090000132,0.040400002035312355
2380,47600.0,47600.00089999812,0.032800002372823656
2381,47620.0,47620.000800001435,0.04050000279676169
2382,47640.0,47640.00069999747,0.036600002204068005
2383,47660.0,47660.000600000785,0.03899999865097925
2384,47680.0,47680.00100000063,0.04659999831346795
2385,47700.0,47700.00070000242,0.037699996028095484
2386,47720.0,47720.00079999998,0.034000004234258085
2387,47740.0,47740.000800004054,0.04169999738223851
2388,47760.0,47760.001000002376,0.04049999552080408
2389,47780.0,47780.00079999765,0.03740000101970509
2390,47800.0,47800.0006000002,0.037099998735357076
2391,47820.0,47820.00060000428,0.03579999611247331
2392,47840.0,47840.000500000315,0.04060000355821103
2393,47860.0,47860.000699998636,0.03460000152699649
2394,47880.0,47880.00109999848,0.062200000684242696
2395,47900.0,47900.0004000045,0.03609999839682132
2396,47920.0,47920.000800004345,0.03569999535102397
2397,47940.0,47940.00059999962,0.03960000321967527
2398,47960.0,47960.000600003696,0.034199998481199145
2399,47980.0,47980.00080000202,0.027000001864507794
2400,48000.0,48000.00050000381,0.033899996196851134
2401,48020.0,48020.000500000606,0.034900003811344504
2402,48040.0,48040.00069999893,0.03229999856557697
2403,48060.0,48060.000700003,0.03319999814266339
2404,48080.0,48080.00049999828,0.03670000296551734
2405,48100.0,48100.00060000311,0.032199997804127634
2406,48120.0,48120.00059999991,0.03550000110408291
2407,48140.0,48140.00069999747,0.03790000482695177
2408,48160.0,48160.000500000024,0.03360000118846074
2409,48180.0,48180.0005000041,0.03809999907389283
2410,48200.0,48200.00070000242,0.03650000144261867
2411,48220.0,48220.00079999998,0.036600002204068005
2412,48240.0,48240.00050000177,0.03499999729683623
2413,48260.0,48260.00059999933,0.03410000499570742
2414,48280.0,48280.00079999765,0.04030000127386302
2415,48300.0,48300.000700000965,0.036600002204068005
2416,48320.0,48320.000500003516,0.03749999450519681
2417,48340.0,48340.000600001076,0.039699996705166996
2418,48360.0,48360.000599997875,0.034500000765547156
2419,48380.0,48380.00150000153,0.05499999679159373
2420,48400.0,48400.00049999799,0.036100005672778934
2421,48420.0,48420.00060000282,0.04239999543642625
2422,48440.0,48440.00059999962,0.03429999924264848
2423,48460.0,48460.00070000446,0.03719999949680641
2424,48480.0,48480.000600000494,0.03550000110408291
2425,48500.0,48500.10140000086,0.03460000152699649
2426,48520.0,48520.00080000289,0.03569999535102397
2427,48540.0,48540.00069999893,0.03190000279573724
2428,48560.0,48560.00080000376,0.038499994843732566
2429,48580.0,48580.00539999921,0.03480000304989517
2430,48600.0,48600.00060000311,0.03609999839682132
2431,48620.0,48620.00059999991,0.03670000296551734
2432,48640.0,48640.00060000399,0.03609999839682132
2433,48660.0,48660.000600000785,0.032500000088475645
2434,48680.0,48680.000599997584,0.03760000254260376
2435,48700.0,48700.00060000166,0.03640000068116933
2436,48720.0,48720.00069999922,0.03510000533424318
2437,48740.0,48740.00070000329,0.04049999552080408
2438,48760.0,48760.00070000009,0.03390000347280875
2439,48780.0,48780.015399999684,0.037500001781154424
2440,48800.0,48800.00149999978,0.03860000288113952
2441,48820.0,48820.00060000428,0.03529999958118424
2442,48840.0,48840.00039999955,0.03429999924264848
2443,48860.0,48860.000699998636,0.03470000228844583
2444,48880.0,48880.00060000195,0.03719999949680641
2445,48900.0,48900.0395999974,0.039200000173877925
2446,48920.0,48920.00060000282,0.037500001781154424
2447,48940.0,48940.000800001144,0.03909999941242859
2448,48960.0,48960.000600003696,0.035899996873922646
2449,48980.0,48980.000600000494,0.038700003642588854
2450,49000.0,49000.00060000457,0.0354999938281253
2451,49020.0,49020.000500000606,0.03529999958118424
2452,49040.0,49040.000599998166,0.03800000558840111
2453,49060.0,49060.00060000224,0.03619999915827066
2454,49080.0,49080.00059999904,0.03809999907389283
2455,49100.0,49100.000700003875,0.03489999653538689
2456,49120.0,49120.00049999915,0.03580000338843092
2457,49140.0,49140.00069999747,0.03680000372696668
2458,49160.0,49160.000500000024,0.03699999797390774
2459,49180.0,49180.012500000885,0.041200000850949436
2460,49200.0,49200.00070000242,0.03640000068116933
2461,49220.0,49220.00059999846,0.1947999990079552
2462,49240.0,49240.00070000329,0.03759999526664615
2463,49260.0,49260.00070000009,0.03309999738121405
2464,49280.0,49280.000700004166,0.034699995012488216
2465,49300.0,49300.002199997834,0.05270000110613182
2466,49320.0,49320.00069999776,0.03590000414988026
2467,49340.0,49340.000500000315,0.032500000088475645
2468,49360.0,49360.00050000439,0.03449999348958954
2469,49380.0,49380.00080000347,0.03489999653538689
2470,49400.0,49400.00049999799,0.03090000245720148
2471,49420.0,49420.000800004345,0.03529999958118424
2472,49440.0,49440.000900001905,0.03529999958118424
2473,49460.0,49460.000600003696,0.029499999072868377
2474,49480.0,49480.00080000202,0.038899997889529914
2475,49500.0,49500.00759999966,0.035099998058285564
2476,49520.0,49520.000500000606,0.036299999919719994
2477,49540.0,49540.000499997404,0.032000003557186574
2478,49560.0,49560.00299999869,0.034900003811344504
2479,49580.0,49580.01769999828,0.036100005672778934
2480,49600.0,49600.00040000159,0.034500000765547156
2481,49620.0,49620.00070000067,0.0377000033040531
2482,49640.0,49640.00079999823,0.0411000000895001
2483,49660.0,49660.000500000024,0.03460000152699649
2484,49680.0,49680.000699998345,0.0360000049113296
2485,49700.0,49700.00070000242,0.04529999569058418
2486,49720.0,49720.00059999846,0.036100005672778934
2487,49740.0,49740.00070000329,0.03949999518226832
2488,49760.0,49760.00049999857,0.03510000533424318
2489,49780.0,49780.00089999841,0.03970000398112461
2490,49800.0,49800.000800001726,0.039200000173877925
2491,49820.0,49820.00069999776,0.04320000152802095
2492,49840.0,49840.000600001076,0.06969999958528206
2493,49860.0,49860.000599997875,0.03710000601131469
2494,49880.0,49880.00050000119,0.03550000110408291
2495,49900.0,49900.00049999799,0.027900001441594213
2496,49920.0,49920.00050000206,0.04030000127386302
2497,49940.0,49940.000800001144,0.040099999750964344
2498,49960.0,49960.00070000446,0.03739999374374747
2499,49980.0,49980.00049999973,0.033700001949910074
2500,50000.0,50000.000699998054,0.038300000596791506
2501,50020.0,50020.000500000606,0.03399999695830047
2502,50040.0,50040.000499997404,0.035400000342633575
2503,50060.0,50060.00060000224,0.03789999755099416
2504,50080.0,50080.0006999998,0.03699999797390774
2505,50100.0,50100.00079999736,0.03380000271135941
2506,50120.0,50120.00059999991,0.03480000304989517
2507,50140.0,50140.000899998995,0.037800004065502435
2508,50160.0,50160.000600000785,0.03850000211969018
2509,50180.0,50180.000599997584,0.03850000211969018
2510,50200.0,50200.00070000242,0.03569999535102397
2511,50220.0,50220.00069999922,0.04140000237384811
2512,50240.0,50240.00060000253,0.0394000016967766
2513,50260.0,50260.00059999933,0.032000003557186574
2514,50280.0,50280.000700004166,0.03479999577393755
2515,50300.0,50300.000700000965,0.03789999755099416
2516,50320.0,50320.00130000233,0.060699996538460255
2517,50340.0,50340.00070000184,0.037999998312443495
2518,50360.0,50360.00050000439,0.0351999988197349
2519,50380.0,50380.06100000348,0.03779999678954482
2520,50400.0,50400.00059999875,0.03809999907389283
2521,50420.0,50420.00060000282,0.03719999949680641
2522,50440.0,50440.00059999962,0.03850000211969018
2523,50460.0,50460.00079999794,0.03410000499570742
2524,50480.0,50480.000600000494,0.03740000101970509
2525,50500.0,50500.000799998816,0.03909999941242859
2526,50520.0,50520.00060000137,0.03399999695830047
2527,50540.0,50540.000599998166,0.025600005756132305
2528,50560.0,50560.00230000063,0.03429999924264848
2529,50580.0,50580.00059999904,0.03580000338843092
2530,50600.0,50600.00060000311,0.03409999771974981
2531,50620.0,50620.00049999915,0.03470000228844583
2532,50640.0,50640.00060000399,0.8403999963775277
2533,50660.0,50660.00070000155,0.03779999678954482
2534,50680.0,50680.0005000041,0.03879999712808058
2535,50700.0,50700.02889999887,0.038700003642588854
2536,50720.0,50720.000499997695,0.036900004488416016
2537,50740.0,50740.04540000169,0.04149999585933983
2538,50760.0,50760.00049999857,0.035700002626981586
2539,50780.0,50780.000600003405,0.03730000025825575
2540,50800.0,50800.000700000965,0.03270000161137432
2541,50820.0,50820.000899999286,0.04980000085197389
2542,50840.0,50840.000600001076,0.036799996451009065
2543,50860.0,50860.000599997875,0.03719999949680641
2544,50880.0,50880.00080000347,0.033899996196851134
2545,50900.0,50900.00059999875,0.03899999865097925
2546,50920.0,50920.00060000282,0.034500000765547156
2547,50940.0,50940.00059999962,0.03970000398112461
2548,50960.0,50960.000600003696,0.03949999518226832
2549,50980.0,50980.00350000075,0.035700002626981586
2550,51000.0,51000.00060000457,0.0354999938281253
2551,51020.0,51020.00080000289,0.042299994674976915
2552,51040.0,51040.000599998166,0.035700002626981586
2553,51060.0,51060.00060000224,0.030499999411404133
2554,51080.0,51080.00059999904,0.030800001695752144
2555,51100.0,51100.00060000311,0.03409999771974981
2556,51120.0,51120.00059999991,0.03500000457279384
2557,51140.0,51140.00069999747,0.03740000101970509
2558,51160.0,51160.000500000024,0.02830000448739156
2559,51180.0,51180.000599997584,0.035400000342633575
2560,51200.0,51200.00060000166,0.03730000025825575
2561,51220.0,51220.00059999846,0.03560000186553225
2562,51240.0,51240.00050000177,0.03270000161137432
2563,51260.0,51260.00070000009,0.03339999966556206
2564,51280.0,51280.000700004166,0.03779999678954482
2565,51300.0,51300.000700000965,0.03779999678954482
2566,51320.0,51320.00060000428,0.03639999340521172
2567,51340.0,51340.00039999955,0.042100000428035855
2568,51360.0,51360.0007999994,0.033700001949910074
2569,51380.0,51380.00070000271,0.04510000144364312
2570,51400.0,51400.006399999256,0.039200000173877925
2571,51420.0,51420.00060000282,0.03899999865097925
2572,51440.0,51440.00059999962,0.037800004065502435
2573,51460.0,51460.000600003696,0.048499998229090124
2574,51480.0,51480.003199998464,0.06060000305296853
2575,51500.0,51500.00060000457,0.036299999919719994
2576,51520.0,51520.000399999844,0.04320000152802095
2577,51540.0,51540.00079999969,0.035099998058285564
2578,51560.0,51560.00050000148,0.035099998058285564
2579,51580.0,51580.01119999972,0.03719999949680641
2580,51600.0,51600.00060000311,0.03289999585831538
2581,51620.0,51620.002399999066,0.0470000013592653
2582,51640.0,51640.00069999747,0.03590000414988026
2583,51660.0,51660.000500000024,0.0318000020342879
2584,51680.0,51680.000699998345,0.0425000034738332
2585,51700.0,51700.00099999743,0.03800000558840111
2586,51720.0,51720.00069999922,0.036299999919719994
2587,51740.0,51740.00070000329,0.039200000173877925
2588,51760.0,51760.00049999857,0.03470000228844583
2589,51780.0,51780.00079999765,0.03960000321967527
2590,51800.0,51800.0006000002,0.035400000342633575
2591,51820.0,51820.000500003516,0.03989999822806567
2592,51840.0,51840.00070000184,0.041200000850949436
2593,51860.0,51860.000699998636,0.03650000144261867
2594,51880.0,51880.00050000119,0.03650000144261867
2595,51900.0,51900.00059999875,0.0351999988197349
2596,51920.0,51920.00060000282,0.038300000596791506
2597,51940.0,51940.00049999886,0.03260000084992498
2598,51960.0,51960.00070000446,0.034699995012488216
2599,51980.0,51980.000700001256,0.04169999738223851
2600,52000.0,52000.00050000381,0.03429999924264848
2601,52020.0,52020.00060000137,0.040400002035312355
2602,52040.0,52040.00069999893,0.03360000118846074
2603,52060.0,52060.000700003,0.03749999450519681
2604,52080.0,52080.03389999794,0.035700002626981586
2605,52100.0,52100.0028999988,0.03550000110408291
2606,52120.0,52120.00070000067,0.035099998058285564
2607,52140.0,52140.00060000399,0.03909999941242859
2608,52160.0,52160.000600000785,0.03619999915827066
2609,52180.0,52180.000699998345,0.03580000338843092
2610,52200.0,52200.00060000166,0.037999998312443495
2611,52220.0,52220.00069999922,0.03510000533424318
2612,52240.0,52240.00060000253,0.031299998227041215
2613,52260.0,52260.00059999933,0.026599998818710446
2614,52280.0,52280.000700004166,0.03639999340521172
2615,52300.0,52300.000700000965,0.03390000347280875
2616,52320.0,52320.000500003516,0.036299999919719994
2617,52340.0,52340.00070000184,0.030800001695752144
2618,52360.0,52360.000699998636,0.034900003811344504
2619,52380.0,52380.00050000119,0.03409999771974981
2620,52400.0,52400.00080000027,0.03550000110408291
2621,52420.0,52420.000700003584,0.035400000342633575
2622,52440.0,52440.00059999962,0.036600002204068005
2623,52460.0,52460.00079999794,0.03819999983534217
2624,52480.0,52480.00250000041,0.041799998143687844
2625,52500.0,52500.000699998054,0.03560000186553225
2626,52520.0,52520.00070000213,0.03499999729683623
2627,52540.0,52540.000599998166,0.03480000304989517
2628,52560.0,52560.00080000376,0.040899998566601425
2629,52580.0,52580.00080000056,0.03730000025825575
2630,52600.0,52600.00089999812,0.02830000448739156
2631,52620.0,52620.00070000067,0.034900003811344504
2632,52640.0,52640.00069999747,0.034000004234258085
2633,52660.0,52660.00100000383,0.05199999577598646
2634,52680.0,52680.02089999936,0.04489999992074445
2635,52700.0,52700.0005000009,0.03960000321967527
2636,52720.0,52720.00069999922,0.03989999822806567
2637,52740.0,52740.00070000329,0.045599997974932194
2638,52760.0,52760.00059999933,0.03989999822806567
2639,52780.0,52780.025200001546,0.0427999984822236
2640,52800.0,52800.0006000002,0.04150000313529745
2641,52820.0,52820.00060000428,0.035400000342633575
2642,52840.0,52840.00070000184,0.03609999839682132
2643,52860.0,52860.00050000439,0.03499999729683623
2644,52880.0,52880.0035000022,0.03699999797390774
2645,52900.0,52900.00069999951,0.03190000279573724
2646,52920.0,52920.000800004345,0.04079999780515209
2647,52940.0,52940.00049999886,0.03239999932702631
2648,52960.0,52960.000500002934,0.031600000511389226
2649,52980.0,52980.000600000494,0.03529999958118424
2650,53000.0,53000.00060000457,0.03499999729683623
2651,53020.0,53020.00060000137,0.03719999949680641
2652,53040.0,53040.000599998166,0.03310000465717167
2653,53060.0,53060.00060000224,0.032199997804127634
2654,53080.0,53080.00059999904,0.03650000144261867
2655,53100.0,53100.00050000235,0.030099996365606785
2656,53120.0,53120.00059999991,0.032800002372823656
2657,53140.0,53140.000500003225,0.035099998058285564
2658,53160.0,53160.00080000231,0.030700000934302807
2659,53180.0,53180.006200003845,0.0368999972124584
2660,53200.0,53200.00060000166,0.0351999988197349
2661,53220.0,53220.00059999846,0.035200006095692515
2662,53240.0,53240.00060000253,0.03550000110408291
2663,53260.0,53260.00059999933,0.03229999856557697
2664,53280.0,53280.00089999841,0.030499999411404133
2665,53300.0,53300.30850000185,0.04030000127386302
2666,53320.0,53320.000500003516,0.032699994335416704
2667,53340.0,53340.000500000315,0.0301000036415644
2668,53360.0,53360.00040000363,0.03369999467395246
2669,53380.0,53380.00080000347,0.03339999966556206
2670,53400.0,53400.00049999799,0.035400000342633575
2671,53420.0,53420.00060000282,0.03650000144261867
2672,53440.0,53440.000800001144,0.034500000765547156
2673,53460.0,53460.00070000446,0.030199997127056122
2674,53480.0,53480.00239999965,0.030700000934302807
2675,53500.0,53500.00060000457,0.03619999915827066
2676,53520.0,53520.00070000213,0.032199997804127634
2677,53540.0,53540.000599998166,0.028200003725942224
2678,53560.0,53560.00060000224,0.03339999966556206
2679,53580.0,53580.0081999987,0.03170000127283856
2680,53600.0,53600.00060000311,0.03319999814266339
2681,53620.0,53620.00059999991,0.03480000304989517
2682,53640.0,53640.00069999747,0.03170000127283856
2683,53660.0,53660.000600000785,0.034199998481199145
2684,53680.0,53680.000599997584,0.03670000296551734
2685,53700.0,53700.0005000009,0.03409999771974981
2686,53720.0,53720.000499997695,0.035400000342633575
2687,53740.0,53740.00089999754,0.04100000660400838
2688,53760.0,53760.00059999933,0.03139999898849055
2689,53780.0,53780.00040000188,0.032199997804127634
2690,53800.0,53800.0006000002,0.03210000431863591
2691,53820.0,53820.00060000428,0.0337999954354018
2692,53840.0,53840.000500000315,0.033299998904112726
2693,53860.0,53860.00050000439,0.028899994504172355
2694,53880.0,53880.002500001865,0.03499999729683623
2695,53900.0,53900.00080000027,0.03460000152699649
2696,53920.0,53920.00060000282,0.03270000161137432
2697,53940.0,53940.00070000038,0.03139999898849055
2698,53960.0,53960.000500002934,0.0320999970426783
2699,53980.0,53980.004400000325,0.03270000161137432
2700,54000.0,54000.00060000457,0.034199998481199145
2701,54020.0,54020.00070000213,0.03470000228844583
2702,54040.0,54040.000599998166,0.036100005672778934
2703,54060.0,54060.00560000393,0.0427999984822236
2704,54080.0,54080.02580000175,0.04369999805931002
2705,54100.0,54100.00079999736,0.04270000499673188
2706,54120.0,54120.000800001435,0.04269999772077426
2707,54140.0,54140.00069999747,0.04270000499673188
2708,54160.0,54160.000600000785,0.039500002458225936
2709,54180.0,54180.00649999885,0.04199999966658652
2710,54200.0,54200.0005000009,0.038899997889529914
2711,54220.0,54220.00059999846,0.21019999985583127
2712,54240.0,54240.00070000329,0.03619999915827066
2713,54260.0,54260.00049999857,0.03719999949680641
2714,54280.0,54280.000700004166,0.035899996873922646
2715,54300.0,54300.000700000965,0.03779999678954482
2716,54320.0,54320.00060000428,0.03809999907389283
2717,54340.0,54340.000500000315,0.031600000511389226
2718,54360.0,54360.000599997875,0.0335000004270114
2719,54380.0,54380.00060000195,0.03470000228844583
2720,54400.0,54400.00069999951,0.1430000047548674
2721,54420.0,54420.042400000966,0.042599996959324926
2722,54440.0,54440.112000003865,0.037699996028095484
2723,54460.0,54460.00070000446,0.037699996028095484
2724,54480.0,54480.000700001256,0.029800001357216388
2725,54500.0,54500.000799998816,0.037500001781154424
2726,54520.0,54520.000500000606,0.03339999966556206
2727,54540.0,54540.00069999893,0.03429999924264848
2728,54560.0,54560.00040000072,0.0318000020342879
2729,54580.0,54580.0104000009,0.03290000313427299
2730,54600.0,54600.00050000235,0.034699995012488216
2731,54620.0,54620.00070000067,0.03650000144261867
2732,54640.0,54640.0025000039,0.1201999984914437
2733,54660.0,54660.000600000785,0.03499999729683623
2734,54680.0,54680.000699998345,0.03290000313427299
2735,54700.0,54700.000400000135,0.036299999919719994
2736,54720.0,54720.00079999998,0.032500000088475645
2737,54740.0,54740.00070000329,0.0320999970426783
2738,54760.0,54760.00070000009,0.03730000025825575
2739,54780.0,54780.00130000146,0.04829999670619145
2740,54800.0,54800.0006000002,0.038300000596791506
2741,54820.0,54820.000799998525,0.035200006095692515
2742,54840.0,54840.01449999778,0.034500000765547156
2743,54860.0,54860.006499999145,0.03220000508008525
2744,54880.0,54880.027999999584,0.036299999919719994
2745,54900.0,54900.00059999875,0.03220000508008525
2746,54920.0,54920.00060000282,0.038300000596791506
2747,54940.0,54940.00049999886,0.03800000558840111
2748,54960.0,54960.00070000446,0.03839999408228323
2749,54980.0,54980.00049999973,0.034000004234258085
2750,55000.0,55000.000699998054,0.03510000533424318
2751,55020.0,55020.000500000606,0.032199997804127634
2752,55040.0,55040.0335000013,0.03429999924264848
2753,55060.0,55060.64270000206,0.04690000059781596
2754,55080.0,55080.0006999998,0.04170000465819612
2755,55100.0,55100.00079999736,0.048600006266497076
2756,55120.0,55120.00070000067,0.06089999806135893
2757,55140.0,55140.00079999823,0.044200001866556704
2758,55160.0,55160.022000003664,0.03429999924264848
2759,55180.0,55180.000699998345,0.03850000211969018
2760,55200.0,55200.00060000166,0.038899997889529914
2761,55220.0,55220.00059999846,0.036100005672778934
2762,55240.0,55240.00070000329,0.040099999750964344
2763,55260.0,55260.00049999857,0.03850000211969018
2764,55280.0,55280.01300000324,0.05289999535307288
2765,55300.0,55300.02670000249,0.0520999965374358
2766,55320.0,55320.00060000428,0.03429999924264848
2767,55340.0,55340.004300000146,0.04289999924367294
2768,55360.0,55360.000599997875,0.032500000088475645
2769,55380.0,55380.00070000271,0.02890000178012997
2770,55400.0,55400.00049999799,0.03529999958118424
2771,55420.0,55420.000700003584,0.036499994166661054
2772,55440.0,55440.00049999886,0.03220000508008525
2773,55460.0,55460.001600004034,0.03369999467395246
2774,55480.0,55480.000600000494,0.0335000004270114
2775,55500.0,55500.000699998054,0.03270000161137432
2776,55520.0,55520.00060000137,0.03429999924264848
2777,55540.0,55540.00090000045,0.03339999966556206
2778,55560.0,55560.00060000224,0.03499999729683623
2779,55580.0,55580.001000002085,0.04520000220509246
2780,55600.0,55600.000700003875,0.033899996196851134
2781,55620.0,55620.000800001435,0.03480000304989517
2782,55640.0,55640.00079999823,0.03190000279573724
2783,55660.0,55660.00070000155,0.03289999585831538
2784,55680.0,55680.004399997415,0.037500001781154424
2785,55700.0,55700.00180000352,0.0746000005165115
2786,55720.0,55720.001499998034,0.06930000381544232
2787,55740.0,55740.00160000287,0.06520000169984996
2788,55760.0,55760.00149999891,0.05239999882178381
2789,55780.0,55780.000999999174,0.056700002460274845
2790,55800.0,55800.0006000002,0.040899998566601425
2791,55820.0,55820.00140000309,0.0627999979769811
2792,55840.0,55840.00139999989,0.06299999949987978
2793,55860.0,55860.00090000016,0.0427999984822236
2794,55880.0,55880.02140000026,0.07360000017797574
2795,55900.0,55900.00080000027,0.04350000381236896
2796,55920.0,55920.00669999834,0.04430000262800604
2797,55940.0,55940.00049999886,0.036900004488416016
2798,55960.0,55960.000600003696,0.03569999535102397
2799,55980.0,55980.05160000321,0.06819999543949962
2800,56000.0,56000.00089999958,0.03980000474257395
2801,56020.0,56020.00090000365,0.0562999994144775
2802,56040.0,56040.39809999813,0.055000004067551345
2803,56060.0,56060.00170000334,0.06709999433951452
2804,56080.0,56080.001000002085,0.05609999789157882
2805,56100.0,56100.00099999888,0.04750000516651198
2806,56120.0,56120.000800001435,0.04079999780515209
2807,56140.0,56140.0014000028,0.05149999924469739
2808,56160.0,56160.00100000383,0.04669999907491729
2809,56180.0,56180.00089999987,0.04220000118948519
2810,56200.0,56200.0005000009,0.037999998312443495
2811,56220.0,56220.00090000074,0.046399996790569276
2812,56240.0,56240.00070000329,0.04189999890513718
2813,56260.0,56260.00080000085,0.035099998058285564
2814,56280.0,56280.000700004166,0.04479999915929511
2815,56300.0,56300.000700000965,0.04020000051241368
2816,56320.0,56320.000799998525,0.04050000279676169
2817,56340.0,56340.0008000026,0.04069999704370275
2818,56360.0,56360.000599997875,0.0411000000895001
2819,56380.0,56380.02450000204,0.03959999594371766
2820,56400.0,56400.00069999951,0.03680000372696668
2821,56420.0,56420.00060000282,0.047599998652003706
2822,56440.0,56440.00059999962,0.037999998312443495
2823,56460.0,56460.000500002934,0.034500000765547156
2824,56480.0,56480.000700001256,0.04230000195093453
2825,56500.0,56500.00060000457,0.03529999958118424
2826,56520.0,56520.000399999844,0.037500001781154424
2827,56540.0,56540.000599998166,0.0394000016967766
2828,56560.0,56560.00060000224,0.03640000068116933
2829,56580.0,56580.0006999998,0.03819999983534217
2830,56600.0,56600.00060000311,0.038300000596791506
2831,56620.0,56620.00070000067,0.045400003727991134
2832,56640.0,56640.026000000944,0.03840000135824084
2833,56660.0,56660.000600000785,0.03470000228844583
2834,56680.0,56680.00539999775,0.034500000765547156
2835,56700.0,56700.0005000009,0.035899996873922646
2836,56720.0,56720.00059999846,0.037500001781154424
2837,56740.0,56740.000800004054,0.03739999374374747
2838,56760.0,56760.00070000009,0.03300000389572233
2839,56780.0,56780.00179999799,0.03680000372696668
2840,56800.0,56800.000700000965,0.037500001781154424
2841,56820.0,56820.000500003516,0.035599994589574635
2842,56840.0,56840.00070000184,0.036600002204068005
2843,56860.0,56860.01679999754,0.087800006440375
2844,56880.0,56880.00170000305,0.038300000596791506
2845,56900.0,56900.00390000205,0.035099998058285564
2846,56920.0,56920.00060000282,0.041399995097890496
2847,56940.0,56940.000800001144,0.0411000000895001
2848,56960.0,56960.00079999794,0.04270000499673188
2849,56980.0,56980.00730000058,0.056400000175926834
2850,57000.0,57000.00060000457,0.03899999865097925
2851,57020.0,57020.00070000213,0.03809999907389283
2852,57040.0,57040.00069999893,0.04099999932805076
2853,57060.0,57060.00080000376,0.04079999780515209
2854,57080.0,57080.0212000031,0.040599996282253414
2855,57100.0,57100.000700003875,0.03749999450519681
2856,57120.0,57120.00070000067,0.03609999839682132
2857,57140.0,57140.00069999747,0.04000000626547262
2858,57160.0,57160.00070000155,0.0411000000895001
2859,57180.0,57180.068499998015,0.04170000465819612
2860,57200.0,57200.00070000242,0.03819999983534217
2861,57220.0,57220.00069999922,0.03719999949680641
2862,57240.0,57240.00089999754,0.03680000372696668
2863,57260.0,57260.00049999857,0.036299999919719994
2864,57280.0,57280.000600003405,0.03959999594371766
2865,57300.0,57300.0006000002,0.037099998735357076
2866,57320.0,57320.000500003516,0.039399994420818985
2867,57340.0,57340.000500000315,0.03899999865097925
2868,57360.0,57360.00050000439,0.03569999535102397
2869,57380.0,57380.00080000347,0.03999999898951501
2870,57400.0,57400.00059999875,0.03640000068116933
2871,57420.0,57420.00060000282,0.03819999983534217
2872,57440.0,57440.00070000038,0.037500001781154424
2873,57460.0,57460.00070000446,0.03839999408228323
2874,57480.0,57480.000600000494,0.039200000173877925
2875,57500.0,57500.000699998054,0.04220000118948519
2876,57520.0,57520.000500000606,0.03809999907389283
2877,57540.0,57540.00079999969,0.034500000765547156
2878,57560.0,57560.000700003,0.0351999988197349
2879,57580.0,57580.00059999904,0.03590000414988026
2880,57600.0,57600.00060000311,0.03399999695830047
2881,57620.0,57620.00070000067,0.038300000596791506
2882,57640.0,57640.00069999747,0.03550000110408291
2883,57660.0,57660.000600000785,0.03860000288113952
2884,57680.0,57680.000599997584,0.03740000101970509
2885,57700.0,57700.00070000242,0.0385999956051819
2886,57720.0,57720.00069999922,0.037099998735357076
2887,57740.0,57740.00070000329,0.03949999518226832
2888,57760.0,57760.00049999857,0.036299999919719994
2889,57780.0,57780.011800001375,0.03819999983534217
2890,57800.0,57800.000800001726,0.03719999949680641
2891,57820.0,57820.00060000428,0.04459999763639644
2892,57840.0,57840.00070000184,0.03840000135824084
2893,57860.0,57860.000699998636,0.03650000144261867
2894,57880.0,57880.000900004234,0.05219999729888514
2895,57900.0,57900.00049999799,0.04410000110510737
2896,57920.0,57920.00060000282,0.037099998735357076
2897,57940.0,57940.00070000038,0.037500001781154424
2898,57960.0,57960.00079999794,0.041200000850949436
2899,57980.0,57980.000600000494,0.035099998058285564
2900,58000.0,58000.000699998054,0.0377000033040531
2901,58020.0,58020.00070000213,0.03840000135824084
2902,58040.0,58040.000599998166,0.034000004234258085
2903,58060.0,58060.00060000224,0.03879999712808058
2904,58080.0,58080.00080000056,0.03670000296551734
2905,58100.0,58100.00050000235,0.030899995181243867
2906,58120.0,58120.053099999495,0.032000003557186574
2907,58140.0,58140.00079999823,0.038300000596791506
2908,58160.0,58160.000600000785,0.03719999949680641
2909,58180.0,58180.000599997584,0.039500002458225936
2910,58200.0,58200.00060000166,0.03930000093532726
2911,58220.0,58220.00069999922,0.03670000296551734
2912,58240.0,58240.00060000253,0.03579999611247331
2913,58260.0,58260.01810000162,0.03409999771974981
2914,58280.0,58280.00050000264,0.037999998312443495
2915,58300.0,58300.000800001726,0.0368999972124584
2916,58320.0,58320.00060000428,0.03719999949680641
2917,58340.0,58340.000600001076,0.038300000596791506
2918,58360.0,58360.00050000439,0.03579999611247331
2919,58380.0,58380.00070000271,0.034500000765547156
2920,58400.0,58400.00059999875,0.037099998735357076
2921,58420.0,58420.00050000206,0.035899996873922646
2922,58440.0,58440.00049999886,0.03500000457279384
2923,58460.0,58460.001999999804,0.03609999839682132
2924,58480.0,58480.00090000278,0.04369999805931002
2925,58500.0,58500.00060000457,0.035599994589574635
2926,58520.0,58520.00070000213,0.03560000186553225
2927,58540.0,58540.000599998166,0.033200005418621004
2928,58560.0,58560.00060000224,0.03619999915827066
2929,58580.0,58580.001399997855,0.047900000936351717
2930,58600.0,58600.000700003875,0.03619999915827066
2931,58620.0,58620.00049999915,0.03619999915827066
2932,58640.0,58640.00069999747,0.03670000296551734
2933,58660.0,58660.000500000024,0.0351999988197349
2934,58680.0,58680.000599997584,0.0360000049113296
2935,58700.0,58700.00060000166,0.03529999958118424
2936,58720.0,58720.000499997695,0.039000005926936865
2937,58740.0,58740.00050000177,0.03489999653538689
2938,58760.0,58760.00059999933,0.03899999865097925
2939,58780.0,58780.000600003405,0.03459999425103888
2940,58800.0,58800.0006000002,0.03260000084992498
2941,58820.0,58820.00060000428,0.0337999954354018
2942,58840.0,58840.0008000026,0.041200000850949436
2943,58860.0,58860.0007999994,0.03899999865097925
2944,58880.0,58880.00099999772,0.03640000068116933
2945,58900.0,58900.00059999875,0.03580000338843092
2946,58920.0,58920.000800004345,0.029999995604157448
2947,58940.0,58940.01399999979,0.04340000305091962
2948,58960.0,58960.000899998704,0.039000005926936865
2949,58980.0,58980.000600000494,0.03670000296551734
2950,59000.0,59000.00060000457,0.03289999585831538
2951,59020.0,59020.00080000289,0.040899998566601425
2952,59040.0,59040.00069999893,0.040400002035312355
2953,59060.0,59060.00060000224,0.037699996028095484
2954,59080.0,59080.00170000014,0.037099998735357076
2955,59100.0,59100.00050000235,0.034699995012488216
2956,59120.0,59120.00070000067,0.035400000342633575
2957,59140.0,59140.000500003225,0.03749999450519681
2958,59160.0,59160.00070000155,0.040400002035312355
2959,59180.0,59180.02890000207,0.04199999966658652
2960,59200.0,59200.0005000009,0.03699999797390774
2961,59220.0,59220.002200003364,0.03989999822806567
2962,59240.0,59240.00070000329,0.03989999822806567
2963,59260.0,59260.00070000009,0.03640000068116933
2964,59280.0,59280.00079999765,0.040700004319660366
2965,59300.0,59300.000700000965,0.039500002458225936
2966,59320.0,59320.000799998525,0.04199999966658652
2967,59340.0,59340.000600001076,0.03909999941242859
2968,59360.0,59360.0007999994,0.04150000313529745
2969,59380.0,59380.00080000347,0.03440000000409782
2970,59400.0,59400.00049999799,0.037800004065502435
2971,59420.0,59420.000700003584,0.03730000025825575
2972,59440.0,59440.000800001144,0.03860000288113952
2973,59460.0,59460.000600003696,0.038499994843732566
2974,59480.0,59480.000700001256,0.03760000254260376
2975,59500.0,59500.000699998054,0.03670000296551734
2976,59520.0,59520.00250000128,0.0351999988197349
2977,59540.0,59540.000599998166,0.035700002626981586
2978,59560.0,59560.000700003,0.0351999988197349
2979,59580.0,59580.00890000403,0.038499994843732566
2980,59600.0,59600.00060000311,0.03819999983534217
2981,59620.0,59620.00059999991,0.03740000101970509
2982,59640.0,59640.00079999823,0.04510000144364312
2983,59660.0,59660.00080000231,0.03550000110408291
2984,59680.0,59680.000699998345,0.03550000110408291
2985,59700.0,59700.0005000009,0.033700001949910074
2986,59720.0,59720.00059999846,0.034000004234258085
2987,59740.0,59740.000800004054,0.037699996028095484
2988,59760.0,59760.00059999933,0.03680000372696668
2989,59780.0,59780.000700004166,0.03779999678954482
2990,59800.0,59800.000700000965,0.03760000254260376
2991,59820.0,59820.00069999776,0.03740000101970509
2992,59840.0,59840.000500000315,0.0377000033040531
2993,59860.0,59860.000599997875,0.03700000524986535
2994,59880.0,59880.00070000271,0.042299994674976915
2995,59900.0,59900.03660000366,0.03909999941242859
2996,59920.0,59920.01210000308,0.03409999771974981
2997,59940.0,59940.000800001144,0.04099999932805076
2998,59960.0,59960.000600003696,0.0385999956051819
2999,59980.0,59980.000600000494,0.03640000068116933
