amostra,ruido,grupo_ruido,snr_alvo_db,snr_entrada_observado_db,metodo,snr_saida_db,melhoria_snr_db,mse,si_sdr_db,tempo_processamento_s,duracao_audio_s,rtf,latencia_algoritmica_ms,memoria_aproximada_kb
speech_george,dkitchen_ch01_seg01,DKITCHEN,-5,-4.99999984692347,noisy,-4.99999984692347,0.0,0.08415701747972516,-5.005676838849839,1.1000003723893315e-05,3.0,3.666667907964438e-06,0.0,187.5
speech_george,dkitchen_ch01_seg01,DKITCHEN,-5,-4.99999984692347,stft_subtraction,1.9630655113944548,6.963065358317925,0.016934945366550238,1.3418458498158967,0.007791799995175097,3.0,0.0025972666650583656,32.0,1788.9609375
speech_george,dkitchen_ch01_seg01,DKITCHEN,-5,-4.99999984692347,stft_wiener,-1.7587223523663305,3.2412774945571394,0.03989905287149918,-1.9161538776708256,0.004667200002586469,3.0,0.0015557333341954898,32.0,1788.9609375
speech_george,dkitchen_ch01_seg01,DKITCHEN,-5,-4.99999984692347,wavelet_soft,-5.016836148501806,-0.016836301578336155,0.08448390236936867,-11.141732705329206,0.00150680000660941,3.0,0.0005022666688698033,32.0,375.25
speech_george,dkitchen_ch01_seg01,DKITCHEN,0,6.410482552735847e-10,noisy,6.410482552735847e-10,0.0,0.026612786574263844,-0.003189857913449257,8.899995009414852e-06,3.0,2.9666650031382837e-06,0.0,187.5
speech_george,dkitchen_ch01_seg01,DKITCHEN,0,6.410482552735847e-10,stft_subtraction,6.888254596835109,6.888254596194061,0.00544834865351291,6.540657301186517,0.008329500000400003,3.0,0.002776500000133334,32.0,1788.9609375
speech_george,dkitchen_ch01_seg01,DKITCHEN,0,6.410482552735847e-10,stft_wiener,3.223041723800995,3.223041723159947,0.012670279016317605,3.1514600544026217,0.004318899998907,3.0,0.0014396333329689999,32.0,1788.9609375
speech_george,dkitchen_ch01_seg01,DKITCHEN,0,6.410482552735847e-10,wavelet_soft,-0.4512962709755775,-0.4512962716166258,0.029527044436988812,-3.886480954945641,0.001212100003613159,3.0,0.00040403333453771967,32.0,375.25
speech_george,dkitchen_ch01_seg01,DKITCHEN,5,4.999999825591014,noisy,4.999999825591014,0.0,0.008415702382206944,4.9982082767278335,1.1500000255182385e-05,3.0,3.833333418394129e-06,0.0,187.5
speech_george,dkitchen_ch01_seg01,DKITCHEN,5,4.999999825591014,stft_subtraction,11.797570730495892,6.797570904904878,0.0017592731637122805,11.615315710828241,0.00832339999760734,3.0,0.002774466665869113,32.0,1788.9609375
speech_george,dkitchen_ch01_seg01,DKITCHEN,5,4.999999825591014,stft_wiener,8.201880232237942,3.2018804066469277,0.004026264741538742,8.170957150030738,0.00502000000415137,3.0,0.0016733333347171235,32.0,1788.9609375
speech_george,dkitchen_ch01_seg01,DKITCHEN,5,4.999999825591014,wavelet_soft,3.9457505656772756,-1.0542492599137385,0.010727914272445549,2.1994315319062623,0.001203799998620525,3.0,0.00040126666620684165,32.0,375.25
speech_george,dkitchen_ch01_seg01,DKITCHEN,10,9.999999717808457,noisy,9.999999717808457,0.0,0.00266127882899896,9.99899439583418,1.1100004485342652e-05,3.0,3.700001495114217e-06,0.0,187.5
speech_george,dkitchen_ch01_seg01,DKITCHEN,10,9.999999717808457,stft_subtraction,16.697277201485335,6.697277483676878,0.0005693281141247186,16.612465052935782,0.008457800002361182,3.0,0.0028192666674537272,32.0,1788.9609375
speech_george,dkitchen_ch01_seg01,DKITCHEN,10,9.999999717808457,stft_wiener,13.17974167648124,3.1797419586727838,0.001279723611742575,13.166991575984415,0.004688400003942661,3.0,0.0015628000013142203,32.0,1788.9609375
speech_george,dkitchen_ch01_seg01,DKITCHEN,10,9.999999717808457,wavelet_soft,8.116482277681452,-1.8835174401270045,0.004106219143864452,7.391042359313489,0.00119270000141114,3.0,0.00039756666713704664,32.0,375.25
speech_george,dkitchen_ch01_seg02,DKITCHEN,-5,-4.99999956727391,noisy,-4.99999956727391,0.0,0.08415701200092539,-4.999827405204239,9.800001862458885e-06,3.0,3.2666672874862948e-06,0.0,187.5
speech_george,dkitchen_ch01_seg02,DKITCHEN,-5,-4.99999956727391,stft_subtraction,7.753723207818501,12.753722775092411,0.004463936727269124,7.242170066466402,0.008762599994952325,3.0,0.0029208666649841084,32.0,1788.9609375
speech_george,dkitchen_ch01_seg02,DKITCHEN,-5,-4.99999956727391,stft_wiener,2.662170483711676,7.662170050985587,0.014416947018993483,2.4841892228563376,0.004492499996558763,3.0,0.001497499998852921,32.0,1788.9609375
speech_george,dkitchen_ch01_seg02,DKITCHEN,-5,-4.99999956727391,wavelet_soft,-5.02661261654975,-0.02661304927583963,0.08467429947835917,-11.04040090884695,0.00133050000295043,3.0,0.00044350000098347664,32.0,375.25
speech_george,dkitchen_ch01_seg02,DKITCHEN,0,-3.3425373547048627e-07,noisy,-3.3425373547048627e-07,0.0,0.02661278860065635,0.00013956177430956686,8.09999619377777e-06,3.0,2.6999987312592566e-06,0.0,187.5
speech_george,dkitchen_ch01_seg02,DKITCHEN,0,-3.3425373547048627e-07,stft_subtraction,12.453455471686333,12.453455805940068,0.001512672125457311,12.215028144041158,0.007455399994796608,3.0,0.002485133331598869,32.0,1788.9609375
speech_george,dkitchen_ch01_seg02,DKITCHEN,0,-3.3425373547048627e-07,stft_wiener,7.610442016823412,7.610442351077148,0.004613665975738383,7.53172629455007,0.0040789999984554015,3.0,0.0013596666661518004,32.0,1788.9609375
speech_george,dkitchen_ch01_seg02,DKITCHEN,0,-3.3425373547048627e-07,wavelet_soft,-0.4526601011782772,-0.45265976692454174,0.029536318396867586,-3.837839273047168,0.001215500000398606,3.0,0.00040516666679953534,32.0,375.25
speech_george,dkitchen_ch01_seg02,DKITCHEN,5,4.999999969833244,noisy,4.999999969833244,0.0,0.00841570210178981,5.000121727054319,8.999995770864189e-06,3.0,2.999998590288063e-06,0.0,187.5
speech_george,dkitchen_ch01_seg02,DKITCHEN,5,4.999999969833244,stft_subtraction,17.118266855706235,12.118266885872991,0.0005167299872444866,17.04275493329896,0.007660700000997167,3.0,0.0025535666669990555,32.0,1788.9609375
speech_george,dkitchen_ch01_seg02,DKITCHEN,5,4.999999969833244,stft_wiener,12.552808546280978,7.552808576447735,0.0014784597181404689,12.520867331428171,0.005038700001023244,3.0,0.001679566667007748,32.0,1788.9609375
speech_george,dkitchen_ch01_seg02,DKITCHEN,5,4.999999969833244,wavelet_soft,3.9435445970145855,-1.0564553728186583,0.010733364827429407,2.2081501255624123,0.0010266999961459078,3.0,0.00034223333204863593,32.0,375.25
speech_george,dkitchen_ch01_seg02,DKITCHEN,10,10.00000019967764,noisy,10.00000019967764,0.0,0.00266127853445163,10.000111746336666,8.39999847812578e-06,3.0,2.7999994927085936e-06,0.0,187.5
speech_george,dkitchen_ch01_seg02,DKITCHEN,10,10.00000019967764,stft_subtraction,21.762909905992732,11.762909706315092,0.00017733700122793324,21.779277596498837,0.00767700000142213,3.0,0.002559000000474043,32.0,1788.9609375
speech_george,dkitchen_ch01_seg02,DKITCHEN,10,10.00000019967764,stft_wiener,17.489441758460032,7.489441558782392,0.00047440163312078795,17.477619817769927,0.004629300005035475,3.0,0.0015431000016784917,32.0,1788.9609375
speech_george,dkitchen_ch01_seg02,DKITCHEN,10,10.00000019967764,wavelet_soft,8.126228846773348,-1.873771352904292,0.004097014174053753,7.401899852861686,0.001239600002008956,3.0,0.00041320000066965196,32.0,375.25
speech_george,dkitchen_ch01_seg03,DKITCHEN,-5,-4.999999499128844,noisy,-4.999999499128844,0.0,0.08415701071520444,-4.993221242582827,1.0399999155197293e-05,3.0,3.466666385065764e-06,0.0,187.5
speech_george,dkitchen_ch01_seg03,DKITCHEN,-5,-4.999999499128844,stft_subtraction,7.256512462299395,12.256511961428238,0.00500540363475151,6.765619444168626,0.007589700006064959,3.0,0.002529900002021653,32.0,1788.9609375
speech_george,dkitchen_ch01_seg03,DKITCHEN,-5,-4.999999499128844,stft_wiener,2.7642387056361075,7.764238204764951,0.014082069412727922,2.626701795233391,0.004204199998639524,3.0,0.001401399999546508,32.0,1788.9609375
speech_george,dkitchen_ch01_seg03,DKITCHEN,-5,-4.999999499128844,wavelet_soft,-5.023649667720493,-0.023650168591649035,0.08461655070826465,-11.001896625642559,0.001415600003383588,3.0,0.00047186666779452935,32.0,375.25
speech_george,dkitchen_ch01_seg03,DKITCHEN,0,6.857841628984739e-08,noisy,6.857841628984739e-08,0.0,0.02661278615019835,0.004182252043570231,8.900002285372466e-06,3.0,2.9666674284574888e-06,0.0,187.5
speech_george,dkitchen_ch01_seg03,DKITCHEN,0,6.857841628984739e-08,stft_subtraction,11.979281371014947,11.979281302436531,0.0016871830903049622,11.73568601976701,0.00723880000441568,3.0,0.0024129333348052264,32.0,1788.9609375
speech_george,dkitchen_ch01_seg03,DKITCHEN,0,6.857841628984739e-08,stft_wiener,7.7054693530721305,7.705469284493714,0.004513811464821797,7.641152182311926,0.004197900001599919,3.0,0.0013993000005333063,32.0,1788.9609375
speech_george,dkitchen_ch01_seg03,DKITCHEN,0,6.857841628984739e-08,wavelet_soft,-0.4433234907865325,-0.44332355936494877,0.02947288842136677,-3.800843180598064,0.0010509999992791563,3.0,0.0003503333330930521,32.0,375.25
speech_george,dkitchen_ch01_seg03,DKITCHEN,5,4.999999738160968,noisy,4.999999738160968,0.0,0.00841570255401159,5.0027217076918475,7.999995432328433e-06,3.0,2.6666651441094777e-06,0.0,187.5
speech_george,dkitchen_ch01_seg03,DKITCHEN,5,4.999999738160968,stft_subtraction,16.66408676996477,11.6640870318038,0.0005736958047784395,16.57108660458642,0.0072197999979835,3.0,0.0024065999993278333,32.0,1788.9609375
speech_george,dkitchen_ch01_seg03,DKITCHEN,5,4.999999738160968,stft_wiener,12.643532108472112,7.643532370311144,0.0014478952395684456,12.616270422150293,0.00484149999829242,3.0,0.00161383333276414,32.0,1788.9609375
speech_george,dkitchen_ch01_seg03,DKITCHEN,5,4.999999738160968,wavelet_soft,3.9575835324034827,-1.042416205757485,0.01069872433702331,2.234170036250592,0.0011879999947268516,3.0,0.0003959999982422839,32.0,375.25
speech_george,dkitchen_ch01_seg03,DKITCHEN,10,10.000000009959846,noisy,10.000000009959846,0.0,0.0026612786494529346,10.00190073516524,1.0700001439545304e-05,3.0,3.566667146515101e-06,0.0,187.5
speech_george,dkitchen_ch01_seg03,DKITCHEN,10,10.000000009959846,stft_subtraction,21.336905573898427,11.336905563938581,0.00019561393684144172,21.330722939186458,0.007560800004284829,3.0,0.002520266668094943,32.0,1788.9609375
speech_george,dkitchen_ch01_seg03,DKITCHEN,10,10.000000009959846,stft_wiener,17.579288584058485,7.579288574098639,0.00046468803781214333,17.5686556915749,0.004148100000747945,3.0,0.001382700000249315,32.0,1788.9609375
speech_george,dkitchen_ch01_seg03,DKITCHEN,10,10.000000009959846,wavelet_soft,8.154800770609206,-1.8451992393506398,0.004070148680557991,7.436023284212184,0.001102900001569651,3.0,0.00036763333385655034,32.0,375.25
speech_george,ooffice_ch01_seg01,OOFFICE,-5,-4.999999818473052,noisy,-4.999999818473052,0.0,0.08415701699378068,-4.9945540199960075,7.700000423938036e-06,3.0,2.5666668079793453e-06,0.0,187.5
speech_george,ooffice_ch01_seg01,OOFFICE,-5,-4.999999818473052,stft_subtraction,-1.3779274517790445,3.6220723666940073,0.036549639384275155,-1.6957095466751606,0.007667899997613858,3.0,0.0025559666658712863,32.0,1788.9609375
speech_george,ooffice_ch01_seg01,OOFFICE,-5,-4.999999818473052,stft_wiener,-3.0850438530853292,1.9149559653877226,0.05414953562102924,-3.1259169151385353,0.004989399996702559,3.0,0.0016631333322341864,32.0,1788.9609375
speech_george,ooffice_ch01_seg01,OOFFICE,-5,-4.999999818473052,wavelet_soft,-5.015836166469599,-0.015836347996547318,0.08446445184870092,-5.623962503138321,0.0011436999993748032,3.0,0.0003812333331249344,32.0,375.25
speech_george,ooffice_ch01_seg01,OOFFICE,0,7.640326044974623e-08,noisy,7.640326044974623e-08,0.0,0.02661278611843596,0.0032954181381000926,1.0399999155197293e-05,3.0,3.466666385065764e-06,0.0,187.5
speech_george,ooffice_ch01_seg01,OOFFICE,0,7.640326044974623e-08,stft_subtraction,3.616356562338803,3.6163564859355426,0.011573232942143614,3.4367019397472016,0.0071809000000939704,3.0,0.0023936333333646567,32.0,1788.9609375
speech_george,ooffice_ch01_seg01,OOFFICE,0,7.640326044974623e-08,stft_wiener,1.9128510299848624,1.912850953581602,0.01713188885032533,1.898334581119912,0.004631799994967878,3.0,0.0015439333316559594,32.0,1788.9609375
speech_george,ooffice_ch01_seg01,OOFFICE,0,7.640326044974623e-08,wavelet_soft,-0.035528438648149134,-0.03552851505140958,0.02683139143577635,-0.4549787199341899,0.0010379000013926998,3.0,0.0003459666671308999,32.0,375.25
speech_george,ooffice_ch01_seg01,OOFFICE,5,5.000000164154542,noisy,5.000000164154542,0.0,0.008415701721809266,5.002085972024811,9.2999980552122e-06,3.0,3.0999993517374e-06,0.0,187.5
speech_george,ooffice_ch01_seg01,OOFFICE,5,5.000000164154542,stft_subtraction,8.610021311794538,3.610021147639996,0.0036651201794800936,8.510261602066807,0.00791929999832064,3.0,0.0026397666661068797,32.0,1788.9609375
speech_george,ooffice_ch01_seg01,OOFFICE,5,5.000000164154542,stft_wiener,6.91042225169976,1.9104220875452178,0.005420609543897971,6.906363193552153,0.00475439999718219,3.0,0.0015847999990607302,32.0,1788.9609375
speech_george,ooffice_ch01_seg01,OOFFICE,5,5.000000164154542,wavelet_soft,4.924778957383328,-0.07522120677121436,0.008562734038635325,4.62825976501316,0.0011295999938738532,3.0,0.0003765333312912844,32.0,375.25
speech_george,ooffice_ch01_seg01,OOFFICE,10,9.999999981190633,noisy,9.999999981190633,0.0,0.002661278668984433,10.001405550157976,7.700000423938036e-06,3.0,2.5666668079793453e-06,0.0,187.5
speech_george,ooffice_ch01_seg01,OOFFICE,10,9.999999981190633,stft_subtraction,13.60210057392396,3.6021005927333274,0.0011611285238675097,13.547924880560206,0.007754199999908451,3.0,0.002584733333302817,32.0,1788.9609375
speech_george,ooffice_ch01_seg01,OOFFICE,10,9.999999981190633,stft_wiener,11.90699255218937,1.906992570998737,0.0017155014753872135,11.906625591819935,0.00459739999496378,3.0,0.0015324666649879266,32.0,1788.9609375
speech_george,ooffice_ch01_seg01,OOFFICE,10,9.999999981190633,wavelet_soft,9.832917876690336,-0.16708210450029704,0.0027656585671202685,9.620128025185853,0.0011680000025080517,3.0,0.00038933333416935056,32.0,375.25
speech_george,ooffice_ch01_seg02,OOFFICE,-5,-5.000000250857499,noisy,-5.000000250857499,0.0,0.08415702527334745,-5.0209362685416465,9.000003046821803e-06,3.0,3.0000010156072676e-06,0.0,187.5
speech_george,ooffice_ch01_seg02,OOFFICE,-5,-5.000000250857499,stft_subtraction,8.193036088064185,13.193036338921683,0.004034472338528744,7.823184587644122,0.0076429999971878715,3.0,0.0025476666657292904,32.0,1788.9609375
speech_george,ooffice_ch01_seg02,OOFFICE,-5,-5.000000250857499,stft_wiener,3.8367746280639023,8.836774878921402,0.01100051172173298,3.751599218984949,0.004429400003573392,3.0,0.0014764666678577971,32.0,1788.9609375
speech_george,ooffice_ch01_seg02,OOFFICE,-5,-5.000000250857499,wavelet_soft,-5.017721841772593,-0.01772159091509362,0.08450113354806278,-5.686666186949278,0.0011709000027622096,3.0,0.0003903000009207365,32.0,375.25
speech_george,ooffice_ch01_seg02,OOFFICE,0,3.9807505233650425e-07,noisy,3.9807505233650425e-07,0.0,0.02661278413880369,-0.01138936144144419,8.800001523923129e-06,3.0,2.9333338413077095e-06,0.0,187.5
speech_george,ooffice_ch01_seg02,OOFFICE,0,3.9807505233650425e-07,stft_subtraction,13.115278124897088,13.115277726822036,0.001298860586926165,12.937020735492851,0.0075204000022495165,3.0,0.002506800000749839,32.0,1788.9609375
speech_george,ooffice_ch01_seg02,OOFFICE,0,3.9807505233650425e-07,stft_wiener,8.823744196286453,8.823743798211401,0.003489120204017997,8.785743969514057,0.005140299996128306,3.0,0.0017134333320427686,32.0,1788.9609375
speech_george,ooffice_ch01_seg02,OOFFICE,0,3.9807505233650425e-07,wavelet_soft,-0.03808941911256456,-0.0380898171876169,0.026847218230668945,-0.4872325842813542,0.001428800002031494,3.0,0.00047626666734383133,32.0,375.25
speech_george,ooffice_ch01_seg02,OOFFICE,5,4.999999983787121,noisy,4.999999983787121,0.0,0.00841570207855547,4.993973876151877,9.000003046821803e-06,3.0,3.0000010156072676e-06,0.0,187.5
speech_george,ooffice_ch01_seg02,OOFFICE,5,4.999999983787121,stft_subtraction,18.035106298590065,13.035106314802945,0.0004183884831096701,17.967177533648282,0.008090399998764042,3.0,0.002696799999588014,32.0,1788.9609375
speech_george,ooffice_ch01_seg02,OOFFICE,5,4.999999983787121,stft_wiener,13.8103421534847,8.81034216969758,0.001106766830219811,13.793835764717553,0.004847900003369432,3.0,0.0016159666677898106,32.0,1788.9609375
speech_george,ooffice_ch01_seg02,OOFFICE,5,4.999999983787121,wavelet_soft,4.924854018375458,-0.07514596541166263,0.008562586053443013,4.621810181240171,0.0011220000014873222,3.0,0.00037400000049577403,32.0,375.25
speech_george,ooffice_ch01_seg02,OOFFICE,10,9.999999726921292,noisy,9.999999726921292,0.0,0.0026612788232040357,9.996988370490733,8.800001523923129e-06,3.0,2.9333338413077095e-06,0.0,187.5
speech_george,ooffice_ch01_seg02,OOFFICE,10,9.999999726921292,stft_subtraction,22.947190442848754,12.947190715927462,0.0001350116691140568,22.941572221151677,0.007457100000465289,3.0,0.0024857000001550964,32.0,1788.9609375
speech_george,ooffice_ch01_seg02,OOFFICE,10,9.999999726921292,stft_wiener,18.793090648124185,8.793090921202893,0.00035138343658365256,18.78583481093258,0.004343200002040248,3.0,0.0014477333340134162,32.0,1788.9609375
speech_george,ooffice_ch01_seg02,OOFFICE,10,9.999999726921292,wavelet_soft,9.840996159694518,-0.15900356722677422,0.0027605189637373534,9.630503071810825,0.0012540000025182962,3.0,0.00041800000083943206,32.0,375.25
speech_george,ooffice_ch01_seg03,OOFFICE,-5,-4.9999999226356815,noisy,-4.9999999226356815,0.0,0.08415701893397197,-4.998471165446022,8.100003469735384e-06,3.0,2.700001156578461e-06,0.0,187.5
speech_george,ooffice_ch01_seg03,OOFFICE,-5,-4.9999999226356815,stft_subtraction,4.9525861599581695,9.95258608259385,0.008508083329578158,4.574856769455039,0.00804210000205785,3.0,0.0026807000006859503,32.0,1788.9609375
speech_george,ooffice_ch01_seg03,OOFFICE,-5,-4.9999999226356815,stft_wiener,1.1354251436638232,6.135425066299504,0.02049027732557819,1.077795075194777,0.004686000000219792,3.0,0.0015620000000732641,32.0,1788.9609375
speech_george,ooffice_ch01_seg03,OOFFICE,-5,-4.9999999226356815,wavelet_soft,-5.0176038708272745,-0.017603948191593055,0.0844988382706407,-5.706729017715075,0.0010914000013144687,3.0,0.00036380000043815625,32.0,375.25
speech_george,ooffice_ch01_seg03,OOFFICE,0,-3.976442017179261e-07,noisy,-3.976442017179261e-07,0.0,0.026612789011995864,0.0010543231727113294,7.200003892648965e-06,3.0,2.400001297549655e-06,0.0,187.5
speech_george,ooffice_ch01_seg03,OOFFICE,0,-3.976442017179261e-07,stft_subtraction,9.911783536190178,9.91178393383438,0.0027158888842554953,9.707895805331855,0.00814869999885559,3.0,0.0027162333329518638,32.0,1788.9609375
speech_george,ooffice_ch01_seg03,OOFFICE,0,-3.976442017179261e-07,stft_wiener,6.124268987751895,6.124269385396097,0.006496260809352144,6.099324618235555,0.0043155999956070445,3.0,0.0014385333318690148,32.0,1788.9609375
speech_george,ooffice_ch01_seg03,OOFFICE,0,-3.976442017179261e-07,wavelet_soft,-0.040412747482404456,-0.04041234983820274,0.02686158442299354,-0.507599935763243,0.0012936999992234632,3.0,0.00043123333307448775,32.0,375.25
speech_george,ooffice_ch01_seg03,OOFFICE,5,5.000000109229148,noisy,5.000000109229148,0.0,0.00841570183124912,5.000788256033969,1.0000003385357559e-05,3.0,3.333334461785853e-06,0.0,187.5
speech_george,ooffice_ch01_seg03,OOFFICE,5,5.000000109229148,stft_subtraction,14.872846417743828,9.87284630851468,0.0008665741085731391,14.770640787089649,0.008143799997924361,3.0,0.0027145999993081205,32.0,1788.9609375
speech_george,ooffice_ch01_seg03,OOFFICE,5,5.000000109229148,stft_wiener,11.114078845183357,6.114078735954209,0.0020591238380412787,11.104302576416014,0.005270599998766556,3.0,0.0017568666662555188,32.0,1788.9609375
speech_george,ooffice_ch01_seg03,OOFFICE,5,5.000000109229148,wavelet_soft,4.916619927329361,-0.08338018189978769,0.008578835855020013,4.596321422368094,0.0011254999990342185,3.0,0.0003751666663447395,32.0,375.25
speech_george,ooffice_ch01_seg03,OOFFICE,10,9.99999999266667,noisy,9.99999999266667,0.0,0.0026612786607023726,10.000638221090215,9.60000033956021e-06,3.0,3.200000113186737e-06,0.0,187.5
speech_george,ooffice_ch01_seg03,OOFFICE,10,9.99999999266667,stft_subtraction,19.83612174313626,9.83612175046959,0.00027636190435876076,19.792244198596865,0.00824809999903664,3.0,0.0027493666663455465,32.0,1788.9609375
speech_george,ooffice_ch01_seg03,OOFFICE,10,9.99999999266667,stft_wiener,16.103510829678406,6.103510837011736,0.0006527385584372519,16.099985207267842,0.004449700005352497,3.0,0.001483233335117499,32.0,1788.9609375
speech_george,ooffice_ch01_seg03,OOFFICE,10,9.99999999266667,wavelet_soft,9.826371433220265,-0.17362855944640465,0.0027698305925537804,9.606966216264222,0.0010913000005530193,3.0,0.00036376666685100645,32.0,375.25
speech_george,pcafeter_ch01_seg01,PCAFETER,-5,-4.999999857538057,noisy,-4.999999857538057,0.0,0.08415701770024293,-4.590619262058471,8.500006515532732e-06,3.0,2.8333355051775775e-06,0.0,187.5
speech_george,pcafeter_ch01_seg01,PCAFETER,-5,-4.999999857538057,stft_subtraction,-0.24112829636969274,4.758871561168364,0.028132166592414857,-2.7464351073609956,0.008046099996136036,3.0,0.002682033332045345,32.0,1788.9609375
speech_george,pcafeter_ch01_seg01,PCAFETER,-5,-4.999999857538057,stft_wiener,-2.4871870164189875,2.5128128411190698,0.047185553399437044,-3.385374088970554,0.004867100004048552,3.0,0.0016223666680161841,32.0,1788.9609375
speech_george,pcafeter_ch01_seg01,PCAFETER,-5,-4.999999857538057,wavelet_soft,-4.202328113170427,0.79767174436763,0.07003629487244047,-5.335829215977825,0.0018560999960754998,3.0,0.0006186999986918332,32.0,375.25
speech_george,pcafeter_ch01_seg01,PCAFETER,0,-8.32188936389833e-08,noisy,-8.32188936389833e-08,0.0,0.02661278707297646,0.23393797127665042,7.700000423938036e-06,3.0,2.5666668079793453e-06,0.0,187.5
speech_george,pcafeter_ch01_seg01,PCAFETER,0,-8.32188936389833e-08,stft_subtraction,4.263496865689827,4.263496948908721,0.009971044718605385,2.8868867288986086,0.007907400002295617,3.0,0.002635800000765206,32.0,1788.9609375
speech_george,pcafeter_ch01_seg01,PCAFETER,0,-8.32188936389833e-08,stft_wiener,2.329544196544583,2.3295442797634767,0.015564527141531784,1.9141668054404324,0.004427899999427609,3.0,0.0014759666664758697,32.0,1788.9609375
speech_george,pcafeter_ch01_seg01,PCAFETER,0,-8.32188936389833e-08,wavelet_soft,0.6833631615580671,0.6833632447769608,0.02273809281926089,-0.15939002411957193,0.0010192999980063178,3.0,0.0003397666660021059,32.0,375.25
speech_george,pcafeter_ch01_seg01,PCAFETER,5,4.999999959181244,noisy,4.999999959181244,0.0,0.008415702124015685,5.133700117201082,7.999995432328433e-06,3.0,2.6666651441094777e-06,0.0,187.5
speech_george,pcafeter_ch01_seg01,PCAFETER,5,4.999999959181244,stft_subtraction,8.665009408497609,3.665009449316365,0.0036190068890923797,8.041741951543159,0.007561200000054669,3.0,0.0025204000000182227,32.0,1788.9609375
speech_george,pcafeter_ch01_seg01,PCAFETER,5,4.999999959181244,stft_wiener,7.109062733092639,2.109062773911395,0.005178262685780972,6.942317756774598,0.004828500001167413,3.0,0.0016095000003891375,32.0,1788.9609375
speech_george,pcafeter_ch01_seg01,PCAFETER,5,4.999999959181244,wavelet_soft,5.495402639693731,0.4954026805124876,0.007508446434110596,4.925947521422702,0.0011522999993758276,3.0,0.00038409999979194254,32.0,375.25
speech_george,pcafeter_ch01_seg01,PCAFETER,10,10.000000108903764,noisy,10.000000108903764,0.0,0.002661278590028963,10.076820011030117,7.599999662488699e-06,3.0,2.5333332208295665e-06,0.0,187.5
speech_george,pcafeter_ch01_seg01,PCAFETER,10,10.000000108903764,stft_subtraction,13.063183070782461,3.063182961878697,0.0013145346662759923,12.89658224433033,0.00765990000218153,3.0,0.0025533000007271767,32.0,1788.9609375
speech_george,pcafeter_ch01_seg01,PCAFETER,10,10.000000108903764,stft_wiener,11.90061701917941,1.9006169102756463,0.001718021716082669,11.848673752145135,0.004406800006108824,3.0,0.0014689333353696081,32.0,1788.9609375
speech_george,pcafeter_ch01_seg01,PCAFETER,10,10.000000108903764,wavelet_soft,10.199546239521487,0.19954613061772264,0.002541766942736461,9.860911280188583,0.001102599999285303,3.0,0.000367533333095101,32.0,375.25
speech_george,pcafeter_ch01_seg02,PCAFETER,-5,-4.999999856276399,noisy,-4.999999856276399,0.0,0.08415701765801337,-5.101049834415542,7.800001185387373e-06,3.0,2.600000395129124e-06,0.0,187.5
speech_george,pcafeter_ch01_seg02,PCAFETER,-5,-4.999999856276399,stft_subtraction,1.456012999777995,6.456012856054394,0.019032202547240785,-1.3576121131485932,0.008172300003934652,3.0,0.0027241000013115504,32.0,1788.9609375
speech_george,pcafeter_ch01_seg02,PCAFETER,-5,-4.999999856276399,stft_wiener,-0.9944471715521546,4.005552684724244,0.033460703545185336,-2.4758823516427615,0.004902200002106838,3.0,0.001634066667368946,32.0,1788.9609375
speech_george,pcafeter_ch01_seg02,PCAFETER,-5,-4.999999856276399,wavelet_soft,-4.312727451532979,0.6872724047434202,0.07183946610169789,-6.127455927968382,0.0011879999947268516,3.0,0.0003959999982422839,32.0,375.25
speech_george,pcafeter_ch01_seg02,PCAFETER,0,-2.0748586949619858e-07,noisy,-2.0748586949619858e-07,0.0,0.02661278785558675,-0.05632119345689028,1.2500000593718141e-05,3.0,4.166666864572714e-06,0.0,187.5
speech_george,pcafeter_ch01_seg02,PCAFETER,0,-2.0748586949619858e-07,stft_subtraction,5.676668433533773,5.676668641019642,0.007201508994796343,4.365645706067322,0.007818099998985417,3.0,0.002606033332995139,32.0,1788.9609375
speech_george,pcafeter_ch01_seg02,PCAFETER,0,-2.0748586949619858e-07,stft_wiener,3.76310619582638,3.7631064033122494,0.011188702629117602,3.0458828769271804,0.004313400000683032,3.0,0.0014378000002276774,32.0,1788.9609375
speech_george,pcafeter_ch01_seg02,PCAFETER,0,-2.0748586949619858e-07,wavelet_soft,0.5323165085542333,0.5323167160401028,0.023542831822062616,-0.7081894955101052,0.0012051999947289005,3.0,0.00040173333157630015,32.0,375.25
speech_george,pcafeter_ch01_seg02,PCAFETER,5,4.999999850250079,noisy,4.999999850250079,0.0,0.00841570233339149,4.968731016311843,1.2399999832268804e-05,3.0,4.133333277422935e-06,0.0,187.5
speech_george,pcafeter_ch01_seg02,PCAFETER,5,4.999999850250079,stft_subtraction,9.792236229793216,4.792236379543137,0.002791687024090867,9.385940542548303,0.007847900000342634,3.0,0.002615966666780878,32.0,1788.9609375
speech_george,pcafeter_ch01_seg02,PCAFETER,5,4.999999850250079,stft_wiener,8.453476476187058,3.453476625936979,0.0037996422090692777,8.129210738358744,0.004515499997069128,3.0,0.0015051666656897094,32.0,1788.9609375
speech_george,pcafeter_ch01_seg02,PCAFETER,5,4.999999850250079,wavelet_soft,5.288326917789341,0.28832706753926196,0.00787512868734911,4.51790158727332,0.0014770000052521937,3.0,0.0004923333350840645,32.0,375.25
speech_george,pcafeter_ch01_seg02,PCAFETER,10,9.999999695374635,noisy,9.999999695374635,0.0,0.0026612788425722468,9.982787051948037,9.499999578110874e-06,3.0,3.1666665260369578e-06,0.0,187.5
speech_george,pcafeter_ch01_seg02,PCAFETER,10,9.999999695374635,stft_subtraction,13.993329886088874,3.9933301907142393,0.001061102560407077,14.09132793430854,0.007075900000927504,3.0,0.0023586333336425014,32.0,1788.9609375
speech_george,pcafeter_ch01_seg02,PCAFETER,10,9.999999695374635,stft_wiener,13.196389321598323,3.196389626223688,0.001274827487516482,13.063312760379052,0.004961500002536923,3.0,0.0016538333341789742,32.0,1788.9609375
speech_george,pcafeter_ch01_seg02,PCAFETER,10,9.999999695374635,wavelet_soft,9.910915406599411,-0.0890842887752239,0.0027164318269022147,9.493939759378346,0.0011300000041956082,3.0,0.0003766666680652027,32.0,375.25
speech_george,pcafeter_ch01_seg03,PCAFETER,-5,-5.0000000911843205,noisy,-5.0000000911843205,0.0,0.08415702222231043,-4.960994236093831,9.399998816661537e-06,3.0,3.133332938887179e-06,0.0,187.5
speech_george,pcafeter_ch01_seg03,PCAFETER,-5,-5.0000000911843205,stft_subtraction,0.07059845709289203,5.0705985482772125,0.0261836691972895,-3.272521337082144,0.007464499998604879,3.0,0.0024881666662016264,32.0,1788.9609375
speech_george,pcafeter_ch01_seg03,PCAFETER,-5,-5.0000000911843205,stft_wiener,-1.877965312361745,3.1220347788225755,0.04100972737555306,-3.5609592729982364,0.0041734000042197295,3.0,0.0013911333347399097,32.0,1788.9609375
speech_george,pcafeter_ch01_seg03,PCAFETER,-5,-5.0000000911843205,wavelet_soft,-4.6344359834994,0.36556410768492054,0.0773631152228883,-5.919801289925658,0.001070100006472785,3.0,0.000356700002157595,32.0,375.25
speech_george,pcafeter_ch01_seg03,PCAFETER,0,-4.292560728812473e-08,noisy,-4.292560728812473e-08,0.0,0.026612786839957655,0.022119723786769435,8.600000001024455e-06,3.0,2.8666666670081518e-06,0.0,187.5
speech_george,pcafeter_ch01_seg03,PCAFETER,0,-4.292560728812473e-08,stft_subtraction,4.480006460728113,4.48000650365372,0.00948614382862314,2.84976574040201,0.007361200005107094,3.0,0.002453733335035698,32.0,1788.9609375
speech_george,pcafeter_ch01_seg03,PCAFETER,0,-4.292560728812473e-08,stft_wiener,2.9380872650848784,2.9380873080104855,0.01352949619341555,2.153699725661229,0.004038899998704437,3.0,0.0013462999995681457,32.0,1788.9609375
speech_george,pcafeter_ch01_seg03,PCAFETER,0,-4.292560728812473e-08,wavelet_soft,0.2730156626395623,0.2730157055651696,0.024991296374960077,-0.6072558576673042,0.0013020000042160973,3.0,0.00043400000140536577,32.0,375.25
speech_george,pcafeter_ch01_seg03,PCAFETER,5,5.000000043609792,noisy,5.000000043609792,0.0,0.008415701961689013,5.012609620966155,7.399998139590025e-06,3.0,2.4666660465300083e-06,0.0,187.5
speech_george,pcafeter_ch01_seg03,PCAFETER,5,5.000000043609792,stft_subtraction,8.903647238058781,3.9036471944489888,0.003425513056500724,8.326573078928451,0.0073853000067174435,3.0,0.0024617666689058146,32.0,1788.9609375
speech_george,pcafeter_ch01_seg03,PCAFETER,5,5.000000043609792,stft_wiener,7.786065152576343,2.786065108966551,0.004430817224305361,7.460762238004104,0.004445400001714006,3.0,0.0014818000005713354,32.0,1788.9609375
speech_george,pcafeter_ch01_seg03,PCAFETER,5,5.000000043609792,wavelet_soft,5.138172539044302,0.13817249543450938,0.008152167548655009,4.5708030944342335,0.0012886999975307845,3.0,0.0004295666658435948,32.0,375.25
speech_george,pcafeter_ch01_seg03,PCAFETER,10,10.000000262575458,noisy,10.000000262575458,0.0,0.002661278496085089,10.007257294210897,8.700000762473792e-06,3.0,2.9000002541579306e-06,0.0,187.5
speech_george,pcafeter_ch01_seg03,PCAFETER,10,10.000000262575458,stft_subtraction,13.371657105132925,3.371656842557467,0.001224403720785021,13.382988827123183,0.007310699998924974,3.0,0.0024368999996416583,32.0,1788.9609375
speech_george,pcafeter_ch01_seg03,PCAFETER,10,10.000000262575458,stft_wiener,12.619768789731502,2.619768527156044,0.001455839411408126,12.49328772978869,0.004407699998409953,3.0,0.0014692333328033176,32.0,1788.9609375
speech_george,pcafeter_ch01_seg03,PCAFETER,10,10.000000262575458,wavelet_soft,9.92783106306436,-0.07216919951109801,0.002705871974487068,9.59141596783044,0.0012178999968455173,3.0,0.0004059666656151724,32.0,375.25
speech_george,straffic_ch01_seg01,STRAFFIC,-5,-5.000000059058406,noisy,-5.000000059058406,0.0,0.08415702152639992,-5.0225408617419545,8.300004992634058e-06,3.0,2.7666683308780193e-06,0.0,187.5
speech_george,straffic_ch01_seg01,STRAFFIC,-5,-5.000000059058406,stft_subtraction,0.46462133309544523,5.464621392153852,0.023912678101855947,-0.12227788225674845,0.0078104999993229285,3.0,0.0026034999997743094,32.0,1788.9609375
speech_george,straffic_ch01_seg01,STRAFFIC,-5,-5.000000059058406,stft_wiener,-2.4267180492244753,2.573282009833931,0.04653311814803861,-2.543220124825447,0.005219800004852004,3.0,0.001739933334950668,32.0,1788.9609375
speech_george,straffic_ch01_seg01,STRAFFIC,-5,-5.000000059058406,wavelet_soft,-4.997282559757764,0.0027174993006422454,0.08410437871160445,-5.699308932145289,0.0013854999997420236,3.0,0.0004618333332473412,32.0,375.25
speech_george,straffic_ch01_seg01,STRAFFIC,0,1.269235353106274e-07,noisy,1.269235353106274e-07,0.0,0.026612785785614563,-0.012660590533268725,1.0299998393747956e-05,3.0,3.4333327979159853e-06,0.0,187.5
speech_george,straffic_ch01_seg01,STRAFFIC,0,1.269235353106274e-07,stft_subtraction,5.42630008719593,5.426299960272394,0.007628872247537668,5.096018621353685,0.007918199997220654,3.0,0.0026393999990735515,32.0,1788.9609375
speech_george,straffic_ch01_seg01,STRAFFIC,0,1.269235353106274e-07,stft_wiener,2.563253193059599,2.5632530661360637,0.014749083411882918,2.5113530932215293,0.0045182999965618365,3.0,0.0015060999988539454,32.0,1788.9609375
speech_george,straffic_ch01_seg01,STRAFFIC,0,1.269235353106274e-07,wavelet_soft,-0.020686930628934397,-0.020687057552469707,0.02673985474319777,-0.4948824957329287,0.0013127000056556426,3.0,0.00043756666855188087,32.0,375.25
speech_george,straffic_ch01_seg01,STRAFFIC,5,4.999999761207569,noisy,4.999999761207569,0.0,0.008415702505596175,4.99289010491546,1.0199997632298619e-05,3.0,3.399999210766206e-06,0.0,187.5
speech_george,straffic_ch01_seg01,STRAFFIC,5,4.999999761207569,stft_subtraction,10.382396845967698,5.382397084760129,0.0024369727126222593,10.204119154141072,0.008184199999959674,3.0,0.0027280666666532247,32.0,1788.9609375
speech_george,straffic_ch01_seg01,STRAFFIC,5,4.999999761207569,stft_wiener,7.552221101179307,2.552221339971738,0.0046759325809598885,7.529586636639286,0.005249900001217611,3.0,0.0017499666670725371,32.0,1788.9609375
speech_george,straffic_ch01_seg01,STRAFFIC,5,4.999999761207569,wavelet_soft,4.936550388844322,-0.06344937236324721,0.008539556421838656,4.613122716451764,0.001204100000904873,3.0,0.000401366666968291,32.0,375.25
speech_george,straffic_ch01_seg01,STRAFFIC,10,9.999999966912082,noisy,9.999999966912082,0.0,0.0026612786756203856,9.996010331948678,1.290000363951549e-05,3.0,4.3000012131718295e-06,0.0,187.5
speech_george,straffic_ch01_seg01,STRAFFIC,10,9.999999966912082,stft_subtraction,15.333838670645308,5.333838703733226,0.0007793032437882633,15.24399645195625,0.007947499994770624,3.0,0.0026491666649235412,32.0,1788.9609375
speech_george,straffic_ch01_seg01,STRAFFIC,10,9.999999966912082,stft_wiener,12.540001161854377,2.5400011949422954,0.001482826143901834,12.530200634217906,0.004597899998771027,3.0,0.0015326333329236756,32.0,1788.9609375
speech_george,straffic_ch01_seg01,STRAFFIC,10,9.999999966912082,wavelet_soft,9.850447624202669,-0.14955234270941276,0.0027545178334790177,9.632093665674958,0.0012526999998954125,3.0,0.00041756666663180414,32.0,375.25
speech_george,straffic_ch01_seg02,STRAFFIC,-5,-5.000000088974565,noisy,-5.000000088974565,0.0,0.08415702214789836,-5.05462301049911,1.0000003385357559e-05,3.0,3.333334461785853e-06,0.0,187.5
speech_george,straffic_ch01_seg02,STRAFFIC,-5,-5.000000088974565,stft_subtraction,0.9269610419374262,5.926961130911991,0.021497811330245455,-0.1579199114049052,0.007852400005504023,3.0,0.0026174666685013412,32.0,1788.9609375
speech_george,straffic_ch01_seg02,STRAFFIC,-5,-5.000000088974565,stft_wiener,-1.0584871587860665,3.941512930188498,0.03395776252006606,-1.3610771244421038,0.005246200002147816,3.0,0.0017487333340492721,32.0,1788.9609375
speech_george,straffic_ch01_seg02,STRAFFIC,-5,-5.000000088974565,wavelet_soft,-4.1686156010354285,0.8313844879391361,0.06949473623360987,-6.629106394990912,0.0012131000039516948,3.0,0.00040436666798389825,32.0,375.25
speech_george,straffic_ch01_seg02,STRAFFIC,0,2.8977118376197282e-08,noisy,2.8977118376197282e-08,0.0,0.02661278637879109,-0.030647334423808043,8.800001523923129e-06,3.0,2.9333338413077095e-06,0.0,187.5
speech_george,straffic_ch01_seg02,STRAFFIC,0,2.8977118376197282e-08,stft_subtraction,5.683369029267366,5.683369000290248,0.007190406577747975,5.051915553705982,0.008251399995060638,3.0,0.0027504666650202125,32.0,1788.9609375
speech_george,straffic_ch01_seg02,STRAFFIC,0,2.8977118376197282e-08,stft_wiener,3.8632557040833504,3.863255675106232,0.010933640258131197,3.7056575661153612,0.004131499998038635,3.0,0.0013771666660128783,32.0,1788.9609375
speech_george,straffic_ch01_seg02,STRAFFIC,0,2.8977118376197282e-08,wavelet_soft,0.6202003342810648,0.6202003053039464,0.023071207095758932,-0.9449659568476293,0.0011295000003883615,3.0,0.00037650000012945384,32.0,375.25
speech_george,straffic_ch01_seg02,STRAFFIC,5,5.0000000192719405,noisy,5.0000000192719405,0.0,0.008415702007244067,4.982806077800167,9.999996109399945e-06,3.0,3.3333320364666483e-06,0.0,187.5
speech_george,straffic_ch01_seg02,STRAFFIC,5,5.0000000192719405,stft_subtraction,10.382498649820286,5.382498630548346,0.0024369155893399336,10.054991154441161,0.008204800004023127,3.0,0.0027349333346743756,32.0,1788.9609375
speech_george,straffic_ch01_seg02,STRAFFIC,5,5.0000000192719405,stft_wiener,8.771387748966005,3.771387729694064,0.0035314379210707263,8.695435037872878,0.005037200004153419,3.0,0.0016790666680511397,32.0,1788.9609375
speech_george,straffic_ch01_seg02,STRAFFIC,5,5.0000000192719405,wavelet_soft,5.290591598242331,0.2905915789703908,0.007871023179612137,4.364155971336347,0.0012124999993829988,3.0,0.0004041666664609996,32.0,375.25
speech_george,straffic_ch01_seg02,STRAFFIC,10,10.000000190953442,noisy,10.000000190953442,0.0,0.0026612785400203956,9.99036252911171,1.1299998732283711e-05,3.0,3.7666662440945706e-06,0.0,187.5
speech_george,straffic_ch01_seg02,STRAFFIC,10,10.000000190953442,stft_subtraction,15.022297557077401,5.02229736612396,0.0008372604857917251,14.883634147816846,0.007978499997989275,3.0,0.0026594999993297583,32.0,1788.9609375
speech_george,straffic_ch01_seg02,STRAFFIC,10,10.000000190953442,stft_wiener,13.65073815618386,3.6507379652304177,0.0011481973365377583,13.614569747034462,0.005203799999435432,3.0,0.0017345999998118107,32.0,1788.9609375
speech_george,straffic_ch01_seg02,STRAFFIC,10,10.000000190953442,wavelet_soft,9.789510461352236,-0.21048972960120516,0.002793439722759128,9.325335591798268,0.0012747000000672415,3.0,0.00042490000002241385,32.0,375.25
speech_george,straffic_ch01_seg03,STRAFFIC,-5,-5.0000002921659075,noisy,-5.0000002921659075,0.0,0.08415702606056527,-4.859646328799248,1.1199997970834374e-05,3.0,3.7333326569447913e-06,0.0,187.5
speech_george,straffic_ch01_seg03,STRAFFIC,-5,-5.0000002921659075,stft_subtraction,2.227650183957276,7.227650476123184,0.015934019056559372,0.4710568553366798,0.009044299993547611,3.0,0.00301476666451587,32.0,1788.9609375
speech_george,straffic_ch01_seg03,STRAFFIC,-5,-5.0000002921659075,stft_wiener,-0.7061477957941598,4.2938524963717475,0.03131159063871267,-1.2758514495406352,0.005790000002889428,3.0,0.0019300000009631428,32.0,1788.9609375
speech_george,straffic_ch01_seg03,STRAFFIC,-5,-5.0000002921659075,wavelet_soft,-4.669651384508288,0.33034890765761915,0.0779929754535614,-6.3623219837384815,0.0012499000004027039,3.0,0.000416633333467568,32.0,375.25
speech_george,straffic_ch01_seg03,STRAFFIC,0,1.7754700515478088e-07,noisy,1.7754700515478088e-07,0.0,0.026612785484787925,0.07946553751159782,1.0399999155197293e-05,3.0,3.466666385065764e-06,0.0,187.5
speech_george,straffic_ch01_seg03,STRAFFIC,0,1.7754700515478088e-07,stft_subtraction,6.715246568906038,6.715246391359033,0.005669773292434261,5.828162610071658,0.008128800000122283,3.0,0.0027096000000407607,32.0,1788.9609375
speech_george,straffic_ch01_seg03,STRAFFIC,0,1.7754700515478088e-07,stft_wiener,4.135763617870149,4.135763440323143,0.01026866507644197,3.870667708947249,0.005429199998616241,3.0,0.0018097333328720804,32.0,1788.9609375
speech_george,straffic_ch01_seg03,STRAFFIC,0,1.7754700515478088e-07,wavelet_soft,0.20234022252981723,0.20234004498281208,0.025401322507823797,-0.9253705536765391,0.0011407999991206452,3.0,0.0003802666663735484,32.0,375.25
speech_george,straffic_ch01_seg03,STRAFFIC,5,5.000000130587811,noisy,5.000000130587811,0.0,0.008415701787981402,5.045036878345678,8.299997716676444e-06,3.0,2.7666659055588147e-06,0.0,187.5
speech_george,straffic_ch01_seg03,STRAFFIC,5,5.000000130587811,stft_subtraction,11.11330315456966,6.1133030239818495,0.002059491649398204,10.768303913476199,0.008629500000097323,3.0,0.002876500000032441,32.0,1788.9609375
speech_george,straffic_ch01_seg03,STRAFFIC,5,5.000000130587811,stft_wiener,8.942364084519339,3.942363953931528,0.003395110723422192,8.829779002888497,0.005137200001627207,3.0,0.0017124000005424023,32.0,1788.9609375
speech_george,straffic_ch01_seg03,STRAFFIC,5,5.000000130587811,wavelet_soft,5.006545969865791,0.00654583927798047,0.008403026902609686,4.303824927108234,0.001252400004887022,3.0,0.000417466668295674,32.0,375.25
speech_george,straffic_ch01_seg03,STRAFFIC,10,10.00000006562555,noisy,10.00000006562555,0.0,0.0026612786146791413,10.025616068669335,8.899995009414852e-06,3.0,2.9666650031382837e-06,0.0,187.5
speech_george,straffic_ch01_seg03,STRAFFIC,10,10.00000006562555,stft_subtraction,15.486588955980396,5.486588890354847,0.0007523699744351425,15.453070330898901,0.008155200004694052,3.0,0.002718400001564684,32.0,1788.9609375
speech_george,straffic_ch01_seg03,STRAFFIC,10,10.00000006562555,stft_wiener,13.730371792257172,3.7303717266316223,0.0011273354701695707,13.68744984477895,0.005167600000277162,3.0,0.0017225333334257205,32.0,1788.9609375
speech_george,straffic_ch01_seg03,STRAFFIC,10,10.00000006562555,wavelet_soft,9.704326480704248,-0.29567358492130147,0.0028487720693186774,9.307619865244266,0.0012698999998974614,3.0,0.00042329999996582046,32.0,375.25
speech_jackson,dkitchen_ch01_seg01,DKITCHEN,-5,-5.000000250272318,noisy,-5.000000250272318,0.0,0.07962398088915673,-5.003736208300744,8.900002285372466e-06,3.0,2.9666674284574888e-06,0.0,187.5
speech_jackson,dkitchen_ch01_seg01,DKITCHEN,-5,-5.000000250272318,stft_subtraction,1.9674099052316594,6.967410155503978,0.01600673930720867,1.3499967622761988,0.008754599999519996,3.0,0.0029181999998399988,32.0,1788.9609375
speech_jackson,dkitchen_ch01_seg01,DKITCHEN,-5,-5.000000250272318,stft_wiener,-1.7572537821579757,3.2427464681143428,0.03773716236237559,-1.9014986375330765,0.0058359999966342,3.0,0.0019453333322114001,32.0,1788.9609375
speech_jackson,dkitchen_ch01_seg01,DKITCHEN,-5,-5.000000250272318,wavelet_soft,-4.965292564451404,0.03470768582091477,0.07899018268888318,-10.31045959621114,0.00127529999735998,3.0,0.0004250999991199933,32.0,375.25
speech_jackson,dkitchen_ch01_seg01,DKITCHEN,0,3.8026758524772795e-07,noisy,3.8026758524772795e-07,0.0,0.025179309959307773,-0.0020983104700215333,9.200004569720477e-06,3.0,3.0666681899068258e-06,0.0,187.5
speech_jackson,dkitchen_ch01_seg01,DKITCHEN,0,3.8026758524772795e-07,stft_subtraction,6.894804303154638,6.894803922887053,0.005147109786196237,6.550386054368692,0.008331700002599973,3.0,0.002777233334199991,32.0,1788.9609375
speech_jackson,dkitchen_ch01_seg01,DKITCHEN,0,3.8026758524772795e-07,stft_wiener,3.2264797103866205,3.226479330119035,0.01197831944907963,3.1614800627249022,0.006419800003641285,3.0,0.002139933334547095,32.0,1788.9609375
speech_jackson,dkitchen_ch01_seg01,DKITCHEN,0,3.8026758524772795e-07,wavelet_soft,-0.3007905753796699,-0.30079095564725516,0.02698503089593558,-3.2456979119471665,0.0016032999992603436,3.0,0.0005344333330867812,32.0,375.25
speech_jackson,dkitchen_ch01_seg01,DKITCHEN,5,5.000000249957145,noisy,5.000000249957145,0.0,0.007962397176226257,4.998822125071788,9.800001862458885e-06,3.0,3.2666672874862948e-06,0.0,187.5
speech_jackson,dkitchen_ch01_seg01,DKITCHEN,5,5.000000249957145,stft_subtraction,11.805578882026946,6.8055786320698015,0.0016614450177271645,11.624934829377997,0.009925499995006248,3.0,0.003308499998335416,32.0,1788.9609375
speech_jackson,dkitchen_ch01_seg01,DKITCHEN,5,5.000000249957145,stft_wiener,8.206667887144324,3.206667637187179,0.0038051963649085294,8.178525890019252,0.005621299998892937,3.0,0.0018737666662976455,32.0,1788.9609375
speech_jackson,dkitchen_ch01_seg01,DKITCHEN,5,5.000000249957145,wavelet_soft,4.283081461563682,-0.7169187883934631,0.009391516278956123,2.8066344621917056,0.0011470000026747584,3.0,0.0003823333342249195,32.0,375.25
speech_jackson,dkitchen_ch01_seg01,DKITCHEN,10,9.999999697409699,noisy,9.999999697409699,0.0,0.0025179313912748013,9.999339202074275,1.0700001439545304e-05,3.0,3.566667146515101e-06,0.0,187.5
speech_jackson,dkitchen_ch01_seg01,DKITCHEN,10,9.999999697409699,stft_subtraction,16.693945857154702,6.693946159745003,0.0005390751051378161,16.609362068640603,0.008197099996323232,3.0,0.002732366665441077,32.0,1788.9609375
speech_jackson,dkitchen_ch01_seg01,DKITCHEN,10,9.999999697409699,stft_wiener,13.179075497992422,3.179075800582723,0.001210978163275833,13.16694565505636,0.004701400001067668,3.0,0.0015671333336892228,32.0,1788.9609375
speech_jackson,dkitchen_ch01_seg01,DKITCHEN,10,9.999999697409699,wavelet_soft,8.750064688145114,-1.2499350092645845,0.0033576652293944255,8.129803077444294,0.0011327999964123592,3.0,0.0003775999988041197,32.0,375.25
speech_jackson,dkitchen_ch01_seg02,DKITCHEN,-5,-5.000000193495918,noisy,-5.000000193495918,0.0,0.07962397993708929,-4.998941478205451,1.1200005246791989e-05,3.0,3.7333350822639963e-06,0.0,187.5
speech_jackson,dkitchen_ch01_seg02,DKITCHEN,-5,-5.000000193495918,stft_subtraction,7.793271390552655,12.793271584048572,0.0041852048775278166,7.267180690322065,0.007651399995665997,3.0,0.002550466665221999,32.0,1788.9609375
speech_jackson,dkitchen_ch01_seg02,DKITCHEN,-5,-5.000000193495918,stft_wiener,2.6618110877659813,7.661811281261899,0.013641519659158191,2.467355341409841,0.004723999998532236,3.0,0.0015746666661774118,32.0,1788.9609375
speech_jackson,dkitchen_ch01_seg02,DKITCHEN,-5,-5.000000193495918,wavelet_soft,-4.97881486317893,0.021185330316987994,0.07923651182800753,-10.208779529351313,0.0011149999991175719,3.0,0.00037166666637252394,32.0,375.25
speech_jackson,dkitchen_ch01_seg02,DKITCHEN,0,1.1319690508557271e-07,noisy,1.1319690508557271e-07,0.0,0.025179311501384204,0.0006386265400116209,9.300005331169814e-06,3.0,3.1000017770566046e-06,0.0,187.5
speech_jackson,dkitchen_ch01_seg02,DKITCHEN,0,1.1319690508557271e-07,stft_subtraction,12.501909268403962,12.501909155207057,0.0014153144324139367,12.262049863174084,0.008223199998610653,3.0,0.002741066666203551,32.0,1788.9609375
speech_jackson,dkitchen_ch01_seg02,DKITCHEN,0,1.1319690508557271e-07,stft_wiener,7.6119678711498215,7.611967757952916,0.0043636215185268645,7.525925170683663,0.005330699998012278,3.0,0.0017768999993374261,32.0,1788.9609375
speech_jackson,dkitchen_ch01_seg02,DKITCHEN,0,1.1319690508557271e-07,wavelet_soft,-0.30728331022326816,-0.30728342342017323,0.027025403878926282,-3.203532321148824,0.0013235000005806796,3.0,0.00044116666686022654,32.0,375.25
speech_jackson,dkitchen_ch01_seg02,DKITCHEN,5,4.9999997128893865,noisy,4.9999997128893865,0.0,0.007962398164609072,5.000401918145165,8.600000001024455e-06,3.0,2.8666666670081518e-06,0.0,187.5
speech_jackson,dkitchen_ch01_seg02,DKITCHEN,5,4.9999997128893865,stft_subtraction,17.169154301371265,12.169154588481877,0.0004832016753025347,17.09795432334205,0.008989399997517467,3.0,0.0029964666658391557,32.0,1788.9609375
speech_jackson,dkitchen_ch01_seg02,DKITCHEN,5,4.9999997128893865,stft_wiener,12.555296965983608,7.5552972530942215,0.0013980225140502013,12.51928031959527,0.007566499996755738,3.0,0.002522166665585246,32.0,1788.9609375
speech_jackson,dkitchen_ch01_seg02,DKITCHEN,5,4.9999997128893865,wavelet_soft,4.292046970624707,-0.7079527422646796,0.00937214858143795,2.838957168256914,0.001179500002763234,3.0,0.0003931666675877447,32.0,375.25
speech_jackson,dkitchen_ch01_seg02,DKITCHEN,10,10.00000012106004,noisy,10.00000012106004,0.0,0.0025179311455214943,10.000269438140785,4.9200003559235483e-05,3.0,1.6400001186411828e-05,0.0,187.5
speech_jackson,dkitchen_ch01_seg02,DKITCHEN,10,10.00000012106004,stft_subtraction,21.782905524139885,11.782905403079845,0.00016701416604093772,21.80655525553607,0.011055499999201857,3.0,0.003685166666400619,32.0,1788.9609375
speech_jackson,dkitchen_ch01_seg02,DKITCHEN,10,10.00000012106004,stft_wiener,17.478814767678973,7.4788146466189325,0.0004499480615676196,17.463888806695863,0.005823899999086279,3.0,0.0019412999996954265,32.0,1788.9609375
speech_jackson,dkitchen_ch01_seg02,DKITCHEN,10,10.00000012106004,wavelet_soft,8.773248364576201,-1.2267517564838393,0.0033397889660074847,8.15761190214962,0.0012990999966859818,3.0,0.0004330333322286606,32.0,375.25
speech_jackson,dkitchen_ch01_seg03,DKITCHEN,-5,-5.000000223807184,noisy,-5.000000223807184,0.0,0.0796239804451771,-5.013416956240704,9.700001101009548e-06,3.0,3.233333700336516e-06,0.0,187.5
speech_jackson,dkitchen_ch01_seg03,DKITCHEN,-5,-5.000000223807184,stft_subtraction,7.239095260192974,12.239095484000158,0.004754822788077309,6.724213634013214,0.008621399996627588,3.0,0.0028737999988758625,32.0,1788.9609375
speech_jackson,dkitchen_ch01_seg03,DKITCHEN,-5,-5.000000223807184,stft_wiener,2.7620036796765692,7.762003903483754,0.013330409596000929,2.6066031108576566,0.005093199994007591,3.0,0.0016977333313358638,32.0,1788.9609375
speech_jackson,dkitchen_ch01_seg03,DKITCHEN,-5,-5.000000223807184,wavelet_soft,-4.977922547240553,0.02207767656663151,0.07922023323098161,-10.232435871915676,0.0013557999991462566,3.0,0.0004519333330487522,32.0,375.25
speech_jackson,dkitchen_ch01_seg03,DKITCHEN,0,-1.6489845988018536e-07,noisy,-1.6489845988018536e-07,0.0,0.025179313100719837,-0.007170681692980266,9.499999578110874e-06,3.0,3.1666665260369578e-06,0.0,187.5
speech_jackson,dkitchen_ch01_seg03,DKITCHEN,0,-1.6489845988018536e-07,stft_subtraction,11.951957694004598,11.951957858903057,0.0016063792753450781,11.700488818857739,0.008019599998078775,3.0,0.0026731999993595914,32.0,1788.9609375
speech_jackson,dkitchen_ch01_seg03,DKITCHEN,0,-1.6489845988018536e-07,stft_wiener,7.711439082233003,7.711439247131463,0.0042648126096042765,7.637010561513689,0.005019100004574284,3.0,0.0016730333348580946,32.0,1788.9609375
speech_jackson,dkitchen_ch01_seg03,DKITCHEN,0,-1.6489845988018536e-07,wavelet_soft,-0.3038826970386045,-0.3038825321401446,0.02700425071094583,-3.200569952593769,0.0010705000022426248,3.0,0.0003568333340808749,32.0,375.25
speech_jackson,dkitchen_ch01_seg03,DKITCHEN,5,5.000000012560779,noisy,5.000000012560779,0.0,0.007962397606055643,4.996340028837944,7.300004654098302e-06,3.0,2.433334884699434e-06,0.0,187.5
speech_jackson,dkitchen_ch01_seg03,DKITCHEN,5,5.000000012560779,stft_subtraction,16.64555854357679,11.645558531016011,0.0005451148425064988,16.55370029640661,0.007743899994238745,3.0,0.0025812999980795817,32.0,1788.9609375
speech_jackson,dkitchen_ch01_seg03,DKITCHEN,5,5.000000012560779,stft_wiener,12.65946866580877,7.659468653247991,0.001364887935561914,12.626247493309064,0.0045119999995222315,3.0,0.0015039999998407438,32.0,1788.9609375
speech_jackson,dkitchen_ch01_seg03,DKITCHEN,5,5.000000012560779,wavelet_soft,4.291761133134953,-0.7082388794258261,0.009372765442038368,2.834881796864056,0.001359900001261849,3.0,0.0004533000004206163,32.0,375.25
speech_jackson,dkitchen_ch01_seg03,DKITCHEN,10,9.999999771513364,noisy,9.999999771513364,0.0,0.0025179313486909747,9.99831328361749,8.100003469735384e-06,3.0,2.700001156578461e-06,0.0,187.5
speech_jackson,dkitchen_ch01_seg03,DKITCHEN,10,9.999999771513364,stft_subtraction,21.296662023808413,11.296662252295048,0.00018680033887966284,21.296394968272423,0.008080799998424482,3.0,0.002693599999474827,32.0,1788.9609375
speech_jackson,dkitchen_ch01_seg03,DKITCHEN,10,9.999999771513364,stft_wiener,17.58576390884666,7.585764137333294,0.0004390029826271586,17.570852305760443,0.005978299996058922,3.0,0.001992766665352974,32.0,1788.9609375
speech_jackson,dkitchen_ch01_seg03,DKITCHEN,10,9.999999771513364,wavelet_soft,8.762297680029366,-1.2377020914839978,0.0033482208306722955,8.145259280606139,0.0014144000015221536,3.0,0.0004714666671740512,32.0,375.25
speech_jackson,ooffice_ch01_seg01,OOFFICE,-5,-5.000000319078223,noisy,-5.000000319078223,0.0,0.07962398214380018,-4.998867878916261,9.10000380827114e-06,3.0,3.0333346027570465e-06,0.0,187.5
speech_jackson,ooffice_ch01_seg01,OOFFICE,-5,-5.000000319078223,stft_subtraction,-1.3993689430068332,3.60063137607139,0.03475207622470327,-1.8635047124013981,0.00810769999952754,3.0,0.00270256666650918,32.0,1788.9609375
speech_jackson,ooffice_ch01_seg01,OOFFICE,-5,-5.000000319078223,stft_wiener,-3.0939477125217483,1.9060526065564751,0.051337963039447765,-3.1741295555612483,0.0048470000037923455,3.0,0.0016156666679307818,32.0,1788.9609375
speech_jackson,ooffice_ch01_seg01,OOFFICE,-5,-5.000000319078223,wavelet_soft,-5.006389338036766,-0.006389018958542714,0.0797412052191896,-5.425276736747154,0.0010868000026675873,3.0,0.0003622666675558624,32.0,375.25
speech_jackson,ooffice_ch01_seg01,OOFFICE,0,-1.4837866815571086e-07,noisy,-1.4837866815571086e-07,0.0,0.025179313026370394,0.0008691316254090038,7.599999662488699e-06,3.0,2.5333332208295665e-06,0.0,187.5
speech_jackson,ooffice_ch01_seg01,OOFFICE,0,-1.4837866815571086e-07,stft_subtraction,3.583482058509355,3.583482206888023,0.011033051776626963,3.31831210994943,0.008173900001565926,3.0,0.0027246333338553086,32.0,1788.9609375
speech_jackson,ooffice_ch01_seg01,OOFFICE,0,-1.4837866815571086e-07,stft_wiener,1.9005605256281402,1.9005606740068084,0.016255031302037697,1.8670330616434345,0.0046282999974209815,3.0,0.0015427666658069938,32.0,1788.9609375
speech_jackson,ooffice_ch01_seg01,OOFFICE,0,-1.4837866815571086e-07,wavelet_soft,-0.0164665888860544,-0.016466440507386246,0.02527496257315564,-0.29691365374558654,0.0011823999957414344,3.0,0.00039413333191381145,32.0,375.25
speech_jackson,ooffice_ch01_seg01,OOFFICE,5,4.999999843654004,noisy,4.999999843654004,0.0,0.00796239792138033,5.000721130626128,9.2999980552122e-06,3.0,3.0999993517374e-06,0.0,187.5
speech_jackson,ooffice_ch01_seg01,OOFFICE,5,4.999999843654004,stft_subtraction,8.564907114290078,3.5649072706360734,0.003503911678541987,8.417063914978772,0.008070100004260894,3.0,0.002690033334753631,32.0,1788.9609375
speech_jackson,ooffice_ch01_seg01,OOFFICE,5,4.999999843654004,stft_wiener,6.8954428469508695,1.8954430032968652,0.005146353058581805,6.881908675626613,0.004877300001680851,3.0,0.0016257666672269504,32.0,1788.9609375
speech_jackson,ooffice_ch01_seg01,OOFFICE,5,4.999999843654004,wavelet_soft,4.963330289032892,-0.03666955462111243,0.008029912872014837,4.766701820487246,0.0013367999999900348,3.0,0.00044559999999667826,32.0,375.25
speech_jackson,ooffice_ch01_seg01,OOFFICE,10,10.000000294652938,noisy,10.000000294652938,0.0,0.0025179310438565566,10.000638361588818,1.030000566970557e-05,3.0,3.43333522323519e-06,0.0,187.5
speech_jackson,ooffice_ch01_seg01,OOFFICE,10,10.000000294652938,stft_subtraction,13.543061118269886,3.5430608236169476,0.0011136218663361857,13.463019627879639,0.008482800003548618,3.0,0.002827600001182873,32.0,1788.9609375
speech_jackson,ooffice_ch01_seg01,OOFFICE,10,10.000000294652938,stft_wiener,11.888229707505404,1.888229412852466,0.0016301249352888652,11.882372491944215,0.005113699997309595,3.0,0.001704566665769865,32.0,1788.9609375
speech_jackson,ooffice_ch01_seg01,OOFFICE,10,10.000000294652938,wavelet_soft,9.919904989500326,-0.08009530515261254,0.0025647991609145265,9.779379605572318,0.001291199994739145,3.0,0.0004303999982463817,32.0,375.25
speech_jackson,ooffice_ch01_seg02,OOFFICE,-5,-4.999999517794228,noisy,-4.999999517794228,0.0,0.07962396746515578,-4.985507951866217,9.999996109399945e-06,3.0,3.3333320364666483e-06,0.0,187.5
speech_jackson,ooffice_ch01_seg02,OOFFICE,-5,-4.999999517794228,stft_subtraction,7.922376595003479,12.922376112797707,0.004062620007326895,7.452302189332149,0.007971099999849685,3.0,0.0026570333332832283,32.0,1788.9609375
speech_jackson,ooffice_ch01_seg02,OOFFICE,-5,-4.999999517794228,stft_wiener,3.7637853305763507,8.763784848370578,0.010584377691777213,3.623958173630382,0.0043263000043225475,3.0,0.0014421000014408492,32.0,1788.9609375
speech_jackson,ooffice_ch01_seg02,OOFFICE,-5,-4.999999517794228,wavelet_soft,-5.0063590186912945,-0.006359500897066717,0.07974064858523496,-5.428682712296108,0.0013371000022743829,3.0,0.0004457000007581276,32.0,375.25
speech_jackson,ooffice_ch01_seg02,OOFFICE,0,-3.3019564701150177e-07,noisy,-3.3019564701150177e-07,0.0,0.02517931407668482,0.00852596597387902,8.900002285372466e-06,3.0,2.9666674284574888e-06,0.0,187.5
speech_jackson,ooffice_ch01_seg02,OOFFICE,0,-3.3019564701150177e-07,stft_subtraction,12.609344813320714,12.60934514351636,0.0013807319697851969,12.384059448691227,0.007666199999221135,3.0,0.0025553999997403785,32.0,1788.9609375
speech_jackson,ooffice_ch01_seg02,OOFFICE,0,-3.3019564701150177e-07,stft_wiener,8.700459320243523,8.70045965043917,0.0033962365431939767,8.626422077773483,0.004458799994608853,3.0,0.0014862666648696177,32.0,1788.9609375
speech_jackson,ooffice_ch01_seg02,OOFFICE,0,-3.3019564701150177e-07,wavelet_soft,-0.016652855538722255,-0.016652525343075243,0.025276046613609465,-0.29482352749864255,0.0011620000004768372,3.0,0.00038733333349227905,32.0,375.25
speech_jackson,ooffice_ch01_seg02,OOFFICE,5,4.999999841011155,noisy,4.999999841011155,0.0,0.007962397924998997,5.005169815551403,9.399998816661537e-06,3.0,3.133332938887179e-06,0.0,187.5
speech_jackson,ooffice_ch01_seg02,OOFFICE,5,4.999999841011155,stft_subtraction,17.270436290859628,12.270436449848473,0.0004720632949914378,17.195534940313372,0.007284799998160452,3.0,0.0024282666660534837,32.0,1788.9609375
speech_jackson,ooffice_ch01_seg02,OOFFICE,5,4.999999841011155,stft_wiener,13.660908626194196,8.660908785183041,0.0010838096137082386,13.627754558511768,0.0042025000002468005,3.0,0.0014008333334156002,32.0,1788.9609375
speech_jackson,ooffice_ch01_seg02,OOFFICE,5,4.999999841011155,wavelet_soft,4.963697548679146,-0.036302292332008435,0.0080292338566687,4.772412717679703,0.0012123999986215495,3.0,0.00040413333287384984,32.0,375.25
speech_jackson,ooffice_ch01_seg02,OOFFICE,10,10.000000063198492,noisy,10.000000063198492,0.0,0.0025179311798626774,10.00328206948259,9.399998816661537e-06,3.0,3.133332938887179e-06,0.0,187.5
speech_jackson,ooffice_ch01_seg02,OOFFICE,10,10.000000063198492,stft_subtraction,22.004619661463703,12.004619598265212,0.00015870181574202007,22.01866104191975,0.007744000002276152,3.0,0.002581333334092051,32.0,1788.9609375
speech_jackson,ooffice_ch01_seg02,OOFFICE,10,10.000000063198492,stft_wiener,18.65271657101387,8.652716507815377,0.00034337779305203476,18.63972399651287,0.004749800005811267,3.0,0.0015832666686037555,32.0,1788.9609375
speech_jackson,ooffice_ch01_seg02,OOFFICE,10,10.000000063198492,wavelet_soft,9.9253539906877,-0.07464607251079158,0.002561583180682,9.79288689013683,0.0011092000058852136,3.0,0.0003697333352950712,32.0,375.25
speech_jackson,ooffice_ch01_seg03,OOFFICE,-5,-5.000000280346493,noisy,-5.000000280346493,0.0,0.0796239815361752,-4.984409975710624,9.999996109399945e-06,3.0,3.3333320364666483e-06,0.0,187.5
speech_jackson,ooffice_ch01_seg03,OOFFICE,-5,-5.000000280346493,stft_subtraction,4.820209327020492,9.820209607366984,0.00829894582480406,4.313212622010406,0.00789259999874048,3.0,0.0026308666662468263,32.0,1788.9609375
speech_jackson,ooffice_ch01_seg03,OOFFICE,-5,-5.000000280346493,stft_wiener,1.0959463012217117,6.095946581568205,0.01956362059775914,0.9958725510432211,0.0045315000024857,3.0,0.0015105000008285667,32.0,1788.9609375
speech_jackson,ooffice_ch01_seg03,OOFFICE,-5,-5.000000280346493,wavelet_soft,-5.006321107059403,-0.0063208267129102325,0.0797399525098143,-5.471789210186486,0.0011522000058903359,3.0,0.00038406666863011196,32.0,375.25
speech_jackson,ooffice_ch01_seg03,OOFFICE,0,-9.555787077368971e-08,noisy,-9.555787077368971e-08,0.0,0.025179312722897227,0.008967113912152576,8.800001523923129e-06,3.0,2.9333338413077095e-06,0.0,187.5
speech_jackson,ooffice_ch01_seg03,OOFFICE,0,-9.555787077368971e-08,stft_subtraction,9.685074858955964,9.685074954513835,0.002707299956054828,9.409814897937972,0.008060200001636986,3.0,0.0026867333338789954,32.0,1788.9609375
speech_jackson,ooffice_ch01_seg03,OOFFICE,0,-9.555787077368971e-08,stft_wiener,6.0656563944691735,6.065656490027044,0.0062298590750473936,6.018855469128576,0.004924799999571405,3.0,0.0016415999998571351,32.0,1788.9609375
speech_jackson,ooffice_ch01_seg03,OOFFICE,0,-9.555787077368971e-08,wavelet_soft,-0.017788348307572834,-0.017788252749702062,0.02528265607776826,-0.3218531676795349,0.0010608000011416152,3.0,0.0003536000003805384,32.0,375.25
speech_jackson,ooffice_ch01_seg03,OOFFICE,5,4.999999833068802,noisy,4.999999833068802,0.0,0.007962397942013056,5.005240389890687,8.600000001024455e-06,3.0,2.8666666670081518e-06,0.0,187.5
speech_jackson,ooffice_ch01_seg03,OOFFICE,5,4.999999833068802,stft_subtraction,14.545915320885925,9.545915487817123,0.0008840001322566573,14.412794876636363,0.008379400002013426,3.0,0.0027931333340044753,32.0,1788.9609375
speech_jackson,ooffice_ch01_seg03,OOFFICE,5,4.999999833068802,stft_wiener,11.041896456348486,6.041896623279683,0.0019808619802181337,11.023010584593445,0.004674600000726059,3.0,0.0015582000002420198,32.0,1788.9609375
speech_jackson,ooffice_ch01_seg03,OOFFICE,5,4.999999833068802,wavelet_soft,4.961423383432054,-0.03857644963674822,0.008033439430082072,4.756765823653163,0.0011742999995476566,3.0,0.0003914333331825522,32.0,375.25
speech_jackson,ooffice_ch01_seg03,OOFFICE,10,9.999999811185521,noisy,9.999999811185521,0.0,0.002517931325023779,10.003143999659718,8.100003469735384e-06,3.0,2.700001156578461e-06,0.0,187.5
speech_jackson,ooffice_ch01_seg03,OOFFICE,10,9.999999811185521,stft_subtraction,19.410950005237304,9.410950194051782,0.0002883691925223674,19.361621238459573,0.00813930000003893,3.0,0.0027131000000129766,32.0,1788.9609375
speech_jackson,ooffice_ch01_seg03,OOFFICE,10,9.999999811185521,stft_wiener,16.020178055504566,6.020178244319045,0.0006295439527056881,16.013104793712674,0.005679699999745935,3.0,0.001893233333248645,32.0,1788.9609375
speech_jackson,ooffice_ch01_seg03,OOFFICE,10,9.999999811185521,wavelet_soft,9.919429095279499,-0.08057071590602227,0.00256508022427685,9.77850636533024,0.001148399998783134,3.0,0.000382799999594378,32.0,375.25
speech_jackson,pcafeter_ch01_seg01,PCAFETER,-5,-5.000000058426121,noisy,-5.000000058426121,0.0,0.07962397740171401,-4.957620429308286,1.1299998732283711e-05,3.0,3.7666662440945706e-06,0.0,187.5
speech_jackson,pcafeter_ch01_seg01,PCAFETER,-5,-5.000000058426121,stft_subtraction,-0.652472326618573,4.347527731807547,0.029261130064567587,-4.41440881345201,0.008312300000397954,3.0,0.002770766666799318,32.0,1788.9609375
speech_jackson,pcafeter_ch01_seg01,PCAFETER,-5,-5.000000058426121,stft_wiener,-2.662967827712749,2.3370322307133717,0.046487976700334895,-4.446724830011119,0.011299900004814845,3.0,0.0037666333349382817,32.0,1788.9609375
speech_jackson,pcafeter_ch01_seg01,PCAFETER,-5,-5.000000058426121,wavelet_soft,-4.197255299628422,0.802744758797699,0.06618649636531503,-5.351234665066338,0.002685700004803948,3.0,0.0008952333349346494,32.0,375.25
speech_jackson,pcafeter_ch01_seg01,PCAFETER,0,9.622725704942023e-08,noisy,9.622725704942023e-08,0.0,0.025179311597131458,0.023887054144751448,1.840000186348334e-05,3.0,6.1333339544944465e-06,0.0,187.5
speech_jackson,pcafeter_ch01_seg01,PCAFETER,0,9.622725704942023e-08,stft_subtraction,3.542647588211731,3.542647491984474,0.011137279098190898,1.551009453276183,0.00954999999521533,3.0,0.0031833333317384436,32.0,1788.9609375
speech_jackson,pcafeter_ch01_seg01,PCAFETER,0,9.622725704942023e-08,stft_wiener,2.0277565408644374,2.0277564446371805,0.01578585858974872,1.1433196174812026,0.004888799994660076,3.0,0.0016295999982200253,32.0,1788.9609375
speech_jackson,pcafeter_ch01_seg01,PCAFETER,0,9.622725704942023e-08,wavelet_soft,0.6835600872978891,0.683559991070632,0.021512349909877444,-0.12023443873534831,0.0028894999995827675,3.0,0.0009631666665275892,32.0,375.25
speech_jackson,pcafeter_ch01_seg01,PCAFETER,5,4.999999903057412,noisy,4.999999903057412,0.0,0.007962397805684309,5.013470342966295,1.720000000204891e-05,3.0,5.7333333340163035e-06,0.0,187.5
speech_jackson,pcafeter_ch01_seg01,PCAFETER,5,4.999999903057412,stft_subtraction,7.6680853453163245,2.6680854422589126,0.004307599593202824,6.855550407156102,0.010707299996283837,3.0,0.003569099998761279,32.0,1788.9609375
speech_jackson,pcafeter_ch01_seg01,PCAFETER,5,4.999999903057412,stft_wiener,6.696469868845797,1.6964699657883848,0.005387618988603261,6.306769968021605,0.004238399997120723,3.0,0.0014127999990402411,32.0,1788.9609375
speech_jackson,pcafeter_ch01_seg01,PCAFETER,5,4.999999903057412,wavelet_soft,5.5216706542159315,0.5216707511585197,0.007061172095244525,5.009810546168013,0.0010808999941218644,3.0,0.00036029999804062146,32.0,375.25
speech_jackson,pcafeter_ch01_seg01,PCAFETER,10,10.000000108640545,noisy,10.000000108640545,0.0,0.002517931152330737,10.007607415410884,3.619999915827066e-05,3.0,1.2066666386090219e-05,0.0,187.5
speech_jackson,pcafeter_ch01_seg01,PCAFETER,10,10.000000108640545,stft_subtraction,11.880039907136277,1.8800397984957318,0.0016332018810583122,11.753397523474993,0.007435999999870546,3.0,0.0024786666666235155,32.0,1788.9609375
speech_jackson,pcafeter_ch01_seg01,PCAFETER,10,10.000000108640545,stft_wiener,11.399322377544081,1.3993222689035356,0.0018243645489364087,11.243898678149124,0.004935700002533849,3.0,0.0016452333341779497,32.0,1788.9609375
speech_jackson,pcafeter_ch01_seg01,PCAFETER,10,10.000000108640545,wavelet_soft,10.29776402063316,0.29776391199261454,0.0023510802868109996,9.997104361890228,0.0011879000012413599,3.0,0.0003959666670804533,32.0,375.25
speech_jackson,pcafeter_ch01_seg02,PCAFETER,-5,-5.000000304303123,noisy,-5.000000304303123,0.0,0.07962398188850728,-4.9042795238146395,9.399998816661537e-06,3.0,3.133332938887179e-06,0.0,187.5
speech_jackson,pcafeter_ch01_seg02,PCAFETER,-5,-5.000000304303123,stft_subtraction,0.8514460582605022,5.8514463625636255,0.02069661190811851,-2.959804926965224,0.010325700000976212,3.0,0.003441900000325404,32.0,1788.9609375
speech_jackson,pcafeter_ch01_seg02,PCAFETER,-5,-5.000000304303123,stft_wiener,-1.242649579552535,3.757350724750588,0.03352037124282798,-3.2771023349125636,0.004805600001418497,3.0,0.0016018666671394992,32.0,1788.9609375
speech_jackson,pcafeter_ch01_seg02,PCAFETER,-5,-5.000000304303123,wavelet_soft,-4.3075281690255345,0.6924721352775887,0.06788857281678809,-5.472735252343788,0.0011167999982717447,3.0,0.00037226666609058157,32.0,375.25
speech_jackson,pcafeter_ch01_seg02,PCAFETER,0,-8.781340638916829e-08,noisy,-8.781340638916829e-08,0.0,0.025179312661172966,0.05430270827863194,8.600000001024455e-06,3.0,2.8666666670081518e-06,0.0,187.5
speech_jackson,pcafeter_ch01_seg02,PCAFETER,0,-8.781340638916829e-08,stft_subtraction,4.789654087435833,4.78965417524924,0.008357539794336242,3.067348949306681,0.007714899998973124,3.0,0.0025716333329910412,32.0,1788.9609375
speech_jackson,pcafeter_ch01_seg02,PCAFETER,0,-8.781340638916829e-08,stft_wiener,3.3628365608395763,3.3628366486529826,0.01160807501131003,2.399469259934457,0.0046861000009812415,3.0,0.0015620333336604137,32.0,1788.9609375
speech_jackson,pcafeter_ch01_seg02,PCAFETER,0,-8.781340638916829e-08,wavelet_soft,0.564919330353699,0.5649194181671054,0.02210812588483976,-0.2584981333307137,0.0010975999975926243,3.0,0.0003658666658642081,32.0,375.25
speech_jackson,pcafeter_ch01_seg02,PCAFETER,5,5.0000000010994,noisy,5.0000000010994,0.0,0.007962397631582142,5.0309247057107065,7.499998901039362e-06,3.0,2.499999633679787e-06,0.0,187.5
speech_jackson,pcafeter_ch01_seg02,PCAFETER,5,5.0000000010994,stft_subtraction,8.671448533176285,3.6714485320768855,0.0034189992756391437,8.193552655771706,0.007219999999506399,3.0,0.002406666666502133,32.0,1788.9609375
speech_jackson,pcafeter_ch01_seg02,PCAFETER,5,5.0000000010994,stft_wiener,7.8974701100494125,2.897470108950013,0.0040859857807208355,7.48207323559712,0.004580100001476239,3.0,0.0015267000004920799,32.0,1788.9609375
speech_jackson,pcafeter_ch01_seg02,PCAFETER,5,5.0000000010994,wavelet_soft,5.377535445031578,0.3775354439321781,0.007299453018513912,4.851825632331784,0.0009926999991876073,3.0,0.0003308999997292024,32.0,375.25
speech_jackson,pcafeter_ch01_seg02,PCAFETER,10,10.000000121004195,noisy,10.000000121004195,0.0,0.002517931145359316,10.0177506655378,9.000003046821803e-06,3.0,3.0000010156072676e-06,0.0,187.5
speech_jackson,pcafeter_ch01_seg02,PCAFETER,10,10.000000121004195,stft_subtraction,12.701881648561486,2.7018815275572905,0.0013516233850771713,12.887310577693658,0.007402799994451925,3.0,0.0024675999981506416,32.0,1788.9609375
speech_jackson,pcafeter_ch01_seg02,PCAFETER,10,10.000000121004195,stft_wiener,12.516752099806645,2.51675197880245,0.0014104855849750057,12.3546710236909,0.004418600001372397,3.0,0.0014728666671241324,32.0,1788.9609375
speech_jackson,pcafeter_ch01_seg02,PCAFETER,10,10.000000121004195,wavelet_soft,10.139876385645138,0.13987626464094305,0.0024381264365824335,9.835443776934845,0.0011318999968352728,3.0,0.0003772999989450909,32.0,375.25
speech_jackson,pcafeter_ch01_seg03,PCAFETER,-5,-4.99999976129681,noisy,-4.99999976129681,0.0,0.0796239719555668,-5.001191364529828,7.399998139590025e-06,3.0,2.4666660465300083e-06,0.0,187.5
speech_jackson,pcafeter_ch01_seg03,PCAFETER,-5,-4.99999976129681,stft_subtraction,-0.4240630688366952,4.5759366924601155,0.02776196287207532,-5.060003233582365,0.008030999997572508,3.0,0.0026769999991908358,32.0,1788.9609375
speech_jackson,pcafeter_ch01_seg03,PCAFETER,-5,-4.99999976129681,stft_wiener,-2.12010080811601,2.8798989531808004,0.04102550567791887,-4.725887728368706,0.004607100003340747,3.0,0.0015357000011135824,32.0,1788.9609375
speech_jackson,pcafeter_ch01_seg03,PCAFETER,-5,-4.99999976129681,wavelet_soft,-4.639499259681334,0.3605005016154763,0.07328140511498772,-5.681804237852774,0.003986399999121204,3.0,0.001328799999707068,32.0,375.25
speech_jackson,pcafeter_ch01_seg03,PCAFETER,0,1.1859696470395339e-08,noisy,1.1859696470395339e-08,0.0,0.025179312091958762,-0.0005179001887253679,9.900002623908222e-06,3.0,3.300000874636074e-06,0.0,187.5
speech_jackson,pcafeter_ch01_seg03,PCAFETER,0,1.1859696470395339e-08,stft_subtraction,3.7633920907520597,3.7633920788923634,0.010585336118390723,1.6149232914514968,0.009387999998580199,3.0,0.003129333332860066,32.0,1788.9609375
speech_jackson,pcafeter_ch01_seg03,PCAFETER,0,1.1859696470395339e-08,stft_wiener,2.614975836122394,2.6149758242626975,0.013789428847704437,1.4586239260764242,0.00487490000523394,3.0,0.0016249666684113133,32.0,1788.9609375
speech_jackson,pcafeter_ch01_seg03,PCAFETER,0,1.1859696470395339e-08,wavelet_soft,0.2914263368961224,0.29142632503642596,0.02354513736221084,-0.40082524511041817,0.001361300004646182,3.0,0.000453766668215394,32.0,375.25
speech_jackson,pcafeter_ch01_seg03,PCAFETER,5,5.000000116871415,noisy,5.000000116871415,0.0,0.00796239741704448,4.999861028371672,1.1600001016631722e-05,3.0,3.866667005543907e-06,0.0,187.5
speech_jackson,pcafeter_ch01_seg03,PCAFETER,5,5.000000116871415,stft_subtraction,7.97695519001425,2.976955073142835,0.004011883774032491,7.301881006442695,0.008042699999350589,3.0,0.0026808999997835294,32.0,1788.9609375
speech_jackson,pcafeter_ch01_seg03,PCAFETER,5,5.000000116871415,stft_wiener,7.34280589144657,2.3428057745751554,0.00464262143972981,6.868738775923529,0.0047485999966738746,3.0,0.0015828666655579582,32.0,1788.9609375
speech_jackson,pcafeter_ch01_seg03,PCAFETER,5,5.000000116871415,wavelet_soft,5.202264888397664,0.20226477152624955,0.007600066164421695,4.766761166916746,0.0011422000025049783,3.0,0.0003807333341683261,32.0,375.25
speech_jackson,pcafeter_ch01_seg03,PCAFETER,10,9.99999997119778,noisy,9.99999997119778,0.0,0.0025179312311955373,10.00007390046952,1.2399999832268804e-05,3.0,4.133333277422935e-06,0.0,187.5
speech_jackson,pcafeter_ch01_seg03,PCAFETER,10,9.99999997119778,stft_subtraction,12.26369061812873,2.26369064693095,0.0014951156938140617,12.369606197134651,0.00800869999511633,3.0,0.002669566665038777,32.0,1788.9609375
speech_jackson,pcafeter_ch01_seg03,PCAFETER,10,9.99999997119778,stft_wiener,12.105080137961794,2.1050801667640133,0.0015507287835895328,11.922307126449173,0.004360799997812137,3.0,0.0014535999992707123,32.0,1788.9609375
speech_jackson,pcafeter_ch01_seg03,PCAFETER,10,9.99999997119778,wavelet_soft,10.068795801000942,0.06879582980316101,0.002478359375305837,9.805595640407454,0.001131999997596722,3.0,0.0003773333325322407,32.0,375.25
speech_jackson,straffic_ch01_seg01,STRAFFIC,-5,-5.000000301813373,noisy,-5.000000301813373,0.0,0.07962398186669921,-4.966867915616789,7.599999662488699e-06,3.0,2.5333332208295665e-06,0.0,187.5
speech_jackson,straffic_ch01_seg01,STRAFFIC,-5,-5.000000301813373,stft_subtraction,0.42005455184939944,5.420054853662773,0.022858009375854502,-0.28595115260012915,0.008347599999979138,3.0,0.0027825333333263793,32.0,1788.9609375
speech_jackson,straffic_ch01_seg01,STRAFFIC,-5,-5.000000301813373,stft_wiener,-2.4418529019801545,2.558147399833219,0.04418034999523741,-2.543167765988137,0.005157200001121964,3.0,0.0017190666670406547,32.0,1788.9609375
speech_jackson,straffic_ch01_seg01,STRAFFIC,-5,-5.000000301813373,wavelet_soft,-4.9886973890788235,0.011302912734549864,0.07941702255388874,-5.431476116558431,0.0013932000001659617,3.0,0.00046440000005532056,32.0,375.25
speech_jackson,straffic_ch01_seg01,STRAFFIC,0,3.470341701664448e-07,noisy,3.470341701664448e-07,0.0,0.025179310140378254,0.01866004725167984,9.800001862458885e-06,3.0,3.2666672874862948e-06,0.0,187.5
speech_jackson,straffic_ch01_seg01,STRAFFIC,0,3.470341701664448e-07,stft_subtraction,5.348828684999713,5.348828337965543,0.007347862040144996,4.94573117992286,0.007666400000744034,3.0,0.0025554666669146777,32.0,1788.9609375
speech_jackson,straffic_ch01_seg01,STRAFFIC,0,3.470341701664448e-07,stft_wiener,2.537441403718918,2.537441056684748,0.014037821681866333,2.4952351286891954,0.0053079999997862615,3.0,0.001769333333262087,32.0,1788.9609375
speech_jackson,straffic_ch01_seg01,STRAFFIC,0,3.470341701664448e-07,wavelet_soft,-0.0011945000664146262,-0.0011948471005847926,0.025186238525117862,-0.2915687073600391,0.0011754000006476417,3.0,0.00039180000021588057,32.0,375.25
speech_jackson,straffic_ch01_seg01,STRAFFIC,5,4.999999694033753,noisy,4.999999694033753,0.0,0.007962398192046473,5.010510205955127,7.599999662488699e-06,3.0,2.5333332208295665e-06,0.0,187.5
speech_jackson,straffic_ch01_seg01,STRAFFIC,5,4.999999694033753,stft_subtraction,10.260099604946637,5.260099910912884,0.0023715588243291277,10.042196310916932,0.007260300000780262,3.0,0.002420100000260087,32.0,1788.9609375
speech_jackson,straffic_ch01_seg01,STRAFFIC,5,4.999999694033753,stft_wiener,7.513235347839817,2.5132356538060643,0.004463960334663298,7.49775703175083,0.0050612999984878115,3.0,0.0016870999994959373,32.0,1788.9609375
speech_jackson,straffic_ch01_seg01,STRAFFIC,5,4.999999694033753,wavelet_soft,4.977413623334952,-0.02258607069880103,0.008003915581180195,4.780779252509696,0.0013202999980421737,3.0,0.00044009999934739125,32.0,375.25
speech_jackson,straffic_ch01_seg01,STRAFFIC,10,9.999999745181128,noisy,9.999999745181128,0.0,0.002517931364301504,10.00592426219508,1.1800002539530396e-05,3.0,3.933334179843466e-06,0.0,187.5
speech_jackson,straffic_ch01_seg01,STRAFFIC,10,9.999999745181128,stft_subtraction,15.15923684390785,5.159237098726722,0.0007675738622299812,15.051794723349651,0.008247300000221003,3.0,0.0027491000000736676,32.0,1788.9609375
speech_jackson,straffic_ch01_seg01,STRAFFIC,10,9.999999745181128,stft_wiener,12.485667005530903,2.485667260349775,0.0014206175042766954,12.48093211380402,0.004613299999618903,3.0,0.0015377666665396343,32.0,1788.9609375
speech_jackson,straffic_ch01_seg01,STRAFFIC,10,9.999999745181128,wavelet_soft,9.938185602213503,-0.06181414296762533,0.0025540259286414915,9.803772632996463,0.0010623999987728894,3.0,0.00035413333292429644,32.0,375.25
speech_jackson,straffic_ch01_seg02,STRAFFIC,-5,-5.000000113846676,noisy,-5.000000113846676,0.0,0.07962397840140849,-4.772843342752882,1.630000042496249e-05,3.0,5.433333474987497e-06,0.0,187.5
speech_jackson,straffic_ch01_seg02,STRAFFIC,-5,-5.000000113846676,stft_subtraction,0.815167630031566,5.815167743878242,0.020870223482493185,-0.25217916682781855,0.008949399998527952,3.0,0.0029831333328426504,32.0,1788.9609375
speech_jackson,straffic_ch01_seg02,STRAFFIC,-5,-5.000000113846676,stft_wiener,-1.1046210342963156,3.8953790795503602,0.032471770246736836,-1.2317273856845146,0.004944999993313104,3.0,0.001648333331104368,32.0,1788.9609375
speech_jackson,straffic_ch01_seg02,STRAFFIC,-5,-5.000000113846676,wavelet_soft,-4.127619498548371,0.8723806152983054,0.06513370936081682,-5.71891151708837,0.0014314000000013039,3.0,0.00047713333333376795,32.0,375.25
speech_jackson,straffic_ch01_seg02,STRAFFIC,0,6.020552071605346e-08,noisy,6.020552071605346e-08,0.0,0.02517931181182901,0.128885535303421,9.399998816661537e-06,3.0,3.133332938887179e-06,0.0,187.5
speech_jackson,straffic_ch01_seg02,STRAFFIC,0,6.020552071605346e-08,stft_subtraction,5.45198851978377,5.451988459578249,0.007175381726024077,4.785952513424379,0.007456699997419491,3.0,0.002485566665806497,32.0,1788.9609375
speech_jackson,straffic_ch01_seg02,STRAFFIC,0,6.020552071605346e-08,stft_wiener,3.758505183029151,3.7585051228236304,0.01059725400053752,3.6812559509758467,0.005338399998436216,3.0,0.0017794666661454055,32.0,1788.9609375
speech_jackson,straffic_ch01_seg02,STRAFFIC,0,6.020552071605346e-08,wavelet_soft,0.6976222077591048,0.6976221475535841,0.02144280723903218,-0.3458987766565308,0.0010918999978457578,3.0,0.0003639666659485859,32.0,375.25
speech_jackson,straffic_ch01_seg02,STRAFFIC,5,4.999999762537766,noisy,4.999999762537766,0.0,0.007962398065319553,5.073130878030922,8.199996955227107e-06,3.0,2.7333323184090355e-06,0.0,187.5
speech_jackson,straffic_ch01_seg02,STRAFFIC,5,4.999999762537766,stft_subtraction,9.873643059360361,4.873643296822595,0.0025922659521390723,9.501080872935571,0.008334300000569783,3.0,0.002778100000189928,32.0,1788.9609375
speech_jackson,straffic_ch01_seg02,STRAFFIC,5,4.999999762537766,stft_wiener,8.518117031802303,3.518117269264537,0.0035418662580526247,8.46749822617277,0.005013499998312909,3.0,0.001671166666104303,32.0,1788.9609375
speech_jackson,straffic_ch01_seg02,STRAFFIC,5,4.999999762537766,wavelet_soft,5.472008570513531,0.47200880797576517,0.007142380859175238,4.839462644305895,0.0011426999990362674,3.0,0.0003808999996787558,32.0,375.25
speech_jackson,straffic_ch01_seg02,STRAFFIC,10,10.00000034086616,noisy,10.00000034086616,0.0,0.0025179310187051006,10.041620536621325,9.800000407267362e-05,3.0,3.266666802422454e-05,0.0,187.5
speech_jackson,straffic_ch01_seg02,STRAFFIC,10,10.00000034086616,stft_subtraction,14.082383459421788,4.082383118555628,0.0009835705492901626,13.909767244368084,0.007489900002838112,3.0,0.002496633334279371,32.0,1788.9609375
speech_jackson,straffic_ch01_seg02,STRAFFIC,10,10.00000034086616,stft_wiener,13.17230992885483,3.1723095879886696,0.0012128661329784917,13.142458895093064,0.00476889999845298,3.0,0.00158963333281766,32.0,1788.9609375
speech_jackson,straffic_ch01_seg02,STRAFFIC,10,10.00000034086616,wavelet_soft,10.171627686508016,0.17162734564185556,0.0024203662780256235,9.825974130041601,0.0011356999966665171,3.0,0.0003785666655555057,32.0,375.25
speech_jackson,straffic_ch01_seg03,STRAFFIC,-5,-5.000000240639375,noisy,-5.000000240639375,0.0,0.07962398076621277,-5.079615291163913,8.499999239575118e-06,3.0,2.8333330798583725e-06,0.0,187.5
speech_jackson,straffic_ch01_seg03,STRAFFIC,-5,-5.000000240639375,stft_subtraction,1.9169299596557223,6.916930200295098,0.016193878122892875,-0.4041899296841764,0.00793349999730708,3.0,0.00264449999910236,32.0,1788.9609375
speech_jackson,straffic_ch01_seg03,STRAFFIC,-5,-5.000000240639375,stft_wiener,-0.8085987493806391,4.191401491258736,0.03033218782818945,-1.8076984813742896,0.0047407000020029955,3.0,0.0015802333340009984,32.0,1788.9609375
speech_jackson,straffic_ch01_seg03,STRAFFIC,-5,-5.000000240639375,wavelet_soft,-4.655119723548368,0.3448805170910072,0.07354545425883638,-6.203388119101081,0.0012127999943913892,3.0,0.00040426666479712975,32.0,375.25
speech_jackson,straffic_ch01_seg03,STRAFFIC,0,-9.069417130119456e-08,noisy,-9.069417130119456e-08,0.0,0.025179312680776902,-0.04452590108625612,8.700000762473792e-06,3.0,2.9000002541579306e-06,0.0,187.5
speech_jackson,straffic_ch01_seg03,STRAFFIC,0,-9.069417130119456e-08,stft_subtraction,6.285196540671,6.285196631365172,0.005922760998619995,5.1962061901401855,0.008297899999888614,3.0,0.002765966666629538,32.0,1788.9609375
speech_jackson,straffic_ch01_seg03,STRAFFIC,0,-9.069417130119456e-08,stft_wiener,3.988703665506975,3.9887037562011463,0.010050172028043482,3.5141178830423465,0.004616600002918858,3.0,0.0015388666676396194,32.0,1788.9609375
speech_jackson,straffic_ch01_seg03,STRAFFIC,0,-9.069417130119456e-08,wavelet_soft,0.2470493031023602,0.2470493937965315,0.023786959417955177,-0.7235394261437078,0.00125119999574963,3.0,0.0004170666652498767,32.0,375.25
speech_jackson,straffic_ch01_seg03,STRAFFIC,5,4.999999992448677,noisy,4.999999992448677,0.0,0.007962397648596384,4.975144214806978,8.200004231184721e-06,3.0,2.7333347437282405e-06,0.0,187.5
speech_jackson,straffic_ch01_seg03,STRAFFIC,5,4.999999992448677,stft_subtraction,10.508103855885318,5.5081038634366415,0.002239924996567154,10.14190006800322,0.007594499998958781,3.0,0.0025314999996529273,32.0,1788.9609375
speech_jackson,straffic_ch01_seg03,STRAFFIC,5,4.999999992448677,stft_wiener,8.70611298796389,3.7061129955152126,0.003391818177929245,8.48708737343186,0.004891299999144394,3.0,0.0016304333330481313,32.0,1788.9609375
speech_jackson,straffic_ch01_seg03,STRAFFIC,5,4.999999992448677,wavelet_soft,5.115310403495562,0.11531041104688544,0.00775376834116147,4.532591479591881,0.0011973000000580214,3.0,0.0003991000000193405,32.0,375.25
speech_jackson,straffic_ch01_seg03,STRAFFIC,10,10.000000429426894,noisy,10.000000429426894,0.0,0.0025179309671150515,9.986186390957352,8.700000762473792e-06,3.0,2.9000002541579306e-06,0.0,187.5
speech_jackson,straffic_ch01_seg03,STRAFFIC,10,10.000000429426894,stft_subtraction,14.584410855456934,4.58441042603004,0.0008761990470437731,14.602105192561952,0.007252600000356324,3.0,0.002417533333452108,32.0,1788.9609375
speech_jackson,straffic_ch01_seg03,STRAFFIC,10,10.000000429426894,stft_wiener,13.3180754805474,3.3180750511205055,0.0011728333694845652,13.21858284560318,0.004632800002582371,3.0,0.001544266667527457,32.0,1788.9609375
speech_jackson,straffic_ch01_seg03,STRAFFIC,10,10.000000429426894,wavelet_soft,9.930226506137718,-0.06977392328917631,0.0025587108541005577,9.604992028522707,0.001178899998194538,3.0,0.00039296666606484604,32.0,375.25
speech_nicolas,dkitchen_ch01_seg01,DKITCHEN,-5,-5.000000014844529,noisy,-5.000000014844529,0.0,0.07699701810541726,-5.029875391753745,9.200004569720477e-06,3.0,3.0666681899068258e-06,0.0,187.5
speech_nicolas,dkitchen_ch01_seg01,DKITCHEN,-5,-5.000000014844529,stft_subtraction,1.9359964513777501,6.93599646622228,0.015591010344632441,1.33189892222355,0.008455399998638313,3.0,0.002818466666212771,32.0,1788.9609375
speech_nicolas,dkitchen_ch01_seg01,DKITCHEN,-5,-5.000000014844529,stft_wiener,-1.7696306816169436,3.2303693332275856,0.03659628264390348,-1.9449542387344918,0.004273999998986255,3.0,0.0014246666663287517,32.0,1788.9609375
speech_nicolas,dkitchen_ch01_seg01,DKITCHEN,-5,-5.000000014844529,wavelet_soft,-4.8349193817189935,0.16508063312553567,0.07412519399897384,-8.784754305066985,0.0010959999999613501,3.0,0.00036533333332045004,32.0,375.25
speech_nicolas,dkitchen_ch01_seg01,DKITCHEN,0,5.005453886562594e-07,noisy,5.005453886562594e-07,0.0,0.0243485921304186,-0.04051923197874462,1.2500000593718141e-05,3.0,4.166666864572714e-06,0.0,187.5
speech_nicolas,dkitchen_ch01_seg01,DKITCHEN,0,5.005453886562594e-07,stft_subtraction,6.740355626463963,6.740355125918574,0.005157489377912895,6.410355014215398,0.008050999997067265,3.0,0.0026836666656890884,32.0,1788.9609375
speech_nicolas,dkitchen_ch01_seg01,DKITCHEN,0,5.005453886562594e-07,stft_wiener,3.1687196881247637,3.168719187579375,0.01173821166138985,3.053236452402766,0.004634600001736544,3.0,0.0015448666672455147,32.0,1788.9609375
speech_nicolas,dkitchen_ch01_seg01,DKITCHEN,0,5.005453886562594e-07,wavelet_soft,-0.08757776936767597,-0.08757826991306462,0.024844581282698834,-2.3812307905328924,0.0010676000019884668,3.0,0.00035586666732948896,32.0,375.25
speech_nicolas,dkitchen_ch01_seg01,DKITCHEN,5,5.000000297914413,noisy,5.000000297914413,0.0,0.0076997012617769185,4.953489063538993,8.899995009414852e-06,3.0,2.9666650031382837e-06,0.0,187.5
speech_nicolas,dkitchen_ch01_seg01,DKITCHEN,5,5.000000297914413,stft_subtraction,11.28812844417264,6.288128146258227,0.001809927007692839,11.213528202745566,0.007801400002790615,3.0,0.0026004666675968715,32.0,1788.9609375
speech_nicolas,dkitchen_ch01_seg01,DKITCHEN,5,5.000000297914413,stft_wiener,8.015217995600821,3.015217697686408,0.0038454937112455284,7.942473180224211,0.004713400005130097,3.0,0.0015711333350433658,32.0,1788.9609375
speech_nicolas,dkitchen_ch01_seg01,DKITCHEN,5,5.000000297914413,wavelet_soft,4.550822342812357,-0.4491779551020558,0.00853869833514164,3.2954977522387088,0.0013514000020222738,3.0,0.00045046666734075796,32.0,375.25
speech_nicolas,dkitchen_ch01_seg01,DKITCHEN,10,10.000000209652043,noisy,10.000000209652043,0.0,0.0024348593779614527,9.950117891043922,8.499999239575118e-06,3.0,2.8333330798583725e-06,0.0,187.5
speech_nicolas,dkitchen_ch01_seg01,DKITCHEN,10,10.000000209652043,stft_subtraction,15.320889279033432,5.320889069381389,0.0007151299671326926,15.584663006501234,0.007542200000898447,3.0,0.002514066666966149,32.0,1788.9609375
speech_nicolas,dkitchen_ch01_seg01,DKITCHEN,10,10.000000209652043,stft_wiener,12.665314029785357,2.6653138201333135,0.0013180822210812767,12.643139389553772,0.004283999995095655,3.0,0.0014279999983652185,32.0,1788.9609375
speech_nicolas,dkitchen_ch01_seg01,DKITCHEN,10,10.000000209652043,wavelet_soft,8.968523920909067,-1.0314762887429758,0.00308760341584939,8.341054764356338,0.0012426000030245632,3.0,0.0004142000010081877,32.0,375.25
speech_nicolas,dkitchen_ch01_seg02,DKITCHEN,-5,-5.000000077155788,noisy,-5.000000077155788,0.0,0.07699701925612026,-5.038924311332668,1.1500000255182385e-05,3.0,3.833333418394129e-06,0.0,187.5
speech_nicolas,dkitchen_ch01_seg02,DKITCHEN,-5,-5.000000077155788,stft_subtraction,7.521644256201332,12.52164433335712,0.004308335148626247,7.170371450861093,0.008432100003119558,3.0,0.002810700001039853,32.0,1788.9609375
speech_nicolas,dkitchen_ch01_seg02,DKITCHEN,-5,-5.000000077155788,stft_wiener,2.5708985263408373,7.570898603496626,0.013470510432005891,2.3682355686307694,0.004710299996077083,3.0,0.001570099998692361,32.0,1788.9609375
speech_nicolas,dkitchen_ch01_seg02,DKITCHEN,-5,-5.000000077155788,wavelet_soft,-4.845375247575843,0.15462482957994528,0.07430386929637932,-8.75115628887616,0.001036100002238527,3.0,0.00034536666741284233,32.0,375.25
speech_nicolas,dkitchen_ch01_seg02,DKITCHEN,0,-4.325064832886339e-08,noisy,-4.325064832886339e-08,0.0,0.024348595194312418,-0.045575048952256746,1.0399999155197293e-05,3.0,3.466666385065764e-06,0.0,187.5
speech_nicolas,dkitchen_ch01_seg02,DKITCHEN,0,-4.325064832886339e-08,stft_subtraction,11.593865204559158,11.593865247809806,0.001686892411419506,11.858995798977162,0.007761299995763693,3.0,0.0025870999985878975,32.0,1788.9609375
speech_nicolas,dkitchen_ch01_seg02,DKITCHEN,0,-4.325064832886339e-08,stft_wiener,7.2940482133348175,7.294048256585466,0.004540138320167013,7.265594562504365,0.00502000000415137,3.0,0.0016733333347171235,32.0,1788.9609375
speech_nicolas,dkitchen_ch01_seg02,DKITCHEN,0,-4.325064832886339e-08,wavelet_soft,-0.08569129866146845,-0.08569125541082012,0.024833791737716656,-2.3409646525749976,0.0014568000042345375,3.0,0.0004856000014115125,32.0,375.25
speech_nicolas,dkitchen_ch01_seg02,DKITCHEN,5,4.999999627823403,noisy,4.999999627823403,0.0,0.0076997024513490355,4.950682376501138,1.4299999747890979e-05,3.0,4.766666582630326e-06,0.0,187.5
speech_nicolas,dkitchen_ch01_seg02,DKITCHEN,5,4.999999627823403,stft_subtraction,14.815872222815159,9.815872594991756,0.0008033164912883922,15.917406120490439,0.008055099999182858,3.0,0.0026850333330609524,32.0,1788.9609375
speech_nicolas,dkitchen_ch01_seg02,DKITCHEN,5,4.999999627823403,stft_wiener,11.63793545310569,6.6379358252822875,0.0016698611473813046,11.860227470190878,0.0053192000050330535,3.0,0.0017730666683443512,32.0,1788.9609375
speech_nicolas,dkitchen_ch01_seg02,DKITCHEN,5,4.999999627823403,wavelet_soft,4.5652440185597785,-0.43475560926362444,0.008510390793534831,3.3303363764481975,0.0012895000036223792,3.0,0.00042983333454079303,32.0,375.25
speech_nicolas,dkitchen_ch01_seg02,DKITCHEN,10,9.999999750742464,noisy,9.999999750742464,0.0,0.002434859632700702,9.948577381482925,9.10000380827114e-06,3.0,3.0333346027570465e-06,0.0,187.5
speech_nicolas,dkitchen_ch01_seg02,DKITCHEN,10,9.999999750742464,stft_subtraction,17.0755732704609,7.075573519718436,0.0004774375555446472,19.139788532364687,0.00816629999462748,3.0,0.00272209999820916,32.0,1788.9609375
speech_nicolas,dkitchen_ch01_seg02,DKITCHEN,10,9.999999750742464,stft_wiener,15.318349686697417,5.318349935954952,0.0007155482701022754,15.926387482521205,0.004623599998012651,3.0,0.0015411999993375503,32.0,1788.9609375
speech_nicolas,dkitchen_ch01_seg02,DKITCHEN,10,9.999999750742464,wavelet_soft,9.000713854837203,-0.9992858959052615,0.003064802684781561,8.380768756228674,0.001092300000891555,3.0,0.00036410000029718503,32.0,375.25
speech_nicolas,dkitchen_ch01_seg03,DKITCHEN,-5,-5.000000067518205,noisy,-5.000000067518205,0.0,0.07699701904180355,-5.055468251825651,1.069999416358769e-05,3.0,3.5666647211958966e-06,0.0,187.5
speech_nicolas,dkitchen_ch01_seg03,DKITCHEN,-5,-5.000000067518205,stft_subtraction,7.026967084370793,12.026967151888998,0.0048281104476305845,6.609796903762283,0.00841740000032587,3.0,0.0028058000001086234,32.0,1788.9609375
speech_nicolas,dkitchen_ch01_seg03,DKITCHEN,-5,-5.000000067518205,stft_wiener,2.6576370925726582,7.6576371600908635,0.013204142298490488,2.4889899627575724,0.004852599995501805,3.0,0.001617533331833935,32.0,1788.9609375
speech_nicolas,dkitchen_ch01_seg03,DKITCHEN,-5,-5.000000067518205,wavelet_soft,-4.846985231290839,0.15301483622736622,0.07433141975220203,-8.803982878058573,0.001171500000054948,3.0,0.00039050000001831603,32.0,375.25
speech_nicolas,dkitchen_ch01_seg03,DKITCHEN,0,-4.63822229379801e-07,noisy,-4.63822229379801e-07,0.0,0.02434859755370897,-0.054557189938530246,9.499999578110874e-06,3.0,3.1666665260369578e-06,0.0,187.5
speech_nicolas,dkitchen_ch01_seg03,DKITCHEN,0,-4.63822229379801e-07,stft_subtraction,11.23680721477564,11.236807678597868,0.0018314420589833045,11.303293765963474,0.00776840000617085,3.0,0.0025894666687236167,32.0,1788.9609375
speech_nicolas,dkitchen_ch01_seg03,DKITCHEN,0,-4.63822229379801e-07,stft_wiener,7.3936535648367325,7.393654028658962,0.004437195343761761,7.338614948749153,0.004698300006566569,3.0,0.0015661000021888565,32.0,1788.9609375
speech_nicolas,dkitchen_ch01_seg03,DKITCHEN,0,-4.63822229379801e-07,wavelet_soft,-0.08708938682357795,-0.08708892300134857,0.02484178757041271,-2.361319581050438,0.001148399998783134,3.0,0.000382799999594378,32.0,375.25
speech_nicolas,dkitchen_ch01_seg03,DKITCHEN,5,4.999999707640078,noisy,4.999999707640078,0.0,0.007699702305657897,4.945955499271524,8.100003469735384e-06,3.0,2.700001156578461e-06,0.0,187.5
speech_nicolas,dkitchen_ch01_seg03,DKITCHEN,5,4.999999707640078,stft_subtraction,14.685676349254354,9.685676641614275,0.0008277634954285492,15.416861766305916,0.007823499996447936,3.0,0.002607833332149312,32.0,1788.9609375
speech_nicolas,dkitchen_ch01_seg03,DKITCHEN,5,4.999999707640078,stft_wiener,11.759125478016859,6.759125770376781,0.0016239077612315576,11.880409987124434,0.004397700002300553,3.0,0.001465900000766851,32.0,1788.9609375
speech_nicolas,dkitchen_ch01_seg03,DKITCHEN,5,4.999999707640078,wavelet_soft,4.565149758153219,-0.43484994948685873,0.008510575504594303,3.324485618257926,0.001204100000904873,3.0,0.000401366666968291,32.0,375.25
speech_nicolas,dkitchen_ch01_seg03,DKITCHEN,10,10.000000331442854,noisy,10.000000331442854,0.0,0.0024348593096095504,9.946244312355754,1.2800002878066152e-05,3.0,4.266667626022051e-06,0.0,187.5
speech_nicolas,dkitchen_ch01_seg03,DKITCHEN,10,10.000000331442854,stft_subtraction,17.19263383705662,7.192633505613765,0.0004647405003125313,18.756178582469513,0.009104099997784942,3.0,0.0030346999992616475,32.0,1788.9609375
speech_nicolas,dkitchen_ch01_seg03,DKITCHEN,10,10.000000331442854,stft_wiener,15.45741601317716,5.457415681734306,0.000692998514478495,15.859502041287248,0.0052574000001186505,3.0,0.0017524666667062168,32.0,1788.9609375
speech_nicolas,dkitchen_ch01_seg03,DKITCHEN,10,10.000000331442854,wavelet_soft,8.997089912243846,-1.002910419199008,0.003067361157375391,8.375633559577771,0.0011816999976872467,3.0,0.0003938999992290822,32.0,375.25
speech_nicolas,ooffice_ch01_seg01,OOFFICE,-5,-5.000000033923305,noisy,-5.000000033923305,0.0,0.07699701844576846,-5.076187916237619,1.1199997970834374e-05,3.0,3.7333326569447913e-06,0.0,187.5
speech_nicolas,ooffice_ch01_seg01,OOFFICE,-5,-5.000000033923305,stft_subtraction,-1.4275651084098402,3.572434925513465,0.03382442444101074,-1.961808229096068,0.008283299997856375,3.0,0.002761099999285458,32.0,1788.9609375
speech_nicolas,ooffice_ch01_seg01,OOFFICE,-5,-5.000000033923305,stft_wiener,-3.1125837402105367,1.8874162937127683,0.04985770445446577,-3.2919005459741966,0.004440999997314066,3.0,0.001480333332438022,32.0,1788.9609375
speech_nicolas,ooffice_ch01_seg01,OOFFICE,-5,-5.000000033923305,wavelet_soft,-5.013046122334432,-0.013046088411126533,0.07722866314667111,-5.580666782877519,0.0011796000035246834,3.0,0.00039320000117489445,32.0,375.25
speech_nicolas,ooffice_ch01_seg01,OOFFICE,0,-2.1880842119254004e-07,noisy,-2.1880842119254004e-07,0.0,0.02434859617476229,-0.06633475148655621,9.399998816661537e-06,3.0,3.133332938887179e-06,0.0,187.5
speech_nicolas,ooffice_ch01_seg01,OOFFICE,0,-2.1880842119254004e-07,stft_subtraction,3.4910841471444987,3.49108436595292,0.010898468924248573,3.1870479876380884,0.008403899999393616,3.0,0.002801299999797872,32.0,1788.9609375
speech_nicolas,ooffice_ch01_seg01,OOFFICE,0,-2.1880842119254004e-07,stft_wiener,1.8395880153437294,1.8395882341521506,0.015940983178061273,1.7272519523216139,0.00501599999552127,3.0,0.00167199999850709,32.0,1788.9609375
speech_nicolas,ooffice_ch01_seg01,OOFFICE,0,-2.1880842119254004e-07,wavelet_soft,-0.04931151443352572,-0.04931129562510453,0.02462663405157564,-0.5363176734911451,0.0012247999984538183,3.0,0.00040826666615127277,32.0,375.25
speech_nicolas,ooffice_ch01_seg01,OOFFICE,5,5.000000004872645,noisy,5.000000004872645,0.0,0.007699701781862364,4.9392015190576535,9.800001862458885e-06,3.0,3.2666672874862948e-06,0.0,187.5
speech_nicolas,ooffice_ch01_seg01,OOFFICE,5,5.000000004872645,stft_subtraction,8.27246234750782,3.2724623426351753,0.0036243294686500076,8.174874968695867,0.007622599994647317,3.0,0.0025408666648824387,32.0,1788.9609375
speech_nicolas,ooffice_ch01_seg01,OOFFICE,5,5.000000004872645,stft_wiener,6.703874584342615,1.7038745794699697,0.005200995125791602,6.643332161807142,0.004758600000059232,3.0,0.001586200000019744,32.0,1788.9609375
speech_nicolas,ooffice_ch01_seg01,OOFFICE,5,5.000000004872645,wavelet_soft,4.844078085728817,-0.1559219191438288,0.007981161455029617,4.413008378814697,0.001208299996505957,3.0,0.0004027666655019857,32.0,375.25
speech_nicolas,ooffice_ch01_seg01,OOFFICE,10,10.00000014680622,noisy,10.00000014680622,0.0,0.0024348594130013416,9.942313258881688,1.0600000678095967e-05,3.0,3.5333335593653223e-06,0.0,187.5
speech_nicolas,ooffice_ch01_seg01,OOFFICE,10,10.00000014680622,stft_subtraction,12.722085158401143,2.722085011594922,0.0013009643316362711,12.91793577789271,0.008397400000831112,3.0,0.0027991333336103708,32.0,1788.9609375
speech_nicolas,ooffice_ch01_seg01,OOFFICE,10,10.00000014680622,stft_wiener,11.361709016564493,1.3617088697582727,0.0017795205333526723,11.380456396150006,0.004654500000469852,3.0,0.0015515000001566175,32.0,1788.9609375
speech_nicolas,ooffice_ch01_seg01,OOFFICE,10,10.00000014680622,wavelet_soft,9.53099620188879,-0.46900394491743036,0.0027125283450408783,9.164830255679766,0.0013652999987243675,3.0,0.00045509999957478914,32.0,375.25
speech_nicolas,ooffice_ch01_seg02,OOFFICE,-5,-4.999999507932615,noisy,-4.999999507932615,0.0,0.07699700915385936,-5.020466990329599,1.0799994925037026e-05,3.0,3.5999983083456755e-06,0.0,187.5
speech_nicolas,ooffice_ch01_seg02,OOFFICE,-5,-4.999999507932615,stft_subtraction,7.638015147191317,12.638014655123932,0.0041944245859401,7.2961201440534085,0.008090100003755651,3.0,0.002696700001251884,32.0,1788.9609375
speech_nicolas,ooffice_ch01_seg02,OOFFICE,-5,-4.999999507932615,stft_wiener,3.6597615167389232,8.659761024671539,0.010483293725928338,3.5316039635700447,0.004800899994734209,3.0,0.0016002999982447363,32.0,1788.9609375
speech_nicolas,ooffice_ch01_seg02,OOFFICE,-5,-4.999999507932615,wavelet_soft,-5.011726723593952,-0.011727215661337276,0.0772052044878432,-5.510251132402405,0.0012371000048005953,3.0,0.00041236666826686513,32.0,375.25
speech_nicolas,ooffice_ch01_seg02,OOFFICE,0,-4.1051427543371696e-07,noisy,-4.1051427543371696e-07,0.0,0.024348597253344234,-0.03484780615561495,9.800001862458885e-06,3.0,3.2666672874862948e-06,0.0,187.5
speech_nicolas,ooffice_ch01_seg02,OOFFICE,0,-4.1051427543371696e-07,stft_subtraction,11.823580974379169,11.823581384893444,0.001599984620035368,12.044388118433794,0.008585099996707868,3.0,0.0028616999989026226,32.0,1788.9609375
speech_nicolas,ooffice_ch01_seg02,OOFFICE,0,-4.1051427543371696e-07,stft_wiener,8.352654486169188,8.352654896683463,0.003558020587793389,8.37285266401487,0.00473999999667285,3.0,0.00157999999889095,32.0,1788.9609375
speech_nicolas,ooffice_ch01_seg02,OOFFICE,0,-4.1051427543371696e-07,wavelet_soft,-0.044844512032019335,-0.0448441015177439,0.024601316954104363,-0.48001016532934027,0.0012870999998995103,3.0,0.0004290333332998368,32.0,375.25
speech_nicolas,ooffice_ch01_seg02,OOFFICE,5,4.999999870330044,noisy,4.999999870330044,0.0,0.007699702019380622,4.9570555878658915,9.199997293762863e-06,3.0,3.0666657645876208e-06,0.0,187.5
speech_nicolas,ooffice_ch01_seg02,OOFFICE,5,4.999999870330044,stft_subtraction,15.159888072589586,10.159888202259541,0.0007421387320468446,16.23277495274087,0.007656400004634634,3.0,0.0025521333348782114,32.0,1788.9609375
speech_nicolas,ooffice_ch01_seg02,OOFFICE,5,4.999999870330044,stft_wiener,12.55699710254425,7.556997232214205,0.0013513697562697272,12.868010756883484,0.0044829000034951605,3.0,0.0014943000011650536,32.0,1788.9609375
speech_nicolas,ooffice_ch01_seg02,OOFFICE,5,4.999999870330044,wavelet_soft,4.853803991788472,-0.14619587854157245,0.007963307861953229,4.452918859613278,0.0011946999948122539,3.0,0.00039823333160408464,32.0,375.25
speech_nicolas,ooffice_ch01_seg02,OOFFICE,10,9.999999981784402,noisy,9.999999981784402,0.0,0.002434859506607454,9.952499158934327,1.0299998393747956e-05,3.0,3.4333327979159853e-06,0.0,187.5
speech_nicolas,ooffice_ch01_seg02,OOFFICE,10,9.999999981784402,stft_subtraction,17.315210291903636,7.315210310119234,0.0004518069171058669,19.49684680334283,0.008018900000024587,3.0,0.002672966666674862,32.0,1788.9609375
speech_nicolas,ooffice_ch01_seg02,OOFFICE,10,9.999999981784402,stft_wiener,15.82479465867516,5.8247946768907575,0.0006367873673345545,16.668967537182855,0.004606800001056399,3.0,0.001535600000352133,32.0,1788.9609375
speech_nicolas,ooffice_ch01_seg02,OOFFICE,10,9.999999981784402,wavelet_soft,9.546152639761289,-0.4538473420231135,0.0027030783939257378,9.192270091216772,0.0012222000004840083,3.0,0.0004074000001613361,32.0,375.25
speech_nicolas,ooffice_ch01_seg03,OOFFICE,-5,-5.000000099219898,noisy,-5.000000099219898,0.0,0.07699701969187636,-5.057384025272871,9.200004569720477e-06,3.0,3.0666681899068258e-06,0.0,187.5
speech_nicolas,ooffice_ch01_seg03,OOFFICE,-5,-5.000000099219898,stft_subtraction,4.730388156539106,9.730388255759003,0.008192851622331227,4.220505396299189,0.007929300001705997,3.0,0.0026431000005686656,32.0,1788.9609375
speech_nicolas,ooffice_ch01_seg03,OOFFICE,-5,-5.000000099219898,stft_wiener,1.066756333082568,6.066756432302466,0.01904575844362476,0.901246757671491,0.0045929000043543056,3.0,0.0015309666681181018,32.0,1788.9609375
speech_nicolas,ooffice_ch01_seg03,OOFFICE,-5,-5.000000099219898,wavelet_soft,-5.010571441153923,-0.010571341934024758,0.07718466958905763,-5.568277087736011,0.0011051000037696213,3.0,0.0003683666679232071,32.0,375.25
speech_nicolas,ooffice_ch01_seg03,OOFFICE,0,-1.4554044306654247e-07,noisy,-1.4554044306654247e-07,0.0,0.024348595772931872,-0.055808680002381594,1.0199997632298619e-05,3.0,3.399999210766206e-06,0.0,187.5
speech_nicolas,ooffice_ch01_seg03,OOFFICE,0,-1.4554044306654247e-07,stft_subtraction,9.373864585543515,9.373864731083959,0.0028124670725260367,9.225452111515684,0.008256200002506375,3.0,0.0027520666675021252,32.0,1788.9609375
speech_nicolas,ooffice_ch01_seg03,OOFFICE,0,-1.4554044306654247e-07,stft_wiener,5.942955200590665,5.942955346131108,0.006196955610625853,5.866519127353625,0.004700999998021871,3.0,0.0015669999993406236,32.0,1788.9609375
speech_nicolas,ooffice_ch01_seg03,OOFFICE,0,-1.4554044306654247e-07,wavelet_soft,-0.04363623597658631,-0.04363609043614324,0.024594473423278317,-0.5061667119367176,0.0011419000002206303,3.0,0.00038063333340687677,32.0,375.25
speech_nicolas,ooffice_ch01_seg03,OOFFICE,5,5.000000252877993,noisy,5.000000252877993,0.0,0.007699701337653474,4.945077498248759,9.499999578110874e-06,3.0,3.1666665260369578e-06,0.0,187.5
speech_nicolas,ooffice_ch01_seg03,OOFFICE,5,5.000000252877993,stft_subtraction,13.571411421784402,8.571411168906408,0.0010698743186309206,13.87890450467662,0.007597999996505678,3.0,0.0025326666655018926,32.0,1788.9609375
speech_nicolas,ooffice_ch01_seg03,OOFFICE,5,5.000000252877993,stft_wiener,10.62626893468538,5.626268681807386,0.0021078854767250985,10.652617181937487,0.00432369999907678,3.0,0.0014412333330255933,32.0,1788.9609375
speech_nicolas,ooffice_ch01_seg03,OOFFICE,5,5.000000252877993,wavelet_soft,4.858051519790957,-0.1419487330870366,0.00795552331592396,4.449585311439926,0.0010856000008061528,3.0,0.0003618666669353843,32.0,375.25
speech_nicolas,ooffice_ch01_seg03,OOFFICE,10,9.99999990384741,noisy,9.99999990384741,0.0,0.002434859549531862,9.945575221095623,7.500006176996976e-06,3.0,2.500002058998992e-06,0.0,187.5
speech_nicolas,ooffice_ch01_seg03,OOFFICE,10,9.99999990384741,stft_subtraction,16.846336052410503,6.846336148563093,0.0005033154938165737,17.84042301707032,0.007889599997724872,3.0,0.0026298666659082905,32.0,1788.9609375
speech_nicolas,ooffice_ch01_seg03,OOFFICE,10,9.99999990384741,stft_wiener,14.73398126594682,4.73398136209941,0.0008186076115288915,14.945278183255539,0.004323099994508084,3.0,0.0014410333315026946,32.0,1788.9609375
speech_nicolas,ooffice_ch01_seg03,OOFFICE,10,9.99999990384741,wavelet_soft,9.554139207536954,-0.4458606963104561,0.0026981120683707,9.198295384188052,0.0010503000012249686,3.0,0.00035010000040832284,32.0,375.25
speech_nicolas,pcafeter_ch01_seg01,PCAFETER,-5,-5.000000104258145,noisy,-5.000000104258145,0.0,0.07699701968029979,-4.7300394765294405,1.4299999747890979e-05,3.0,4.766666582630326e-06,0.0,187.5
speech_nicolas,pcafeter_ch01_seg01,PCAFETER,-5,-5.000000104258145,stft_subtraction,-0.3729470973249478,4.627053006933197,0.0265319160712781,-3.4188674549859,0.007149299999582581,3.0,0.0023830999998608604,32.0,1788.9609375
speech_nicolas,pcafeter_ch01_seg01,PCAFETER,-5,-5.000000104258145,stft_wiener,-2.5474108417816606,2.4525892624764847,0.04377387461259121,-3.766709947027997,0.004311299999244511,3.0,0.0014370999997481704,32.0,1788.9609375
speech_nicolas,pcafeter_ch01_seg01,PCAFETER,-5,-5.000000104258145,wavelet_soft,-4.134257402723714,0.8657427015344314,0.06308115629833569,-4.779001386792634,0.0011299999969196506,3.0,0.00037666666563988355,32.0,375.25
speech_nicolas,pcafeter_ch01_seg01,PCAFETER,0,-4.163428215105657e-08,noisy,-4.163428215105657e-08,0.0,0.024348595178506058,0.13040753621291157,7.999995432328433e-06,3.0,2.6666651441094777e-06,0.0,187.5
speech_nicolas,pcafeter_ch01_seg01,PCAFETER,0,-4.163428215105657e-08,stft_subtraction,4.025268820494432,4.025268862128714,0.00963711459110719,2.39274306133138,0.007587799998873379,3.0,0.0025292666662911265,32.0,1788.9609375
speech_nicolas,pcafeter_ch01_seg01,PCAFETER,0,-4.163428215105657e-08,stft_wiener,2.218528903350798,2.2185289449850805,0.014609017691829894,1.6146696408548373,0.004844399998546578,3.0,0.001614799999515526,32.0,1788.9609375
speech_nicolas,pcafeter_ch01_seg01,PCAFETER,0,-4.163428215105657e-08,wavelet_soft,0.7930875690127961,0.7930876106470782,0.020284539282612323,0.2443048077020224,0.0014951999983168207,3.0,0.0004983999994389402,32.0,375.25
speech_nicolas,pcafeter_ch01_seg01,PCAFETER,5,4.99999991089451,noisy,4.99999991089451,0.0,0.0076997019465146225,5.050934767475002,7.700000423938036e-06,3.0,2.5666668079793453e-06,0.0,187.5
speech_nicolas,pcafeter_ch01_seg01,PCAFETER,5,4.99999991089451,stft_subtraction,8.26252538591966,3.262525475025151,0.003632631684664266,7.561479656319254,0.00728759999765316,3.0,0.0024291999992177202,32.0,1788.9609375
speech_nicolas,pcafeter_ch01_seg01,PCAFETER,5,4.99999991089451,stft_wiener,6.905228579713967,1.9052286688194568,0.004965363498705277,6.622557137045309,0.0044577000007848255,3.0,0.0014859000002616085,32.0,1788.9609375
speech_nicolas,pcafeter_ch01_seg01,PCAFETER,5,4.99999991089451,wavelet_soft,5.672984079247336,0.6729841683528264,0.006594403197035739,5.232523607575744,0.0011716000008163974,3.0,0.00039053333360546577,32.0,375.25
speech_nicolas,pcafeter_ch01_seg01,PCAFETER,10,9.999999555097515,noisy,9.999999555097515,0.0,0.0024348597453121936,10.005922102036385,8.000002708286047e-06,3.0,2.6666675694286823e-06,0.0,187.5
speech_nicolas,pcafeter_ch01_seg01,PCAFETER,10,9.999999555097515,stft_subtraction,12.383629042760983,2.383629487663468,0.0014064069392560649,12.254914099275101,0.008167599997250363,3.0,0.0027225333324167877,32.0,1788.9609375
speech_nicolas,pcafeter_ch01_seg01,PCAFETER,10,9.999999555097515,stft_wiener,11.511829025721676,1.5118294706241606,0.001719059871972546,11.384233364253916,0.00474930000200402,3.0,0.0015831000006680067,32.0,1788.9609375
speech_nicolas,pcafeter_ch01_seg01,PCAFETER,10,9.999999555097515,wavelet_soft,10.390065333870098,0.3900657787725823,0.0022257038215297838,10.045267418151722,0.0011983000003965572,3.0,0.00039943333346551907,32.0,375.25
speech_nicolas,pcafeter_ch01_seg02,PCAFETER,-5,-4.999999670862238,noisy,-4.999999670862238,0.0,0.07699701195304672,-4.938205865769098,7.800001185387373e-06,3.0,2.600000395129124e-06,0.0,187.5
speech_nicolas,pcafeter_ch01_seg02,PCAFETER,-5,-4.999999670862238,stft_subtraction,1.0841799135833878,6.084179584445625,0.01896950127989545,-2.3548188795737985,0.00789739999891026,3.0,0.00263246666630342,32.0,1788.9609375
speech_nicolas,pcafeter_ch01_seg02,PCAFETER,-5,-4.999999670862238,stft_wiener,-1.148867614366801,3.8511320564954366,0.03172200770236636,-2.9620336017265334,0.005219999999098945,3.0,0.0017399999996996485,32.0,1788.9609375
speech_nicolas,pcafeter_ch01_seg02,PCAFETER,-5,-4.999999670862238,wavelet_soft,-4.261971421892886,0.7380282489693517,0.06496374410921488,-5.245860741820804,0.0011620000004768372,3.0,0.00038733333349227905,32.0,375.25
speech_nicolas,pcafeter_ch01_seg02,PCAFETER,0,-1.7754682919097997e-07,noisy,-1.7754682919097997e-07,0.0,0.02434859594001505,0.011582868204836167,1.6099998902063817e-05,3.0,5.366666300687939e-06,0.0,187.5
speech_nicolas,pcafeter_ch01_seg02,PCAFETER,0,-1.7754682919097997e-07,stft_subtraction,5.107671679890101,5.10767185743693,0.0075111552237803565,3.562371755300176,0.008941200001572724,3.0,0.0029804000005242415,32.0,1788.9609375
speech_nicolas,pcafeter_ch01_seg02,PCAFETER,0,-1.7754682919097997e-07,stft_wiener,3.501347004090969,3.501347181637798,0.010872745054481683,2.632603850619815,0.004389100002299529,3.0,0.001463033334099843,32.0,1788.9609375
speech_nicolas,pcafeter_ch01_seg02,PCAFETER,0,-1.7754682919097997e-07,wavelet_soft,0.6633404376095318,0.663340615156361,0.020899690806837134,-0.07550164669604068,0.0011164999959873967,3.0,0.00037216666532913223,32.0,375.25
speech_nicolas,pcafeter_ch01_seg02,PCAFETER,5,4.999999833929403,noisy,4.999999833929403,0.0,0.007699702084027984,4.983219265625809,8.799994247965515e-06,3.0,2.933331415988505e-06,0.0,187.5
speech_nicolas,pcafeter_ch01_seg02,PCAFETER,5,4.999999833929403,stft_subtraction,9.006402950707441,4.0064031167780385,0.003060790536392342,8.651509679533632,0.007609299995237961,3.0,0.0025364333317459873,32.0,1788.9609375
speech_nicolas,pcafeter_ch01_seg02,PCAFETER,5,4.999999833929403,stft_wiener,8.03679518296167,3.0367953490322677,0.0038264354132681623,7.678504340795782,0.004465599995455705,3.0,0.0014885333318185683,32.0,1788.9609375
speech_nicolas,pcafeter_ch01_seg02,PCAFETER,5,4.999999833929403,wavelet_soft,5.53697976278573,0.5369799288563275,0.0068041821181005395,4.9891860348479495,0.0015638000040780753,3.0,0.0005212666680260251,32.0,375.25
speech_nicolas,pcafeter_ch01_seg02,PCAFETER,10,9.99999986328312,noisy,9.99999986328312,0.0,0.0024348595735559815,9.967228483436212,8.200004231184721e-06,3.0,2.7333347437282405e-06,0.0,187.5
speech_nicolas,pcafeter_ch01_seg02,PCAFETER,10,9.99999986328312,stft_subtraction,12.776601257532453,2.776601394249333,0.0012847356614186405,13.149986885542177,0.007756300001346972,3.0,0.002585433333782324,32.0,1788.9609375
speech_nicolas,pcafeter_ch01_seg02,PCAFETER,10,9.99999986328312,stft_wiener,12.394430348749983,2.394430485466863,0.0014029134223562138,12.30952099411796,0.004594300000462681,3.0,0.0015314333334875603,32.0,1788.9609375
speech_nicolas,pcafeter_ch01_seg02,PCAFETER,10,9.99999986328312,wavelet_soft,10.212325318336347,0.21232545505322697,0.0023186829762750416,9.8246818388007,0.0012201999998069368,3.0,0.0004067333332689789,32.0,375.25
speech_nicolas,pcafeter_ch01_seg03,PCAFETER,-5,-5.000000190226781,noisy,-5.000000190226781,0.0,0.07699702131191996,-5.00529920447206,8.200004231184721e-06,3.0,2.7333347437282405e-06,0.0,187.5
speech_nicolas,pcafeter_ch01_seg03,PCAFETER,-5,-5.000000190226781,stft_subtraction,-0.05512521676542024,4.944874973461361,0.024659622671275253,-3.69427569788591,0.007691999999224208,3.0,0.002563999999741403,32.0,1788.9609375
speech_nicolas,pcafeter_ch01_seg03,PCAFETER,-5,-5.000000190226781,stft_wiener,-1.952559893715339,3.047440296511442,0.038170679809961146,-3.8408812351202277,0.004544200004602317,3.0,0.001514733334867439,32.0,1788.9609375
speech_nicolas,pcafeter_ch01_seg03,PCAFETER,-5,-5.000000190226781,wavelet_soft,-4.581121602353349,0.418878587873432,0.06991752804520653,-5.440416887007624,0.0011389999999664724,3.0,0.0003796666666554908,32.0,375.25
speech_nicolas,pcafeter_ch01_seg03,PCAFETER,0,2.3718625878020313e-07,noisy,2.3718625878020313e-07,0.0,0.024348593635242055,-0.026510000745557167,8.100003469735384e-06,3.0,2.700001156578461e-06,0.0,187.5
speech_nicolas,pcafeter_ch01_seg03,PCAFETER,0,2.3718625878020313e-07,stft_subtraction,4.2632108563077775,4.263210619121518,0.00912331813888758,2.4913254590284266,0.00872660000459291,3.0,0.002908866668197637,32.0,1788.9609375
speech_nicolas,pcafeter_ch01_seg03,PCAFETER,0,2.3718625878020313e-07,stft_wiener,2.801799354204973,2.801799117018714,0.012773031110025035,1.9001915426397278,0.004908599999907892,3.0,0.0016361999999692973,32.0,1788.9609375
speech_nicolas,pcafeter_ch01_seg03,PCAFETER,0,2.3718625878020313e-07,wavelet_soft,0.3702587793857067,0.3702585421994479,0.02235877612331719,-0.2886584865619824,0.001128600000811275,3.0,0.00037620000027042505,32.0,375.25
speech_nicolas,pcafeter_ch01_seg03,PCAFETER,5,5.0000002645596355,noisy,5.0000002645596355,0.0,0.007699701321284656,4.961539285510773,8.899995009414852e-06,3.0,2.9666650031382837e-06,0.0,187.5
speech_nicolas,pcafeter_ch01_seg03,PCAFETER,5,5.0000002645596355,stft_subtraction,8.472001069594722,3.472000805035086,0.0034615754178894988,7.8618160152408265,0.007388499994704034,3.0,0.0024628333315680115,32.0,1788.9609375
speech_nicolas,pcafeter_ch01_seg03,PCAFETER,5,5.0000002645596355,stft_wiener,7.478293209158525,2.4782929445988895,0.004351556075003978,7.078225869778754,0.004436100003658794,3.0,0.0014787000012195979,32.0,1788.9609375
speech_nicolas,pcafeter_ch01_seg03,PCAFETER,5,5.0000002645596355,wavelet_soft,5.267412934947149,0.2674126703875137,0.007239900737294585,4.7560500145754165,0.0011995999957434833,3.0,0.00039986666524782777,32.0,375.25
speech_nicolas,pcafeter_ch01_seg03,PCAFETER,10,10.000000040677753,noisy,10.000000040677753,0.0,0.002434859474170243,9.954811426682609,7.90000194683671e-06,3.0,2.6333339822789035e-06,0.0,187.5
speech_nicolas,pcafeter_ch01_seg03,PCAFETER,10,10.000000040677753,stft_subtraction,12.536224078204041,2.5362240375262886,0.001357849062855813,12.616528602115727,0.00823540000419598,3.0,0.0027451333347319937,32.0,1788.9609375
speech_nicolas,pcafeter_ch01_seg03,PCAFETER,10,10.000000040677753,stft_wiener,12.015254342247408,2.015254301569655,0.0015309058092702497,11.859188837387386,0.00469669999438338,3.0,0.00156556666479446,32.0,1788.9609375
speech_nicolas,pcafeter_ch01_seg03,PCAFETER,10,10.000000040677753,wavelet_soft,9.969594525792841,-0.03040551488491161,0.002451966048393159,9.588791929648185,0.0014384999958565459,3.0,0.0004794999986188486,32.0,375.25
speech_nicolas,straffic_ch01_seg01,STRAFFIC,-5,-5.000000211797348,noisy,-5.000000211797348,0.0,0.07699702158451475,-5.056093933040307,8.39999847812578e-06,3.0,2.7999994927085936e-06,0.0,187.5
speech_nicolas,straffic_ch01_seg01,STRAFFIC,-5,-5.000000211797348,stft_subtraction,0.38634529399340156,5.386345505790749,0.022276111104209625,-0.3898630751193794,0.007861699996283278,3.0,0.0026205666654277593,32.0,1788.9609375
speech_nicolas,straffic_ch01_seg01,STRAFFIC,-5,-5.000000211797348,stft_wiener,-2.4578870175499814,2.5421131942473663,0.04288077312033202,-2.65589680168034,0.004889399999228772,3.0,0.001629799999742924,32.0,1788.9609375
speech_nicolas,straffic_ch01_seg01,STRAFFIC,-5,-5.000000211797348,wavelet_soft,-4.986603319500395,0.013396892296952956,0.07675987113934575,-5.547760029338486,0.001112899997679051,3.0,0.000370966665893017,32.0,375.25
speech_nicolas,straffic_ch01_seg01,STRAFFIC,0,7.016432896513179e-08,noisy,7.016432896513179e-08,0.0,0.02434859454599147,-0.0552744967321087,8.39999847812578e-06,3.0,2.7999994927085936e-06,0.0,187.5
speech_nicolas,straffic_ch01_seg01,STRAFFIC,0,7.016432896513179e-08,stft_subtraction,5.246073128865978,5.24607305870165,0.007275562774234148,4.823887922043493,0.008331099998031277,3.0,0.0027770333326770924,32.0,1788.9609375
speech_nicolas,straffic_ch01_seg01,STRAFFIC,0,7.016432896513179e-08,stft_wiener,2.4901284364472787,2.4901283662829496,0.01372337913372378,2.377550362972676,0.004560900000797119,3.0,0.0015203000002657063,32.0,1788.9609375
speech_nicolas,straffic_ch01_seg01,STRAFFIC,0,7.016432896513179e-08,wavelet_soft,-0.017909502189005524,-0.01790957235333449,0.0244492113749672,-0.48403740112381,0.0012089000010746531,3.0,0.0004029666670248844,32.0,375.25
speech_nicolas,straffic_ch01_seg01,STRAFFIC,5,5.000000332124529,noisy,5.000000332124529,0.0,0.00769970120366533,4.945186385219733,8.200004231184721e-06,3.0,2.7333347437282405e-06,0.0,187.5
speech_nicolas,straffic_ch01_seg01,STRAFFIC,5,5.000000332124529,stft_subtraction,9.948235830024698,4.9482354979001695,0.0024640545733415403,9.817674642515328,0.007621500000823289,3.0,0.0025405000002744296,32.0,1788.9609375
speech_nicolas,straffic_ch01_seg01,STRAFFIC,5,5.000000332124529,stft_wiener,7.370914588737209,2.3709142566126804,0.0044604887272954,7.3139748529479,0.004493300002650358,3.0,0.0014977666675501193,32.0,1788.9609375
speech_nicolas,straffic_ch01_seg01,STRAFFIC,5,5.000000332124529,wavelet_soft,4.88599587476539,-0.11400445735913856,0.007904498428784159,4.476295162117081,0.001188700000056997,3.0,0.0003962333333523323,32.0,375.25
speech_nicolas,straffic_ch01_seg01,STRAFFIC,10,9.999999906499253,noisy,9.999999906499253,0.0,0.002434859548420933,9.945444971429604,8.700000762473792e-06,3.0,2.9000002541579306e-06,0.0,187.5
speech_nicolas,straffic_ch01_seg01,STRAFFIC,10,9.999999906499253,stft_subtraction,14.311335852849655,4.311335946350402,0.0009022778972732169,14.516728447734815,0.008280500005639624,3.0,0.002760166668546541,32.0,1788.9609375
speech_nicolas,straffic_ch01_seg01,STRAFFIC,10,9.999999906499253,stft_wiener,12.107235811446513,2.1072359049472595,0.001498822913947414,12.106176387667357,0.004462199998670258,3.0,0.0014873999995567526,32.0,1788.9609375
speech_nicolas,straffic_ch01_seg01,STRAFFIC,10,9.999999906499253,wavelet_soft,9.582690301575958,-0.41730960492329494,0.0026804324997203245,9.226651388473707,0.0011376999973435886,3.0,0.0003792333324478629,32.0,375.25
speech_nicolas,straffic_ch01_seg02,STRAFFIC,-5,-5.000000325377345,noisy,-5.000000325377345,0.0,0.07699702362159105,-5.118336819447881,8.000002708286047e-06,3.0,2.6666675694286823e-06,0.0,187.5
speech_nicolas,straffic_ch01_seg02,STRAFFIC,-5,-5.000000325377345,stft_subtraction,0.7188600454879556,5.7188603708653005,0.020634212574427966,-0.6685122250137154,0.007833600000594743,3.0,0.0026112000001982474,32.0,1788.9609375
speech_nicolas,straffic_ch01_seg02,STRAFFIC,-5,-5.000000325377345,stft_wiener,-1.1567531643696323,3.8432471610077124,0.031779658170941374,-1.6542996654599311,0.005540099999052472,3.0,0.0018466999996841575,32.0,1788.9609375
speech_nicolas,straffic_ch01_seg02,STRAFFIC,-5,-5.000000325377345,wavelet_soft,-4.074152323767992,0.9258480016093529,0.062214145051062174,-5.6779884950839,0.0016386000061174855,3.0,0.0005462000020391619,32.0,375.25
speech_nicolas,straffic_ch01_seg02,STRAFFIC,0,1.1681314552564335e-07,noisy,1.1681314552564335e-07,0.0,0.024348594299816104,-0.09018599354564205,9.700001101009548e-06,3.0,3.233333700336516e-06,0.0,187.5
speech_nicolas,straffic_ch01_seg02,STRAFFIC,0,1.1681314552564335e-07,stft_subtraction,5.216290347501806,5.21629023068866,0.007325628156862829,4.504146791234959,0.00831599999946775,3.0,0.002771999999822583,32.0,1788.9609375
speech_nicolas,straffic_ch01_seg02,STRAFFIC,0,1.1681314552564335e-07,stft_wiener,3.6187196434288498,3.6187195266157044,0.010582832943223422,3.4014093942293604,0.005079000002297107,3.0,0.0016930000007657024,32.0,1788.9609375
speech_nicolas,straffic_ch01_seg02,STRAFFIC,0,1.1681314552564335e-07,wavelet_soft,0.7976918156708607,0.7976916988577152,0.020263045678602543,-0.2782261422969382,0.001177300000563264,3.0,0.00039243333352108795,32.0,375.25
speech_nicolas,straffic_ch01_seg02,STRAFFIC,5,5.000000136605722,noisy,5.000000136605722,0.0,0.007699701547281402,4.925604156275321,8.799994247965515e-06,3.0,2.933331415988505e-06,0.0,187.5
speech_nicolas,straffic_ch01_seg02,STRAFFIC,5,5.000000136605722,stft_subtraction,9.339004597273707,4.339004460667985,0.0028351330534789176,9.295568084879127,0.008090000002994202,3.0,0.002696666667664734,32.0,1788.9609375
speech_nicolas,straffic_ch01_seg02,STRAFFIC,5,5.000000136605722,stft_wiener,8.142657287326458,3.1426571507207353,0.0037342911589822846,8.23469031201528,0.0054366000040317886,3.0,0.0018122000013439294,32.0,1788.9609375
speech_nicolas,straffic_ch01_seg02,STRAFFIC,5,5.000000136605722,wavelet_soft,5.578619254385503,0.5786191177797804,0.006739256397898098,4.875849397000743,0.001232200003869366,3.0,0.00041073333462312195,32.0,375.25
speech_nicolas,straffic_ch01_seg02,STRAFFIC,10,9.999999764537465,noisy,9.999999764537465,0.0,0.002434859627387442,9.934470639016247,8.800001523923129e-06,3.0,2.9333338413077095e-06,0.0,187.5
speech_nicolas,straffic_ch01_seg02,STRAFFIC,10,9.999999764537465,stft_subtraction,12.875545996621556,2.8755462320840905,0.0012557966068112447,13.653140980307796,0.0078075999990687706,3.0,0.0026025333330229237,32.0,1788.9609375
speech_nicolas,straffic_ch01_seg02,STRAFFIC,10,9.999999764537465,stft_wiener,12.21531901343597,2.2153192488985045,0.0014619819259640452,12.803544274592438,0.005408700002590194,3.0,0.0018029000008633982,32.0,1788.9609375
speech_nicolas,straffic_ch01_seg02,STRAFFIC,10,9.999999764537465,wavelet_soft,10.119133990361176,0.1191342258237107,0.0023689751545415355,9.677842512317667,0.0012366000009933487,3.0,0.0004122000003311162,32.0,375.25
speech_nicolas,straffic_ch01_seg03,STRAFFIC,-5,-5.000000243779034,noisy,-5.000000243779034,0.0,0.07699702218241535,-4.793024354437472,8.299997716676444e-06,3.0,2.7666659055588147e-06,0.0,187.5
speech_nicolas,straffic_ch01_seg03,STRAFFIC,-5,-5.000000243779034,stft_subtraction,2.07569676139352,7.075697005172554,0.015097471876367627,0.24438659365788074,0.009247900001355447,3.0,0.003082633333785149,32.0,1788.9609375
speech_nicolas,straffic_ch01_seg03,STRAFFIC,-5,-5.000000243779034,stft_wiener,-0.7981157521642491,4.201884491614785,0.0292607518097588,-1.3756710977165305,0.0044606000010389835,3.0,0.0014868666670129944,32.0,1788.9609375
speech_nicolas,straffic_ch01_seg03,STRAFFIC,-5,-5.000000243779034,wavelet_soft,-4.611438372512914,0.38856187126611985,0.07040730847364142,-5.523083020567622,0.001098100001399871,3.0,0.000366033333799957,32.0,375.25
speech_nicolas,straffic_ch01_seg03,STRAFFIC,0,5.1110089279780876e-08,noisy,5.1110089279780876e-08,0.0,0.02434859468826078,0.09426193769036294,8.499999239575118e-06,3.0,2.8333330798583725e-06,0.0,187.5
speech_nicolas,straffic_ch01_seg03,STRAFFIC,0,5.1110089279780876e-08,stft_subtraction,6.399651136348032,6.3996510852379425,0.0055783889462431,5.503105531579038,0.007994999999937136,3.0,0.0026649999999790452,32.0,1788.9609375
speech_nicolas,straffic_ch01_seg03,STRAFFIC,0,5.1110089279780876e-08,stft_wiener,3.9512161565484676,3.951216105438378,0.009802848474977498,3.675800775004501,0.0051168000063626096,3.0,0.00170560000212087,32.0,1788.9609375
speech_nicolas,straffic_ch01_seg03,STRAFFIC,0,5.1110089279780876e-08,wavelet_soft,0.3121937619767102,0.31219371086662095,0.022659719474339302,-0.35423522161263604,0.0013201999972807243,3.0,0.00044006666576024145,32.0,375.25
speech_nicolas,straffic_ch01_seg03,STRAFFIC,5,5.0000002862586665,noisy,5.0000002862586665,0.0,0.007699701282405514,5.030229963733404,8.600000001024455e-06,3.0,2.8666666670081518e-06,0.0,187.5
speech_nicolas,straffic_ch01_seg03,STRAFFIC,5,5.0000002862586665,stft_subtraction,10.45244323941547,5.452442953156803,0.0021939644251434327,10.231335905464864,0.008988900000986177,3.0,0.0029963000003287257,32.0,1788.9609375
speech_nicolas,straffic_ch01_seg03,STRAFFIC,5,5.0000002862586665,stft_wiener,8.537168178046109,3.5371678917874423,0.0034100212657478886,8.445530099494201,0.004838200002268422,3.0,0.001612733334089474,32.0,1788.9609375
speech_nicolas,straffic_ch01_seg03,STRAFFIC,5,5.0000002862586665,wavelet_soft,5.172087084186858,0.17208679792819126,0.007400570442965894,4.678239306579201,0.0010894000006373972,3.0,0.0003631333335457991,32.0,375.25
speech_nicolas,straffic_ch01_seg03,STRAFFIC,10,10.000000095051478,noisy,10.000000095051478,0.0,0.002434859444128008,9.994013353939412,8.199996955227107e-06,3.0,2.7333323184090355e-06,0.0,187.5
speech_nicolas,straffic_ch01_seg03,STRAFFIC,10,10.000000095051478,stft_subtraction,14.210814978866324,4.210814883814846,0.0009234053940091442,14.475855945797566,0.007983899995451793,3.0,0.002661299998483931,32.0,1788.9609375
speech_nicolas,straffic_ch01_seg03,STRAFFIC,10,10.000000095051478,stft_wiener,12.921013657350029,2.921013562298551,0.0012427178590900285,12.943263790986189,0.004952499999490101,3.0,0.0016508333331633669,32.0,1788.9609375
speech_nicolas,straffic_ch01_seg03,STRAFFIC,10,10.000000095051478,wavelet_soft,9.828668004234983,-0.17133209081649525,0.0025328362003235456,9.45864692490396,0.0013447000019368716,3.0,0.0004482333339789572,32.0,375.25
speech_theo,dkitchen_ch01_seg01,DKITCHEN,-5,-5.000000124441969,noisy,-5.000000124441969,0.0,0.07433138047594794,-5.017996316937923,8.09999619377777e-06,3.0,2.6999987312592566e-06,0.0,187.5
speech_theo,dkitchen_ch01_seg01,DKITCHEN,-5,-5.000000124441969,stft_subtraction,1.9473253612868315,6.9473254857288005,0.01501203782893959,1.276383007860393,0.008757199997489806,3.0,0.0029190666658299356,32.0,1788.9609375
speech_theo,dkitchen_ch01_seg01,DKITCHEN,-5,-5.000000124441969,stft_wiener,-1.7641544729020453,3.2358456515399237,0.035284797818625646,-1.9368493836539988,0.0046139999976730905,3.0,0.0015379999992243636,32.0,1788.9609375
speech_theo,dkitchen_ch01_seg01,DKITCHEN,-5,-5.000000124441969,wavelet_soft,-4.887284856678415,0.11271526776355412,0.07242702922521833,-9.124872354569941,0.0012452000009943731,3.0,0.0004150666669981244,32.0,375.25
speech_theo,dkitchen_ch01_seg01,DKITCHEN,0,-3.2409153613840984e-07,noisy,-3.2409153613840984e-07,0.0,0.02350564746142276,-0.010111236334584842,8.199996955227107e-06,3.0,2.7333323184090355e-06,0.0,187.5
speech_theo,dkitchen_ch01_seg01,DKITCHEN,0,-3.2409153613840984e-07,stft_subtraction,6.855851900793072,6.855852224884607,0.00484827220984272,6.4802399891503,0.008464400001685135,3.0,0.0028214666672283784,32.0,1788.9609375
speech_theo,dkitchen_ch01_seg01,DKITCHEN,0,-3.2409153613840984e-07,stft_wiener,3.2137384868251484,3.2137388109166847,0.011214975702699694,3.1307925407684882,0.005002899997634813,3.0,0.0016676333325449377,32.0,1788.9609375
speech_theo,dkitchen_ch01_seg01,DKITCHEN,0,-3.2409153613840984e-07,wavelet_soft,-0.23787073748670207,-0.23787041339516593,0.02482900178377199,-2.776533300725858,0.0015586000008624978,3.0,0.0005195333336208326,32.0,375.25
speech_theo,dkitchen_ch01_seg01,DKITCHEN,5,4.99999981269924,noisy,4.99999981269924,0.0,0.007433138154330885,4.99431997653423,9.79999458650127e-06,3.0,3.26666486216709e-06,0.0,187.5
speech_theo,dkitchen_ch01_seg01,DKITCHEN,5,4.99999981269924,stft_subtraction,11.737735980140013,6.737736167440772,0.0015754281037326993,11.541339608650711,0.00855750000482658,3.0,0.0028525000016088597,32.0,1788.9609375
speech_theo,dkitchen_ch01_seg01,DKITCHEN,5,4.99999981269924,stft_wiener,8.1852192051205,3.18521939242126,0.0035698524445023677,8.14678088578517,0.005749800002377015,3.0,0.0019166000007923383,32.0,1788.9609375
speech_theo,dkitchen_ch01_seg01,DKITCHEN,5,4.99999981269924,wavelet_soft,4.201723382214356,-0.7982764304848846,0.008933051704740099,2.789563957037575,0.0012843000004068017,3.0,0.00042810000013560057,32.0,375.25
speech_theo,dkitchen_ch01_seg01,DKITCHEN,10,9.99999972449604,noisy,9.99999972449604,0.0,0.002350564721147987,9.996810671946307,9.499999578110874e-06,3.0,3.1666665260369578e-06,0.0,187.5
speech_theo,dkitchen_ch01_seg01,DKITCHEN,10,9.99999972449604,stft_subtraction,16.588910883460716,6.588911158964676,0.0005155622349437072,16.498795327420368,0.008493399996950757,3.0,0.0028311333323169188,32.0,1788.9609375
speech_theo,dkitchen_ch01_seg01,DKITCHEN,10,9.99999972449604,stft_wiener,13.148541014988755,3.148541290492714,0.0011384608085275956,13.131100956274526,0.005831800001033116,3.0,0.0019439333336777054,32.0,1788.9609375
speech_theo,dkitchen_ch01_seg01,DKITCHEN,10,9.99999972449604,wavelet_soft,8.337392603388892,-1.6626071211071487,0.003446933666055069,7.658887757037593,0.001501899998402223,3.0,0.000500633332800741,32.0,375.25
speech_theo,dkitchen_ch01_seg02,DKITCHEN,-5,-5.000000115158989,noisy,-5.000000115158989,0.0,0.07433138031756564,-4.980942446654756,8.900002285372466e-06,3.0,2.9666674284574888e-06,0.0,187.5
speech_theo,dkitchen_ch01_seg02,DKITCHEN,-5,-5.000000115158989,stft_subtraction,7.689247374052498,12.689247489211487,0.004001726912911863,7.119115025472896,0.009901099998387508,3.0,0.0033003666661291695,32.0,1788.9609375
speech_theo,dkitchen_ch01_seg02,DKITCHEN,-5,-5.000000115158989,stft_wiener,2.6417219435182386,7.641722058677228,0.012793812779922253,2.448607185121944,0.005474799996591173,3.0,0.0018249333321970578,32.0,1788.9609375
speech_theo,dkitchen_ch01_seg02,DKITCHEN,-5,-5.000000115158989,wavelet_soft,-4.897860728192231,0.1021393869667584,0.07260361732297348,-9.016581637812067,0.0012782999983755872,3.0,0.00042609999945852906,32.0,375.25
speech_theo,dkitchen_ch01_seg02,DKITCHEN,0,-1.9238842838070103e-07,noisy,-1.9238842838070103e-07,0.0,0.02350564675816476,0.010767847725568715,9.2999980552122e-06,3.0,3.0999993517374e-06,0.0,187.5
speech_theo,dkitchen_ch01_seg02,DKITCHEN,0,-1.9238842838070103e-07,stft_subtraction,12.334748073918533,12.334748266306962,0.0013730848613073467,12.079891616725035,0.008163700003933627,3.0,0.0027212333346445425,32.0,1788.9609375
speech_theo,dkitchen_ch01_seg02,DKITCHEN,0,-1.9238842838070103e-07,stft_wiener,7.574913911367575,7.5749141037560035,0.00410847637749814,7.489681306393372,0.0051301999992574565,3.0,0.0017100666664191522,32.0,1788.9609375
speech_theo,dkitchen_ch01_seg02,DKITCHEN,0,-1.9238842838070103e-07,wavelet_soft,-0.24193549739849485,-0.24193530501006646,0.02485225124933481,-2.7260538951036666,0.0011023999977624044,3.0,0.00036746666592080146,32.0,375.25
speech_theo,dkitchen_ch01_seg02,DKITCHEN,5,4.999999605110233,noisy,4.999999605110233,0.0,0.007433138507349116,5.00610256355071,8.700000762473792e-06,3.0,2.9000002541579306e-06,0.0,187.5
speech_theo,dkitchen_ch01_seg02,DKITCHEN,5,4.999999605110233,stft_subtraction,16.910325441507606,11.910325836397373,0.00047878401495611615,16.84093155251343,0.008291999998618849,3.0,0.002763999999539616,32.0,1788.9609375
speech_theo,dkitchen_ch01_seg02,DKITCHEN,5,4.999999605110233,stft_wiener,12.48947770376282,7.489478098652587,0.0013250260480895566,12.453748276583509,0.004787400001077913,3.0,0.0015958000003593042,32.0,1788.9609375
speech_theo,dkitchen_ch01_seg02,DKITCHEN,5,4.999999605110233,wavelet_soft,4.213639662288557,-0.7863599428216759,0.008908574575089034,2.8295777518451604,0.001179200000478886,3.0,0.0003930666668262954,32.0,375.25
speech_theo,dkitchen_ch01_seg02,DKITCHEN,10,9.999999831303775,noisy,9.999999831303775,0.0,0.0023505646632588474,10.003478315466058,1.2200005585327744e-05,3.0,4.066668528442581e-06,0.0,187.5
speech_theo,dkitchen_ch01_seg02,DKITCHEN,10,9.999999831303775,stft_subtraction,21.407147088854614,11.40714725755084,0.00017000334901378912,21.44024554744266,0.016851299995323643,3.0,0.005617099998441215,32.0,1788.9609375
speech_theo,dkitchen_ch01_seg02,DKITCHEN,10,9.999999831303775,stft_wiener,17.36912991380961,7.3691300825058335,0.0004307836334727555,17.354740812271956,0.008026600000448525,3.0,0.0026755333334828415,32.0,1788.9609375
speech_theo,dkitchen_ch01_seg02,DKITCHEN,10,9.999999831303775,wavelet_soft,8.36247653315445,-1.6375232981493255,0.003427082293390991,7.69089304119532,0.002291600001626648,3.0,0.0007638666672088826,32.0,375.25
speech_theo,dkitchen_ch01_seg03,DKITCHEN,-5,-4.999999770276185,noisy,-4.999999770276185,0.0,0.07433137438244394,-5.001769980436718,1.4800003555137664e-05,3.0,4.933334518379222e-06,0.0,187.5
speech_theo,dkitchen_ch01_seg03,DKITCHEN,-5,-4.999999770276185,stft_subtraction,7.159035515690521,12.159035285966706,0.00452135527752058,6.586616489304181,0.011205100003280677,3.0,0.0037350333344268924,32.0,1788.9609375
speech_theo,dkitchen_ch01_seg03,DKITCHEN,-5,-4.999999770276185,stft_wiener,2.74577188425428,7.745771654530465,0.012490936405091916,2.580606444166901,0.005033499997807667,3.0,0.0016778333326025556,32.0,1788.9609375
speech_theo,dkitchen_ch01_seg03,DKITCHEN,-5,-4.999999770276185,wavelet_soft,-4.8957237846808335,0.10427598559535145,0.07256790153424,-9.027201685038127,0.002752599997620564,3.0,0.000917533332540188,32.0,375.25
speech_theo,dkitchen_ch01_seg03,DKITCHEN,0,-4.4445949904710327e-07,noisy,-4.4445949904710327e-07,0.0,0.023505648118852765,-0.0006259558416563865,1.8900005670730025e-05,3.0,6.300001890243341e-06,0.0,187.5
speech_theo,dkitchen_ch01_seg03,DKITCHEN,0,-4.4445949904710327e-07,stft_subtraction,11.84467091411924,11.844671358578738,0.0015371105210579136,11.573517835578379,0.0494195999999647,3.0,0.016473199999988235,32.0,1788.9609375
speech_theo,dkitchen_ch01_seg03,DKITCHEN,0,-4.4445949904710327e-07,stft_wiener,7.681861112813468,7.681861557272968,0.0040085386434037034,7.603938355896437,0.02029420000326354,3.0,0.00676473333442118,32.0,1788.9609375
speech_theo,dkitchen_ch01_seg03,DKITCHEN,0,-4.4445949904710327e-07,wavelet_soft,-0.23971697340140047,-0.23971652894190143,0.024839559138836266,-2.7264459491260506,0.00176090000604745,3.0,0.0005869666686824834,32.0,375.25
speech_theo,dkitchen_ch01_seg03,DKITCHEN,5,4.9999996807974325,noisy,4.9999996807974325,0.0,0.007433138383730283,5.0000178088380824,1.6099998902063817e-05,3.0,5.366666300687939e-06,0.0,187.5
speech_theo,dkitchen_ch01_seg03,DKITCHEN,5,4.9999996807974325,stft_subtraction,16.456115551453905,11.456115870656472,0.0005315702062204639,16.364771749153714,0.012263000004168134,3.0,0.004087666668056045,32.0,1788.9609375
speech_theo,dkitchen_ch01_seg03,DKITCHEN,5,4.9999996807974325,stft_wiener,12.59947284924449,7.599473168447058,0.001291888111431488,12.564163075812356,0.005092800005513709,3.0,0.001697600001837903,32.0,1788.9609375
speech_theo,dkitchen_ch01_seg03,DKITCHEN,5,4.9999996807974325,wavelet_soft,4.213865148037471,-0.7861345327599611,0.008908112052017261,2.8265996772786703,0.002910299997893162,3.0,0.0009700999992977207,32.0,375.25
speech_theo,dkitchen_ch01_seg03,DKITCHEN,10,10.000000130297607,noisy,10.000000130297607,0.0,0.002350564501558526,10.000380192403401,1.5900004655122757e-05,3.0,5.300001551707585e-06,0.0,187.5
speech_theo,dkitchen_ch01_seg03,DKITCHEN,10,10.000000130297607,stft_subtraction,20.99384045799102,10.993840327693412,0.00018697697983749648,21.003991069071656,0.01360959999874467,3.0,0.00453653333291489,32.0,1788.9609375
speech_theo,dkitchen_ch01_seg03,DKITCHEN,10,10.000000130297607,stft_wiener,17.496655599487458,7.49665546918985,0.000418318070986617,17.481047057399177,0.006199600000400096,3.0,0.002066533333466699,32.0,1788.9609375
speech_theo,dkitchen_ch01_seg03,DKITCHEN,10,10.000000130297607,wavelet_soft,8.368646063710361,-1.631354066587246,0.0034222172768274177,7.698322098365001,0.0013694000008399598,3.0,0.0004564666669466533,32.0,375.25
speech_theo,ooffice_ch01_seg01,OOFFICE,-5,-5.000000015605924,noisy,-5.000000015605924,0.0,0.07433137855396409,-4.992065151729264,9.399998816661537e-06,3.0,3.133332938887179e-06,0.0,187.5
speech_theo,ooffice_ch01_seg01,OOFFICE,-5,-5.000000015605924,stft_subtraction,-1.391548618044309,3.6084513975616144,0.032383743283310854,-1.8528449223351897,0.00784399999974994,3.0,0.002614666666583313,32.0,1788.9609375
speech_theo,ooffice_ch01_seg01,OOFFICE,-5,-5.000000015605924,stft_wiener,-3.09076146542234,1.9092385501835838,0.047890385424420735,-3.1535477341311076,0.0048248999955831096,3.0,0.0016082999985277031,32.0,1788.9609375
speech_theo,ooffice_ch01_seg01,OOFFICE,-5,-5.000000015605924,wavelet_soft,-5.015397153381997,-0.015397137776073322,0.07459537492315346,-5.515867572533002,0.001251300003787037,3.0,0.00041710000126234564,32.0,375.25
speech_theo,ooffice_ch01_seg01,OOFFICE,0,3.042954886384422e-07,noisy,3.042954886384422e-07,0.0,0.023505644074375227,0.0046961057780587605,8.400005754083395e-06,3.0,2.800001918027798e-06,0.0,187.5
speech_theo,ooffice_ch01_seg01,OOFFICE,0,3.042954886384422e-07,stft_subtraction,3.5974655640304833,3.5974652597349945,0.01026657607723482,3.3369079940448905,0.00767729999643052,3.0,0.0025590999988101735,32.0,1788.9609375
speech_theo,ooffice_ch01_seg01,OOFFICE,0,3.042954886384422e-07,stft_wiener,1.9049485466828968,1.9049482423874082,0.01515923661167443,1.8808411070755227,0.004635599994799122,3.0,0.001545199998266374,32.0,1788.9609375
speech_theo,ooffice_ch01_seg01,OOFFICE,0,3.042954886384422e-07,wavelet_soft,-0.04073707091286876,-0.0407373752083574,0.023727167326346478,-0.41075400529594736,0.0011969999977736734,3.0,0.00039899999925789115,32.0,375.25
speech_theo,ooffice_ch01_seg01,OOFFICE,5,4.999999699727321,noisy,4.999999699727321,0.0,0.007433138349894257,5.002873513134314,7.599999662488699e-06,3.0,2.5333332208295665e-06,0.0,187.5
speech_theo,ooffice_ch01_seg01,OOFFICE,5,4.999999699727321,stft_subtraction,8.585064147718738,3.5850644479914164,0.0032558603753533475,8.440589502702059,0.0074367000052006915,3.0,0.002478900001733564,32.0,1788.9609375
speech_theo,ooffice_ch01_seg01,OOFFICE,5,4.999999699727321,stft_wiener,6.89919683332319,1.8991971335958686,0.004800124515245698,6.890010323056561,0.004341599997133017,3.0,0.001447199999044339,32.0,1788.9609375
speech_theo,ooffice_ch01_seg01,OOFFICE,5,4.999999699727321,wavelet_soft,4.895781102952507,-0.10421859677481393,0.007613670469343025,4.604969658643718,0.0010373000040999614,3.0,0.00034576666803332046,32.0,375.25
speech_theo,ooffice_ch01_seg01,OOFFICE,10,9.999999867416147,noisy,9.999999867416147,0.0,0.002350564644867075,10.001848930137138,8.09999619377777e-06,3.0,2.6999987312592566e-06,0.0,187.5
speech_theo,ooffice_ch01_seg01,OOFFICE,10,9.999999867416147,stft_subtraction,13.566100883753142,3.5661010163369955,0.0010340989520844473,13.4880242201147,0.007543400002759881,3.0,0.002514466667586627,32.0,1788.9609375
speech_theo,ooffice_ch01_seg01,OOFFICE,10,9.999999867416147,stft_wiener,11.887591144138925,1.8875912767227785,0.001521994461295701,11.883843248398529,0.004481399999349378,3.0,0.001493799999783126,32.0,1788.9609375
speech_theo,ooffice_ch01_seg01,OOFFICE,10,9.999999867416147,wavelet_soft,9.72374274446699,-0.27625712294915594,0.0025049433692042157,9.492599158299415,0.0011420000009820797,3.0,0.00038066666699402657,32.0,375.25
speech_theo,ooffice_ch01_seg02,OOFFICE,-5,-5.000000350335013,noisy,-5.000000350335013,0.0,0.07433138433320051,-4.98827094163555,7.90000194683671e-06,3.0,2.6333339822789035e-06,0.0,187.5
speech_theo,ooffice_ch01_seg02,OOFFICE,-5,-5.000000350335013,stft_subtraction,7.980222309595037,12.98022265993005,0.0037423978482071635,7.480636858289495,0.008296799998788629,3.0,0.0027655999995962097,32.0,1788.9609375
speech_theo,ooffice_ch01_seg02,OOFFICE,-5,-5.000000350335013,stft_wiener,3.7891274108131174,8.78912776114813,0.009823346101882742,3.6441010322675145,0.0060794000019086525,3.0,0.002026466667302884,32.0,1788.9609375
speech_theo,ooffice_ch01_seg02,OOFFICE,-5,-5.000000350335013,wavelet_soft,-5.017036415646911,-0.017036065311897275,0.07462353667937145,-5.550736772104848,0.0014129999981378205,3.0,0.0004709999993792735,32.0,375.25
speech_theo,ooffice_ch01_seg02,OOFFICE,0,-2.533916901307812e-07,noisy,-2.533916901307812e-07,0.0,0.02350564709063998,0.006971300689805286,9.399998816661537e-06,3.0,3.133332938887179e-06,0.0,187.5
speech_theo,ooffice_ch01_seg02,OOFFICE,0,-2.533916901307812e-07,stft_subtraction,12.805287732553204,12.805287985944894,0.0012320927793504082,12.5816318167466,0.008428100001765415,3.0,0.0028093666672551385,32.0,1788.9609375
speech_theo,ooffice_ch01_seg02,OOFFICE,0,-2.533916901307812e-07,stft_wiener,8.758483726021238,8.758483979412928,0.0031284110642595085,8.693160584627222,0.004383899999083951,3.0,0.0014612999996946503,32.0,1788.9609375
speech_theo,ooffice_ch01_seg02,OOFFICE,0,-2.533916901307812e-07,wavelet_soft,-0.042569426403336046,-0.042569173011645915,0.023737180308733282,-0.42326974938801565,0.0010570999947958626,3.0,0.0003523666649319542,32.0,375.25
speech_theo,ooffice_ch01_seg02,OOFFICE,5,4.9999998512006885,noisy,4.9999998512006885,0.0,0.007433138090587612,5.004294715875812,9.499999578110874e-06,3.0,3.1666665260369578e-06,0.0,187.5
speech_theo,ooffice_ch01_seg02,OOFFICE,5,4.9999998512006885,stft_subtraction,17.630379985187005,12.630380133986318,0.0004056338482910796,17.569746509176603,0.008212299995648209,3.0,0.002737433331882736,32.0,1788.9609375
speech_theo,ooffice_ch01_seg02,OOFFICE,5,4.9999998512006885,stft_wiener,13.727883023907792,8.727883172707102,0.0009962856700246642,13.700965424950697,0.004503000003751367,3.0,0.0015010000012504558,32.0,1788.9609375
speech_theo,ooffice_ch01_seg02,OOFFICE,5,4.9999998512006885,wavelet_soft,4.901618029338524,-0.09838182186216482,0.007603444553152545,4.620288982373204,0.0011463000046205707,3.0,0.00038210000154019025,32.0,375.25
speech_theo,ooffice_ch01_seg02,OOFFICE,10,9.99999988151216,noisy,9.99999988151216,0.0,0.0023505646360898317,10.002789182298553,8.299997716676444e-06,3.0,2.7666659055588147e-06,0.0,187.5
speech_theo,ooffice_ch01_seg02,OOFFICE,10,9.99999988151216,stft_subtraction,22.40067358159592,12.400673700083761,0.00013523989590525024,22.43175923110405,0.007403700001304969,3.0,0.0024679000004349896,32.0,1788.9609375
speech_theo,ooffice_ch01_seg02,OOFFICE,10,9.99999988151216,stft_wiener,18.668138354489194,8.668138472977034,0.0003194172388640422,18.656778829317023,0.004466899998078588,3.0,0.0014889666660261962,32.0,1788.9609375
speech_theo,ooffice_ch01_seg02,OOFFICE,10,9.99999988151216,wavelet_soft,9.75610267559938,-0.24389720591278063,0.0024863480253372186,9.54025525197728,0.0010707000037655234,3.0,0.00035690000125517446,32.0,375.25
speech_theo,ooffice_ch01_seg03,OOFFICE,-5,-4.99999976970898,noisy,-4.99999976970898,0.0,0.07433137440296331,-4.990729643097074,8.000002708286047e-06,3.0,2.6666675694286823e-06,0.0,187.5
speech_theo,ooffice_ch01_seg03,OOFFICE,-5,-4.99999976970898,stft_subtraction,4.868488153328375,9.868487923037355,0.007661668734939379,4.344093999881701,0.007644800003618002,3.0,0.0025482666678726673,32.0,1788.9609375
speech_theo,ooffice_ch01_seg03,OOFFICE,-5,-4.99999976970898,stft_wiener,1.113437329286215,6.113437098995195,0.018189822174625822,1.0185976992412027,0.00448070000129519,3.0,0.0014935666670983967,32.0,1788.9609375
speech_theo,ooffice_ch01_seg03,OOFFICE,-5,-4.99999976970898,wavelet_soft,-5.016329972042329,-0.016330202333349142,0.07461139900366033,-5.571082610136434,0.0010850999969989061,3.0,0.0003616999989996354,32.0,375.25
speech_theo,ooffice_ch01_seg03,OOFFICE,0,-1.619593974641004e-07,noisy,-1.619593974641004e-07,0.0,0.023505646591073126,0.0054096304900917765,8.999995770864189e-06,3.0,2.999998590288063e-06,0.0,187.5
speech_theo,ooffice_ch01_seg03,OOFFICE,0,-1.619593974641004e-07,stft_subtraction,9.793328812462782,9.79332897442218,0.0024651270365687195,9.516698542722526,0.007718299995758571,3.0,0.002572766665252857,32.0,1788.9609375
speech_theo,ooffice_ch01_seg03,OOFFICE,0,-1.619593974641004e-07,stft_wiener,6.096073059675394,6.096073221634792,0.0057751714215183644,6.056991430036497,0.004329199997300748,3.0,0.001443066665766916,32.0,1788.9609375
speech_theo,ooffice_ch01_seg03,OOFFICE,0,-1.619593974641004e-07,wavelet_soft,-0.042828829692206506,-0.04282866773280904,0.023738598162077476,-0.43482698591391555,0.001368700002785772,3.0,0.00045623333426192403,32.0,375.25
speech_theo,ooffice_ch01_seg03,OOFFICE,5,4.999999790726387,noisy,4.999999790726387,0.0,0.007433138191677027,5.003238004873959,7.499998901039362e-06,3.0,2.499999633679787e-06,0.0,187.5
speech_theo,ooffice_ch01_seg03,OOFFICE,5,4.999999790726387,stft_subtraction,14.707157218342426,9.707157427616039,0.0007951635512629686,14.576431886544295,0.007440900000801776,3.0,0.0024803000002672584,32.0,1788.9609375
speech_theo,ooffice_ch01_seg03,OOFFICE,5,4.999999790726387,stft_wiener,11.07492227249504,6.074922481768653,0.0018351854571738188,11.059676873352428,0.004728799998702016,3.0,0.0015762666662340052,32.0,1788.9609375
speech_theo,ooffice_ch01_seg03,OOFFICE,5,4.999999790726387,wavelet_soft,4.89885664080456,-0.10114314992182738,0.007608280612593369,4.609866341445338,0.001818600001570303,3.0,0.0006062000005234344,32.0,375.25
speech_theo,ooffice_ch01_seg03,OOFFICE,10,10.00000035227421,noisy,10.00000035227421,0.0,0.002350564381065945,10.002017156782639,7.899994670879096e-06,3.0,2.6333315569596985e-06,0.0,187.5
speech_theo,ooffice_ch01_seg03,OOFFICE,10,10.00000035227421,stft_subtraction,19.59396610480291,9.5939657525287,0.0002580926135755816,19.54725704149755,0.007951100000354927,3.0,0.0026503666667849757,32.0,1788.9609375
speech_theo,ooffice_ch01_seg03,OOFFICE,10,10.00000035227421,stft_wiener,16.0403129496786,6.040312597404391,0.0005849798286621761,16.034041080333765,0.004256300002452917,3.0,0.0014187666674843058,32.0,1788.9609375
speech_theo,ooffice_ch01_seg03,OOFFICE,10,10.00000035227421,wavelet_soft,9.753291567988564,-0.24670878428564613,0.0024879579118762215,9.534962749215106,0.001152700002421625,3.0,0.00038423333414054167,32.0,375.25
speech_theo,pcafeter_ch01_seg01,PCAFETER,-5,-4.999999886487939,noisy,-4.999999886487939,0.0,0.07433137639796432,-5.300618688380657,7.800001185387373e-06,3.0,2.600000395129124e-06,0.0,187.5
speech_theo,pcafeter_ch01_seg01,PCAFETER,-5,-4.999999886487939,stft_subtraction,-0.4849439803492195,4.51505590613872,0.026282494607340855,-4.248120908321152,0.007779499996104278,3.0,0.0025931666653680927,32.0,1788.9609375
speech_theo,pcafeter_ch01_seg01,PCAFETER,-5,-4.999999886487939,stft_wiener,-2.543565355962134,2.456434530525805,0.0422210200448705,-4.417265492530793,0.004688699998951051,3.0,0.0015628999996503505,32.0,1788.9609375
speech_theo,pcafeter_ch01_seg01,PCAFETER,-5,-4.999999886487939,wavelet_soft,-4.1400956998228375,0.8599041866651014,0.06097920472004656,-5.724160201172566,0.0011696000001393259,3.0,0.0003898666667131086,32.0,375.25
speech_theo,pcafeter_ch01_seg01,PCAFETER,0,-1.5952783965509634e-08,noisy,-1.5952783965509634e-08,0.0,0.02350564580837757,-0.16703555495058614,7.800001185387373e-06,3.0,2.600000395129124e-06,0.0,187.5
speech_theo,pcafeter_ch01_seg01,PCAFETER,0,-1.5952783965509634e-08,stft_subtraction,3.9567687805441127,3.9567687964968967,0.009451381812825644,2.1347281469624275,0.007858800003305078,3.0,0.0026196000011016927,32.0,1788.9609375
speech_theo,pcafeter_ch01_seg01,PCAFETER,0,-1.5952783965509634e-08,stft_wiener,2.2754359520956293,2.2754359680484133,0.013919658830960694,1.413655422221609,0.00441080000018701,3.0,0.0014702666667290032,32.0,1788.9609375
speech_theo,pcafeter_ch01_seg01,PCAFETER,0,-1.5952783965509634e-08,wavelet_soft,0.7606855682908981,0.760685584243682,0.019728934425403945,-0.28973952543141285,0.0012438999983714893,3.0,0.00041463333279049647,32.0,375.25
speech_theo,pcafeter_ch01_seg01,PCAFETER,5,4.999999976757882,noisy,4.999999976757882,0.0,0.007433137872310864,4.907191068826143,7.299997378140688e-06,3.0,2.4333324593802295e-06,0.0,187.5
speech_theo,pcafeter_ch01_seg01,PCAFETER,5,4.999999976757882,stft_subtraction,8.3728909929584,3.3728910162005175,0.0034188739291215373,7.700505116833918,0.0075230000002193265,3.0,0.0025076666667397753,32.0,1788.9609375
speech_theo,pcafeter_ch01_seg01,PCAFETER,5,4.999999976757882,stft_wiener,7.082264032046033,2.0822640552881504,0.004601991189642117,6.706815711899816,0.004680600002757274,3.0,0.0015602000009190913,32.0,1788.9609375
speech_theo,pcafeter_ch01_seg01,PCAFETER,5,4.999999976757882,wavelet_soft,5.582963448755516,0.5829634719976333,0.006499438538083283,4.924274238729717,0.001250200002687052,3.0,0.0004167333342290173,32.0,375.25
speech_theo,pcafeter_ch01_seg01,PCAFETER,10,10.000000339228235,noisy,10.000000339228235,0.0,0.002350564386812875,9.948655172593707,8.100003469735384e-06,3.0,2.700001156578461e-06,0.0,187.5
speech_theo,pcafeter_ch01_seg01,PCAFETER,10,10.000000339228235,stft_subtraction,12.772039426666819,2.772039087438584,0.0012415615186266858,12.725630129630312,0.0078031000011833385,3.0,0.0026010333337277793,32.0,1788.9609375
speech_theo,pcafeter_ch01_seg01,PCAFETER,10,10.000000339228235,stft_wiener,11.85817354957165,1.8581732103434145,0.0015323389159628,11.699196055101782,0.004184099998383317,3.0,0.0013946999994611058,32.0,1788.9609375
speech_theo,pcafeter_ch01_seg01,PCAFETER,10,10.000000339228235,wavelet_soft,10.24313605240861,0.24313571318037575,0.0022225860345637203,9.873241780416638,0.0011694999993778765,3.0,0.00038983333312595886,32.0,375.25
speech_theo,pcafeter_ch01_seg02,PCAFETER,-5,-4.9999996886554605,noisy,-4.9999996886554605,0.0,0.07433137303503039,-4.948395503860063,7.799993909429759e-06,3.0,2.5999979698099196e-06,0.0,187.5
speech_theo,pcafeter_ch01_seg02,PCAFETER,-5,-4.9999996886554605,stft_subtraction,1.1040385888643147,6.104038277519775,0.018229230104362885,-2.259329704926305,0.007887199994002003,3.0,0.0026290666646673344,32.0,1788.9609375
speech_theo,pcafeter_ch01_seg02,PCAFETER,-5,-4.9999996886554605,stft_wiener,-1.1418899978045463,3.858109690850914,0.030574628313392357,-2.8690143499924443,0.004662899998947978,3.0,0.001554299999649326,32.0,1788.9609375
speech_theo,pcafeter_ch01_seg02,PCAFETER,-5,-4.9999996886554605,wavelet_soft,-4.271747044240312,0.7282526444151483,0.06285602174191919,-5.502992114618522,0.0011806000038632192,3.0,0.00039353333462107304,32.0,375.25
speech_theo,pcafeter_ch01_seg02,PCAFETER,0,-3.075702582618257e-07,noisy,-3.075702582618257e-07,0.0,0.023505647389392963,0.029351272986672478,7.600006938446313e-06,3.0,2.533335646148771e-06,0.0,187.5
speech_theo,pcafeter_ch01_seg02,PCAFETER,0,-3.075702582618257e-07,stft_subtraction,5.23034554143853,5.230345849008788,0.007049164277930786,3.719187052231745,0.007933500004583038,3.0,0.0026445000015276796,32.0,1788.9609375
speech_theo,pcafeter_ch01_seg02,PCAFETER,0,-3.075702582618257e-07,stft_wiener,3.572853054701585,3.572853362271843,0.010324924403543224,2.7847726719757175,0.004349199996795505,3.0,0.0014497333322651684,32.0,1788.9609375
speech_theo,pcafeter_ch01_seg02,PCAFETER,0,-3.075702582618257e-07,wavelet_soft,0.6098279233824591,0.6098282309527173,0.02042628532897923,-0.26745435056681266,0.0011146000033477321,3.0,0.000371533334449244,32.0,375.25
speech_theo,pcafeter_ch01_seg02,PCAFETER,5,5.00000014700251,noisy,5.00000014700251,0.0,0.007433137584788736,5.016813078546325,7.700000423938036e-06,3.0,2.5666668079793453e-06,0.0,187.5
speech_theo,pcafeter_ch01_seg02,PCAFETER,5,5.00000014700251,stft_subtraction,9.421418990605918,4.4214188436034085,0.002685531722791403,9.027063874785103,0.007782799999404233,3.0,0.002594266666468078,32.0,1788.9609375
speech_theo,pcafeter_ch01_seg02,PCAFETER,5,5.00000014700251,stft_wiener,8.306903712385115,3.306903565382605,0.003471217403436827,7.9836054030920796,0.004557699998258613,3.0,0.001519233332752871,32.0,1788.9609375
speech_theo,pcafeter_ch01_seg02,PCAFETER,5,5.00000014700251,wavelet_soft,5.4049237530106256,0.40492360600811583,0.0067714209189357975,4.816844020834074,0.0011063999991165474,3.0,0.0003687999997055158,32.0,375.25
speech_theo,pcafeter_ch01_seg02,PCAFETER,10,10.000000172987075,noisy,10.000000172987075,0.0,0.002350564478393327,10.009754141470939,7.499998901039362e-06,3.0,2.499999633679787e-06,0.0,187.5
speech_theo,pcafeter_ch01_seg02,PCAFETER,10,10.000000172987075,stft_subtraction,13.691607633517574,3.6916074605304985,0.0010046422143000229,13.888685864686002,0.007600999997521285,3.0,0.0025336666658404283,32.0,1788.9609375
speech_theo,pcafeter_ch01_seg02,PCAFETER,10,10.000000172987075,stft_wiener,13.041120661105401,3.0411204881183256,0.0011669711512379045,12.915682726241698,0.004275399995094631,3.0,0.0014251333316982102,32.0,1788.9609375
speech_theo,pcafeter_ch01_seg02,PCAFETER,10,10.000000172987075,wavelet_soft,10.04124197124887,0.04124179826179386,0.0023283485222710606,9.686940481136329,0.001167800000985153,3.0,0.000389266666995051,32.0,375.25
speech_theo,pcafeter_ch01_seg03,PCAFETER,-5,-4.999999746760089,noisy,-4.999999746760089,0.0,0.074331374016153,-5.0427971901893995,7.90000194683671e-06,3.0,2.6333339822789035e-06,0.0,187.5
speech_theo,pcafeter_ch01_seg03,PCAFETER,-5,-4.999999746760089,stft_subtraction,0.041427521378786976,5.041427268138876,0.02328249046665416,-3.4211256505685905,0.007655900000827387,3.0,0.0025519666669424623,32.0,1788.9609375
speech_theo,pcafeter_ch01_seg03,PCAFETER,-5,-4.999999746760089,stft_wiener,-1.8752238147274496,3.1247759320326396,0.036198832820774546,-3.5900573236055178,0.004758800001582131,3.0,0.0015862666671940435,32.0,1788.9609375
speech_theo,pcafeter_ch01_seg03,PCAFETER,-5,-4.999999746760089,wavelet_soft,-4.59065383440438,0.4093459123557093,0.06764529099628566,-5.715425855631263,0.0010602000038488768,3.0,0.00035340000128295895,32.0,375.25
speech_theo,pcafeter_ch01_seg03,PCAFETER,0,-1.1762001932069319e-07,noisy,-1.1762001932069319e-07,0.0,0.023505646346257143,-0.023873524664012755,1.3299999409355223e-05,3.0,4.433333136451741e-06,0.0,187.5
speech_theo,pcafeter_ch01_seg03,PCAFETER,0,-1.1762001932069319e-07,stft_subtraction,4.448315349671388,4.448315467291407,0.008439965102381822,2.78499796247195,0.008028600001125596,3.0,0.0026762000003751987,32.0,1788.9609375
speech_theo,pcafeter_ch01_seg03,PCAFETER,0,-1.1762001932069319e-07,stft_wiener,2.918337312918285,2.9183374305383043,0.01200434461631564,2.123886444774378,0.004381399994599633,3.0,0.0014604666648665443,32.0,1788.9609375
speech_theo,pcafeter_ch01_seg03,PCAFETER,0,-1.1762001932069319e-07,wavelet_soft,0.32954555077342523,0.32954566839344457,0.0217880132717005,-0.4805944095537907,0.0013068000043858774,3.0,0.00043560000146195915,32.0,375.25
speech_theo,pcafeter_ch01_seg03,PCAFETER,5,4.999999937304762,noisy,4.999999937304762,0.0,0.007433137943202063,4.986750210979998,9.499999578110874e-06,3.0,3.1666665260369578e-06,0.0,187.5
speech_theo,pcafeter_ch01_seg03,PCAFETER,5,4.999999937304762,stft_subtraction,8.814806441414767,3.814806504110005,0.0030881013273587137,8.227524791451899,0.0075604000012390316,3.0,0.002520133333746344,32.0,1788.9609375
speech_theo,pcafeter_ch01_seg03,PCAFETER,5,4.999999937304762,stft_wiener,7.700420792316552,2.7004208550117905,0.003991444611267704,7.356879143732864,0.005014299997128546,3.0,0.001671433332376182,32.0,1788.9609375
speech_theo,pcafeter_ch01_seg03,PCAFETER,5,4.999999937304762,wavelet_soft,5.182026210507098,0.18202627320233677,0.007128030758022078,4.636217682969237,0.0010248000035062432,3.0,0.0003416000011687477,32.0,375.25
speech_theo,pcafeter_ch01_seg03,PCAFETER,10,10.000000292157177,noisy,10.000000292157177,0.0,0.0023505644141793578,9.992718992584729,9.499999578110874e-06,3.0,3.1666665260369578e-06,0.0,187.5
speech_theo,pcafeter_ch01_seg03,PCAFETER,10,10.000000292157177,stft_subtraction,13.20718661045812,3.207186318300943,0.0011231907679192614,13.213853568787169,0.007951400002639275,3.0,0.002650466667546425,32.0,1788.9609375
speech_theo,pcafeter_ch01_seg03,PCAFETER,10,10.000000292157177,stft_wiener,12.49024303355666,2.4902427413994825,0.0013247925662131443,12.350981860335388,0.004912999997031875,3.0,0.0016376666656772916,32.0,1788.9609375
speech_theo,pcafeter_ch01_seg03,PCAFETER,10,10.000000292157177,wavelet_soft,9.888184224395557,-0.11181606776161956,0.0024118692676091675,9.546781049898796,0.0010918999978457578,3.0,0.0003639666659485859,32.0,375.25
speech_theo,straffic_ch01_seg01,STRAFFIC,-5,-5.000000259033675,noisy,-5.000000259033675,0.0,0.07433138274628869,-5.04480842903288,7.800001185387373e-06,3.0,2.600000395129124e-06,0.0,187.5
speech_theo,straffic_ch01_seg01,STRAFFIC,-5,-5.000000259033675,stft_subtraction,0.4337487315110439,5.43374899054472,0.02127146066778889,-0.347389643388457,0.008044900001550559,3.0,0.0026816333338501863,32.0,1788.9609375
speech_theo,straffic_ch01_seg01,STRAFFIC,-5,-5.000000259033675,stft_wiener,-2.435201172734724,2.5647990862989514,0.04118056526329624,-2.603276080574635,0.00498860000516288,3.0,0.0016628666683876265,32.0,1788.9609375
speech_theo,straffic_ch01_seg01,STRAFFIC,-5,-5.000000259033675,wavelet_soft,-4.991657145520377,0.008343113513298306,0.07418872385565944,-5.596783062565601,0.0011876999997184612,3.0,0.0003958999999061537,32.0,375.25
speech_theo,straffic_ch01_seg01,STRAFFIC,0,-5.049355964457598e-08,noisy,-5.049355964457598e-08,0.0,0.02350564599282659,-0.025149343828060708,1.0099996870849282e-05,3.0,3.366665623616427e-06,0.0,187.5
speech_theo,straffic_ch01_seg01,STRAFFIC,0,-5.049355964457598e-08,stft_subtraction,5.383939211634328,5.383939262127887,0.006804218707698033,4.9507010237949665,0.007504100001824554,3.0,0.0025013666672748514,32.0,1788.9609375
speech_theo,straffic_ch01_seg01,STRAFFIC,0,-5.049355964457598e-08,stft_wiener,2.5527396438686774,2.552739694362237,0.01305864818870405,2.4775023097180733,0.004398700002639089,3.0,0.0014662333342130296,32.0,1788.9609375
speech_theo,straffic_ch01_seg01,STRAFFIC,0,-5.049355964457598e-08,wavelet_soft,-0.017216255367049252,-0.017216204873489606,0.023599011498114695,-0.44048401649589886,0.0011454000050434843,3.0,0.0003818000016811614,32.0,375.25
speech_theo,straffic_ch01_seg01,STRAFFIC,5,5.000000157668652,noisy,5.000000157668652,0.0,0.007433137561299799,4.985886354828478,8.199996955227107e-06,3.0,2.7333323184090355e-06,0.0,187.5
speech_theo,straffic_ch01_seg01,STRAFFIC,5,5.000000157668652,stft_subtraction,10.325350857362833,5.325350699694181,0.0021809067691071853,10.097127090045525,0.007362099997408222,3.0,0.0024540333324694075,32.0,1788.9609375
speech_theo,straffic_ch01_seg01,STRAFFIC,5,5.000000157668652,stft_wiener,7.539419720793008,2.5394195631243557,0.00414219188851895,7.505916766583004,0.005551200003537815,3.0,0.0018504000011792716,32.0,1788.9609375
speech_theo,straffic_ch01_seg01,STRAFFIC,5,5.000000157668652,wavelet_soft,4.928379362874198,-0.07162079479445449,0.007556735991555855,4.626232437090858,0.0011263000051258132,3.0,0.0003754333350419377,32.0,375.25
speech_theo,straffic_ch01_seg01,STRAFFIC,10,9.99999975504062,noisy,9.99999975504062,0.0,0.0023505647039088187,9.992085501951447,7.599999662488699e-06,3.0,2.5333332208295665e-06,0.0,187.5
speech_theo,straffic_ch01_seg01,STRAFFIC,10,9.99999975504062,stft_subtraction,15.252620413174549,5.25262065813393,0.0007013101832845489,15.14285923418675,0.008952500000305008,3.0,0.002984166666768336,32.0,1788.9609375
speech_theo,straffic_ch01_seg01,STRAFFIC,10,9.99999975504062,stft_wiener,12.520651453922532,2.520651698881913,0.0013155490363600541,12.50500831447212,0.004974800001946278,3.0,0.001658266667315426,32.0,1788.9609375
speech_theo,straffic_ch01_seg01,STRAFFIC,10,9.99999975504062,wavelet_soft,9.784677901893652,-0.2153218531469676,0.0024700423304727147,9.559619011285465,0.0014921999973012134,3.0,0.0004973999991004044,32.0,375.25
speech_theo,straffic_ch01_seg02,STRAFFIC,-5,-4.999999849081045,noisy,-4.999999849081045,0.0,0.07433137577492871,-5.08866852700065,1.0199997632298619e-05,3.0,3.399999210766206e-06,0.0,187.5
speech_theo,straffic_ch01_seg02,STRAFFIC,-5,-4.999999849081045,stft_subtraction,0.7270973593522018,5.727097208433247,0.019882108992395352,-0.7632071351954401,0.007881599995016586,3.0,0.002627199998338862,32.0,1788.9609375
speech_theo,straffic_ch01_seg02,STRAFFIC,-5,-4.999999849081045,stft_wiener,-1.139758255288182,3.860241593792863,0.030559624371755082,-1.63590728673656,0.005097699999168981,3.0,0.001699233333056327,32.0,1788.9609375
speech_theo,straffic_ch01_seg02,STRAFFIC,-5,-4.999999849081045,wavelet_soft,-4.091812354102842,0.9081874949782032,0.06030501384439253,-5.962933669675412,0.001226100001076702,3.0,0.0004087000003589007,32.0,375.25
speech_theo,straffic_ch01_seg02,STRAFFIC,0,2.643031123105431e-08,noisy,2.643031123105431e-08,0.0,0.02350564557873833,-0.049684626851152554,1.0099996870849282e-05,3.0,3.366665623616427e-06,0.0,187.5
speech_theo,straffic_ch01_seg02,STRAFFIC,0,2.643031123105431e-08,stft_subtraction,5.3370388982824775,5.337038871852166,0.0068780970004480154,4.468828387413498,0.008167599997250363,3.0,0.0027225333324167877,32.0,1788.9609375
speech_theo,straffic_ch01_seg02,STRAFFIC,0,2.643031123105431e-08,stft_wiener,3.723258179808466,3.7232581533781546,0.009973471893267688,3.457450475242179,0.005055200002971105,3.0,0.0016850666676570352,32.0,1788.9609375
speech_theo,straffic_ch01_seg02,STRAFFIC,0,2.643031123105431e-08,wavelet_soft,0.7238646465954789,0.7238646201651676,0.01989691395000765,-0.5369569257947824,0.00108380000165198,3.0,0.00036126666721732664,32.0,375.25
speech_theo,straffic_ch01_seg02,STRAFFIC,5,5.0000001948681145,noisy,5.0000001948681145,0.0,0.007433137501161277,4.972161246478132,1.0199997632298619e-05,3.0,3.399999210766206e-06,0.0,187.5
speech_theo,straffic_ch01_seg02,STRAFFIC,5,5.0000001948681145,stft_subtraction,9.811175618357376,4.811175423489262,0.0024550176815794113,9.374146132973394,0.008488100000249688,3.0,0.002829366666749896,32.0,1788.9609375
speech_theo,straffic_ch01_seg02,STRAFFIC,5,5.0000001948681145,stft_wiener,8.511239424600486,3.5112392297323716,0.0033116790735909737,8.369399687706963,0.004796900000656024,3.0,0.0015989666668853413,32.0,1788.9609375
speech_theo,straffic_ch01_seg02,STRAFFIC,5,5.0000001948681145,wavelet_soft,5.39501525486695,0.3950150599988351,0.006786887661934297,4.602783249253224,0.001108399999793619,3.0,0.00036946666659787297,32.0,375.25
speech_theo,straffic_ch01_seg02,STRAFFIC,10,9.999999824307784,noisy,9.999999824307784,0.0,0.002350564666692614,9.984421530701272,8.09999619377777e-06,3.0,2.6999987312592566e-06,0.0,187.5
speech_theo,straffic_ch01_seg02,STRAFFIC,10,9.999999824307784,stft_subtraction,14.187708312893504,4.18770848858572,0.0008961926029598904,14.028002998298557,0.00778580000041984,3.0,0.0025952666668066136,32.0,1788.9609375
speech_theo,straffic_ch01_seg02,STRAFFIC,10,9.999999824307784,stft_wiener,13.246886184366268,3.2468863600584843,0.0011129702810113982,13.175656636700912,0.005122300004586577,3.0,0.0017074333348621924,32.0,1788.9609375
speech_theo,straffic_ch01_seg02,STRAFFIC,10,9.999999824307784,wavelet_soft,9.817650539471703,-0.18234928483608037,0.0024513602093046163,9.3821154527075,0.001221799997438211,3.0,0.000407266665812737,32.0,375.25
speech_theo,straffic_ch01_seg03,STRAFFIC,-5,-5.000000361173004,noisy,-5.000000361173004,0.0,0.0743313845123561,-4.978231024238914,8.900002285372466e-06,3.0,2.9666674284574888e-06,0.0,187.5
speech_theo,straffic_ch01_seg03,STRAFFIC,-5,-5.000000361173004,stft_subtraction,2.02746167328275,7.027462034455755,0.014737574685627676,-0.0864290410227749,0.00809030000527855,3.0,0.0026967666684261835,32.0,1788.9609375
speech_theo,straffic_ch01_seg03,STRAFFIC,-5,-5.000000361173004,stft_wiener,-0.7711543909179994,4.228845970255005,0.02807292239869606,-1.579609745804946,0.004463500001293141,3.0,0.0014878333337643805,32.0,1788.9609375
speech_theo,straffic_ch01_seg03,STRAFFIC,-5,-5.000000361173004,wavelet_soft,-4.634502491064262,0.3654978701087428,0.06833173295953537,-6.027797457021694,0.0010992999959853478,3.0,0.0003664333319951159,32.0,375.25
speech_theo,straffic_ch01_seg03,STRAFFIC,0,5.7597915636246535e-08,noisy,5.7597915636246535e-08,0.0,0.023505645389889144,0.012356061901450716,9.999996109399945e-06,3.0,3.3333320364666483e-06,0.0,187.5
speech_theo,straffic_ch01_seg03,STRAFFIC,0,5.7597915636246535e-08,stft_subtraction,6.43433380943228,6.434333751834364,0.0053424295645893,5.413872104070094,0.008089800001471303,3.0,0.0026966000004904345,32.0,1788.9609375
speech_theo,straffic_ch01_seg03,STRAFFIC,0,5.7597915636246535e-08,stft_wiener,4.043472050363976,4.04347199276606,0.0092645639035978,3.662470199022296,0.005371899998863228,3.0,0.0017906333329544093,32.0,1788.9609375
speech_theo,straffic_ch01_seg03,STRAFFIC,0,5.7597915636246535e-08,wavelet_soft,0.2461367438140437,0.24613668621612808,0.022210509017171746,-0.7101487196546095,0.0012908999997307546,3.0,0.00043029999991025153,32.0,375.25
speech_theo,straffic_ch01_seg03,STRAFFIC,5,5.0000001351155055,noisy,5.0000001351155055,0.0,0.007433137599606563,5.007058141846757,7.999995432328433e-06,3.0,2.6666651441094777e-06,0.0,187.5
speech_theo,straffic_ch01_seg03,STRAFFIC,5,5.0000001351155055,stft_subtraction,10.706725227396568,5.706725092281062,0.001997559219640726,10.34536475587445,0.007518300000810996,3.0,0.0025061000002703318,32.0,1788.9609375
speech_theo,straffic_ch01_seg03,STRAFFIC,5,5.0000001351155055,stft_wiener,8.78135472774497,3.781354592629465,0.003111979399258516,8.60537010001089,0.005052200001955498,3.0,0.0016840666673184994,32.0,1788.9609375
speech_theo,straffic_ch01_seg03,STRAFFIC,5,5.0000001351155055,wavelet_soft,5.035217391462696,0.03521725634719086,0.007373105479193056,4.408732463729169,0.0011415999979362823,3.0,0.00038053333264542744,32.0,375.25
speech_theo,straffic_ch01_seg03,STRAFFIC,10,9.99999974710544,noisy,9.99999974710544,0.0,0.0023505647081915756,10.004077053114512,8.199996955227107e-06,3.0,2.7333323184090355e-06,0.0,187.5
speech_theo,straffic_ch01_seg03,STRAFFIC,10,9.99999974710544,stft_subtraction,14.893731405428545,4.893731658323105,0.0007617264660830673,14.898816609792219,0.0077925000005052425,3.0,0.0025975000001684143,32.0,1788.9609375
speech_theo,straffic_ch01_seg03,STRAFFIC,10,9.99999974710544,stft_wiener,13.45140017808298,3.4514004309775412,0.001061774200247258,13.372985403086986,0.004597400002239738,3.0,0.0015324666674132459,32.0,1788.9609375
speech_theo,straffic_ch01_seg03,STRAFFIC,10,9.99999974710544,wavelet_soft,9.675050562452018,-0.3249491846534216,0.0025331862953652047,9.300837215719959,0.0012195999952382408,3.0,0.00040653333174608025,32.0,375.25
speech_yweweler,dkitchen_ch01_seg01,DKITCHEN,-5,-5.000000050846793,noisy,-5.000000050846793,0.0,0.05026675538720948,-5.003644067024517,9.60000033956021e-06,3.0,3.200000113186737e-06,0.0,187.5
speech_yweweler,dkitchen_ch01_seg01,DKITCHEN,-5,-5.000000050846793,stft_subtraction,1.9813814670815297,6.981381517928323,0.01007262583458688,1.3866909975170791,0.007498500002839137,3.0,0.002499500000946379,32.0,1788.9609375
speech_yweweler,dkitchen_ch01_seg01,DKITCHEN,-5,-5.000000050846793,stft_wiener,-1.7537315293245768,3.2462685215222167,0.02380422251158858,-1.8826334242296952,0.0051737000030698255,3.0,0.0017245666676899418,32.0,1788.9609375
speech_yweweler,dkitchen_ch01_seg01,DKITCHEN,-5,-5.000000050846793,wavelet_soft,-4.935546577339079,0.06445347350771424,0.049526256914090745,-10.10191435660901,0.0010535000037634745,3.0,0.0003511666679211582,32.0,375.25
speech_yweweler,dkitchen_ch01_seg01,DKITCHEN,0,1.1564223118159432e-07,noisy,1.1564223118159432e-07,0.0,0.01589574315200734,-0.0020490813592851207,7.599999662488699e-06,3.0,2.5333332208295665e-06,0.0,187.5
speech_yweweler,dkitchen_ch01_seg01,DKITCHEN,0,1.1564223118159432e-07,stft_subtraction,6.917334781612591,6.91733466597036,0.003232565772346909,6.58661296372265,0.007879700002376921,3.0,0.002626566667458974,32.0,1788.9609375
speech_yweweler,dkitchen_ch01_seg01,DKITCHEN,0,1.1564223118159432e-07,stft_wiener,3.230576781208723,3.230576665566492,0.00755480344960872,3.174064670841333,0.004923499996948522,3.0,0.0016411666656495072,32.0,1788.9609375
speech_yweweler,dkitchen_ch01_seg01,DKITCHEN,0,1.1564223118159432e-07,wavelet_soft,-0.22794118372248345,-0.22794129936471463,0.016752320237730732,-3.0314574202951934,0.0011442999966675416,3.0,0.00038143333222251385,32.0,375.25
speech_yweweler,dkitchen_ch01_seg01,DKITCHEN,5,4.999999903482274,noisy,4.999999903482274,0.0,0.005026675589039362,4.998847403528879,8.600000001024455e-06,3.0,2.8666666670081518e-06,0.0,187.5
speech_yweweler,dkitchen_ch01_seg01,DKITCHEN,5,4.999999903482274,stft_subtraction,11.832274609239551,6.8322747057572775,0.0010424455680006987,11.658204969052267,0.007381600000371691,3.0,0.00246053333345723,32.0,1788.9609375
speech_yweweler,dkitchen_ch01_seg01,DKITCHEN,5,4.999999903482274,stft_wiener,8.209443070671847,3.2094431671895736,0.0024006925298243817,8.185195904296185,0.004339300001447555,3.0,0.0014464333338158515,32.0,1788.9609375
speech_yweweler,dkitchen_ch01_seg01,DKITCHEN,5,4.999999903482274,wavelet_soft,4.401346771041227,-0.5986531324410471,0.005769606191486335,2.9959407582194117,0.0010750000001280569,3.0,0.00035833333337601897,32.0,375.25
speech_yweweler,dkitchen_ch01_seg01,DKITCHEN,10,9.999999873367113,noisy,9.999999873367113,0.0,0.00158957440364761,9.999351578421644,9.200004569720477e-06,3.0,3.0666681899068258e-06,0.0,187.5
speech_yweweler,dkitchen_ch01_seg01,DKITCHEN,10,9.999999873367113,stft_subtraction,16.716985213972652,6.7169853406055395,0.0003385184368572873,16.634489293808493,0.007688699995924253,3.0,0.002562899998641418,32.0,1788.9609375
speech_yweweler,dkitchen_ch01_seg01,DKITCHEN,10,9.999999873367113,stft_wiener,13.178113028531724,3.1781131551646116,0.0007646620652344065,13.167614767114866,0.004881199994997587,3.0,0.0016270666649991956,32.0,1788.9609375
speech_yweweler,dkitchen_ch01_seg01,DKITCHEN,10,9.999999873367113,wavelet_soft,8.910743186500337,-1.0892566868667757,0.002042709127839406,8.315381972452336,0.0011708000020007603,3.0,0.0003902666673335868,32.0,375.25
speech_yweweler,dkitchen_ch01_seg02,DKITCHEN,-5,-4.999999690976541,noisy,-4.999999690976541,0.0,0.05026675120364666,-5.026927348281028,8.700000762473792e-06,3.0,2.9000002541579306e-06,0.0,187.5
speech_yweweler,dkitchen_ch01_seg02,DKITCHEN,-5,-4.999999690976541,stft_subtraction,7.838990018252324,12.838989709228866,0.0026144590655222968,7.328927846557827,0.007784900000842754,3.0,0.0025949666669475846,32.0,1788.9609375
speech_yweweler,dkitchen_ch01_seg02,DKITCHEN,-5,-4.999999690976541,stft_wiener,2.6780659465324956,7.678065637509036,0.008579742495787324,2.4884529815687904,0.004504199998336844,3.0,0.0015013999994456146,32.0,1788.9609375
speech_yweweler,dkitchen_ch01_seg02,DKITCHEN,-5,-4.999999690976541,wavelet_soft,-4.947862499607451,0.052137191369089564,0.04966690504544518,-10.057356611273063,0.0010813999979291111,3.0,0.0003604666659763704,32.0,375.25
speech_yweweler,dkitchen_ch01_seg02,DKITCHEN,0,-1.4728973790963239e-09,noisy,-1.4728973790963239e-09,0.0,0.015895743581266126,-0.015085441187283471,7.90000194683671e-06,3.0,2.6333339822789035e-06,0.0,187.5
speech_yweweler,dkitchen_ch01_seg02,DKITCHEN,0,-1.4728973790963239e-09,stft_subtraction,12.578319163603382,12.57831916507628,0.0008779078485455155,12.345452486279733,0.007502499996917322,3.0,0.002500833332305774,32.0,1788.9609375
speech_yweweler,dkitchen_ch01_seg02,DKITCHEN,0,-1.4728973790963239e-09,stft_wiener,7.630793725861338,7.630793727334235,0.0027428463219080442,7.543948561519938,0.004838200002268422,3.0,0.001612733334089474,32.0,1788.9609375
speech_yweweler,dkitchen_ch01_seg02,DKITCHEN,0,-1.4728973790963239e-09,wavelet_soft,-0.22879778670518403,-0.22879778523228664,0.016755624809127914,-2.9935027358320525,0.001202999999804888,3.0,0.00040099999993496266,32.0,375.25
speech_yweweler,dkitchen_ch01_seg02,DKITCHEN,5,5.00000003047993,noisy,5.00000003047993,0.0,0.005026675443939762,4.991566870232998,8.299997716676444e-06,3.0,2.7666659055588147e-06,0.0,187.5
speech_yweweler,dkitchen_ch01_seg02,DKITCHEN,5,5.00000003047993,stft_subtraction,17.235661112255865,12.235661081775936,0.0003004102434873886,17.1645346281637,0.007933099994261283,3.0,0.002644366664753761,32.0,1788.9609375
speech_yweweler,dkitchen_ch01_seg02,DKITCHEN,5,5.00000003047993,stft_wiener,12.561402430400374,7.5614023999204445,0.0008813341631698199,12.522503588808034,0.004526899996562861,3.0,0.0015089666655209537,32.0,1788.9609375
speech_yweweler,dkitchen_ch01_seg02,DKITCHEN,5,5.00000003047993,wavelet_soft,4.412269312725955,-0.587730717753975,0.005755113812658517,3.0249132044605895,0.0011300999976811,3.0,0.0003766999992270333,32.0,375.25
speech_yweweler,dkitchen_ch01_seg02,DKITCHEN,10,10.000000153010406,noisy,10.000000153010406,0.0,0.001589574301175554,9.995305611786671,7.800001185387373e-06,3.0,2.600000395129124e-06,0.0,187.5
speech_yweweler,dkitchen_ch01_seg02,DKITCHEN,10,10.000000153010406,stft_subtraction,21.758637432244065,11.758637279233659,0.00010602715422627083,21.777169886656473,0.0072175000022980385,3.0,0.0024058333340993463,32.0,1788.9609375
speech_yweweler,dkitchen_ch01_seg02,DKITCHEN,10,10.000000153010406,stft_wiener,17.450917995028703,7.450917842018297,0.00028588347244555773,17.4339352462014,0.004347500005678739,3.0,0.0014491666685595799,32.0,1788.9609375
speech_yweweler,dkitchen_ch01_seg02,DKITCHEN,10,10.000000153010406,wavelet_soft,8.94672307040232,-1.0532770826080853,0.0020258558571920773,8.357825625431483,0.001153199998952914,3.0,0.0003843999996509713,32.0,375.25
speech_yweweler,dkitchen_ch01_seg03,DKITCHEN,-5,-5.000000049782541,noisy,-5.000000049782541,0.0,0.050266755364644096,-5.005599212299848,8.899995009414852e-06,3.0,2.9666650031382837e-06,0.0,187.5
speech_yweweler,dkitchen_ch01_seg03,DKITCHEN,-5,-5.000000049782541,stft_subtraction,7.306489762799757,12.306489812582297,0.0029555061838685373,6.82451377085208,0.007548100002168212,3.0,0.0025160333340560706,32.0,1788.9609375
speech_yweweler,dkitchen_ch01_seg03,DKITCHEN,-5,-5.000000049782541,stft_wiener,2.7800259158503673,7.780025965632908,0.008380660676155123,2.654502227646413,0.004160999997111503,3.0,0.0013869999990371678,32.0,1788.9609375
speech_yweweler,dkitchen_ch01_seg03,DKITCHEN,-5,-5.000000049782541,wavelet_soft,-4.943356969754028,0.05664308002851293,0.04961540551519632,-10.007006290506313,0.0012080000014975667,3.0,0.0004026666671658556,32.0,375.25
speech_yweweler,dkitchen_ch01_seg03,DKITCHEN,0,-5.829367240840653e-08,noisy,-5.829367240840653e-08,0.0,0.015895743789098964,-0.0027802122640575655,7.800001185387373e-06,3.0,2.600000395129124e-06,0.0,187.5
speech_yweweler,dkitchen_ch01_seg03,DKITCHEN,0,-5.829367240840653e-08,stft_subtraction,12.0661411483169,12.066141206610572,0.0009877947951559224,11.828924152845667,0.008015599996724632,3.0,0.002671866665574877,32.0,1788.9609375
speech_yweweler,dkitchen_ch01_seg03,DKITCHEN,0,-5.829367240840653e-08,stft_wiener,7.732199603738424,7.732199662032096,0.00267954396827014,7.6739701620924805,0.004647100002330262,3.0,0.0015490333341100875,32.0,1788.9609375
speech_yweweler,dkitchen_ch01_seg03,DKITCHEN,0,-5.829367240840653e-08,wavelet_soft,-0.2305282587509644,-0.23052820045729197,0.016762302513193512,-2.993565352516367,0.00122160000319127,3.0,0.00040720000106375664,32.0,375.25
speech_yweweler,dkitchen_ch01_seg03,DKITCHEN,5,5.000000022590188,noisy,5.000000022590188,0.0,0.005026675454793548,4.998804714954196,7.90000194683671e-06,3.0,2.6333339822789035e-06,0.0,187.5
speech_yweweler,dkitchen_ch01_seg03,DKITCHEN,5,5.000000022590188,stft_subtraction,16.75179437531625,11.751794352726062,0.0003358160203499975,16.660275123453935,0.007299199998669792,3.0,0.002433066666223264,32.0,1788.9609375
speech_yweweler,dkitchen_ch01_seg03,DKITCHEN,5,5.000000022590188,stft_wiener,12.665630071792584,7.665630049202396,0.0008604345516544471,12.639266884180048,0.004145400002016686,3.0,0.0013818000006722286,32.0,1788.9609375
speech_yweweler,dkitchen_ch01_seg03,DKITCHEN,5,5.000000022590188,wavelet_soft,4.412108743876832,-0.5878912787133563,0.005755326600455573,3.025789743802626,0.001105800001823809,3.0,0.00036860000060793635,32.0,375.25
speech_yweweler,dkitchen_ch01_seg03,DKITCHEN,10,9.99999988721626,noisy,9.99999988721626,0.0,0.0015895743987340257,9.99969566548804,9.499999578110874e-06,3.0,3.1666665260369578e-06,0.0,187.5
speech_yweweler,dkitchen_ch01_seg03,DKITCHEN,10,9.99999988721626,stft_subtraction,21.323417606274518,11.323417719058257,0.00011720309699512837,21.31424208717618,0.007528200003434904,3.0,0.002509400001144968,32.0,1788.9609375
speech_yweweler,dkitchen_ch01_seg03,DKITCHEN,10,9.99999988721626,stft_wiener,17.56540579847492,7.56540591125866,0.00027844554165542884,17.553366373101483,0.00442520000069635,3.0,0.0014750666668987833,32.0,1788.9609375
speech_yweweler,dkitchen_ch01_seg03,DKITCHEN,10,9.99999988721626,wavelet_soft,8.944398545733803,-1.0556013414824577,0.0020269404682446367,8.355907616176925,0.001222099999722559,3.0,0.00040736666657418635,32.0,375.25
speech_yweweler,ooffice_ch01_seg01,OOFFICE,-5,-4.9999998752804595,noisy,-4.9999998752804595,0.0,0.05026675335200285,-4.977908737580857,8.000002708286047e-06,3.0,2.6666675694286823e-06,0.0,187.5
speech_yweweler,ooffice_ch01_seg01,OOFFICE,-5,-4.9999998752804595,stft_subtraction,-1.38649973632371,3.6135001389567494,0.021874131654979624,-1.7506038374770339,0.0075957999943057075,3.0,0.0025319333314352357,32.0,1788.9609375
speech_yweweler,ooffice_ch01_seg01,OOFFICE,-5,-4.9999998752804595,stft_wiener,-3.0897982449560564,1.9102016303244032,0.03237879426823957,-3.137596267890384,0.004046900001412723,3.0,0.0013489666671375744,32.0,1788.9609375
speech_yweweler,ooffice_ch01_seg01,OOFFICE,-5,-4.9999998752804595,wavelet_soft,-5.002552638813516,-0.00255276353305689,0.050296308608967034,-5.351808983616308,0.0010884000002988614,3.0,0.0003628000000996205,32.0,375.25
speech_yweweler,ooffice_ch01_seg01,OOFFICE,0,-1.0252044735384619e-07,noisy,-1.0252044735384619e-07,0.0,0.015895743937045934,0.012663210008194776,1.0400006431154907e-05,3.0,3.4666688103849688e-06,0.0,187.5
speech_yweweler,ooffice_ch01_seg01,OOFFICE,0,-1.0252044735384619e-07,stft_subtraction,3.601979356094249,3.601979458614696,0.006935582032627525,3.3938074296089797,0.007529800001066178,3.0,0.002509933333688726,32.0,1788.9609375
speech_yweweler,ooffice_ch01_seg01,OOFFICE,0,-1.0252044735384619e-07,stft_wiener,1.9042086804713256,1.904208782991773,0.010253213011829578,1.8856349035582178,0.004735399998025969,3.0,0.0015784666660086562,32.0,1788.9609375
speech_yweweler,ooffice_ch01_seg01,OOFFICE,0,-1.0252044735384619e-07,wavelet_soft,-0.009148241652843891,-0.009148139132396538,0.015929262608407213,-0.23655922826270764,0.0011880000020028092,3.0,0.00039600000066760305,32.0,375.25
speech_yweweler,ooffice_ch01_seg01,OOFFICE,5,4.999999781146355,noisy,4.999999781146355,0.0,0.005026675736840732,5.00735692291435,9.60000033956021e-06,3.0,3.200000113186737e-06,0.0,187.5
speech_yweweler,ooffice_ch01_seg01,OOFFICE,5,4.999999781146355,stft_subtraction,8.58562623567977,3.5856264545334158,0.0022014976425234157,8.46844560129941,0.007281900005182251,3.0,0.002427300001727417,32.0,1788.9609375
speech_yweweler,ooffice_ch01_seg01,OOFFICE,5,4.999999781146355,stft_wiener,6.895063142964534,1.8950633618181794,0.0032491857090632165,6.888150035441055,0.004375299999082927,3.0,0.0014584333330276422,32.0,1788.9609375
speech_yweweler,ooffice_ch01_seg01,OOFFICE,5,4.999999781146355,wavelet_soft,4.9785315064952576,-0.02146827465109702,0.0050515853810309715,4.8248689229424455,0.001273800000490155,3.0,0.000424600000163385,32.0,375.25
speech_yweweler,ooffice_ch01_seg01,OOFFICE,10,9.999999797630764,noisy,9.999999797630764,0.0,0.001589574431131553,10.004371650184021,9.599993063602597e-06,3.0,3.199997687867532e-06,0.0,187.5
speech_yweweler,ooffice_ch01_seg01,OOFFICE,10,9.999999797630764,stft_subtraction,13.559479433939767,3.5594796363090033,0.0007003786592279953,13.494892001466445,0.007677499997953419,3.0,0.0025591666659844727,32.0,1788.9609375
speech_yweweler,ooffice_ch01_seg01,OOFFICE,10,9.999999797630764,stft_wiener,11.87840819988195,1.8784084022511855,0.0010314306387741957,11.875871317576525,0.0043223000029684044,3.0,0.0014407666676561348,32.0,1788.9609375
speech_yweweler,ooffice_ch01_seg01,OOFFICE,10,9.999999797630764,wavelet_soft,9.950883364465636,-0.04911643316512837,0.0016076537267788215,9.840632672040828,0.0012780000033671968,3.0,0.00042600000112239894,32.0,375.25
speech_yweweler,ooffice_ch01_seg02,OOFFICE,-5,-4.999999806634915,noisy,-4.999999806634915,0.0,0.05026675255375371,-4.986804271029969,8.600000001024455e-06,3.0,2.8666666670081518e-06,0.0,187.5
speech_yweweler,ooffice_ch01_seg02,OOFFICE,-5,-4.999999806634915,stft_subtraction,8.068889439907224,13.068889246542138,0.002479658673859707,7.654765176532897,0.0073914999957196414,3.0,0.0024638333319065473,32.0,1788.9609375
speech_yweweler,ooffice_ch01_seg02,OOFFICE,-5,-4.999999806634915,stft_wiener,3.803073139039535,8.803072945674451,0.006621761492899783,3.687806358402688,0.0041848000037134625,3.0,0.001394933334571154,32.0,1788.9609375
speech_yweweler,ooffice_ch01_seg02,OOFFICE,-5,-4.999999806634915,wavelet_soft,-5.002952317579025,-0.002952510944109754,0.05030093755288036,-5.391163588654033,0.0011354000016581267,3.0,0.00037846666721937555,32.0,375.25
speech_yweweler,ooffice_ch01_seg02,OOFFICE,0,-7.18821811470584e-08,noisy,-7.18821811470584e-08,0.0,0.01589574383484148,0.0077944678239551205,1.0000003385357559e-05,3.0,3.333334461785853e-06,0.0,187.5
speech_yweweler,ooffice_ch01_seg02,OOFFICE,0,-7.18821811470584e-08,stft_subtraction,12.87865091741783,12.878650989300011,0.0008192486919602029,12.678115585819704,0.00726320000103442,3.0,0.0024210666670114733,32.0,1788.9609375
speech_yweweler,ooffice_ch01_seg02,OOFFICE,0,-7.18821811470584e-08,stft_wiener,8.761451318258022,8.761451390140204,0.002114149603367984,8.703318583664926,0.004261800000676885,3.0,0.0014206000002256285,32.0,1788.9609375
speech_yweweler,ooffice_ch01_seg02,OOFFICE,0,-7.18821811470584e-08,wavelet_soft,-0.009803674971411994,-0.009803603089230848,0.015931666822444023,-0.25567074849130367,0.001247199994395487,3.0,0.00041573333146516234,32.0,375.25
speech_yweweler,ooffice_ch01_seg02,OOFFICE,5,5.000000456482791,noisy,5.000000456482791,0.0,0.005026674951441498,5.004756315943274,8.000002708286047e-06,3.0,2.6666675694286823e-06,0.0,187.5
speech_yweweler,ooffice_ch01_seg02,OOFFICE,5,5.000000456482791,stft_subtraction,17.610567383821852,12.610566927339061,0.0002755650339481549,17.536459774854944,0.007396799999696668,3.0,0.0024655999998988896,32.0,1788.9609375
speech_yweweler,ooffice_ch01_seg02,OOFFICE,5,5.000000456482791,stft_wiener,13.704966278178354,8.704965821695563,0.0006773049052519704,13.676177448551991,0.0042821999959414825,3.0,0.0014273999986471608,32.0,1788.9609375
speech_yweweler,ooffice_ch01_seg02,OOFFICE,5,5.000000456482791,wavelet_soft,4.978241590245101,-0.021758866237689745,0.005051922613229573,4.817893210734501,0.001058599998941645,3.0,0.0003528666663138817,32.0,375.25
speech_yweweler,ooffice_ch01_seg02,OOFFICE,10,9.999999653473141,noisy,9.999999653473141,0.0,0.0015895744848951087,10.003046272354712,1.0399999155197293e-05,3.0,3.466666385065764e-06,0.0,187.5
speech_yweweler,ooffice_ch01_seg02,OOFFICE,10,9.999999653473141,stft_subtraction,22.258106938618624,12.258107285145483,9.450834405679724e-05,22.256535776646814,0.007573200004117098,3.0,0.0025244000013723658,32.0,1788.9609375
speech_yweweler,ooffice_ch01_seg02,OOFFICE,10,9.999999653473141,stft_wiener,18.623433229878316,8.623433576405175,0.00021824159421398893,18.60965561058305,0.004228300000249874,3.0,0.0014094333334166247,32.0,1788.9609375
speech_yweweler,ooffice_ch01_seg02,OOFFICE,10,9.999999653473141,wavelet_soft,9.952050137343878,-0.047949516129262904,0.0016072218748766432,9.841103548972207,0.0011671000029309653,3.0,0.0003890333343103218,32.0,375.25
speech_yweweler,ooffice_ch01_seg03,OOFFICE,-5,-4.999999947694628,noisy,-4.999999947694628,0.0,0.05026675417453248,-4.983407700298514,8.800001523923129e-06,3.0,2.9333338413077095e-06,0.0,187.5
speech_yweweler,ooffice_ch01_seg03,OOFFICE,-5,-4.999999947694628,stft_subtraction,4.909572914509274,9.909572862203902,0.005132436170767706,4.488806477775874,0.007395399996312335,3.0,0.0024651333321041116,32.0,1788.9609375
speech_yweweler,ooffice_ch01_seg03,OOFFICE,-5,-4.999999947694628,stft_wiener,1.1225217123242253,6.122521660018854,0.012275202844574432,1.0529280610657412,0.004903400003968272,3.0,0.0016344666679894242,32.0,1788.9609375
speech_yweweler,ooffice_ch01_seg03,OOFFICE,-5,-4.999999947694628,wavelet_soft,-5.0017221452695235,-0.0017221975748951124,0.05028669144365091,-5.416467386060837,0.001335799999651499,3.0,0.0004452666665504997,32.0,375.25
speech_yweweler,ooffice_ch01_seg03,OOFFICE,0,-1.7418433946912346e-08,noisy,-1.7418433946912346e-08,0.0,0.015895743640622104,0.009529130563550274,8.000002708286047e-06,3.0,2.6666675694286823e-06,0.0,187.5
speech_yweweler,ooffice_ch01_seg03,OOFFICE,0,-1.7418433946912346e-08,stft_subtraction,9.827470665431365,9.8274706828498,0.0016539934362421627,9.598287148547774,0.007993699997314252,3.0,0.0026645666657714173,32.0,1788.9609375
speech_yweweler,ooffice_ch01_seg03,OOFFICE,0,-1.7418433946912346e-08,stft_wiener,6.100580398259182,6.100580415677616,0.003901420918785674,6.068957436431141,0.004732900000817608,3.0,0.0015776333336058694,32.0,1788.9609375
speech_yweweler,ooffice_ch01_seg03,OOFFICE,0,-1.7418433946912346e-08,wavelet_soft,-0.009276706271673596,-0.009276688853239649,0.015929733825098203,-0.27045294096886063,0.001225799998792354,3.0,0.00040859999959745136,32.0,375.25
speech_yweweler,ooffice_ch01_seg03,OOFFICE,5,4.999999804395086,noisy,4.999999804395086,0.0,0.005026675706843777,5.005554545341351,8.39999847812578e-06,3.0,2.7999994927085936e-06,0.0,187.5
speech_yweweler,ooffice_ch01_seg03,OOFFICE,5,4.999999804395086,stft_subtraction,14.711877673282983,9.711877868887896,0.0005371469093612567,14.596936115784265,0.007760000000416767,3.0,0.002586666666805589,32.0,1788.9609375
speech_yweweler,ooffice_ch01_seg03,OOFFICE,5,4.999999804395086,stft_wiener,11.068757075087387,6.0687572706923,0.0012428111489180562,11.054618756583135,0.004861599998548627,3.0,0.0016205333328495424,32.0,1788.9609375
speech_yweweler,ooffice_ch01_seg03,OOFFICE,5,4.999999804395086,wavelet_soft,4.977425288159749,-0.022574516235337683,0.005052872263535508,4.807403392556818,0.0011063999991165474,3.0,0.0003687999997055158,32.0,375.25
speech_yweweler,ooffice_ch01_seg03,OOFFICE,10,10.000000311228439,noisy,10.000000311228439,0.0,0.0015895742433414282,10.003319282502051,9.60000033956021e-06,3.0,3.200000113186737e-06,0.0,187.5
speech_yweweler,ooffice_ch01_seg03,OOFFICE,10,10.000000311228439,stft_subtraction,19.536217020902768,9.53621670967433,0.00017687202420987603,19.48844971017653,0.008647999995446298,3.0,0.0028826666651487662,32.0,1788.9609375
speech_yweweler,ooffice_ch01_seg03,OOFFICE,10,10.000000311228439,stft_wiener,16.014178086759244,6.014177775530806,0.00039798164205482434,16.00761192496127,0.004531700004008599,3.0,0.0015105666680028662,32.0,1788.9609375
speech_yweweler,ooffice_ch01_seg03,OOFFICE,10,10.000000311228439,wavelet_soft,9.950616217752273,-0.04938409347616535,0.001607752621046359,9.83550702450058,0.001171500000054948,3.0,0.00039050000001831603,32.0,375.25
speech_yweweler,pcafeter_ch01_seg01,PCAFETER,-5,-5.0000002931563525,noisy,-5.0000002931563525,0.0,0.05026675816986505,-5.326986512848698,8.800001523923129e-06,3.0,2.9333338413077095e-06,0.0,187.5
speech_yweweler,pcafeter_ch01_seg01,PCAFETER,-5,-5.0000002931563525,stft_subtraction,-0.4459522005646711,4.554048092591682,0.017614733133929503,-4.0920560292611885,0.008161500001733657,3.0,0.0027205000005778857,32.0,1788.9609375
speech_yweweler,pcafeter_ch01_seg01,PCAFETER,-5,-5.0000002931563525,stft_wiener,-2.533578910689447,2.4664213824669057,0.02848647679184845,-4.430683618758764,0.004707699998107273,3.0,0.0015692333327024244,32.0,1788.9609375
speech_yweweler,pcafeter_ch01_seg01,PCAFETER,-5,-5.0000002931563525,wavelet_soft,-4.193224782102731,0.8067755110536217,0.04174489052769937,-5.79356018850139,0.0013278999977046624,3.0,0.0004426333325682208,32.0,375.25
speech_yweweler,pcafeter_ch01_seg01,PCAFETER,0,-4.19831353300603e-08,noisy,-4.19831353300603e-08,0.0,0.015895743731894733,-0.18149948936392774,7.800001185387373e-06,3.0,2.600000395129124e-06,0.0,187.5
speech_yweweler,pcafeter_ch01_seg01,PCAFETER,0,-4.19831353300603e-08,stft_subtraction,3.975400098934372,3.975400140917507,0.006364156313827083,2.1810377689770033,0.008072800002992153,3.0,0.0026909333343307176,32.0,1788.9609375
speech_yweweler,pcafeter_ch01_seg01,PCAFETER,0,-4.19831353300603e-08,stft_wiener,2.268563740435386,2.268563782418521,0.009428106380960186,1.3760238141771537,0.004976200005330611,3.0,0.0016587333351102036,32.0,1788.9609375
speech_yweweler,pcafeter_ch01_seg01,PCAFETER,0,-4.19831353300603e-08,wavelet_soft,0.7180335191373786,0.7180335611205139,0.013473409090163804,-0.262194741732738,0.0012188000036985613,3.0,0.00040626666789952043,32.0,375.25
speech_yweweler,pcafeter_ch01_seg01,PCAFETER,5,5.000000316431972,noisy,5.000000316431972,0.0,0.005026675113098687,4.8992561609179095,7.800001185387373e-06,3.0,2.600000395129124e-06,0.0,187.5
speech_yweweler,pcafeter_ch01_seg01,PCAFETER,5,5.000000316431972,stft_subtraction,8.36888148694692,3.368881170514948,0.0023141563594543868,7.692816047780796,0.007831299997633323,3.0,0.002610433332544441,32.0,1788.9609375
speech_yweweler,pcafeter_ch01_seg01,PCAFETER,5,5.000000316431972,stft_wiener,7.067388613375458,2.067388296943486,0.003122784297711295,6.6777555139049625,0.004242700000759214,3.0,0.0014142333335864048,32.0,1788.9609375
speech_yweweler,pcafeter_ch01_seg01,PCAFETER,5,5.000000316431972,wavelet_soft,5.615777633719839,0.6157773172878667,0.004362175004967892,5.051215284805299,0.001084900002751965,3.0,0.000361633334250655,32.0,375.25
speech_yweweler,pcafeter_ch01_seg01,PCAFETER,10,10.00000018672554,noisy,10.00000018672554,0.0,0.0015895742891140852,9.94434040027287,8.39999847812578e-06,3.0,2.7999994927085936e-06,0.0,187.5
speech_yweweler,pcafeter_ch01_seg01,PCAFETER,10,10.00000018672554,stft_subtraction,12.785313386518006,2.7853131997924656,0.0008370463547642381,12.728629065863213,0.008020799999940209,3.0,0.0026735999999800697,32.0,1788.9609375
speech_yweweler,pcafeter_ch01_seg01,PCAFETER,10,10.00000018672554,stft_wiener,11.868596029249376,1.8685958425238365,0.0010337636217657884,11.706219310490608,0.004567600000882521,3.0,0.001522533333627507,32.0,1788.9609375
speech_yweweler,pcafeter_ch01_seg01,PCAFETER,10,10.00000018672554,wavelet_soft,10.47788801356641,0.4778878268408704,0.0014239411707137979,10.175748608074365,0.0012127000009058975,3.0,0.0004042333336352992,32.0,375.25
speech_yweweler,pcafeter_ch01_seg02,PCAFETER,-5,-5.000000295945952,noisy,-5.000000295945952,0.0,0.05026675821117749,-4.910031780775807,8.299997716676444e-06,3.0,2.7666659055588147e-06,0.0,187.5
speech_yweweler,pcafeter_ch01_seg02,PCAFETER,-5,-5.000000295945952,stft_subtraction,1.2995183296714248,6.299518625617377,0.01178498448920034,-1.8012105461321137,0.007618899995577522,3.0,0.0025396333318591737,32.0,1788.9609375
speech_yweweler,pcafeter_ch01_seg02,PCAFETER,-5,-5.000000295945952,stft_wiener,-1.0458750484252402,3.954125247520712,0.020224060364254864,-2.5947503765486695,0.004450599997653626,3.0,0.0014835333325512086,32.0,1788.9609375
speech_yweweler,pcafeter_ch01_seg02,PCAFETER,-5,-5.000000295945952,wavelet_soft,-4.29516604672881,0.704834249217142,0.04273635247931319,-5.567006381777475,0.0011341999997966923,3.0,0.00037806666659889743,32.0,375.25
speech_yweweler,pcafeter_ch01_seg02,PCAFETER,0,-2.6286282567400465e-07,noisy,-2.6286282567400465e-07,0.0,0.015895744530228607,0.051042134575620464,8.800001523923129e-06,3.0,2.9333338413077095e-06,0.0,187.5
speech_yweweler,pcafeter_ch01_seg02,PCAFETER,0,-2.6286282567400465e-07,stft_subtraction,5.544058240926045,5.544058503788871,0.004434810064431191,4.162594909874111,0.007358900002145674,3.0,0.0024529666673818915,32.0,1788.9609375
speech_yweweler,pcafeter_ch01_seg02,PCAFETER,0,-2.6286282567400465e-07,stft_wiener,3.7105050690401415,3.7105053319029673,0.0067644165198815975,3.0083953131667696,0.004369800000858959,3.0,0.0014566000002863195,32.0,1788.9609375
speech_yweweler,pcafeter_ch01_seg02,PCAFETER,0,-2.6286282567400465e-07,wavelet_soft,0.6198678050886093,0.619868067951435,0.013781423145893508,-0.1968150312100578,0.001160100000561215,3.0,0.0003867000001870717,32.0,375.25
speech_yweweler,pcafeter_ch01_seg02,PCAFETER,5,4.999999804294003,noisy,4.999999804294003,0.0,0.005026675706215391,5.029075557764359,8.700000762473792e-06,3.0,2.9000002541579306e-06,0.0,187.5
speech_yweweler,pcafeter_ch01_seg02,PCAFETER,5,4.999999804294003,stft_subtraction,9.751649973063461,4.751650168769459,0.0016831229859572306,9.375840415432306,0.00750799999514129,3.0,0.0025026666650470966,32.0,1788.9609375
speech_yweweler,pcafeter_ch01_seg02,PCAFETER,5,4.999999804294003,stft_wiener,8.425335236181196,3.425335431887193,0.00228426941234737,8.131554892605987,0.004465999998501502,3.0,0.0014886666661671673,32.0,1788.9609375
speech_yweweler,pcafeter_ch01_seg02,PCAFETER,5,4.999999804294003,wavelet_soft,5.510022340257317,0.5100225359633139,0.004469702464862197,5.012737335014141,0.0011079999967478216,3.0,0.00036933333224927384,32.0,375.25
speech_yweweler,pcafeter_ch01_seg02,PCAFETER,10,9.999999993516575,noisy,9.999999993516575,0.0,0.0015895743593156778,10.016698549901466,8.199996955227107e-06,3.0,2.7333323184090355e-06,0.0,187.5
speech_yweweler,pcafeter_ch01_seg02,PCAFETER,10,9.999999993516575,stft_subtraction,14.008671110714197,4.008671117197622,0.0006315587219247218,14.168067560065092,0.007779600004141685,3.0,0.0025932000013805614,32.0,1788.9609375
speech_yweweler,pcafeter_ch01_seg02,PCAFETER,10,9.999999993516575,stft_wiener,13.16486428001359,3.164864286497016,0.0007669983330964267,13.05143172313748,0.004763600001751911,3.0,0.001587866667250637,32.0,1788.9609375
speech_yweweler,pcafeter_ch01_seg02,PCAFETER,10,9.999999993516575,wavelet_soft,10.3732018289596,0.3732018354430249,0.0014586821386916608,10.096316433340906,0.001171800002339296,3.0,0.00039060000077976537,32.0,375.25
speech_yweweler,pcafeter_ch01_seg03,PCAFETER,-5,-4.999999906881125,noisy,-4.999999906881125,0.0,0.05026675370131155,-5.063761530731893,7.799993909429759e-06,3.0,2.5999979698099196e-06,0.0,187.5
speech_yweweler,pcafeter_ch01_seg03,PCAFETER,-5,-4.999999906881125,stft_subtraction,-0.03702411135200616,4.962975795529118,0.016031835903400706,-3.801798082121954,0.007642199998372234,3.0,0.0025473999994574115,32.0,1788.9609375
speech_yweweler,pcafeter_ch01_seg03,PCAFETER,-5,-4.999999906881125,stft_wiener,-1.9083632537292292,3.0916366531518955,0.024667047673613985,-3.8802629143956215,0.004347299996879883,3.0,0.0014490999989599611,32.0,1788.9609375
speech_yweweler,pcafeter_ch01_seg03,PCAFETER,-5,-4.999999906881125,wavelet_soft,-4.618745297986578,0.38125460889454654,0.0460421269418386,-5.714361306571613,0.0011386000041966327,3.0,0.0003795333347322109,32.0,375.25
speech_yweweler,pcafeter_ch01_seg03,PCAFETER,0,6.535528582411054e-08,noisy,6.535528582411054e-08,0.0,0.015895743329549458,-0.03561485555375128,8.299997716676444e-06,3.0,2.7666659055588147e-06,0.0,187.5
speech_yweweler,pcafeter_ch01_seg03,PCAFETER,0,6.535528582411054e-08,stft_subtraction,4.391778543567434,4.3917784782121485,0.005782331604324971,2.6516922424304057,0.008252399995399173,3.0,0.002750799998466391,32.0,1788.9609375
speech_yweweler,pcafeter_ch01_seg03,PCAFETER,0,6.535528582411054e-08,stft_wiener,2.9100154047460194,2.9100153393907338,0.00813353440024674,2.0376219198494394,0.005179899999347981,3.0,0.0017266333331159938,32.0,1788.9609375
speech_yweweler,pcafeter_ch01_seg03,PCAFETER,0,6.535528582411054e-08,wavelet_soft,0.32970803176677355,0.3297079664114877,0.014733639685511482,-0.3653516587386029,0.001156599995738361,3.0,0.000385533331912787,32.0,375.25
speech_yweweler,pcafeter_ch01_seg03,PCAFETER,5,5.000000199816755,noisy,5.000000199816755,0.0,0.005026675247127858,4.980173356276129,7.90000194683671e-06,3.0,2.6333339822789035e-06,0.0,187.5
speech_yweweler,pcafeter_ch01_seg03,PCAFETER,5,5.000000199816755,stft_subtraction,8.807047493958805,3.80704729414205,0.0020920694561530635,8.238270976485326,0.007546799999545328,3.0,0.0025155999998484426,32.0,1788.9609375
speech_yweweler,pcafeter_ch01_seg03,PCAFETER,5,5.000000199816755,stft_wiener,7.729062994773114,2.7290627949563593,0.00268147991697406,7.368752873478231,0.004667200002586469,3.0,0.0015557333341954898,32.0,1788.9609375
speech_yweweler,pcafeter_ch01_seg03,PCAFETER,5,5.000000199816755,wavelet_soft,5.263643592349291,0.26364339253253544,0.004730602851036462,4.838495860575141,0.0010827000005519949,3.0,0.0003609000001839983,32.0,375.25
speech_yweweler,pcafeter_ch01_seg03,PCAFETER,10,9.999999680578593,noisy,9.999999680578593,0.0,0.0015895744747996422,9.98903852995505,8.400005754083395e-06,3.0,2.800001918027798e-06,0.0,187.5
speech_yweweler,pcafeter_ch01_seg03,PCAFETER,10,9.999999680578593,stft_subtraction,13.264375812702218,3.2643761321236244,0.0007496236280303132,13.328970953716055,0.009009300003526732,3.0,0.0030031000011755773,32.0,1788.9609375
speech_yweweler,pcafeter_ch01_seg03,PCAFETER,10,9.999999680578593,stft_wiener,12.560760726218057,2.560761045639463,0.0008814643968983923,12.420344252072063,0.005135999999765772,3.0,0.0017119999999219242,32.0,1788.9609375
speech_yweweler,pcafeter_ch01_seg03,PCAFETER,10,9.999999680578593,wavelet_soft,10.17712249488262,0.17712281430402754,0.001526049422427425,9.930197431167713,0.0011693999986164272,3.0,0.00038979999953880906,32.0,375.25
speech_yweweler,straffic_ch01_seg01,STRAFFIC,-5,-5.000000110277424,noisy,-5.000000110277424,0.0,0.05026675608484172,-5.023417360310701,1.0099996870849282e-05,3.0,3.366665623616427e-06,0.0,187.5
speech_yweweler,straffic_ch01_seg01,STRAFFIC,-5,-5.000000110277424,stft_subtraction,0.4473972928710098,5.447397403148433,0.014339734779763639,-0.2003408351383404,0.008164200000464916,3.0,0.002721400000154972,32.0,1788.9609375
speech_yweweler,straffic_ch01_seg01,STRAFFIC,-5,-5.000000110277424,stft_wiener,-2.433180194235841,2.5668199160415828,0.027835489812705835,-2.5677740793103796,0.00496489999932237,3.0,0.0016549666664407898,32.0,1788.9609375
speech_yweweler,straffic_ch01_seg01,STRAFFIC,-5,-5.000000110277424,wavelet_soft,-4.983381332772599,0.016618777504824322,0.05007477214375649,-5.4478493611900545,0.001323900003626477,3.0,0.0004413000012088257,32.0,375.25
speech_yweweler,straffic_ch01_seg01,STRAFFIC,0,2.849050594107042e-07,noisy,2.849050594107042e-07,0.0,0.015895742526058423,-0.013154555108562387,7.90000194683671e-06,3.0,2.6333339822789035e-06,0.0,187.5
speech_yweweler,straffic_ch01_seg01,STRAFFIC,0,2.849050594107042e-07,stft_subtraction,5.394646198178834,5.3946459132737745,0.004590037439872397,5.028292392017133,0.0077998999986448325,3.0,0.0025999666662149443,32.0,1788.9609375
speech_yweweler,straffic_ch01_seg01,STRAFFIC,0,2.849050594107042e-07,stft_wiener,2.5518246237437303,2.5518243388386708,0.008832799768729398,2.4891491521006954,0.005091400002129376,3.0,0.0016971333340431254,32.0,1788.9609375
speech_yweweler,straffic_ch01_seg01,STRAFFIC,0,2.849050594107042e-07,wavelet_soft,0.008324674469620489,0.008324389564561078,0.01586530335998202,-0.28172087217628705,0.0012739000012516044,3.0,0.0004246333337505348,32.0,375.25
speech_yweweler,straffic_ch01_seg01,STRAFFIC,5,4.999999993270788,noisy,4.999999993270788,0.0,0.005026675485114902,4.992610807807681,7.999995432328433e-06,3.0,2.6666651441094777e-06,0.0,187.5
speech_yweweler,straffic_ch01_seg01,STRAFFIC,5,4.999999993270788,stft_subtraction,10.327703192885998,5.32770319961521,0.0014740442773200552,10.129858508336314,0.007314499998756219,3.0,0.002438166666252073,32.0,1788.9609375
speech_yweweler,straffic_ch01_seg01,STRAFFIC,5,4.999999993270788,stft_wiener,7.532743725142966,2.532743731872178,0.0028054754688093737,7.503669594619296,0.004523399999015965,3.0,0.0015077999996719882,32.0,1788.9609375
speech_yweweler,straffic_ch01_seg01,STRAFFIC,5,4.999999993270788,wavelet_soft,4.993940509091123,-0.006059484179664842,0.005033693840562958,4.806675394251338,0.0010933000012300909,3.0,0.0003644333337433636,32.0,375.25
speech_yweweler,straffic_ch01_seg01,STRAFFIC,10,10.000000260860812,noisy,10.000000260860812,0.0,0.001589574261413014,9.995851671034416,7.599999662488699e-06,3.0,2.5333332208295665e-06,0.0,187.5
speech_yweweler,straffic_ch01_seg01,STRAFFIC,10,10.000000260860812,stft_subtraction,15.238044333548231,5.238044072687419,0.00047585694824232974,15.13899091919768,0.007376599998679012,3.0,0.002458866666226337,32.0,1788.9609375
speech_yweweler,straffic_ch01_seg01,STRAFFIC,10,10.000000260860812,stft_wiener,12.504616314752239,2.504616053891427,0.0008929337042856505,12.49073419502676,0.005180500003916677,3.0,0.0017268333346388924,32.0,1788.9609375
speech_yweweler,straffic_ch01_seg01,STRAFFIC,10,10.000000260860812,wavelet_soft,9.967250965820957,-0.03274929503985469,0.00160160623624683,9.843968364334966,0.0011397999987821095,3.0,0.0003799333329273698,32.0,375.25
speech_yweweler,straffic_ch01_seg02,STRAFFIC,-5,-4.999999566269267,noisy,-4.999999566269267,0.0,0.05026674976410275,-4.9667896643970435,8.199996955227107e-06,3.0,2.7333323184090355e-06,0.0,187.5
speech_yweweler,straffic_ch01_seg02,STRAFFIC,-5,-4.999999566269267,stft_subtraction,0.8385453245628122,5.838544890832079,0.013104676838306052,-0.35708729372205605,0.007804199995007366,3.0,0.0026013999983357885,32.0,1788.9609375
speech_yweweler,straffic_ch01_seg02,STRAFFIC,-5,-4.999999566269267,stft_wiener,-1.0931402173718232,3.9068593488974437,0.020445365089541947,-1.3932542170681592,0.004759600000397768,3.0,0.0015865333334659226,32.0,1788.9609375
speech_yweweler,straffic_ch01_seg02,STRAFFIC,-5,-4.999999566269267,wavelet_soft,-4.121299546739435,0.8787000195298322,0.04105923023389554,-5.975436747837638,0.001174700002593454,3.0,0.0003915666675311513,32.0,375.25
speech_yweweler,straffic_ch01_seg02,STRAFFIC,0,-3.9378756508304336e-07,noisy,-3.9378756508304336e-07,0.0,0.01589574501182131,0.01870047532801769,1.0600000678095967e-05,3.0,3.5333335593653223e-06,0.0,187.5
speech_yweweler,straffic_ch01_seg02,STRAFFIC,0,-3.9378756508304336e-07,stft_subtraction,5.525483995982816,5.525484389770381,0.004453817817898865,4.816058003888447,0.007740400003967807,3.0,0.0025801333346559354,32.0,1788.9609375
speech_yweweler,straffic_ch01_seg02,STRAFFIC,0,-3.9378756508304336e-07,stft_wiener,3.796696568477515,3.7966969622650804,0.00663149110588396,3.6354437308354632,0.004848800002946518,3.0,0.0016162666676488395,32.0,1788.9609375
speech_yweweler,straffic_ch01_seg02,STRAFFIC,0,-3.9378756508304336e-07,wavelet_soft,0.7390321453684018,0.7390325391559669,0.013408420878993018,-0.4048901899188445,0.0011735000007320195,3.0,0.0003911666669106732,32.0,375.25
speech_yweweler,straffic_ch01_seg02,STRAFFIC,5,4.9999996823530735,noisy,4.9999996823530735,0.0,0.005026675847134438,5.010530848166532,9.700001101009548e-06,3.0,3.233333700336516e-06,0.0,187.5
speech_yweweler,straffic_ch01_seg02,STRAFFIC,5,4.9999996823530735,stft_subtraction,10.09712281533912,5.097123132986046,0.001554420684011364,9.725970545337518,0.007411599995975848,3.0,0.0024705333319919496,32.0,1788.9609375
speech_yweweler,straffic_ch01_seg02,STRAFFIC,5,4.9999996823530735,stft_wiener,8.622476598494895,3.6224769161418218,0.002182896720360377,8.538360132829329,0.004375399999844376,3.0,0.001458466666614792,32.0,1788.9609375
speech_yweweler,straffic_ch01_seg02,STRAFFIC,5,4.9999996823530735,wavelet_soft,5.5630374596231045,0.563037777270031,0.004415471666995323,4.907275785304119,0.001190299997688271,3.0,0.0003967666658960904,32.0,375.25
speech_yweweler,straffic_ch01_seg02,STRAFFIC,10,9.999999766314911,noisy,9.999999766314911,0.0,0.0015895744432072817,10.005933396933315,7.800001185387373e-06,3.0,2.600000395129124e-06,0.0,187.5
speech_yweweler,straffic_ch01_seg02,STRAFFIC,10,9.999999766314911,stft_subtraction,14.5480580650798,4.548058298764889,0.0005577955455826623,14.393252862874418,0.007567900000140071,3.0,0.0025226333333800235,32.0,1788.9609375
speech_yweweler,straffic_ch01_seg02,STRAFFIC,10,9.999999766314911,stft_wiener,13.38648216607568,3.3864823997607694,0.0007288407254214535,13.34386682841382,0.0056757999991532415,3.0,0.0018919333330510806,32.0,1788.9609375
speech_yweweler,straffic_ch01_seg02,STRAFFIC,10,9.999999766314911,wavelet_soft,10.346573024259364,0.3465732579444527,0.001467653538406265,10.003861492221375,0.001385600000503473,3.0,0.000461866666834491,32.0,375.25
speech_yweweler,straffic_ch01_seg03,STRAFFIC,-5,-5.000000099735838,noisy,-5.000000099735838,0.0,0.050266755930247146,-4.746322302092572,8.699993486516178e-06,3.0,2.899997828838726e-06,0.0,187.5
speech_yweweler,straffic_ch01_seg03,STRAFFIC,-5,-5.000000099735838,stft_subtraction,2.146546836527912,7.14654693626375,0.009696749238338987,0.3243253867992508,0.007737799998722039,3.0,0.0025792666662406796,32.0,1788.9609375
speech_yweweler,straffic_ch01_seg03,STRAFFIC,-5,-5.000000099735838,stft_wiener,-0.7515221687677711,4.248477930968067,0.018898749353314325,-1.3086932977635157,0.004853500002354849,3.0,0.0016178333341182831,32.0,1788.9609375
speech_yweweler,straffic_ch01_seg03,STRAFFIC,-5,-5.000000099735838,wavelet_soft,-4.633940829162022,0.3660592705738166,0.04620350595119485,-5.811680517437745,0.0010499999989406206,3.0,0.0003499999996468735,32.0,375.25
speech_yweweler,straffic_ch01_seg03,STRAFFIC,0,1.3138814169811572e-08,noisy,1.3138814169811572e-08,0.0,0.01589574352515456,0.14417762590709232,8.000002708286047e-06,3.0,2.6666675694286823e-06,0.0,187.5
speech_yweweler,straffic_ch01_seg03,STRAFFIC,0,1.3138814169811572e-08,stft_subtraction,6.628246055029486,6.628246041890671,0.0034550651613557714,5.71373386820286,0.007673200001590885,3.0,0.0025577333338636286,32.0,1788.9609375
speech_yweweler,straffic_ch01_seg03,STRAFFIC,0,1.3138814169811572e-08,stft_wiener,4.08435017663041,4.084350163491595,0.006206486719232247,3.8395502131516106,0.004514300002483651,3.0,0.0015047666674945503,32.0,1788.9609375
speech_yweweler,straffic_ch01_seg03,STRAFFIC,0,1.3138814169811572e-08,wavelet_soft,0.2925200327956812,0.292520019656867,0.014860343381577953,-0.46188382401484257,0.0011930999971809797,3.0,0.00039769999906032655,32.0,375.25
speech_yweweler,straffic_ch01_seg03,STRAFFIC,5,4.99999994650884,noisy,4.99999994650884,0.0,0.005026675541474312,5.081989206590396,9.199997293762863e-06,3.0,3.0666657645876208e-06,0.0,187.5
speech_yweweler,straffic_ch01_seg03,STRAFFIC,5,4.99999994650884,stft_subtraction,11.027369670098324,6.027369723589484,0.0012547115082179399,10.676689574625392,0.007522799998696428,3.0,0.002507599999565476,32.0,1788.9609375
speech_yweweler,straffic_ch01_seg03,STRAFFIC,5,4.99999994650884,stft_wiener,8.882040725561454,3.8820407790526144,0.0020562540752276652,8.786752170591024,0.004730799999379087,3.0,0.0015769333331263624,32.0,1788.9609375
speech_yweweler,straffic_ch01_seg03,STRAFFIC,5,4.99999994650884,wavelet_soft,5.199136680925492,0.19913673441665214,0.004801392172267151,4.743404882813676,0.0011419000002206303,3.0,0.00038063333340687677,32.0,375.25
speech_yweweler,straffic_ch01_seg03,STRAFFIC,10,9.999999922165166,noisy,9.999999922165166,0.0,0.0015895743861334725,10.046821522439092,8.299997716676444e-06,3.0,2.7666659055588147e-06,0.0,187.5
speech_yweweler,straffic_ch01_seg03,STRAFFIC,10,9.999999922165166,stft_subtraction,15.371867977135594,5.371868054970427,0.0004614174881472848,15.341928638119747,0.007960700000694487,3.0,0.0026535666668981626,32.0,1788.9609375
speech_yweweler,straffic_ch01_seg03,STRAFFIC,10,9.999999922165166,stft_wiener,13.63462116298441,3.634621240819243,0.0006883649232361052,13.602705893411734,0.004778999995323829,3.0,0.0015929999984412764,32.0,1788.9609375
speech_yweweler,straffic_ch01_seg03,STRAFFIC,10,9.999999922165166,wavelet_soft,10.070523055819699,0.07052313365453244,0.0015639704478683093,9.809853801505044,0.001270400003704708,3.0,0.00042346666790156934,32.0,375.25
