block_id,write_us,write_interval_ms,source_ring_before_samples,source_ring_after_samples,driver_depth_before,driver_depth_after
0,6.600000,0.000000,7680,6720,0,1
1,2.100000,0.015800,6720,5760,1,2
2,1.300000,20.019000,15360,14400,1,2
3,0.600000,20.020900,15360,14400,1,2
4,0.500000,20.020600,15360,14400,1,2
5,1.600000,20.106800,15360,14400,1,2
6,0.600000,20.026300,15360,14400,1,2
7,1.900000,20.026800,15360,14400,1,2
8,0.500000,20.020600,15360,14400,1,2
9,0.500000,20.023600,15360,14400,1,2
10,2.000000,20.077000,15360,14400,1,2
11,0.600000,20.022500,15360,14400,1,2
12,0.600000,20.019700,15360,14400,1,2
13,0.700000,20.020600,15360,14400,1,2
14,0.800000,20.018700,15360,14400,1,2
15,0.500000,20.023400,15360,14400,1,2
16,0.600000,20.084200,15360,14400,1,2
17,0.700000,20.018600,15360,14400,1,2
18,0.800000,20.034300,15360,14400,1,2
19,0.800000,20.022000,15360,14400,1,2
20,1.000000,20.024500,15360,14400,1,2
21,0.500000,20.032800,15360,14400,1,2
22,0.500000,20.079500,15360,14400,1,2
23,0.600000,20.020100,15360,14400,1,2
24,0.600000,20.092200,15360,14400,1,2
25,0.500000,20.019100,15360,14400,1,2
26,0.900000,20.039700,15360,14400,1,2
27,0.900000,20.040400,15360,14400,1,2
28,0.800000,20.016700,15360,14400,1,2
29,0.700000,20.020900,15360,14400,1,2
30,0.600000,20.019000,15360,14400,1,2
31,0.500000,19.027900,15360,14400,1,2
32,4.300000,20.039500,15360,14880,1,2
33,0.700000,20.026400,15360,14400,1,2
34,0.700000,20.017400,15360,14400,1,2
35,0.800000,20.019700,15360,14400,1,2
36,1.000000,20.022100,15360,14400,1,2
37,1.000000,20.023800,15360,14400,1,2
38,0.800000,20.040700,15360,14400,1,2
39,0.800000,20.030900,15360,14400,1,2
40,0.900000,20.016800,15360,14400,1,2
41,0.900000,20.020900,15360,14400,1,2
42,0.700000,20.034300,15360,14400,1,2
43,0.800000,20.018100,15360,14400,1,2
44,0.500000,20.051700,15360,14400,1,2
45,0.400000,20.027000,15360,14400,1,2
46,0.700000,20.017200,15360,14400,1,2
47,0.700000,20.141400,15360,14400,1,2
48,0.400000,20.020700,15360,14400,1,2
49,1.000000,20.019600,15360,14400,1,2
50,0.600000,20.019600,15360,14400,1,2
51,1.000000,20.162200,15360,14400,1,2
52,0.900000,20.032900,15360,14400,1,2
53,0.800000,20.017500,15360,14400,1,2
54,0.800000,20.024200,15360,14400,1,2
55,0.800000,20.018900,15360,14400,1,2
56,1.300000,20.060400,15360,14400,1,2
57,0.700000,20.031800,15360,14400,1,2
58,0.600000,19.022000,15360,14400,1,2
59,0.700000,20.027300,15360,14400,1,2
60,0.700000,20.022800,15360,14400,1,2
61,0.800000,20.160800,15360,14400,1,2
62,0.800000,20.018400,15360,14400,1,2
63,1.000000,20.049100,15360,14400,1,2
64,0.800000,20.030000,15360,14400,1,2
65,0.800000,20.020100,15360,14400,1,2
66,0.400000,20.021300,15360,14400,1,2
67,0.700000,20.020900,15360,14400,1,2
68,0.800000,20.033300,15360,14400,1,2
69,0.800000,20.018200,15360,14400,1,2
70,0.800000,20.027400,15360,14400,1,2
71,4.300000,20.025600,15360,14400,1,2
72,0.800000,20.059700,15360,14400,1,2
73,1.100000,20.020800,15360,14400,1,2
74,0.700000,20.034500,15360,14400,1,2
75,0.800000,20.017300,15360,14400,1,2
76,0.900000,20.021500,15360,14400,1,2
77,0.600000,20.027600,15360,14400,1,2
78,0.900000,20.055900,15360,14400,1,2
79,0.700000,20.018400,15360,14400,1,2
80,0.900000,20.020400,15360,14400,1,2
81,1.000000,20.040900,15360,14400,1,2
82,0.900000,20.019800,15360,14400,1,2
83,0.800000,20.018500,15360,14400,1,2
84,0.900000,20.068900,15360,14400,1,2
85,0.900000,20.026300,15360,14400,1,2
86,1.600000,20.070600,15360,14400,1,2
87,1.100000,19.030200,15360,14400,1,2
88,0.800000,20.026200,15360,14400,1,2
89,0.700000,20.019400,15360,14400,1,2
90,0.700000,20.021000,15360,14400,1,2
91,0.900000,20.018700,15360,14400,1,2
92,0.800000,20.031400,15360,14400,1,2
93,0.900000,20.030400,15360,14400,1,2
94,0.800000,20.044100,15360,14400,1,2
95,1.200000,20.023600,15360,14400,1,2
96,0.500000,20.034900,15360,14400,1,2
97,0.600000,20.022400,15360,14400,1,2
98,0.800000,20.020400,15360,14400,1,2
99,0.900000,20.021700,15360,14400,1,2
100,0.700000,20.019900,15360,14400,1,2
101,0.900000,20.018400,15360,14400,1,2
102,0.600000,20.018300,15360,14400,1,2
103,0.700000,20.023000,15360,14400,1,2
104,0.800000,20.019800,15360,14400,1,2
105,0.800000,20.020000,15360,14400,1,2
106,5.300000,20.032200,15360,14880,1,2
107,1.100000,20.025700,15360,14400,1,2
108,0.900000,20.018300,15360,14400,1,2
109,0.900000,20.125200,15360,14400,1,2
110,1.100000,20.023300,15360,14400,1,2
111,0.800000,20.037500,15360,14400,1,2
112,0.800000,20.020500,15360,14400,1,2
113,0.800000,20.019800,15360,14400,1,2
114,0.700000,20.019200,15360,14400,1,2
115,1.200000,20.017800,15360,14400,1,2
116,1.300000,20.027500,15360,14400,1,2
117,0.800000,20.027400,15360,14400,1,2
118,0.800000,20.018700,15360,14400,1,2
119,0.900000,20.020700,15360,14400,1,2
120,0.700000,20.019400,15360,14400,1,2
121,0.700000,19.160500,15360,14400,1,2
122,0.800000,20.024200,15360,14400,1,2
123,0.700000,20.081700,15360,14400,1,2
124,0.700000,20.025900,15360,14400,1,2
125,0.600000,20.085100,15360,14400,1,2
126,0.900000,20.016900,15360,14400,1,2
127,0.900000,20.018500,15360,14400,1,2
128,0.700000,20.023000,15360,14400,1,2
129,0.900000,20.020700,15360,14400,1,2
130,0.700000,20.022200,15360,14400,1,2
131,0.700000,20.017400,15360,14400,1,2
132,1.000000,20.097500,15360,14400,1,2
133,0.800000,20.058600,15360,14400,1,2
134,0.800000,20.032000,15360,14400,1,2
135,0.800000,20.098200,15360,14400,1,2
136,1.300000,20.096300,15360,14400,1,2
137,0.800000,20.079100,15360,14400,1,2
138,0.800000,20.026700,15360,14400,1,2
139,0.800000,20.022500,15360,14400,1,2
140,1.100000,20.064100,15360,14400,1,2
141,1.100000,19.095100,15360,14400,1,2
142,1.000000,20.059400,15360,14400,1,2
143,0.500000,20.031000,15360,14400,1,2
144,0.500000,20.028000,15360,14400,1,2
145,1.100000,20.080900,15360,14400,1,2
146,0.800000,20.032300,15360,14400,1,2
147,0.900000,20.032500,15360,14400,1,2
148,1.100000,20.032800,15360,14400,1,2
149,0.900000,20.026800,15360,14400,1,2
150,0.800000,20.078700,15360,14400,1,2
151,0.900000,20.069800,15360,14400,1,2
152,0.900000,20.126400,15360,14400,1,2
153,1.000000,20.190800,15360,14400,1,2
154,0.800000,20.058700,15360,14400,1,2
155,0.900000,20.031400,15360,14400,1,2
156,0.900000,19.720200,15360,14400,1,2
157,0.800000,20.020000,15360,14400,1,2
158,0.700000,20.021700,15360,14400,1,2
159,0.400000,20.049100,15360,14400,1,2
160,1.100000,20.079500,15360,14400,1,2
161,1.600000,20.091200,15360,14880,1,2
162,0.800000,19.103000,15360,14400,1,2
163,0.900000,20.082600,15360,14400,1,2
164,1.000000,20.032900,15360,14400,1,2
165,0.800000,20.068000,15360,14400,1,2
166,0.700000,20.020400,15360,14400,1,2
167,0.800000,20.019100,15360,14400,1,2
168,1.000000,20.034500,15360,14400,1,2
169,0.800000,20.020200,15360,14400,1,2
170,1.200000,20.026900,15360,14400,1,2
171,0.800000,20.022200,15360,14400,1,2
172,0.700000,20.034100,15360,14400,1,2
173,0.800000,20.107500,15360,14400,1,2
174,0.700000,20.020200,15360,14400,1,2
175,0.700000,20.019500,15360,14400,1,2
176,1.100000,20.032500,15360,14880,1,2
177,0.600000,20.091400,15360,14400,1,2
178,0.800000,20.049300,15360,14400,1,2
179,1.100000,20.031700,15360,14400,1,2
180,0.800000,20.029200,15360,14400,1,2
181,1.700000,20.083400,15360,14880,1,2
182,1.100000,20.046900,15360,14400,1,2
183,0.800000,20.021200,15360,14400,1,2
184,1.200000,20.037800,15360,14400,1,2
185,0.700000,19.032000,15360,14400,1,2
186,0.800000,20.019600,15360,14400,1,2
187,0.800000,20.018700,15360,14400,1,2
188,0.900000,20.083400,15360,14400,1,2
189,0.600000,20.117700,15360,14400,1,2
190,0.900000,20.049500,15360,14400,1,2
191,0.900000,20.021700,15360,14400,1,2
192,1.100000,20.054200,15360,14400,1,2
193,0.700000,20.028700,15360,14400,1,2
194,0.800000,20.067400,15360,14400,1,2
195,0.800000,20.024600,15360,14400,1,2
196,1.200000,20.031200,15360,14400,1,2
197,1.000000,20.063200,15360,14400,1,2
198,0.700000,20.096900,15360,14400,1,2
199,0.900000,20.020700,15360,14400,1,2
200,1.200000,20.155300,15360,14400,1,2
201,3.400000,20.042300,15360,14400,1,2
202,1.000000,20.039800,15360,14400,1,2
203,1.200000,20.030100,15360,14400,1,2
204,1.200000,19.132000,15360,14400,1,2
205,1.100000,20.072700,15360,14400,1,2
206,0.800000,20.034100,15360,14400,1,2
207,1.700000,20.055900,15360,14400,1,2
208,1.000000,20.037200,15360,14400,1,2
209,1.200000,20.031000,15360,14400,1,2
210,0.900000,20.030500,15360,14400,1,2
211,1.700000,20.041000,15360,14880,1,2
212,1.400000,20.063900,15360,14400,1,2
213,0.600000,20.034700,15360,14400,1,2
214,0.700000,20.142400,15360,14400,1,2
215,1.000000,20.157300,15360,14400,1,2
216,1.000000,20.086600,15360,14400,1,2
217,1.300000,19.127000,15360,14400,1,2
218,1.200000,20.026800,15360,14400,1,2
219,1.200000,20.029500,15360,14400,1,2
220,1.100000,20.031000,15360,14400,1,2
221,1.100000,20.048500,15360,14400,1,2
222,0.600000,20.052200,15360,14400,1,2
223,0.900000,20.035500,15360,14400,1,2
224,1.300000,20.043800,15360,14400,1,2
225,0.800000,20.026300,15360,14400,1,2
226,0.900000,20.040300,15360,14880,1,2
227,0.900000,20.105300,15360,14400,1,2
228,1.000000,20.033200,15360,14400,1,2
229,0.800000,20.042700,15360,14400,1,2
230,0.900000,20.025200,15360,14400,1,2
231,0.900000,20.080400,15360,14400,1,2
232,1.000000,20.031700,15360,14400,1,2
233,0.600000,20.026800,15360,14400,1,2
234,0.800000,20.019300,15360,14400,1,2
235,1.000000,20.030600,15360,14400,1,2
236,0.900000,20.145700,15360,14400,1,2
237,0.900000,20.022600,15360,14400,1,2
238,0.900000,20.036200,15360,14400,1,2
239,0.700000,20.041800,15360,14400,1,2
240,0.900000,19.073200,15360,14400,1,2
241,1.100000,20.023700,15360,14400,1,2
242,3.700000,20.018600,15360,14400,1,2
243,0.800000,20.027000,15360,14880,1,2
244,0.700000,20.037900,15360,14400,1,2
245,0.700000,20.016800,15360,14400,1,2
246,1.100000,20.018700,15360,14400,1,2
247,0.900000,20.027500,15360,14400,1,2
248,0.700000,20.019900,15360,14400,1,2
249,0.800000,20.017400,15360,14400,1,2
250,1.100000,20.021200,15360,14400,1,2
251,1.000000,20.020600,15360,14400,1,2
252,0.700000,20.018700,15360,14400,1,2
253,0.600000,20.084500,15360,14400,1,2
254,1.100000,20.027600,15360,14400,1,2
255,0.700000,20.020600,15360,14400,1,2
256,0.900000,20.102400,15360,14400,1,2
257,1.000000,20.032900,15360,14400,1,2
258,1.000000,20.100500,15360,14400,1,2
259,0.900000,20.027100,15360,14400,1,2
260,0.800000,19.297900,15360,14400,1,2
261,1.200000,20.027000,15360,14400,1,2
262,0.700000,20.040400,15360,14400,1,2
263,1.000000,20.026500,15360,14400,1,2
264,1.500000,20.150200,15360,14880,1,2
265,1.000000,20.177100,15360,14400,1,2
266,1.200000,20.047300,15360,14400,1,2
267,1.700000,20.060500,15360,14400,1,2
268,1.000000,20.038200,15360,14400,1,2
269,1.700000,20.032000,15360,14400,1,2
270,0.900000,20.025300,15360,14400,1,2
271,0.800000,20.041400,15360,14400,1,2
272,1.100000,20.021700,15360,14400,1,2
273,0.700000,20.023000,15360,14400,1,2
274,1.000000,19.641100,15360,14400,1,2
275,0.900000,20.066800,15360,14400,1,2
276,0.700000,20.048300,15360,14400,1,2
277,1.200000,20.062600,15360,14400,1,2
278,1.100000,20.029800,15360,14400,1,2
279,0.900000,20.027100,15360,14400,1,2
280,0.900000,20.056700,15360,14400,1,2
281,1.100000,20.053500,15360,14400,1,2
282,1.100000,20.085400,15360,14400,1,2
283,1.000000,20.038600,15360,14400,1,2
284,0.700000,20.023600,15360,14400,1,2
285,0.800000,20.030200,15360,14400,1,2
286,1.800000,20.073200,15360,14880,1,2
287,0.800000,19.066600,15360,14400,1,2
288,0.800000,20.022100,15360,14400,1,2
289,0.800000,20.035000,15360,14400,1,2
290,1.000000,20.036100,15360,14400,1,2
291,1.400000,20.037800,15360,14400,1,2
292,0.900000,20.052600,15360,14400,1,2
293,0.900000,20.032800,15360,14400,1,2
294,0.700000,20.040300,15360,14400,1,2
295,1.300000,20.083500,15360,14400,1,2
296,1.200000,20.143000,15360,14400,1,2
297,0.900000,20.027500,15360,14400,1,2
298,1.100000,20.051700,15360,14400,1,2
299,1.100000,20.046600,15360,14400,1,2
300,0.800000,20.035500,15360,14400,1,2
301,1.000000,20.045800,15360,14400,1,2
302,1.000000,20.023000,15360,14400,1,2
303,2.400000,20.120400,15360,14400,1,2
304,1.000000,19.145200,15360,14400,1,2
305,0.700000,20.027500,15360,14400,1,2
306,0.900000,20.019800,15360,14400,1,2
307,0.700000,20.020400,15360,14400,1,2
308,0.700000,20.047000,15360,14400,1,2
309,0.800000,20.023400,15360,14400,1,2
310,1.100000,20.035800,15360,14400,1,2
311,1.000000,20.031800,15360,14400,1,2
312,0.700000,20.030100,15360,14400,1,2
313,0.800000,20.035800,15360,14400,1,2
314,0.900000,20.042400,15360,14400,1,2
315,0.800000,20.067400,15360,14400,1,2
316,0.900000,20.032900,15360,14400,1,2
317,1.300000,20.032400,15360,14400,1,2
318,0.700000,20.057600,15360,14400,1,2
319,0.800000,20.056400,15360,14400,1,2
320,0.800000,20.098700,15360,14400,1,2
321,1.400000,20.037400,15360,14400,1,2
322,1.200000,20.074000,15360,14880,1,2
323,0.800000,20.045300,15360,14400,1,2
324,1.300000,20.035900,15360,14400,1,2
325,1.100000,19.971100,15360,14400,1,2
326,1.100000,20.053300,15360,14400,1,2
327,1.300000,20.059400,15360,14400,1,2
328,0.900000,19.051600,15360,14400,1,2
329,1.000000,20.027400,15360,14400,1,2
330,0.800000,20.026200,15360,14400,1,2
331,1.300000,20.030500,15360,14400,1,2
332,1.200000,20.039300,15360,14400,1,2
333,1.100000,20.032700,15360,14400,1,2
334,1.000000,20.035500,15360,14400,1,2
335,1.100000,20.028100,15360,14400,1,2
336,1.400000,20.033100,15360,14400,1,2
337,0.800000,20.027500,15360,14400,1,2
338,0.900000,20.037600,15360,14400,1,2
339,1.100000,20.194300,15360,14400,1,2
340,1.000000,20.033000,15360,14400,1,2
341,1.100000,20.045800,15360,14400,1,2
342,1.000000,20.183000,15360,14400,1,2
343,1.200000,20.068300,15360,14400,1,2
344,1.400000,20.034100,15360,14880,1,2
345,1.100000,20.095000,15360,14400,1,2
346,1.300000,19.095400,15360,14400,1,2
347,0.900000,20.095700,15360,14400,1,2
348,1.000000,20.030900,15360,14400,1,2
349,1.000000,20.031300,15360,14400,1,2
350,1.100000,20.030900,15360,14400,1,2
351,1.400000,20.032200,15360,14400,1,2
352,0.800000,20.025500,15360,14400,1,2
353,1.100000,20.036200,15360,14400,1,2
354,0.900000,20.096900,15360,14400,1,2
355,1.000000,20.032100,15360,14400,1,2
356,3.800000,20.046900,15360,14880,1,2
357,0.900000,20.026900,15360,14400,1,2
358,1.000000,20.046500,15360,14400,1,2
359,0.900000,20.027000,15360,14400,1,2
360,1.000000,20.056300,15360,14400,1,2
361,1.800000,20.068700,15360,14400,1,2
362,1.000000,20.037600,15360,14400,1,2
363,1.300000,20.052400,15360,14400,1,2
364,0.900000,20.053000,15360,14400,1,2
365,0.600000,20.032600,15360,14400,1,2
366,1.100000,19.157200,15360,14400,1,2
367,0.800000,20.052500,15360,14400,1,2
368,0.900000,20.028400,15360,14400,1,2
369,1.100000,20.183800,15360,14400,1,2
370,1.000000,20.031100,15360,14400,1,2
371,1.000000,20.048800,15360,14400,1,2
372,0.700000,20.037700,15360,14400,1,2
373,0.900000,20.190200,15360,14400,1,2
374,0.900000,20.156400,15360,14400,1,2
375,0.900000,20.056100,15360,14400,1,2
376,1.900000,20.047500,15360,14400,1,2
377,1.200000,20.069100,15360,14400,1,2
378,0.800000,19.043000,15360,14400,1,2
379,1.200000,20.051300,15360,14400,1,2
380,1.300000,20.030000,15360,14400,1,2
381,1.200000,20.038000,15360,14400,1,2
382,1.000000,20.036000,15360,14400,1,2
383,1.200000,20.033300,15360,14400,1,2
384,1.000000,20.036100,15360,14400,1,2
385,0.900000,20.028000,15360,14400,1,2
386,1.000000,20.023400,15360,14400,1,2
387,0.900000,20.019700,15360,14400,1,2
388,1.000000,20.037700,15360,14400,1,2
389,0.700000,20.021100,15360,14400,1,2
390,1.100000,20.025700,15360,14400,1,2
391,0.800000,20.022300,15360,14400,1,2
392,1.100000,20.051600,15360,14400,1,2
393,1.000000,20.033500,15360,14400,1,2
394,0.800000,20.026200,15360,14400,1,2
395,1.000000,20.034200,15360,14400,1,2
396,1.100000,20.026400,15360,14400,1,2
397,0.800000,20.037500,15360,14400,1,2
398,1.000000,20.026700,15360,14400,1,2
399,1.000000,20.028700,15360,14400,1,2
400,0.900000,20.041400,15360,14400,1,2
401,0.700000,20.040900,15360,14400,1,2
402,1.200000,20.030500,15360,14400,1,2
403,0.900000,20.077700,15360,14400,1,2
404,0.900000,20.031700,15360,14400,1,2
405,1.200000,19.162600,15360,14400,1,2
406,1.100000,20.022100,15360,14400,1,2
407,1.200000,20.029900,15360,14400,1,2
408,0.700000,20.031500,15360,14400,1,2
409,1.000000,20.191500,15360,14400,1,2
410,0.800000,20.023700,15360,14400,1,2
411,0.800000,20.019800,15360,14400,1,2
412,0.800000,20.099200,15360,14400,1,2
413,1.000000,20.017300,15360,14400,1,2
414,1.000000,20.060400,15360,14400,1,2
415,1.000000,20.032200,15360,14400,1,2
416,1.300000,20.079600,15360,14400,1,2
417,1.200000,20.065500,15360,14400,1,2
418,0.800000,20.024900,15360,14400,1,2
419,0.900000,20.027900,15360,14400,1,2
420,0.900000,20.049700,15360,14400,1,2
421,1.000000,20.031900,15360,14400,1,2
422,0.900000,19.193100,15360,14400,1,2
423,1.000000,20.029700,15360,14400,1,2
424,0.900000,20.023900,15360,14400,1,2
425,0.900000,20.023200,15360,14400,1,2
426,0.800000,20.023500,15360,14400,1,2
427,0.600000,20.018400,15360,14400,1,2
428,0.800000,20.033700,15360,14400,1,2
429,0.800000,20.062100,15360,14400,1,2
430,0.900000,20.026200,15360,14400,1,2
431,1.100000,20.023300,15360,14400,1,2
432,1.000000,20.026100,15360,14400,1,2
433,0.800000,20.032900,15360,14400,1,2
434,0.900000,20.129800,15360,14400,1,2
435,1.200000,20.197800,15360,14400,1,2
436,0.900000,20.036900,15360,14880,1,2
437,0.700000,20.056900,15360,14400,1,2
438,0.900000,20.087200,15360,14400,1,2
439,0.900000,20.085500,15360,14400,1,2
440,0.600000,19.020300,15360,14400,1,2
441,0.700000,20.020000,15360,14400,1,2
442,0.900000,20.020400,15360,14400,1,2
443,0.700000,20.044300,15360,14400,1,2
444,1.000000,20.029900,15360,14400,1,2
445,1.000000,20.037100,15360,14400,1,2
446,0.800000,20.150700,15360,14400,1,2
447,1.000000,20.033500,15360,14400,1,2
448,1.200000,20.092400,15360,14400,1,2
449,0.800000,20.020500,15360,14400,1,2
450,0.800000,20.030600,15360,14400,1,2
451,1.400000,20.213700,15360,14400,1,2
452,1.000000,20.026300,15360,14400,1,2
453,0.700000,20.021400,15360,14400,1,2
454,1.800000,20.054200,15360,14400,1,2
455,1.100000,20.125500,15360,14400,1,2
456,1.400000,20.043300,15360,14400,1,2
457,1.100000,19.046500,15360,14400,1,2
458,0.800000,20.036800,15360,14400,1,2
459,1.100000,20.035800,15360,14400,1,2
460,0.900000,20.021200,15360,14400,1,2
461,0.700000,20.032200,15360,14400,1,2
462,1.200000,20.032900,15360,14400,1,2
463,1.300000,20.030700,15360,14400,1,2
464,1.000000,20.053200,15360,14880,1,2
465,0.900000,20.029700,15360,14400,1,2
466,0.800000,20.056000,15360,14400,1,2
467,1.300000,20.149700,15360,14400,1,2
468,0.800000,20.027400,15360,14400,1,2
469,0.900000,20.031500,15360,14400,1,2
470,1.100000,20.083200,15360,14400,1,2
471,0.800000,20.026700,15360,14400,1,2
472,1.100000,20.025600,15360,14400,1,2
473,1.000000,20.037000,15360,14400,1,2
474,0.700000,20.024200,15360,14400,1,2
475,0.800000,20.021000,15360,14400,1,2
476,0.600000,20.043100,15360,14400,1,2
477,0.600000,20.037300,15360,14400,1,2
478,0.900000,20.122500,15360,14400,1,2
479,1.000000,19.082500,15360,14400,1,2
480,1.700000,20.135500,15360,14400,1,2
481,0.600000,20.019700,15360,14400,1,2
482,0.500000,20.109900,15360,14400,1,2
483,0.700000,20.132300,15360,14400,1,2
484,1.000000,20.021600,15360,14400,1,2
485,0.300000,20.018100,15360,14400,1,2
486,0.800000,20.021900,15360,14400,1,2
487,0.800000,20.030000,15360,14400,1,2
488,0.800000,20.021800,15360,14400,1,2
489,1.000000,20.022500,15360,14400,1,2
490,0.800000,20.072300,15360,14400,1,2
491,0.900000,20.035300,15360,14400,1,2
492,0.800000,20.036900,15360,14400,1,2
493,0.800000,20.026000,15360,14400,1,2
494,1.100000,20.040300,15360,14400,1,2
495,0.800000,20.076400,15360,14400,1,2
496,1.200000,19.160000,15360,14400,1,2
497,1.200000,20.034500,15360,14400,1,2
498,1.100000,20.038700,15360,14400,1,2
499,1.000000,20.040700,15360,14400,1,2
500,1.000000,20.024200,15360,14400,1,2
501,0.900000,20.046600,15360,14400,1,2
502,0.800000,20.028400,15360,14400,1,2
503,1.100000,20.025200,15360,14400,1,2
504,1.000000,20.033500,15360,14400,1,2
505,1.000000,20.033800,15360,14400,1,2
506,1.000000,20.171600,15360,14400,1,2
507,1.000000,20.034600,15360,14400,1,2
508,1.100000,20.085800,15360,14400,1,2
509,0.800000,20.080800,15360,14400,1,2
510,1.000000,20.030400,15360,14400,1,2
511,0.900000,20.023200,15360,14400,1,2
512,1.300000,20.070700,15360,14400,1,2
513,0.700000,20.041500,15360,14400,1,2
514,1.100000,20.039300,15360,14400,1,2
515,1.000000,20.018200,15360,14400,1,2
516,0.700000,20.030000,15360,14400,1,2
517,0.800000,19.064000,15360,14400,1,2
518,1.100000,20.042500,15360,14400,1,2
519,1.000000,20.041400,15360,14400,1,2
520,1.300000,20.064500,15360,14400,1,2
521,1.400000,20.042800,15360,14400,1,2
522,1.100000,20.035900,15360,14400,1,2
523,1.100000,20.032400,15360,14400,1,2
524,1.100000,20.031300,15360,14400,1,2
525,0.400000,20.029300,15360,14400,1,2
526,0.900000,20.032600,15360,14400,1,2
527,1.100000,20.058000,15360,14400,1,2
528,1.200000,20.027400,15360,14400,1,2
529,0.600000,20.021300,15360,14400,1,2
530,1.100000,20.080000,15360,14400,1,2
531,0.900000,20.028600,15360,14400,1,2
532,1.000000,20.032300,15360,14400,1,2
533,0.900000,20.042700,15360,14400,1,2
534,0.900000,20.069400,15360,14400,1,2
535,0.900000,20.105200,15360,14880,1,2
536,1.100000,20.034300,15360,14400,1,2
537,1.000000,20.055300,15360,14400,1,2
538,1.200000,20.035500,15360,14400,1,2
539,1.100000,19.057300,15360,14400,1,2
540,0.900000,20.030800,15360,14400,1,2
541,1.100000,20.054900,15360,15360,1,2
542,1.100000,20.063900,15360,14400,1,2
543,1.000000,20.029600,15360,14400,1,2
544,3.500000,20.268200,15360,14400,1,2
545,0.900000,20.252300,15360,14400,1,2
546,1.500000,20.028800,15360,14400,1,2
547,1.200000,20.034400,15360,14400,1,2
548,0.800000,20.057400,15360,14400,1,2
549,1.000000,20.030400,15360,14400,1,2
550,1.100000,20.025600,15360,14400,1,2
551,0.800000,20.041000,15360,14400,1,2
552,0.600000,20.018500,15360,14400,1,2
553,0.700000,19.020900,15360,14400,1,2
554,0.900000,20.020800,15360,14400,1,2
555,0.800000,20.021000,15360,14400,1,2
556,0.700000,20.071300,15360,14400,1,2
557,1.100000,20.027100,15360,14400,1,2
558,1.900000,20.033900,15360,14400,1,2
559,0.900000,20.028900,15360,14400,1,2
560,1.100000,20.035000,15360,14400,1,2
561,1.100000,20.038500,15360,14400,1,2
562,0.900000,20.070800,15360,14400,1,2
563,1.200000,20.026000,15360,14400,1,2
564,0.800000,20.075100,15360,14400,1,2
565,0.800000,20.035300,15360,14400,1,2
566,1.000000,20.024400,15360,14400,1,2
567,0.800000,20.066300,15360,14400,1,2
568,0.900000,20.032200,15360,14400,1,2
569,1.300000,20.064300,15360,14400,1,2
570,1.300000,20.043300,15360,14400,1,2
571,0.700000,20.019200,15360,14400,1,2
572,1.100000,20.028700,15360,14400,1,2
573,1.000000,20.067200,15360,14400,1,2
574,0.700000,20.088800,15360,14400,1,2
575,1.100000,20.038700,15360,14400,1,2
576,0.700000,19.032500,15360,14400,1,2
577,0.800000,20.021900,15360,14400,1,2
578,1.300000,20.044800,15360,14400,1,2
579,0.800000,20.141600,15360,14400,1,2
580,0.700000,20.019200,15360,14400,1,2
581,0.800000,20.032000,15360,14400,1,2
582,0.900000,20.065500,15360,14400,1,2
583,0.900000,20.048000,15360,14400,1,2
584,1.000000,20.054600,15360,14400,1,2
585,0.800000,20.102200,15360,14400,1,2
586,0.900000,20.022000,15360,14400,1,2
587,1.000000,20.037600,15360,14400,1,2
588,0.800000,20.021600,15360,14400,1,2
589,1.000000,20.030500,15360,14400,1,2
590,0.900000,20.039000,15360,14400,1,2
591,0.800000,20.022900,15360,14400,1,2
592,0.700000,20.023400,15360,14400,1,2
593,0.900000,20.058400,15360,14400,1,2
594,1.000000,20.029700,15360,14400,1,2
595,0.700000,20.021000,15360,14400,1,2
596,0.600000,20.023000,15360,14400,1,2
597,1.100000,20.022500,15360,14400,1,2
598,1.100000,20.035500,15360,14400,1,2
599,1.200000,19.211100,15360,14400,1,2
600,1.100000,20.039400,15360,14880,1,2
601,0.800000,20.018200,15360,14400,1,2
602,0.900000,20.057800,15360,14400,1,2
603,0.800000,20.041500,15360,14400,1,2
604,0.900000,20.019400,15360,14400,1,2
605,1.000000,20.030400,15360,14400,1,2
606,0.700000,20.025300,15360,14400,1,2
607,0.600000,20.019500,15360,14400,1,2
608,0.700000,20.016100,15360,14400,1,2
609,0.700000,20.018600,15360,14400,1,2
610,0.800000,20.030300,15360,14400,1,2
611,0.700000,20.021100,15360,14400,1,2
612,0.600000,20.020400,15360,14400,1,2
613,0.700000,20.018200,15360,14400,1,2
614,0.800000,20.036000,15360,14400,1,2
615,0.900000,20.022300,15360,14400,1,2
616,0.800000,20.065200,15360,14400,1,2
617,0.700000,20.060500,15360,14400,1,2
618,1.000000,20.025700,15360,14400,1,2
619,0.800000,20.029700,15360,14400,1,2
620,0.700000,20.022400,15360,14400,1,2
621,1.000000,20.017900,15360,14400,1,2
622,0.600000,20.014400,15360,14400,1,2
623,0.600000,20.040100,15360,14400,1,2
624,0.700000,20.052400,15360,14400,1,2
625,1.000000,20.087600,15360,14400,1,2
626,0.700000,19.173700,15360,14880,1,2
627,1.000000,20.040800,15360,14400,1,2
628,0.700000,20.018200,15360,14400,1,2
629,0.800000,20.032100,15360,14400,1,2
630,0.700000,20.058800,15360,14400,1,2
631,0.700000,20.130100,15360,14400,1,2
632,0.700000,20.016900,15360,14400,1,2
633,1.000000,20.033400,15360,14400,1,2
634,1.300000,20.066500,15360,14400,1,2
635,0.700000,20.025000,15360,14400,1,2
636,0.800000,20.122000,15360,14400,1,2
637,0.800000,20.017700,15360,14400,1,2
638,0.700000,20.028500,15360,14400,1,2
639,0.900000,20.025100,15360,14400,1,2
640,0.700000,20.021400,15360,14400,1,2
641,0.900000,20.178000,15360,14400,1,2
642,0.800000,19.054900,15360,14400,1,2
643,0.900000,20.031700,15360,14400,1,2
644,0.800000,20.023400,15360,14400,1,2
645,0.700000,20.043400,15360,14400,1,2
646,1.100000,20.051100,15360,14880,1,2
647,1.200000,20.077400,15360,14400,1,2
648,0.900000,20.024600,15360,14400,1,2
649,1.200000,20.390900,15360,14400,1,2
650,1.000000,20.036200,15360,14400,1,2
651,0.800000,20.042500,15360,14400,1,2
652,1.000000,20.042800,15360,14400,1,2
653,0.900000,20.043200,15360,14400,1,2
654,1.000000,20.077100,15360,14400,1,2
655,0.800000,20.021300,15360,14400,1,2
656,2.200000,20.057300,15360,14400,1,2
657,1.200000,19.042200,15360,14400,1,2
658,0.800000,20.030500,15360,14400,1,2
659,0.800000,20.022900,15360,14400,1,2
660,0.800000,20.029600,15360,14400,1,2
661,1.200000,20.031600,15360,14400,1,2
662,0.900000,20.032400,15360,14400,1,2
663,0.700000,20.020300,15360,14400,1,2
664,1.200000,20.021800,15360,14400,1,2
665,1.500000,20.093500,15360,14400,1,2
666,0.800000,20.088600,15360,14400,1,2
667,1.300000,20.039800,15360,14400,1,2
668,1.000000,20.029100,15360,14400,1,2
669,0.700000,20.019800,15360,14400,1,2
670,0.800000,20.021700,15360,14400,1,2
671,1.100000,20.018400,15360,14400,1,2
672,1.000000,20.140800,15360,14400,1,2
673,1.200000,20.068200,15360,14400,1,2
674,0.800000,20.021800,15360,14400,1,2
675,0.900000,20.028300,15360,14400,1,2
676,0.500000,20.035700,15360,14400,1,2
677,0.900000,20.062500,15360,14400,1,2
678,0.800000,20.016300,15360,14400,1,2
679,1.200000,20.050400,15360,14400,1,2
680,0.900000,20.042600,15360,14400,1,2
681,0.700000,19.019400,15360,14400,1,2
682,1.600000,20.035900,15360,14400,1,2
683,1.400000,20.039700,15360,14400,1,2
684,1.400000,20.036000,15360,14400,1,2
685,0.900000,20.033100,15360,14400,1,2
686,0.700000,20.023700,15360,14400,1,2
687,1.000000,20.040700,15360,14400,1,2
688,0.900000,20.023100,15360,14400,1,2
689,1.400000,20.031600,15360,14400,1,2
690,1.000000,20.032500,15360,14400,1,2
691,0.700000,20.023600,15360,14400,1,2
692,1.700000,20.040900,15360,14400,1,2
693,0.800000,20.036600,15360,14400,1,2
694,1.300000,20.028100,15360,14400,1,2
695,0.900000,20.030700,15360,14400,1,2
696,1.400000,20.028000,15360,14400,1,2
697,1.400000,20.022600,15360,14400,1,2
698,0.900000,20.036700,15360,14400,1,2
699,0.900000,20.071100,15360,14400,1,2
700,0.800000,20.021600,15360,14400,1,2
701,1.000000,20.051200,15360,14400,1,2
702,0.900000,20.035300,15360,14400,1,2
703,0.900000,20.032700,15360,14400,1,2
704,0.800000,20.068400,15360,14400,1,2
705,0.800000,20.023000,15360,14400,1,2
706,1.600000,20.083700,15360,14400,1,2
707,1.300000,20.025300,15360,14400,1,2
708,0.800000,20.023700,15360,14400,1,2
709,0.800000,19.021100,15360,14400,1,2
710,0.900000,20.055900,15360,14400,1,2
711,0.900000,20.057800,15360,14400,1,2
712,1.100000,20.059500,15360,14400,1,2
713,0.900000,20.034800,15360,14400,1,2
714,0.600000,20.045600,15360,14400,1,2
715,0.900000,20.025600,15360,14400,1,2
716,0.800000,20.019600,15360,14400,1,2
717,0.800000,20.066300,15360,14880,1,2
718,3.500000,20.066500,15360,14400,1,2
719,0.600000,20.128200,15360,14400,1,2
720,0.800000,20.036000,15360,14400,1,2
721,0.600000,20.109100,15360,14400,1,2
722,0.900000,20.047500,15360,14400,1,2
723,0.900000,19.504900,15360,14400,1,2
724,1.300000,20.035000,15360,14400,1,2
725,0.700000,20.039300,15360,14400,1,2
726,0.700000,20.036200,15360,14400,1,2
727,0.600000,20.036500,15360,14400,1,2
728,0.600000,20.023800,15360,14400,1,2
729,0.800000,20.027800,15360,14400,1,2
730,1.000000,20.025500,15360,14400,1,2
731,0.700000,20.070800,15360,14400,1,2
732,0.600000,20.046900,15360,14400,1,2
733,0.700000,20.044600,15360,14400,1,2
734,0.700000,20.059600,15360,14400,1,2
735,0.600000,20.113000,15360,14400,1,2
736,0.600000,19.268600,15360,14400,1,2
737,0.900000,20.057700,15360,14400,1,2
738,0.500000,20.037700,15360,14400,1,2
739,1.200000,20.047600,15360,14400,1,2
740,0.700000,20.058300,15360,14400,1,2
741,0.600000,20.070800,15360,14400,1,2
742,0.900000,20.022600,15360,14400,1,2
743,0.800000,20.030300,15360,14400,1,2
744,0.700000,20.052100,15360,14400,1,2
745,0.700000,20.023400,15360,14400,1,2
746,0.600000,20.051700,15360,14400,1,2
747,0.900000,20.045000,15360,14400,1,2
748,0.700000,20.020500,15360,14400,1,2
749,0.600000,20.217000,15360,14400,1,2
750,0.600000,20.019200,15360,14400,1,2
751,0.800000,20.044200,15360,14400,1,2
752,1.300000,20.052500,15360,14880,1,2
753,0.600000,20.040500,15360,14400,1,2
754,0.600000,19.047100,15360,14400,1,2
755,0.800000,20.037800,15360,14880,1,2
756,0.800000,20.049700,15360,14400,1,2
757,0.600000,20.030900,15360,14400,1,2
758,0.800000,20.051300,15360,14880,1,2
759,0.900000,20.031800,15360,14400,1,2
760,0.600000,20.147000,15360,14400,1,2
761,0.700000,20.025100,15360,14400,1,2
762,0.600000,20.033500,15360,14400,1,2
763,0.700000,20.041100,15360,14400,1,2
764,0.700000,20.021000,15360,14400,1,2
765,1.000000,20.043000,15360,14400,1,2
766,0.400000,20.026400,15360,14400,1,2
767,0.700000,20.076600,15360,14400,1,2
768,0.900000,20.023000,15360,14880,1,2
769,1.200000,20.078400,15360,14400,1,2
770,0.800000,20.021700,15360,14400,1,2
771,0.700000,20.088100,15360,14400,1,2
772,0.700000,20.017300,15360,14400,1,2
773,0.400000,20.014100,15360,14400,1,2
774,0.900000,20.023800,15360,14400,1,2
775,0.400000,20.017600,15360,14400,1,2
776,0.700000,20.033700,15360,14400,1,2
777,0.700000,19.039200,15360,14400,1,2
778,0.700000,20.070200,15360,14400,1,2
779,0.600000,20.032900,15360,14400,1,2
780,0.700000,20.016600,15360,14400,1,2
781,0.700000,20.024400,15360,14400,1,2
782,0.700000,20.015800,15360,14400,1,2
783,0.500000,20.014800,15360,14400,1,2
784,0.600000,20.016400,15360,14400,1,2
785,0.700000,20.018400,15360,14400,1,2
786,0.600000,20.054600,15360,14400,1,2
787,0.500000,20.018900,15360,14400,1,2
788,0.800000,20.139500,15360,14400,1,2
789,0.600000,20.060300,15360,14400,1,2
790,0.800000,20.056600,15360,14400,1,2
791,0.800000,20.032800,15360,14400,1,2
792,0.700000,20.046200,15360,14400,1,2
793,0.700000,20.030400,15360,14400,1,2
794,0.900000,20.078600,15360,14400,1,2
795,1.000000,20.051000,15360,14400,1,2
796,1.000000,20.034000,15360,14400,1,2
797,0.500000,20.025900,15360,14400,1,2
798,0.900000,20.018900,15360,14400,1,2
799,0.600000,20.105000,15360,14400,1,2
800,9.200000,19.180800,15360,14400,1,2
801,0.800000,20.029400,15360,14400,1,2
802,0.700000,20.067100,15360,14400,1,2
803,0.800000,20.050400,15360,14400,1,2
804,0.800000,20.053600,15360,14400,1,2
805,0.800000,20.096700,15360,14400,1,2
806,1.000000,20.108300,15360,14880,1,2
807,1.100000,20.037900,15360,14400,1,2
808,0.800000,20.028500,15360,14400,1,2
809,1.400000,20.037800,15360,14880,1,2
810,1.000000,20.063400,15360,14400,1,2
811,1.000000,20.023900,15360,14400,1,2
812,0.900000,20.026500,15360,14400,1,2
813,0.900000,20.041600,15360,14400,1,2
814,0.800000,20.118200,15360,14400,1,2
815,0.600000,20.021500,15360,14400,1,2
816,1.100000,20.025300,15360,14400,1,2
817,1.000000,19.049600,15360,14400,1,2
818,0.800000,20.019600,15360,14400,1,2
819,0.700000,20.031000,15360,14400,1,2
820,0.800000,20.069100,15360,14400,1,2
821,0.700000,20.021300,15360,14400,1,2
822,0.900000,20.029300,15360,14400,1,2
823,1.100000,20.103300,15360,14880,1,2
824,1.000000,20.056000,15360,14400,1,2
825,1.000000,20.039200,15360,14400,1,2
826,0.700000,20.022500,15360,14400,1,2
827,1.100000,20.032200,15360,14400,1,2
828,1.100000,20.062200,15360,14400,1,2
829,0.700000,20.033500,15360,14400,1,2
830,0.600000,20.019700,15360,14400,1,2
831,0.700000,20.023100,15360,14400,1,2
832,1.200000,20.060000,15360,14400,1,2
833,0.800000,20.023400,15360,14400,1,2
834,0.800000,20.054900,15360,14400,1,2
835,0.900000,20.050000,15360,14400,1,2
836,0.800000,20.040500,15360,14400,1,2
837,0.900000,20.046400,15360,14400,1,2
838,0.800000,20.058900,15360,14400,1,2
839,1.000000,20.021500,15360,14400,1,2
840,0.600000,20.020100,15360,14400,1,2
841,1.200000,20.032700,15360,14400,1,2
842,0.800000,19.020400,15360,14400,1,2
843,1.100000,20.027700,15360,14400,1,2
844,0.900000,20.027400,15360,14400,1,2
845,0.700000,20.022700,15360,14400,1,2
846,1.100000,20.031300,15360,14400,1,2
847,1.200000,20.033000,15360,14400,1,2
848,1.200000,20.034900,15360,14400,1,2
849,1.300000,20.302700,15360,14400,1,2
850,0.800000,20.029000,15360,14400,1,2
851,0.700000,20.279800,15360,14400,1,2
852,0.800000,20.018300,15360,14400,1,2
853,0.900000,20.030300,15360,14400,1,2
854,0.900000,19.208600,15360,14400,1,2
855,1.100000,20.038500,15360,14400,1,2
856,0.800000,20.041800,15360,14400,1,2
857,0.700000,20.049700,15360,14400,1,2
858,0.700000,20.112200,15360,14400,1,2
859,0.900000,20.103400,15360,14400,1,2
860,0.800000,20.026200,15360,14400,1,2
861,0.700000,20.017100,15360,14400,1,2
862,0.900000,20.018800,15360,14400,1,2
863,0.800000,20.022600,15360,14400,1,2
864,0.800000,20.018400,15360,14400,1,2
865,1.000000,20.034400,15360,14400,1,2
866,0.700000,20.067300,15360,14400,1,2
867,1.100000,20.031900,15360,14400,1,2
868,1.000000,20.035100,15360,14400,1,2
869,1.000000,20.030700,15360,14400,1,2
870,1.200000,20.029400,15360,14400,1,2
871,1.200000,20.046600,15360,14400,1,2
872,0.900000,20.020900,15360,14400,1,2
873,0.800000,20.014500,15360,14400,1,2
874,0.900000,20.035600,15360,14400,1,2
875,0.700000,20.014500,15360,14400,1,2
876,0.900000,20.124100,15360,14400,1,2
877,0.800000,19.020000,15360,14400,1,2
878,0.800000,20.017900,15360,14400,1,2
879,0.800000,20.020500,15360,14400,1,2
880,0.900000,20.068500,15360,14400,1,2
881,0.800000,20.016800,15360,14400,1,2
882,0.800000,20.060400,15360,14400,1,2
883,0.600000,20.020400,15360,14400,1,2
884,0.900000,20.019800,15360,14400,1,2
885,0.700000,20.019100,15360,14400,1,2
886,0.800000,20.019900,15360,14400,1,2
887,0.700000,20.058100,15360,14400,1,2
888,1.000000,20.033200,15360,14400,1,2
889,1.300000,20.049400,15360,14400,1,2
890,0.900000,20.043900,15360,14400,1,2
891,1.300000,20.033600,15360,14400,1,2
892,1.200000,20.032800,15360,14400,1,2
893,1.000000,20.030600,15360,14400,1,2
894,1.300000,20.036000,15360,14400,1,2
895,0.900000,20.062400,15360,14400,1,2
896,0.800000,20.041600,15360,14400,1,2
897,1.100000,20.069400,15360,14400,1,2
898,0.800000,20.019200,15360,14400,1,2
899,0.900000,20.024400,15360,14400,1,2
900,0.900000,20.032700,15360,14400,1,2
901,1.000000,20.053100,15360,14400,1,2
902,1.300000,20.028300,15360,14400,1,2
903,1.000000,20.030200,15360,14400,1,2
904,1.000000,19.042500,15360,14400,1,2
905,1.200000,20.049500,15360,14400,1,2
906,0.900000,20.025500,15360,14400,1,2
907,0.900000,20.064400,15360,14400,1,2
908,1.000000,20.154600,15360,14400,1,2
909,0.800000,20.090300,15360,14400,1,2
910,0.800000,20.034100,15360,14400,1,2
911,0.800000,20.040500,15360,14400,1,2
912,0.800000,20.019300,15360,14400,1,2
913,0.900000,20.019700,15360,14400,1,2
914,0.900000,20.026700,15360,14400,1,2
915,0.800000,20.111200,15360,14400,1,2
916,1.100000,20.087700,15360,14400,1,2
917,0.800000,20.019800,15360,14400,1,2
918,0.800000,20.028300,15360,14400,1,2
919,1.100000,20.025300,15360,14400,1,2
920,1.100000,20.024500,15360,14400,1,2
921,0.900000,20.080100,15360,14400,1,2
922,0.800000,19.113200,15360,14400,1,2
923,0.600000,20.021700,15360,14400,1,2
924,0.700000,20.017700,15360,14400,1,2
925,0.800000,20.016300,15360,14400,1,2
926,0.400000,20.019500,15360,14400,1,2
927,0.800000,20.015700,15360,14400,1,2
928,0.400000,20.019700,15360,14400,1,2
929,0.800000,20.054900,15360,14400,1,2
930,1.000000,20.027800,15360,14400,1,2
931,1.000000,20.052200,15360,14400,1,2
932,1.000000,20.049600,15360,14400,1,2
933,0.800000,20.028300,15360,14400,1,2
934,1.000000,20.039000,15360,14400,1,2
935,1.000000,20.121300,15360,14400,1,2
936,1.000000,20.032700,15360,14400,1,2
937,0.900000,20.134300,15360,14400,1,2
938,0.900000,20.128100,15360,14400,1,2
939,0.800000,20.020200,15360,14400,1,2
940,0.800000,20.017600,15360,14400,1,2
941,1.000000,20.175400,15360,14400,1,2
942,1.100000,19.055200,15360,14400,1,2
943,0.900000,20.031300,15360,14400,1,2
944,1.300000,20.043800,15360,14400,1,2
945,1.100000,20.028400,15360,14400,1,2
946,1.300000,20.024100,15360,14400,1,2
947,1.600000,20.033700,15360,14400,1,2
948,0.900000,20.117300,15360,14400,1,2
949,0.800000,20.092100,15360,14400,1,2
950,1.100000,20.028400,15360,14400,1,2
951,1.000000,20.038700,15360,14400,1,2
952,0.700000,20.057200,15360,14400,1,2
953,0.900000,20.031000,15360,14400,1,2
954,1.100000,20.146900,15360,14400,1,2
955,1.000000,20.085000,15360,14400,1,2
956,0.900000,20.062600,15360,14400,1,2
957,0.900000,20.095200,15360,14400,1,2
958,0.800000,19.177900,15360,14400,1,2
959,1.100000,20.027500,15360,14400,1,2
960,1.300000,20.062300,15360,14400,1,2
961,1.000000,20.027600,15360,14400,1,2
962,0.800000,20.081800,15360,14400,1,2
963,0.900000,20.029200,15360,14400,1,2
964,1.000000,20.062500,15360,14400,1,2
965,1.100000,20.046400,15360,14400,1,2
966,0.800000,20.021000,15360,14400,1,2
967,0.900000,20.121600,15360,14400,1,2
968,0.800000,20.029400,15360,14400,1,2
969,0.800000,20.022000,15360,14400,1,2
970,0.700000,20.025700,15360,14400,1,2
971,0.800000,20.020700,15360,14400,1,2
972,0.900000,20.052100,15360,14400,1,2
973,1.300000,20.022600,15360,14400,1,2
974,1.000000,20.018200,15360,14400,1,2
975,0.700000,20.023400,15360,14400,1,2
976,0.600000,20.016600,15360,14400,1,2
977,0.700000,20.023300,15360,14400,1,2
978,0.900000,20.021900,15360,14400,1,2
979,0.800000,20.018200,15360,14400,1,2
980,0.600000,20.017900,15360,14400,1,2
981,1.100000,20.054500,15360,14400,1,2
982,0.800000,19.071800,15360,14400,1,2
983,0.700000,20.019100,15360,14400,1,2
984,1.000000,20.038700,15360,14400,1,2
985,0.900000,20.331000,15360,14400,1,2
986,0.700000,20.065100,15360,14400,1,2
987,1.000000,20.027100,15360,14400,1,2
988,1.000000,20.273600,15360,14400,1,2
989,1.100000,20.085200,15360,14880,1,2
990,1.200000,19.223200,15360,14400,1,2
991,0.900000,20.044600,15360,14400,1,2
992,1.200000,20.032300,15360,14400,1,2
993,0.700000,20.026100,15360,14400,1,2
994,0.800000,20.061400,15360,14400,1,2
995,0.900000,20.055400,15360,14400,1,2
996,0.800000,20.040500,15360,14400,1,2
997,0.800000,20.072500,15360,14400,1,2
998,0.900000,20.047600,15360,14400,1,2
999,1.000000,20.037600,15360,14400,1,2
1000,0.800000,20.022600,15360,14400,1,2
1001,1.200000,20.046300,15360,14400,1,2
1002,0.900000,20.095800,15360,14400,1,2
1003,1.100000,20.031000,15360,14400,1,2
1004,0.900000,20.079800,15360,14400,1,2
1005,0.800000,20.072700,15360,14880,1,2
1006,0.800000,20.052300,15360,14400,1,2
1007,1.100000,19.132100,15360,14400,1,2
1008,0.800000,20.021900,15360,14400,1,2
1009,0.700000,20.118100,15360,14400,1,2
1010,1.300000,20.061000,15360,14400,1,2
1011,0.600000,20.020000,15360,14400,1,2
1012,0.600000,20.049700,15360,14400,1,2
1013,1.100000,20.024500,15360,14400,1,2
1014,0.700000,20.019400,15360,14400,1,2
1015,0.900000,20.118300,15360,14400,1,2
1016,0.900000,20.025300,15360,14400,1,2
1017,1.300000,20.090600,15360,14400,1,2
1018,0.800000,20.020100,15360,14400,1,2
1019,0.800000,20.115300,15360,14400,1,2
1020,0.700000,20.018400,15360,14400,1,2
1021,0.800000,20.021800,15360,14400,1,2
1022,0.600000,20.015100,15360,14400,1,2
1023,0.700000,20.013200,15360,14400,1,2
1024,0.800000,20.019300,15360,14400,1,2
1025,0.700000,20.018800,15360,14400,1,2
1026,0.800000,19.336500,15360,14400,1,2
1027,0.900000,20.027300,15360,14400,1,2
1028,1.200000,20.020200,15360,14400,1,2
1029,0.800000,20.089000,15360,14400,1,2
1030,0.700000,20.018600,15360,14400,1,2
1031,0.500000,20.017900,15360,14400,1,2
1032,0.900000,20.017800,15360,14400,1,2
1033,0.800000,20.024200,15360,14400,1,2
1034,0.700000,20.099900,15360,14400,1,2
1035,0.600000,20.272400,15360,14400,1,2
1036,0.700000,20.015900,15360,14400,1,2
1037,0.800000,20.100400,15360,14400,1,2
1038,0.700000,20.018000,15360,14400,1,2
1039,0.900000,20.017700,15360,14400,1,2
1040,0.400000,20.016100,15360,14400,1,2
1041,0.700000,19.081900,15360,14400,1,2
1042,0.700000,20.153700,15360,14400,1,2
1043,0.700000,20.026900,15360,14400,1,2
1044,0.700000,20.037900,15360,14400,1,2
1045,0.900000,20.032000,15360,14400,1,2
1046,1.000000,20.021000,15360,14400,1,2
1047,0.800000,20.155300,15360,14400,1,2
1048,0.700000,20.021400,15360,14400,1,2
1049,0.800000,20.057500,15360,14400,1,2
1050,0.900000,20.049600,15360,14400,1,2
1051,1.100000,20.095800,15360,14400,1,2
1052,0.900000,20.067800,15360,14400,1,2
1053,1.000000,20.057300,15360,14400,1,2
1054,0.900000,20.030500,15360,14400,1,2
1055,1.100000,20.030800,15360,14400,1,2
1056,1.000000,20.051200,15360,14400,1,2
1057,0.700000,20.021600,15360,14400,1,2
1058,0.600000,19.065000,15360,14400,1,2
1059,0.700000,20.018300,15360,14400,1,2
1060,1.000000,20.038700,15360,14400,1,2
1061,1.000000,20.026000,15360,14400,1,2
1062,1.100000,20.018800,15360,14400,1,2
1063,0.900000,20.034500,15360,14400,1,2
1064,0.800000,20.030600,15360,14400,1,2
1065,0.800000,20.025100,15360,14400,1,2
1066,1.100000,20.030100,15360,14400,1,2
1067,0.700000,20.037400,15360,14400,1,2
1068,0.700000,20.034200,15360,14400,1,2
1069,0.700000,20.026300,15360,14400,1,2
1070,1.000000,20.052000,15360,14400,1,2
1071,0.900000,20.019700,15360,14400,1,2
1072,0.900000,20.026300,15360,14400,1,2
1073,1.000000,20.033400,15360,14400,1,2
1074,1.000000,20.029100,15360,14400,1,2
1075,1.100000,20.156100,15360,14880,1,2
1076,0.900000,19.782300,15360,14400,1,2
1077,1.100000,20.035100,15360,14400,1,2
1078,0.900000,20.032000,15360,14400,1,2
1079,1.300000,20.068000,15360,14400,1,2
1080,1.200000,20.034500,15360,14400,1,2
1081,1.200000,20.093300,15360,14400,1,2
1082,0.900000,20.031800,15360,14400,1,2
1083,1.400000,20.032000,15360,14400,1,2
1084,1.000000,20.026600,15360,14400,1,2
1085,0.700000,20.030300,15360,14400,1,2
1086,0.700000,20.098000,15360,14400,1,2
1087,0.700000,20.032600,15360,14400,1,2
1088,0.800000,20.017700,15360,14400,1,2
1089,1.000000,19.068300,15360,14400,1,2
1090,0.900000,20.074400,15360,14400,1,2
1091,0.700000,20.085900,15360,14400,1,2
1092,0.800000,20.099300,15360,14400,1,2
1093,0.900000,20.022600,15360,14400,1,2
1094,0.900000,20.275900,15360,14400,1,2
1095,1.000000,20.026600,15360,14400,1,2
1096,0.800000,20.023400,15360,14400,1,2
1097,1.000000,20.024900,15360,14400,1,2
1098,0.900000,20.026400,15360,14400,1,2
1099,1.100000,20.169800,15360,14400,1,2
1100,0.800000,20.020800,15360,14400,1,2
1101,0.700000,20.020900,15360,14400,1,2
1102,0.700000,20.032100,15360,14400,1,2
1103,1.000000,20.025300,15360,14400,1,2
1104,0.700000,19.018400,15360,14400,1,2
1105,0.700000,20.076200,15360,14400,1,2
1106,0.900000,20.106900,15360,14400,1,2
1107,1.000000,20.118400,15360,14400,1,2
1108,0.800000,20.049200,15360,14400,1,2
1109,0.700000,20.017500,15360,14400,1,2
1110,0.900000,20.140200,15360,14400,1,2
1111,0.900000,20.060800,15360,14400,1,2
1112,1.000000,20.032100,15360,14400,1,2
1113,0.600000,20.300500,15360,14400,1,2
1114,1.000000,20.050000,15360,14400,1,2
1115,0.900000,19.105600,15360,14400,1,2
1116,0.800000,20.019800,15360,14400,1,2
1117,0.700000,20.046400,15360,14400,1,2
1118,0.800000,20.025500,15360,14400,1,2
1119,0.800000,20.039400,15360,14400,1,2
1120,1.000000,20.202600,15360,14400,1,2
1121,1.100000,20.072900,15360,14400,1,2
1122,1.100000,20.027200,15360,14400,1,2
1123,1.000000,20.064600,15360,14400,1,2
1124,0.900000,20.035400,15360,14400,1,2
1125,1.000000,20.029700,15360,14400,1,2
1126,0.600000,20.230900,15360,14400,1,2
1127,1.200000,20.019500,15360,14400,1,2
1128,0.700000,20.028000,15360,14400,1,2
1129,1.200000,20.097000,15360,14400,1,2
1130,0.800000,19.116500,15360,14400,1,2
1131,0.800000,20.076000,15360,14400,1,2
1132,1.100000,20.030900,15360,14400,1,2
1133,0.700000,20.068100,15360,14400,1,2
1134,0.700000,20.029300,15360,14400,1,2
1135,0.800000,20.020300,15360,14400,1,2
1136,0.800000,20.034300,15360,14400,1,2
1137,1.000000,20.029000,15360,14400,1,2
1138,0.800000,20.038100,15360,14400,1,2
1139,1.000000,20.034700,15360,14400,1,2
1140,0.900000,20.026900,15360,14400,1,2
1141,0.900000,20.021600,15360,14400,1,2
1142,1.200000,20.116800,15360,14880,1,2
1143,0.900000,20.037800,15360,14400,1,2
1144,0.700000,20.035000,15360,14400,1,2
1145,0.900000,20.083700,15360,14400,1,2
1146,0.700000,20.019700,15360,14400,1,2
1147,0.700000,20.077400,15360,14400,1,2
1148,0.800000,20.020200,15360,14400,1,2
1149,0.900000,20.030700,15360,14400,1,2
1150,0.700000,20.017800,15360,14400,1,2
1151,1.000000,19.145200,15360,14400,1,2
1152,1.100000,20.055900,15360,14400,1,2
1153,1.100000,20.024400,15360,14400,1,2
1154,0.800000,20.022500,15360,14400,1,2
1155,0.700000,20.048100,15360,14400,1,2
1156,0.800000,20.021500,15360,14400,1,2
1157,0.900000,20.024700,15360,14880,1,2
1158,0.900000,20.022900,15360,14400,1,2
1159,0.800000,20.017300,15360,14400,1,2
1160,0.700000,20.017300,15360,14400,1,2
1161,0.800000,20.019100,15360,14400,1,2
1162,1.000000,20.025800,15360,14400,1,2
1163,0.900000,20.019100,15360,14400,1,2
1164,0.700000,20.019100,15360,14400,1,2
1165,0.900000,20.028700,15360,14400,1,2
1166,0.800000,20.031400,15360,14880,1,2
1167,0.700000,20.085100,15360,14400,1,2
1168,1.100000,20.019000,15360,14400,1,2
1169,0.900000,20.173800,15360,14400,1,2
1170,0.800000,20.055400,15360,14400,1,2
1171,1.100000,20.023300,15360,14400,1,2
1172,1.300000,20.031300,15360,14400,1,2
1173,1.100000,20.027800,15360,14400,1,2
1174,0.800000,20.020400,15360,14400,1,2
1175,0.900000,20.030300,15360,14400,1,2
1176,0.700000,20.020900,15360,14400,1,2
1177,1.100000,19.033600,15360,14400,1,2
1178,1.000000,20.020800,15360,14400,1,2
1179,1.200000,20.041500,15360,14400,1,2
1180,0.900000,20.128400,15360,14400,1,2
1181,1.000000,20.030900,15360,14400,1,2
1182,0.800000,20.042900,15360,14400,1,2
1183,0.600000,20.025500,15360,14400,1,2
1184,0.800000,20.078400,15360,14400,1,2
1185,0.600000,20.017200,15360,14400,1,2
1186,0.900000,20.031600,15360,14400,1,2
1187,0.800000,20.027600,15360,14400,1,2
1188,0.700000,20.029600,15360,14400,1,2
1189,1.100000,20.026300,15360,14400,1,2
1190,0.900000,20.180500,15360,14400,1,2
1191,0.700000,19.385700,15360,14400,1,2
1192,1.700000,20.049300,15360,14880,1,2
1193,1.000000,20.056800,15360,14400,1,2
1194,0.900000,20.052300,15360,14400,1,2
1195,1.200000,20.027600,15360,14400,1,2
1196,1.100000,20.021500,15360,14400,1,2
1197,0.800000,20.037000,15360,14400,1,2
1198,0.900000,20.023500,15360,14400,1,2
1199,0.900000,20.028900,15360,14400,1,2
1200,0.700000,20.130600,15360,14400,1,2
1201,1.100000,20.033300,15360,14400,1,2
1202,0.600000,20.020900,15360,14400,1,2
1203,1.000000,20.151000,15360,14400,1,2
1204,0.800000,20.024500,15360,14400,1,2
1205,0.700000,20.019900,15360,14400,1,2
1206,0.900000,20.019800,15360,14400,1,2
1207,1.100000,20.146000,15360,14400,1,2
1208,1.200000,20.029200,15360,14400,1,2
1209,1.100000,20.031700,15360,14400,1,2
1210,0.900000,19.021500,15360,14400,1,2
1211,1.000000,20.035400,15360,14400,1,2
1212,0.900000,20.031000,15360,14400,1,2
1213,0.800000,20.022800,15360,14400,1,2
1214,1.000000,20.027200,15360,14400,1,2
1215,0.800000,20.063400,15360,14400,1,2
1216,1.200000,20.030300,15360,14400,1,2
1217,1.000000,20.026900,15360,14400,1,2
1218,1.100000,20.028500,15360,14400,1,2
1219,0.800000,20.237300,15360,14400,1,2
1220,1.100000,20.042900,15360,14400,1,2
1221,1.200000,20.029300,15360,14400,1,2
1222,0.700000,20.021500,15360,14400,1,2
1223,0.700000,20.071800,15360,14400,1,2
1224,1.100000,20.109400,15360,14400,1,2
1225,1.000000,20.028400,15360,14400,1,2
1226,0.700000,20.044700,15360,14400,1,2
1227,0.700000,20.046100,15360,14400,1,2
1228,0.800000,20.021500,15360,14400,1,2
1229,0.800000,19.181400,15360,14400,1,2
1230,0.700000,20.034900,15360,14400,1,2
1231,1.000000,20.059200,15360,14400,1,2
1232,0.800000,20.122400,15360,14400,1,2
1233,0.900000,20.116300,15360,14400,1,2
1234,0.800000,20.060400,15360,14400,1,2
1235,0.800000,20.150600,15360,14400,1,2
1236,0.600000,20.018600,15360,14400,1,2
1237,0.700000,20.021700,15360,14400,1,2
1238,0.800000,20.244800,15360,14400,1,2
1239,0.900000,20.038700,15360,14400,1,2
1240,0.900000,19.028300,15360,14400,1,2
1241,0.900000,20.028600,15360,14400,1,2
1242,0.800000,20.020900,15360,14400,1,2
1243,0.700000,20.028000,15360,14400,1,2
1244,0.900000,20.233600,15360,14880,1,2
1245,0.900000,20.072000,15360,14880,1,2
1246,0.900000,20.030900,15360,14400,1,2
1247,1.200000,20.027100,15360,14400,1,2
1248,0.800000,20.252300,15360,14400,1,2
1249,1.000000,20.056800,15360,14400,1,2
1250,0.800000,20.044600,15360,14400,1,2
1251,0.800000,20.056400,15360,14400,1,2
1252,1.800000,20.041700,15360,14400,1,2
1253,0.800000,19.202600,15360,14400,1,2
1254,0.900000,20.059600,15360,14400,1,2
1255,0.800000,20.024200,15360,14400,1,2
1256,0.800000,20.026200,15360,14400,1,2
1257,1.300000,20.040400,15360,14880,1,2
1258,0.700000,20.032700,15360,14400,1,2
1259,0.700000,20.037900,15360,14400,1,2
1260,0.800000,20.021300,15360,14400,1,2
1261,0.700000,20.059500,15360,14400,1,2
1262,1.000000,20.038800,15360,14400,1,2
1263,0.700000,20.319200,15360,14400,1,2
1264,0.800000,20.019900,15360,14400,1,2
1265,0.800000,20.049600,15360,14400,1,2
1266,0.700000,20.036400,15360,14400,1,2
1267,0.900000,20.020700,15360,14400,1,2
1268,0.900000,20.090800,15360,14400,1,2
1269,0.900000,19.133500,15360,14400,1,2
1270,0.800000,20.017900,15360,14400,1,2
1271,0.900000,20.106600,15360,14400,1,2
1272,0.900000,20.091100,15360,14400,1,2
1273,0.900000,20.026000,15360,14400,1,2
1274,0.700000,20.034100,15360,14400,1,2
1275,0.800000,20.027600,15360,14400,1,2
1276,0.700000,20.020100,15360,14400,1,2
1277,0.900000,20.020300,15360,14400,1,2
1278,1.100000,20.029100,15360,14400,1,2
1279,0.700000,20.188800,15360,14400,1,2
1280,0.900000,20.036800,15360,14400,1,2
1281,0.700000,20.019500,15360,14400,1,2
1282,1.000000,20.055700,15360,14400,1,2
1283,1.100000,20.100300,15360,14400,1,2
1284,0.800000,20.096300,15360,14400,1,2
1285,0.600000,19.160600,15360,14400,1,2
1286,0.800000,20.021300,15360,14400,1,2
1287,1.100000,20.166000,15360,14400,1,2
1288,0.800000,20.025900,15360,14400,1,2
1289,1.100000,20.039300,15360,14400,1,2
1290,0.800000,20.019200,15360,14400,1,2
1291,0.800000,20.042200,15360,14400,1,2
1292,0.500000,20.042700,15360,14400,1,2
1293,0.400000,20.034800,15360,14400,1,2
1294,0.900000,20.032500,15360,14400,1,2
1295,0.900000,20.053800,15360,14400,1,2
1296,0.900000,20.113300,15360,14400,1,2
1297,0.900000,20.113300,15360,14400,1,2
1298,1.000000,20.035000,15360,14400,1,2
1299,1.100000,20.025700,15360,14880,1,2
1300,0.800000,20.054500,15360,14400,1,2
1301,1.100000,20.024500,15360,14400,1,2
1302,0.600000,19.020400,15360,14400,1,2
1303,0.800000,20.104700,15360,14400,1,2
1304,0.700000,20.164600,15360,14400,1,2
1305,0.800000,20.022300,15360,14400,1,2
1306,0.800000,20.020700,15360,14400,1,2
1307,0.800000,20.020700,15360,14400,1,2
1308,1.000000,20.025800,15360,14400,1,2
1309,0.900000,20.035200,15360,14400,1,2
1310,0.900000,20.026500,15360,14400,1,2
1311,0.700000,20.123800,15360,14400,1,2
1312,1.000000,20.030900,15360,14400,1,2
1313,0.700000,20.029800,15360,14400,1,2
1314,1.000000,20.075700,15360,14400,1,2
1315,0.500000,20.101000,15360,14400,1,2
1316,0.900000,20.054300,15360,14400,1,2
1317,0.700000,20.018900,15360,14400,1,2
1318,0.700000,20.017300,15360,14400,1,2
1319,1.300000,20.055200,15360,14400,1,2
1320,0.900000,19.067200,15360,14400,1,2
1321,1.000000,20.165700,15360,14880,1,2
1322,0.900000,20.018100,15360,14400,1,2
1323,0.800000,20.023400,15360,14400,1,2
1324,0.700000,20.038500,15360,14400,1,2
1325,0.900000,20.027300,15360,14400,1,2
1326,0.600000,20.024900,15360,14400,1,2
1327,0.600000,20.017200,15360,14400,1,2
1328,0.900000,20.044300,15360,14400,1,2
1329,0.700000,20.017900,15360,14400,1,2
1330,0.700000,20.015000,15360,14400,1,2
1331,0.700000,20.018000,15360,14400,1,2
1332,1.200000,20.069100,15360,14400,1,2
1333,0.800000,20.036700,15360,14400,1,2
1334,1.000000,20.026500,15360,14400,1,2
1335,0.800000,20.062300,15360,14400,1,2
1336,1.000000,20.042400,15360,14400,1,2
1337,0.800000,20.023900,15360,14400,1,2
1338,0.900000,20.027300,15360,14400,1,2
1339,0.500000,20.017100,15360,14400,1,2
1340,1.000000,20.030600,15360,14400,1,2
1341,1.000000,20.051100,15360,14400,1,2
1342,0.800000,20.025800,15360,14400,1,2
1343,1.000000,20.038600,15360,14400,1,2
1344,0.800000,20.028200,15360,14400,1,2
1345,0.700000,20.033100,15360,14400,1,2
1346,0.900000,20.037500,15360,14400,1,2
1347,0.900000,20.024100,15360,14400,1,2
1348,0.600000,19.014500,15360,14400,1,2
1349,0.800000,20.029800,15360,14880,1,2
1350,0.700000,20.070800,15360,14400,1,2
1351,0.600000,20.019600,15360,14400,1,2
1352,0.900000,20.019500,15360,14400,1,2
1353,0.700000,20.047600,15360,14400,1,2
1354,0.800000,20.020200,15360,14400,1,2
1355,1.100000,20.020300,15360,14400,1,2
1356,0.700000,20.018700,15360,14400,1,2
1357,0.700000,20.128400,15360,14400,1,2
1358,0.800000,20.018600,15360,14400,1,2
1359,0.800000,20.068400,15360,14400,1,2
1360,0.800000,20.017100,15360,14400,1,2
1361,0.900000,20.026700,15360,14400,1,2
1362,0.700000,20.016700,15360,14400,1,2
1363,1.100000,20.015600,15360,14400,1,2
1364,1.100000,20.042200,15360,14880,1,2
1365,0.800000,20.020900,15360,14400,1,2
1366,0.700000,20.018400,15360,14400,1,2
1367,0.800000,20.032400,15360,14880,1,2
1368,1.000000,20.051100,15360,14400,1,2
1369,0.800000,20.030100,15360,14400,1,2
1370,0.700000,20.023500,15360,14400,1,2
1371,0.800000,20.018100,15360,14400,1,2
1372,0.800000,20.043900,15360,14400,1,2
1373,0.700000,20.170100,15360,14400,1,2
1374,0.700000,19.207800,15360,14400,1,2
1375,0.800000,20.018300,15360,14400,1,2
1376,1.300000,20.165400,15360,14400,1,2
1377,1.100000,20.036700,15360,14400,1,2
1378,1.100000,20.026000,15360,14400,1,2
1379,0.900000,20.027600,15360,14400,1,2
1380,1.000000,20.029600,15360,14400,1,2
1381,0.700000,20.019500,15360,14400,1,2
1382,1.000000,20.036600,15360,14400,1,2
1383,0.900000,20.028900,15360,14400,1,2
1384,0.800000,20.087100,15360,14400,1,2
1385,0.800000,20.022000,15360,14400,1,2
1386,1.000000,20.022600,15360,14400,1,2
1387,0.900000,20.029700,15360,14400,1,2
1388,0.600000,20.019200,15360,14400,1,2
1389,0.700000,20.032700,15360,14400,1,2
1390,0.700000,20.022700,15360,14400,1,2
1391,0.900000,20.019600,15360,14400,1,2
1392,0.500000,19.159800,15360,14400,1,2
1393,0.700000,20.020100,15360,14400,1,2
1394,0.900000,20.024600,15360,14400,1,2
1395,0.500000,20.019400,15360,14400,1,2
1396,0.800000,20.099300,15360,14880,1,2
1397,0.700000,20.021600,15360,14400,1,2
1398,0.700000,20.015900,15360,14400,1,2
1399,1.000000,20.021900,15360,14400,1,2
1400,0.700000,20.184900,15360,14400,1,2
1401,0.800000,20.018400,15360,14400,1,2
1402,0.700000,20.022500,15360,14400,1,2
1403,1.000000,20.024100,15360,14400,1,2
1404,0.800000,20.065500,15360,14400,1,2
1405,0.900000,20.204300,15360,14400,1,2
1406,1.000000,20.020500,15360,14400,1,2
1407,1.100000,20.118800,15360,14400,1,2
1408,1.500000,20.046800,15360,14400,1,2
1409,1.300000,20.037600,15360,14880,1,2
1410,0.800000,19.085800,15360,14400,1,2
1411,1.000000,20.021500,15360,14400,1,2
1412,1.300000,20.032300,15360,14400,1,2
1413,1.100000,20.030300,15360,14400,1,2
1414,0.800000,20.031000,15360,14400,1,2
1415,0.900000,20.032000,15360,14400,1,2
1416,0.800000,20.020100,15360,14400,1,2
1417,0.800000,20.020900,15360,14400,1,2
1418,1.100000,20.032800,15360,14400,1,2
1419,1.000000,20.059900,15360,14400,1,2
1420,0.700000,20.034900,15360,14400,1,2
1421,0.700000,20.039000,15360,14400,1,2
1422,1.200000,20.033700,15360,14400,1,2
1423,1.000000,20.028200,15360,14400,1,2
1424,1.000000,20.023900,15360,14400,1,2
1425,0.900000,20.028700,15360,14400,1,2
1426,0.800000,20.150300,15360,14400,1,2
1427,0.800000,20.029000,15360,14400,1,2
1428,0.800000,20.023600,15360,14400,1,2
1429,0.800000,20.182000,15360,14400,1,2
1430,0.800000,20.020700,15360,14400,1,2
1431,0.600000,20.030500,15360,14400,1,2
1432,0.800000,20.017100,15360,14400,1,2
1433,1.100000,19.050100,15360,14400,1,2
1434,0.900000,20.045400,15360,14400,1,2
1435,0.800000,20.020900,15360,14400,1,2
1436,0.700000,20.880600,15360,14400,1,2
1437,1.000000,19.025900,15360,14400,1,2
1438,0.700000,20.023000,15360,14400,1,2
1439,1.000000,20.022300,15360,14400,1,2
1440,0.900000,20.030300,15360,14400,1,2
1441,0.700000,20.015800,15360,14400,1,2
1442,0.900000,20.028600,15360,14400,1,2
1443,0.700000,20.030400,15360,14400,1,2
1444,1.100000,20.036100,15360,14400,1,2
1445,1.000000,20.029200,15360,14400,1,2
1446,0.800000,20.018500,15360,14400,1,2
1447,0.700000,20.028200,15360,14400,1,2
1448,0.900000,20.036600,15360,14400,1,2
1449,1.000000,20.043200,15360,14400,1,2
1450,0.800000,20.111000,15360,14400,1,2
1451,0.700000,20.019700,15360,14400,1,2
1452,0.900000,20.036600,15360,14400,1,2
1453,1.000000,20.043100,15360,14400,1,2
1454,0.900000,20.031900,15360,14400,1,2
1455,0.800000,20.017700,15360,14400,1,2
1456,0.900000,20.024300,15360,14400,1,2
1457,0.800000,20.225800,15360,14400,1,2
1458,0.800000,20.037300,15360,14400,1,2
1459,0.800000,20.018600,15360,14400,1,2
1460,0.800000,20.037700,15360,14400,1,2
1461,0.900000,19.129100,15360,14400,1,2
1462,0.700000,20.017700,15360,14400,1,2
1463,0.900000,20.163300,15360,14400,1,2
1464,0.800000,20.026700,15360,14400,1,2
1465,0.900000,20.025900,15360,14400,1,2
1466,0.900000,20.024900,15360,14400,1,2
1467,0.600000,20.023800,15360,14400,1,2
1468,0.900000,20.098300,15360,14400,1,2
1469,1.200000,20.039500,15360,14400,1,2
1470,0.700000,20.026000,15360,14400,1,2
1471,1.100000,20.193300,15360,14400,1,2
1472,1.100000,20.108000,15360,14400,1,2
1473,0.800000,20.043500,15360,14400,1,2
1474,0.800000,20.018700,15360,14400,1,2
1475,0.700000,20.029700,15360,14400,1,2
1476,0.800000,19.128500,15360,14400,1,2
1477,0.800000,20.064900,15360,14400,1,2
1478,0.600000,20.026000,15360,14400,1,2
1479,0.700000,20.511200,15360,14400,1,2
1480,1.000000,20.064300,15360,14400,1,2
1481,1.000000,20.099600,15360,14400,1,2
1482,1.200000,19.217700,15360,14400,1,2
1483,0.700000,20.071800,15360,14400,1,2
1484,0.900000,20.046300,15360,14400,1,2
1485,0.700000,20.018600,15360,14400,1,2
1486,0.600000,20.017100,15360,14400,1,2
1487,1.000000,20.019400,15360,14400,1,2
1488,0.800000,20.025200,15360,14400,1,2
1489,0.800000,20.018000,15360,14400,1,2
1490,1.100000,20.063100,15360,14400,1,2
1491,0.700000,20.021600,15360,14400,1,2
1492,0.800000,20.020600,15360,14400,1,2
1493,0.800000,20.043600,15360,14400,1,2
1494,0.900000,20.025400,15360,14400,1,2
1495,0.800000,20.028400,15360,14400,1,2
1496,0.900000,20.024000,15360,14400,1,2
1497,0.700000,20.036500,15360,14400,1,2
1498,0.700000,20.063500,15360,14400,1,2
1499,0.700000,20.020400,15360,14400,1,2
1500,1.000000,20.071500,15360,14400,1,2
1501,0.900000,20.024100,15360,14400,1,2
1502,0.700000,20.016200,15360,14400,1,2
1503,0.900000,20.047900,15360,14400,1,2
1504,0.900000,20.020800,15360,14400,1,2
1505,0.600000,20.017300,15360,14400,1,2
1506,1.000000,20.027300,15360,14400,1,2
1507,1.000000,20.036300,15360,14400,1,2
1508,0.700000,20.018500,15360,14400,1,2
1509,1.000000,20.022700,15360,14400,1,2
1510,1.400000,19.165300,15360,14880,1,2
1511,0.700000,20.084800,15360,14400,1,2
1512,0.800000,20.018100,15360,14400,1,2
1513,1.300000,20.021400,15360,14400,1,2
1514,1.100000,20.075500,15360,14400,1,2
1515,0.800000,20.017100,15360,14400,1,2
1516,0.800000,20.020800,15360,14400,1,2
1517,0.500000,20.019900,15360,14400,1,2
1518,0.800000,20.016000,15360,14400,1,2
1519,0.700000,20.020300,15360,14400,1,2
1520,0.900000,20.023900,15360,14400,1,2
1521,0.600000,20.018100,15360,14400,1,2
1522,0.700000,20.034500,15360,14400,1,2
1523,0.700000,20.044500,15360,14400,1,2
1524,0.800000,20.040700,15360,14400,1,2
1525,1.000000,20.042200,15360,14400,1,2
1526,0.700000,20.042600,15360,14400,1,2
1527,0.700000,20.018000,15360,14400,1,2
1528,1.000000,20.176900,15360,14880,1,2
1529,0.700000,20.104800,15360,14400,1,2
1530,0.600000,20.018600,15360,14400,1,2
1531,0.700000,20.025900,15360,14400,1,2
1532,0.800000,19.105100,15360,14400,1,2
1533,0.900000,20.017200,15360,14400,1,2
1534,0.700000,20.020300,15360,14400,1,2
1535,0.800000,20.026800,15360,14880,1,2
1536,0.800000,20.054700,15360,14400,1,2
1537,1.100000,20.034800,15360,14400,1,2
1538,0.600000,20.076400,15360,14400,1,2
1539,1.100000,20.032600,15360,14400,1,2
1540,1.000000,20.033300,15360,14400,1,2
1541,0.800000,20.046500,15360,14400,1,2
1542,0.800000,20.026700,15360,14400,1,2
1543,0.700000,20.021400,15360,14400,1,2
1544,0.800000,20.056300,15360,14400,1,2
1545,0.500000,20.210000,15360,14400,1,2
1546,0.700000,20.043600,15360,14400,1,2
1547,0.800000,20.076600,15360,14400,1,2
1548,0.900000,20.095800,15360,14400,1,2
1549,0.900000,20.028600,15360,14400,1,2
1550,1.000000,19.114300,15360,14400,1,2
1551,1.100000,20.261000,15360,14400,1,2
1552,0.800000,20.021100,15360,14400,1,2
1553,0.700000,20.021300,15360,14400,1,2
1554,0.900000,20.025800,15360,14400,1,2
1555,1.200000,20.023400,15360,14400,1,2
1556,0.900000,20.025800,15360,14400,1,2
1557,0.900000,20.206600,15360,14400,1,2
1558,0.600000,20.020100,15360,14400,1,2
1559,0.800000,20.071500,15360,14400,1,2
1560,0.700000,20.020300,15360,14400,1,2
1561,0.900000,20.127500,15360,14400,1,2
1562,1.000000,20.028400,15360,14400,1,2
1563,0.800000,20.019900,15360,14400,1,2
1564,0.900000,19.093500,15360,14400,1,2
1565,0.900000,20.094600,15360,14400,1,2
1566,0.900000,20.275700,15360,14400,1,2
1567,0.700000,20.027800,15360,14400,1,2
1568,0.900000,20.029100,15360,14400,1,2
1569,0.900000,20.080800,15360,14400,1,2
1570,0.900000,20.090200,15360,14400,1,2
1571,0.900000,20.254300,15360,14400,1,2
1572,0.700000,19.213000,15360,14400,1,2
1573,0.900000,20.098800,15360,14400,1,2
1574,0.900000,20.027100,15360,14400,1,2
1575,0.500000,20.194800,15360,14400,1,2
1576,0.500000,20.016500,15360,14400,1,2
1577,0.800000,20.019300,15360,14400,1,2
1578,0.800000,20.017300,15360,14400,1,2
1579,1.000000,20.018400,15360,14400,1,2
1580,1.700000,20.060700,15360,14400,1,2
1581,1.100000,20.160200,15360,14400,1,2
1582,0.900000,20.160300,15360,14400,1,2
1583,1.000000,19.223400,15360,14880,1,2
1584,0.800000,20.163900,15360,14400,1,2
1585,0.900000,20.017100,15360,14400,1,2
1586,0.800000,20.018000,15360,14400,1,2
1587,0.700000,20.018000,15360,14400,1,2
1588,0.900000,20.102100,15360,14880,1,2
1589,0.900000,20.029200,15360,15360,1,2
1590,0.500000,20.037100,15360,14400,1,2
1591,0.900000,20.040100,15360,14400,1,2
1592,0.900000,20.058200,15360,14400,1,2
1593,0.700000,20.203300,15360,14400,1,2
1594,1.000000,20.027200,15360,14400,1,2
1595,0.600000,20.031400,15360,14400,1,2
1596,1.200000,20.050200,15360,14400,1,2
1597,0.600000,20.021100,15360,14400,1,2
1598,0.900000,20.031600,15360,14400,1,2
1599,0.900000,19.056000,15360,14400,1,2
1600,0.700000,20.018300,15360,14400,1,2
1601,0.700000,20.028800,15360,14400,1,2
1602,0.600000,20.024900,15360,14400,1,2
1603,0.700000,20.025700,15360,14400,1,2
1604,1.100000,20.042800,15360,14400,1,2
1605,0.900000,20.021100,15360,14400,1,2
1606,0.900000,20.024800,15360,14400,1,2
1607,0.700000,20.022400,15360,14400,1,2
1608,0.700000,20.016900,15360,14400,1,2
1609,0.700000,20.019100,15360,14400,1,2
1610,1.100000,20.080000,15360,14400,1,2
1611,0.800000,20.175400,15360,14400,1,2
1612,0.800000,20.056100,15360,14400,1,2
1613,0.700000,20.021400,15360,14400,1,2
1614,0.700000,20.363300,15360,14400,1,2
1615,0.600000,20.017200,15360,14400,1,2
1616,0.700000,20.021100,15360,14400,1,2
1617,1.000000,19.096400,15360,14400,1,2
1618,0.900000,20.029300,15360,14400,1,2
1619,1.100000,20.032600,15360,14400,1,2
1620,0.900000,20.049600,15360,14400,1,2
1621,0.800000,20.054100,15360,14400,1,2
1622,0.800000,20.018600,15360,14400,1,2
1623,0.700000,20.030000,15360,14400,1,2
1624,0.900000,20.017500,15360,14400,1,2
1625,0.900000,20.018700,15360,14400,1,2
1626,0.900000,20.097900,15360,14400,1,2
1627,0.900000,20.024300,15360,14400,1,2
1628,0.700000,20.020500,15360,14400,1,2
1629,1.100000,20.106500,15360,14400,1,2
1630,1.100000,20.039500,15360,14400,1,2
1631,0.900000,20.208300,15360,14400,1,2
1632,0.700000,19.231700,15360,14400,1,2
1633,1.000000,20.111200,15360,14400,1,2
1634,0.600000,20.136300,15360,14400,1,2
1635,0.900000,20.029200,15360,14400,1,2
1636,0.900000,20.155800,15360,14400,1,2
1637,0.900000,20.094700,15360,14400,1,2
1638,1.000000,20.043500,15360,14400,1,2
1639,0.600000,20.019400,15360,14400,1,2
1640,0.700000,20.017500,15360,14400,1,2
1641,0.700000,20.019000,15360,14400,1,2
1642,0.700000,20.019800,15360,14400,1,2
1643,0.900000,20.060700,15360,14400,1,2
1644,0.900000,20.019900,15360,14400,1,2
1645,0.900000,20.068800,15360,14400,1,2
1646,0.800000,20.047200,15360,14400,1,2
1647,0.800000,20.022400,15360,14400,1,2
1648,1.200000,20.027100,15360,14400,1,2
1649,0.900000,19.074100,15360,14400,1,2
1650,1.100000,20.050100,15360,14400,1,2
1651,0.800000,20.022400,15360,14400,1,2
1652,1.600000,20.077100,15360,14400,1,2
1653,0.700000,20.105400,15360,14400,1,2
1654,1.100000,20.038600,15360,14400,1,2
1655,1.000000,20.067900,15360,14400,1,2
1656,0.700000,20.018000,15360,14400,1,2
1657,0.600000,20.077000,15360,14400,1,2
1658,0.900000,20.068700,15360,14400,1,2
1659,0.700000,20.092400,15360,14400,1,2
1660,0.900000,20.032600,15360,14400,1,2
1661,1.000000,20.063900,15360,14400,1,2
1662,0.700000,20.037000,15360,14400,1,2
1663,0.900000,20.053600,15360,14880,1,2
1664,1.400000,20.050500,15360,14400,1,2
1665,0.700000,20.073900,15360,14400,1,2
1666,1.000000,20.046600,15360,14400,1,2
1667,0.700000,19.021200,15360,14400,1,2
1668,0.700000,20.107000,15360,14400,1,2
1669,0.900000,20.259800,15360,14400,1,2
1670,0.800000,20.038200,15360,14400,1,2
1671,0.800000,20.018200,15360,14400,1,2
1672,0.900000,20.022700,15360,14400,1,2
1673,1.100000,20.063700,15360,14400,1,2
1674,1.000000,20.032300,15360,14400,1,2
1675,1.000000,20.059500,15360,14880,1,2
1676,0.800000,20.040600,15360,14400,1,2
1677,0.700000,20.030700,15360,14400,1,2
1678,1.200000,20.035200,15360,14400,1,2
1679,1.200000,20.026600,15360,14400,1,2
1680,0.900000,20.080700,15360,14400,1,2
1681,1.000000,20.053300,15360,14880,1,2
1682,0.900000,20.067600,15360,14400,1,2
1683,0.900000,20.019900,15360,14400,1,2
1684,0.800000,19.047100,15360,14880,1,2
1685,0.800000,20.067200,15360,14400,1,2
1686,0.700000,20.030900,15360,14400,1,2
1687,1.300000,20.039200,15360,14880,1,2
1688,0.700000,20.105500,15360,14400,1,2
1689,1.200000,20.032700,15360,14400,1,2
1690,0.700000,20.039100,15360,14400,1,2
1691,0.700000,20.017700,15360,14400,1,2
1692,1.000000,20.067000,15360,14400,1,2
1693,1.100000,20.049600,15360,14400,1,2
1694,0.800000,20.025100,15360,14400,1,2
1695,0.800000,20.021000,15360,14400,1,2
1696,0.800000,20.018400,15360,14400,1,2
1697,0.500000,20.018100,15360,14400,1,2
1698,0.900000,20.029000,15360,14400,1,2
1699,0.800000,20.022200,15360,14400,1,2
1700,1.500000,20.104200,15360,14400,1,2
1701,1.200000,20.029000,15360,14400,1,2
1702,1.100000,20.028300,15360,14400,1,2
1703,1.000000,20.215100,15360,14400,1,2
1704,0.600000,19.026600,15360,14400,1,2
1705,1.000000,20.048300,15360,14400,1,2
1706,0.800000,20.039500,15360,14400,1,2
1707,0.800000,20.109900,15360,14400,1,2
1708,0.800000,20.018300,15360,14400,1,2
1709,0.900000,20.025800,15360,14400,1,2
1710,0.700000,20.197000,15360,14400,1,2
1711,0.600000,20.085700,15360,14400,1,2
1712,0.900000,20.029200,15360,14400,1,2
1713,0.800000,20.114300,15360,14400,1,2
1714,0.700000,20.024300,15360,14400,1,2
1715,0.900000,20.093700,15360,14400,1,2
1716,0.800000,20.042800,15360,14400,1,2
1717,0.700000,20.018700,15360,14400,1,2
1718,0.800000,19.142300,15360,14400,1,2
1719,0.600000,20.155400,15360,14400,1,2
1720,0.700000,20.023700,15360,14400,1,2
1721,0.900000,20.019400,15360,14400,1,2
1722,0.800000,20.019600,15360,14400,1,2
1723,1.100000,20.031300,15360,14400,1,2
1724,1.100000,20.028400,15360,14400,1,2
1725,0.700000,20.021500,15360,14400,1,2
1726,0.700000,20.017300,15360,14400,1,2
1727,0.800000,20.029100,15360,14400,1,2
1728,0.900000,20.025000,15360,14400,1,2
1729,0.800000,20.021000,15360,14400,1,2
1730,0.400000,20.013900,15360,14400,1,2
1731,0.700000,20.040400,15360,14400,1,2
1732,1.100000,20.022000,15360,14400,1,2
1733,0.700000,20.112200,15360,14400,1,2
1734,0.800000,20.019600,15360,14400,1,2
1735,1.100000,20.021100,15360,14400,1,2
1736,0.700000,20.019900,15360,14400,1,2
1737,0.700000,20.027500,15360,14400,1,2
1738,0.800000,20.014500,15360,14400,1,2
1739,0.600000,20.099800,15360,14400,1,2
1740,0.600000,20.016100,15360,14400,1,2
1741,0.700000,19.374200,15360,14400,1,2
1742,0.700000,20.177100,15360,14400,1,2
1743,0.800000,20.074600,15360,14400,1,2
1744,1.000000,20.043800,15360,14400,1,2
1745,0.800000,20.044400,15360,14400,1,2
1746,0.700000,20.096700,15360,14400,1,2
1747,0.500000,20.025200,15360,14400,1,2
1748,0.800000,20.027800,15360,14400,1,2
1749,0.900000,20.038000,15360,14400,1,2
1750,0.900000,20.208800,15360,14400,1,2
1751,1.000000,20.032000,15360,14400,1,2
1752,1.300000,20.028800,15360,14400,1,2
1753,1.100000,20.024100,15360,14400,1,2
1754,0.700000,19.060600,15360,14400,1,2
1755,1.400000,20.123900,15360,14400,1,2
1756,0.900000,20.046400,15360,14400,1,2
1757,0.900000,20.022900,15360,14400,1,2
1758,0.800000,20.025600,15360,14400,1,2
1759,1.000000,20.028500,15360,14400,1,2
1760,0.800000,20.021400,15360,14400,1,2
1761,1.000000,20.033100,15360,14400,1,2
1762,0.800000,20.046000,15360,14400,1,2
1763,0.500000,20.014700,15360,14400,1,2
1764,0.900000,20.026500,15360,14400,1,2
1765,0.600000,20.040400,15360,14400,1,2
1766,1.100000,20.201900,15360,14400,1,2
1767,0.900000,20.074500,15360,14400,1,2
1768,0.900000,20.026100,15360,14400,1,2
1769,0.900000,20.043200,15360,14400,1,2
1770,0.900000,20.026900,15360,14400,1,2
1771,0.700000,20.020000,15360,14400,1,2
1772,0.800000,20.023500,15360,14400,1,2
1773,0.700000,20.015300,15360,14400,1,2
1774,1.200000,20.094200,15360,14880,1,2
1775,0.700000,19.020600,15360,14400,1,2
1776,1.000000,20.020900,15360,14400,1,2
1777,0.600000,20.097900,15360,14400,1,2
1778,0.600000,20.101700,15360,14400,1,2
1779,1.000000,20.030600,15360,14400,1,2
1780,1.000000,20.045200,15360,14400,1,2
1781,0.800000,20.042000,15360,14400,1,2
1782,0.900000,20.022200,15360,14400,1,2
1783,0.800000,20.191100,15360,14400,1,2
1784,1.300000,20.193700,15360,14400,1,2
1785,0.800000,20.172500,15360,14400,1,2
1786,0.900000,20.025000,15360,14400,1,2
1787,1.100000,19.106500,15360,14400,1,2
1788,0.900000,20.166800,15360,14400,1,2
1789,1.200000,20.039100,15360,14880,1,2
1790,0.900000,20.089000,15360,14400,1,2
1791,0.700000,20.021500,15360,14400,1,2
1792,1.100000,20.151400,15360,14400,1,2
1793,0.900000,20.335400,15360,14400,1,2
1794,0.800000,19.160700,15360,14400,1,2
1795,0.900000,20.030800,15360,14400,1,2
1796,0.700000,20.041700,15360,14400,1,2
1797,0.700000,20.026400,15360,14400,1,2
1798,1.100000,20.020000,15360,14400,1,2
1799,6.500000,20.061300,15360,14400,1,2
1800,1.100000,20.065400,15360,14400,1,2
1801,1.200000,20.083900,15360,14400,1,2
1802,0.900000,20.034000,15360,14400,1,2
1803,0.900000,20.127600,15360,14400,1,2
1804,0.900000,20.093300,15360,14400,1,2
1805,0.800000,20.197800,15360,14400,1,2
1806,0.900000,20.034500,15360,14400,1,2
1807,1.000000,20.037600,15360,14400,1,2
1808,0.900000,20.071400,15360,14400,1,2
1809,0.900000,19.033400,15360,14400,1,2
1810,0.700000,20.049300,15360,14400,1,2
1811,0.900000,20.025200,15360,14400,1,2
1812,1.000000,20.094300,15360,14400,1,2
1813,1.200000,20.077000,15360,14400,1,2
1814,0.800000,20.021400,15360,14400,1,2
1815,0.900000,20.018800,15360,14400,1,2
1816,0.600000,20.053700,15360,14400,1,2
1817,0.800000,20.072300,15360,14400,1,2
1818,0.700000,20.085200,15360,14400,1,2
1819,0.900000,20.028500,15360,14400,1,2
1820,0.600000,20.021800,15360,14400,1,2
1821,0.600000,20.027800,15360,14400,1,2
1822,0.800000,20.105200,15360,14400,1,2
1823,0.800000,20.035400,15360,14880,1,2
1824,0.900000,20.144300,15360,14400,1,2
1825,1.100000,20.022800,15360,14400,1,2
1826,0.800000,20.025800,15360,14400,1,2
1827,0.800000,20.016200,15360,14400,1,2
1828,1.200000,20.023300,15360,14400,1,2
1829,0.700000,20.029100,15360,14880,1,2
1830,0.500000,19.058400,15360,14400,1,2
1831,1.400000,20.070000,15360,14400,1,2
1832,0.800000,20.022400,15360,14400,1,2
1833,0.700000,20.018600,15360,14400,1,2
1834,0.900000,20.655100,15360,14400,1,2
1835,0.800000,19.297400,15360,14400,1,2
1836,0.700000,20.102000,15360,14400,1,2
1837,0.700000,20.016800,15360,14400,1,2
1838,0.700000,20.018200,15360,14400,1,2
1839,0.900000,20.021400,15360,14400,1,2
1840,6.100000,20.017000,15360,14400,1,2
1841,1.400000,20.264700,15360,14400,1,2
1842,0.700000,20.018200,15360,14400,1,2
1843,0.800000,20.146700,15360,14400,1,2
1844,0.700000,20.021100,15360,14400,1,2
1845,0.600000,20.143200,15360,14400,1,2
1846,1.000000,19.147500,15360,14400,1,2
1847,1.200000,20.027200,15360,14400,1,2
1848,0.800000,20.023300,15360,14400,1,2
1849,0.700000,20.092200,15360,14400,1,2
1850,0.800000,20.021900,15360,14400,1,2
1851,1.200000,20.029800,15360,14400,1,2
1852,0.800000,20.022000,15360,14400,1,2
1853,0.800000,20.022400,15360,14400,1,2
1854,1.300000,20.037900,15360,14400,1,2
1855,0.800000,20.125900,15360,14400,1,2
1856,0.800000,20.022200,15360,14400,1,2
1857,1.100000,20.054700,15360,14400,1,2
1858,0.900000,20.022700,15360,14400,1,2
1859,0.700000,20.121400,15360,14400,1,2
1860,1.100000,20.045300,15360,14400,1,2
1861,0.800000,20.028200,15360,14400,1,2
1862,0.800000,20.018500,15360,14400,1,2
1863,1.000000,20.044000,15360,14400,1,2
1864,1.000000,20.031400,15360,14400,1,2
1865,0.800000,20.144400,15360,14880,1,2
1866,1.200000,19.067600,15360,14400,1,2
1867,0.900000,20.022900,15360,14400,1,2
1868,1.000000,20.027000,15360,14400,1,2
1869,1.100000,20.029600,15360,14400,1,2
1870,0.800000,20.022200,15360,14400,1,2
1871,1.400000,20.043300,15360,14400,1,2
1872,0.800000,20.024900,15360,14400,1,2
1873,0.700000,20.018000,15360,14400,1,2
1874,1.000000,20.019000,15360,14400,1,2
1875,0.500000,20.015200,15360,14400,1,2
1876,0.700000,20.014100,15360,14400,1,2
1877,0.800000,20.209800,15360,14400,1,2
1878,0.800000,20.125700,15360,14400,1,2
1879,0.600000,20.018600,15360,14400,1,2
1880,0.800000,20.023600,15360,14400,1,2
1881,0.900000,20.103900,15360,14400,1,2
1882,0.800000,20.200200,15360,14400,1,2
1883,0.900000,20.047400,15360,14400,1,2
1884,0.700000,19.019200,15360,14400,1,2
1885,1.100000,20.177200,15360,14400,1,2
1886,1.000000,20.030900,15360,14400,1,2
1887,0.900000,20.122100,15360,14400,1,2
1888,1.000000,20.028200,15360,14400,1,2
1889,0.900000,20.054000,15360,14400,1,2
1890,0.700000,20.019900,15360,14400,1,2
1891,1.200000,20.072300,15360,14400,1,2
1892,0.900000,20.042400,15360,14400,1,2
1893,0.800000,20.027800,15360,14400,1,2
1894,0.900000,20.022600,15360,14400,1,2
1895,0.800000,20.022000,15360,14400,1,2
1896,0.800000,20.066200,15360,14400,1,2
1897,0.900000,20.094100,15360,14400,1,2
1898,0.600000,20.069900,15360,14400,1,2
1899,1.000000,19.209800,15360,14400,1,2
1900,0.600000,20.082300,15360,14400,1,2
1901,0.700000,20.020700,15360,14400,1,2
1902,0.700000,20.105900,15360,14400,1,2
1903,0.800000,20.080100,15360,14400,1,2
1904,0.700000,20.068900,15360,14400,1,2
1905,1.000000,20.039900,15360,14400,1,2
1906,0.700000,20.022100,15360,14400,1,2
1907,1.100000,20.031200,15360,14400,1,2
1908,0.900000,20.125200,15360,14400,1,2
1909,0.800000,20.072200,15360,14400,1,2
1910,0.700000,20.067600,15360,14400,1,2
1911,0.900000,20.035400,15360,14400,1,2
1912,1.300000,20.042900,15360,14400,1,2
1913,1.000000,20.043700,15360,14400,1,2
1914,0.700000,20.038400,15360,14400,1,2
1915,0.900000,20.042000,15360,14400,1,2
1916,0.900000,19.030900,15360,14400,1,2
1917,0.800000,20.025600,15360,14400,1,2
1918,0.900000,20.040400,15360,14400,1,2
1919,0.900000,20.048400,15360,14400,1,2
1920,1.000000,20.029500,15360,14400,1,2
1921,1.300000,20.037200,15360,14400,1,2
1922,0.900000,20.022900,15360,14400,1,2
1923,0.900000,20.022800,15360,14400,1,2
1924,1.000000,20.031600,15360,14400,1,2
1925,0.800000,20.104500,15360,14400,1,2
1926,1.200000,20.029100,15360,14400,1,2
1927,1.000000,20.153900,15360,14880,1,2
1928,1.300000,20.100900,15360,14400,1,2
1929,0.900000,20.080300,15360,14400,1,2
1930,1.000000,20.040900,15360,14400,1,2
1931,1.200000,20.019200,15360,14400,1,2
1932,1.200000,20.040100,15360,14400,1,2
1933,1.000000,20.084900,15360,14400,1,2
1934,0.900000,20.041500,15360,14400,1,2
1935,0.600000,19.102200,15360,14400,1,2
1936,0.800000,20.021300,15360,14400,1,2
1937,0.700000,20.018200,15360,14400,1,2
1938,0.900000,20.035700,15360,14400,1,2
1939,0.800000,20.017800,15360,14400,1,2
1940,1.000000,20.154100,15360,14400,1,2
1941,0.900000,20.036000,15360,14400,1,2
1942,0.900000,20.019600,15360,14400,1,2
1943,0.900000,20.055100,15360,14400,1,2
1944,0.800000,20.041900,15360,14400,1,2
1945,0.800000,20.179600,15360,14400,1,2
1946,0.900000,20.057100,15360,14400,1,2
1947,0.900000,20.028300,15360,14400,1,2
1948,1.100000,20.203700,15360,14880,1,2
1949,1.000000,19.143000,15360,14400,1,2
1950,0.700000,20.095900,15360,14400,1,2
1951,0.600000,20.030900,15360,14400,1,2
1952,0.700000,20.083600,15360,14400,1,2
1953,0.600000,20.030900,15360,14400,1,2
1954,0.800000,20.016600,15360,14400,1,2
1955,1.000000,20.027300,15360,14400,1,2
1956,0.800000,20.020500,15360,14400,1,2
1957,0.900000,20.076000,15360,14400,1,2
1958,1.200000,20.023500,15360,14400,1,2
1959,1.100000,20.030600,15360,14400,1,2
1960,1.500000,20.100400,15360,14400,1,2
1961,0.700000,20.020100,15360,14400,1,2
1962,0.700000,20.131900,15360,14400,1,2
1963,0.900000,20.031800,15360,14400,1,2
1964,0.800000,20.048700,15360,14400,1,2
1965,0.600000,20.016400,15360,14400,1,2
1966,0.600000,20.032600,15360,14400,1,2
1967,0.900000,20.023200,15360,14400,1,2
1968,1.000000,20.017600,15360,14400,1,2
1969,1.000000,20.023100,15360,14400,1,2
1970,0.700000,19.141700,15360,14400,1,2
1971,1.000000,20.030500,15360,14400,1,2
1972,0.600000,20.062500,15360,14400,1,2
1973,0.700000,20.022600,15360,14400,1,2
1974,0.700000,20.017700,15360,14400,1,2
1975,0.700000,20.018300,15360,14400,1,2
1976,0.700000,20.028400,15360,14400,1,2
1977,0.700000,20.038600,15360,14400,1,2
1978,0.800000,20.248800,15360,14400,1,2
1979,0.900000,20.024700,15360,14400,1,2
1980,0.700000,20.017000,15360,14400,1,2
1981,0.700000,20.187400,15360,14400,1,2
1982,0.700000,20.022500,15360,14400,1,2
1983,1.200000,20.055100,15360,14400,1,2
1984,1.100000,20.057300,15360,14400,1,2
1985,0.700000,20.029000,15360,14400,1,2
1986,0.800000,19.042100,15360,14400,1,2
1987,0.700000,20.018300,15360,14400,1,2
1988,0.800000,20.092400,15360,14400,1,2
1989,1.100000,20.034700,15360,14400,1,2
1990,0.600000,20.018100,15360,14400,1,2
1991,0.800000,20.017700,15360,14400,1,2
1992,1.100000,20.030500,15360,14400,1,2
1993,0.900000,20.023400,15360,14400,1,2
1994,0.900000,20.332200,15360,14400,1,2
1995,1.100000,20.028500,15360,14400,1,2
1996,0.800000,20.093600,15360,14400,1,2
1997,0.700000,20.019300,15360,14400,1,2
1998,0.800000,20.067800,15360,14400,1,2
1999,0.600000,20.021500,15360,14400,1,2
2000,0.800000,20.063100,15360,14400,1,2
2001,1.000000,20.032300,15360,14880,1,2
2002,0.700000,20.029000,15360,14400,1,2
2003,0.800000,20.031500,15360,14400,1,2
2004,0.800000,20.023700,15360,14400,1,2
2005,0.800000,19.055200,15360,14400,1,2
2006,0.800000,20.021000,15360,14400,1,2
2007,0.800000,20.018800,15360,14400,1,2
2008,1.100000,20.032400,15360,14400,1,2
2009,0.800000,20.022900,15360,14400,1,2
2010,0.900000,20.026100,15360,14400,1,2
2011,0.800000,20.019500,15360,14400,1,2
2012,1.100000,20.084000,15360,14400,1,2
2013,1.000000,20.043300,15360,14880,1,2
2014,1.100000,20.085200,15360,14400,1,2
2015,0.800000,20.028000,15360,14880,1,2
2016,0.800000,20.073600,15360,14400,1,2
2017,0.700000,20.093400,15360,14400,1,2
2018,0.800000,20.097300,15360,14400,1,2
2019,0.700000,20.172900,15360,14400,1,2
2020,0.900000,20.053400,15360,14400,1,2
2021,1.200000,19.117800,15360,14400,1,2
2022,0.800000,20.029900,15360,14400,1,2
2023,0.500000,20.020700,15360,14400,1,2
2024,0.800000,20.025700,15360,14400,1,2
2025,1.000000,20.152300,15360,14400,1,2
2026,0.900000,20.120000,15360,14400,1,2
2027,0.800000,20.021500,15360,14400,1,2
2028,0.900000,20.134900,15360,14400,1,2
2029,0.900000,20.018300,15360,14400,1,2
2030,0.800000,20.019100,15360,14400,1,2
2031,0.700000,20.054700,15360,14400,1,2
2032,0.900000,20.029400,15360,14400,1,2
2033,1.100000,20.042100,15360,14400,1,2
2034,0.900000,20.024800,15360,14400,1,2
2035,1.000000,20.235200,15360,14400,1,2
2036,1.100000,20.032300,15360,14400,1,2
2037,0.800000,19.019200,15360,14400,1,2
2038,0.800000,20.019200,15360,14400,1,2
2039,1.000000,20.120900,15360,14400,1,2
2040,0.900000,20.018800,15360,14400,1,2
2041,0.700000,20.042200,15360,14400,1,2
2042,0.800000,20.122800,15360,14400,1,2
2043,1.200000,20.055000,15360,14400,1,2
2044,1.000000,20.030200,15360,14400,1,2
2045,0.900000,20.021500,15360,14400,1,2
2046,0.800000,20.019000,15360,14400,1,2
2047,1.200000,20.090600,15360,14400,1,2
2048,0.800000,20.038500,15360,14400,1,2
2049,0.500000,20.043100,15360,14400,1,2
2050,0.800000,20.085900,15360,14400,1,2
2051,0.900000,20.039600,15360,14400,1,2
2052,0.500000,19.298200,15360,14400,1,2
2053,0.600000,20.016900,15360,14400,1,2
2054,0.800000,20.052100,15360,14400,1,2
2055,0.800000,20.016100,15360,14400,1,2
2056,0.500000,20.175000,15360,14400,1,2
2057,0.700000,20.021700,15360,14400,1,2
2058,0.700000,20.017200,15360,14400,1,2
2059,0.600000,20.183200,15360,14400,1,2
2060,0.700000,20.043100,15360,14400,1,2
2061,0.800000,20.034400,15360,14400,1,2
2062,0.800000,20.017500,15360,14400,1,2
2063,0.700000,20.029200,15360,14400,1,2
2064,0.800000,20.076500,15360,14400,1,2
2065,0.800000,20.015500,15360,14400,1,2
2066,1.200000,20.173500,15360,14400,1,2
2067,0.700000,20.021800,15360,14400,1,2
2068,0.700000,20.051900,15360,14400,1,2
2069,1.000000,19.019000,15360,14400,1,2
2070,0.700000,20.096100,15360,14400,1,2
2071,1.200000,20.028900,15360,14400,1,2
2072,0.700000,20.019900,15360,14400,1,2
2073,0.600000,20.033600,15360,14400,1,2
2074,1.300000,20.030700,15360,14400,1,2
2075,0.900000,20.028400,15360,14400,1,2
2076,0.700000,20.055900,15360,14400,1,2
2077,0.900000,20.026000,15360,14400,1,2
2078,0.900000,20.124000,15360,14400,1,2
2079,0.800000,20.020800,15360,14400,1,2
2080,1.100000,20.031900,15360,14400,1,2
2081,0.800000,20.023000,15360,14400,1,2
2082,0.800000,20.126700,15360,14400,1,2
2083,0.900000,20.023800,15360,14400,1,2
2084,0.900000,20.081200,15360,14400,1,2
2085,1.000000,20.055200,15360,14400,1,2
2086,0.700000,20.021500,15360,14400,1,2
2087,0.900000,20.038400,15360,14400,1,2
2088,0.700000,20.017900,15360,14400,1,2
2089,0.600000,20.018700,15360,14400,1,2
2090,0.800000,20.019800,15360,14400,1,2
2091,1.400000,20.041400,15360,14400,1,2
2092,0.900000,19.212700,15360,14880,1,2
2093,1.000000,20.045400,15360,14400,1,2
2094,1.200000,20.027200,15360,14400,1,2
2095,1.000000,20.103700,15360,14400,1,2
2096,0.900000,20.022800,15360,14400,1,2
2097,0.800000,20.210000,15360,14400,1,2
2098,0.900000,20.150400,15360,14400,1,2
2099,1.000000,20.031200,15360,14400,1,2
2100,0.800000,20.022800,15360,14400,1,2
2101,0.800000,20.029700,15360,14400,1,2
2102,0.800000,20.038900,15360,14400,1,2
2103,0.700000,20.108400,15360,14400,1,2
2104,0.900000,19.017400,15360,14400,1,2
2105,1.000000,20.129400,15360,14400,1,2
2106,1.000000,20.112900,15360,14400,1,2
2107,1.100000,20.259200,15360,14400,1,2
2108,0.700000,20.022200,15360,14400,1,2
2109,0.700000,20.023200,15360,14400,1,2
2110,0.800000,20.048600,15360,14400,1,2
2111,1.300000,20.168700,15360,14400,1,2
2112,1.000000,20.041200,15360,14400,1,2
2113,1.000000,20.037400,15360,14400,1,2
2114,1.300000,20.028200,15360,14400,1,2
2115,0.800000,20.121000,15360,14400,1,2
2116,0.900000,19.023600,15360,14400,1,2
2117,1.000000,20.115800,15360,14400,1,2
2118,1.000000,20.020700,15360,14400,1,2
2119,0.800000,20.018700,15360,14400,1,2
2120,1.200000,20.054800,15360,14400,1,2
2121,0.700000,20.034200,15360,14400,1,2
2122,0.800000,20.024300,15360,14400,1,2
2123,0.800000,20.034200,15360,14400,1,2
2124,0.900000,20.077700,15360,14400,1,2
2125,0.900000,20.026900,15360,14400,1,2
2126,0.800000,20.053100,15360,14400,1,2
2127,1.400000,20.022400,15360,14400,1,2
2128,0.600000,20.018600,15360,14400,1,2
2129,1.200000,20.025800,15360,14400,1,2
2130,0.900000,20.093400,15360,14400,1,2
2131,0.800000,20.107400,15360,14400,1,2
2132,1.100000,20.035800,15360,14400,1,2
2133,0.800000,20.221300,15360,14400,1,2
2134,1.100000,19.078600,15360,14400,1,2
2135,0.900000,20.196700,15360,14400,1,2
2136,1.000000,20.086700,15360,14400,1,2
2137,0.800000,20.069700,15360,14400,1,2
2138,1.100000,20.037100,15360,14400,1,2
2139,1.100000,20.057900,15360,14400,1,2
2140,0.700000,20.024900,15360,14400,1,2
2141,0.800000,20.022400,15360,14400,1,2
2142,1.200000,20.030000,15360,14400,1,2
2143,0.900000,20.034600,15360,14400,1,2
2144,0.900000,20.198900,15360,14400,1,2
2145,1.300000,20.157000,15360,14400,1,2
2146,0.800000,19.067600,15360,14400,1,2
2147,0.900000,20.163400,15360,14400,1,2
2148,0.900000,20.052700,15360,14400,1,2
2149,1.100000,20.150100,15360,14400,1,2
2150,0.700000,20.093800,15360,14400,1,2
2151,0.700000,20.092200,15360,14400,1,2
2152,1.100000,20.059300,15360,14400,1,2
2153,0.500000,20.039800,15360,14400,1,2
2154,0.800000,20.044000,15360,14400,1,2
2155,1.100000,20.032700,15360,14880,1,2
2156,1.000000,20.090800,15360,14400,1,2
2157,0.900000,20.031300,15360,14400,1,2
2158,0.800000,20.020600,15360,14400,1,2
2159,1.100000,20.028200,15360,14400,1,2
2160,0.800000,19.122600,15360,14400,1,2
2161,0.700000,20.028700,15360,14400,1,2
2162,0.900000,20.018100,15360,14400,1,2
2163,1.000000,20.023300,15360,14400,1,2
2164,0.700000,20.018900,15360,14400,1,2
2165,0.900000,20.035000,15360,14400,1,2
2166,1.200000,20.093900,15360,14400,1,2
2167,0.700000,20.023500,15360,14400,1,2
2168,0.800000,20.021800,15360,14400,1,2
2169,1.000000,20.022500,15360,14400,1,2
2170,0.800000,20.061000,15360,14400,1,2
2171,0.900000,20.039500,15360,14400,1,2
2172,1.200000,20.045900,15360,14400,1,2
2173,0.800000,20.030000,15360,14400,1,2
2174,1.000000,20.023600,15360,14400,1,2
2175,0.900000,20.088700,15360,14400,1,2
2176,1.200000,20.039300,15360,14400,1,2
2177,1.000000,20.068000,15360,14400,1,2
2178,1.000000,20.070000,15360,14400,1,2
2179,1.000000,20.052600,15360,14400,1,2
2180,1.100000,20.029400,15360,14400,1,2
2181,0.800000,20.022300,15360,14400,1,2
2182,0.800000,20.045700,15360,14400,1,2
2183,1.000000,19.124300,15360,14400,1,2
2184,1.000000,20.023300,15360,14400,1,2
2185,0.800000,20.023700,15360,14400,1,2
2186,1.200000,20.029500,15360,14400,1,2
2187,0.900000,20.032000,15360,14400,1,2
2188,0.900000,20.134500,15360,14400,1,2
2189,0.700000,20.033100,15360,14400,1,2
2190,1.100000,20.030600,15360,14400,1,2
2191,0.800000,20.022600,15360,14400,1,2
2192,0.700000,20.024600,15360,14400,1,2
2193,0.800000,20.020600,15360,14400,1,2
2194,0.900000,20.031800,15360,14400,1,2
2195,0.800000,20.094600,15360,14400,1,2
2196,0.800000,20.101500,15360,14400,1,2
2197,0.800000,20.146100,15360,14400,1,2
2198,0.800000,20.039800,15360,14400,1,2
2199,1.100000,20.027100,15360,14400,1,2
2200,1.300000,20.054000,15360,14400,1,2
2201,1.100000,19.069100,15360,14400,1,2
2202,0.800000,20.102800,15360,14400,1,2
2203,0.800000,20.019600,15360,14400,1,2
2204,0.700000,20.017600,15360,14400,1,2
2205,0.700000,20.103200,15360,14400,1,2
2206,0.700000,20.019900,15360,14400,1,2
2207,0.700000,20.021300,15360,14400,1,2
2208,1.000000,20.021300,15360,14400,1,2
2209,0.600000,20.015500,15360,14400,1,2
2210,0.600000,20.015400,15360,14400,1,2
2211,0.800000,20.157300,15360,14400,1,2
2212,0.800000,20.021500,15360,14400,1,2
2213,0.800000,20.015900,15360,14400,1,2
2214,0.800000,20.031400,15360,14400,1,2
2215,0.800000,20.017200,15360,14400,1,2
2216,0.800000,20.073300,15360,14400,1,2
2217,0.400000,20.015900,15360,14400,1,2
2218,0.800000,20.036800,15360,14400,1,2
2219,0.900000,20.023200,15360,14400,1,2
2220,1.000000,19.372300,15360,14400,1,2
2221,0.700000,20.089700,15360,14400,1,2
2222,0.900000,20.021900,15360,14400,1,2
2223,1.100000,20.029700,15360,14400,1,2
2224,0.800000,20.020500,15360,14400,1,2
2225,0.700000,20.237100,15360,14400,1,2
2226,0.700000,20.128200,15360,14400,1,2
2227,0.900000,20.031600,15360,14400,1,2
2228,1.000000,20.043000,15360,14400,1,2
2229,0.800000,20.018900,15360,14400,1,2
2230,1.100000,20.039700,15360,14400,1,2
2231,0.900000,20.024900,15360,14400,1,2
2232,1.100000,20.040200,15360,14400,1,2
2233,0.900000,19.160800,15360,14400,1,2
2234,1.000000,20.137100,15360,14400,1,2
2235,0.800000,20.026600,15360,14400,1,2
2236,0.900000,20.032000,15360,14400,1,2
2237,0.700000,20.035500,15360,14400,1,2
2238,0.800000,20.015200,15360,14400,1,2
2239,0.800000,20.022100,15360,14400,1,2
2240,0.800000,20.107200,15360,14400,1,2
2241,0.700000,20.037400,15360,14400,1,2
2242,0.700000,20.054400,15360,14400,1,2
2243,0.900000,20.028100,15360,14400,1,2
2244,0.700000,20.030000,15360,14400,1,2
2245,0.700000,20.094000,15360,14400,1,2
2246,0.900000,20.030500,15360,14400,1,2
2247,0.800000,20.027700,15360,14400,1,2
2248,1.200000,20.144300,15360,14400,1,2
2249,0.600000,20.017500,15360,14400,1,2
2250,0.600000,20.019400,15360,14400,1,2
2251,0.900000,20.038400,15360,14400,1,2
2252,0.800000,19.205800,15360,14880,1,2
2253,0.700000,20.078700,15360,14400,1,2
2254,0.800000,20.133300,15360,14880,1,2
2255,0.700000,20.032100,15360,14400,1,2
2256,0.900000,20.167900,15360,14400,1,2
2257,1.000000,20.029700,15360,14400,1,2
2258,0.800000,20.017700,15360,14400,1,2
2259,0.800000,20.056100,15360,14400,1,2
2260,0.700000,20.133200,15360,14400,1,2
2261,0.800000,20.115000,15360,14400,1,2
2262,0.800000,20.017600,15360,14400,1,2
2263,0.700000,20.025000,15360,14400,1,2
2264,0.700000,20.027400,15360,14400,1,2
2265,0.900000,19.020400,15360,14400,1,2
2266,1.000000,20.133000,15360,14400,1,2
2267,0.700000,20.019400,15360,14400,1,2
2268,0.800000,20.016700,15360,14400,1,2
2269,0.900000,20.039200,15360,14400,1,2
2270,0.800000,20.019100,15360,14400,1,2
2271,1.100000,20.025900,15360,14400,1,2
2272,0.900000,20.025800,15360,14400,1,2
2273,0.800000,20.017000,15360,14400,1,2
2274,0.700000,20.025900,15360,14400,1,2
2275,0.800000,20.017200,15360,14400,1,2
2276,0.700000,20.016800,15360,14400,1,2
2277,0.700000,20.179400,15360,14400,1,2
2278,0.700000,20.017300,15360,14400,1,2
2279,0.800000,20.019300,15360,14400,1,2
2280,0.800000,20.034800,15360,14400,1,2
2281,0.800000,20.067800,15360,14400,1,2
2282,0.800000,20.016300,15360,14400,1,2
2283,0.700000,20.201600,15360,14400,1,2
2284,1.200000,20.038200,15360,14400,1,2
2285,0.700000,20.025400,15360,14400,1,2
2286,1.500000,20.031900,15360,14400,1,2
2287,1.100000,19.032800,15360,14400,1,2
2288,0.700000,20.022700,15360,14400,1,2
2289,0.800000,20.043500,15360,14400,1,2
2290,0.700000,20.019800,15360,14400,1,2
2291,1.000000,20.047500,15360,14400,1,2
2292,1.100000,20.246700,15360,14400,1,2
2293,1.000000,20.035600,15360,14400,1,2
2294,0.900000,20.032100,15360,14400,1,2
2295,0.900000,20.030500,15360,14400,1,2
2296,1.300000,20.040000,15360,14400,1,2
2297,0.800000,20.040000,15360,14400,1,2
2298,0.600000,20.019400,15360,14400,1,2
2299,0.800000,20.014400,15360,14400,1,2
2300,0.800000,20.041800,15360,14400,1,2
2301,0.700000,20.017200,15360,14400,1,2
2302,0.600000,20.017500,15360,14400,1,2
2303,0.500000,20.012000,15360,14400,1,2
2304,0.600000,20.025100,15360,14400,1,2
2305,0.800000,20.038600,15360,14400,1,2
2306,0.700000,20.016900,15360,14400,1,2
2307,0.600000,20.031100,15360,14400,1,2
2308,0.700000,20.014600,15360,14400,1,2
2309,0.700000,20.015400,15360,14400,1,2
2310,0.700000,19.182300,15360,14400,1,2
2311,0.900000,20.156000,15360,14400,1,2
2312,0.900000,20.026200,15360,14880,1,2
2313,0.600000,20.019500,15360,14400,1,2
2314,0.800000,20.017700,15360,14400,1,2
2315,0.600000,20.015300,15360,14400,1,2
2316,0.700000,20.016100,15360,14400,1,2
2317,0.700000,20.018500,15360,14400,1,2
2318,0.700000,20.015900,15360,14400,1,2
2319,0.600000,20.016900,15360,14400,1,2
2320,1.200000,20.092800,15360,14400,1,2
2321,0.800000,20.017800,15360,14400,1,2
2322,0.700000,20.062100,15360,14400,1,2
2323,0.800000,20.067800,15360,14400,1,2
2324,1.200000,20.026800,15360,14400,1,2
2325,0.700000,20.036400,15360,14880,1,2
2326,1.200000,20.212500,15360,14400,1,2
2327,0.800000,20.027700,15360,14400,1,2
2328,0.800000,20.017700,15360,14400,1,2
2329,0.900000,20.022100,15360,14400,1,2
2330,1.000000,20.054400,15360,14880,1,2
2331,1.000000,20.035400,15360,14400,1,2
2332,0.600000,19.022100,15360,14400,1,2
2333,0.700000,20.018400,15360,14400,1,2
2334,0.700000,20.062700,15360,14400,1,2
2335,0.700000,20.020700,15360,14400,1,2
2336,0.900000,20.024800,15360,14880,1,2
2337,0.900000,20.031900,15360,14400,1,2
2338,0.700000,20.022800,15360,14400,1,2
2339,1.000000,20.021100,15360,14400,1,2
2340,0.800000,20.017400,15360,14400,1,2
2341,0.600000,20.049800,15360,14400,1,2
2342,1.000000,20.143000,15360,14400,1,2
2343,0.900000,20.026900,15360,14400,1,2
2344,0.600000,20.150800,15360,14400,1,2
2345,1.000000,20.123300,15360,14400,1,2
2346,0.600000,20.179700,15360,14400,1,2
2347,0.700000,19.108300,15360,14400,1,2
2348,0.700000,20.024300,15360,14400,1,2
2349,1.200000,20.021100,15360,14400,1,2
2350,0.700000,20.017700,15360,14400,1,2
2351,0.600000,20.017300,15360,14400,1,2
2352,0.700000,20.022400,15360,14400,1,2
2353,0.700000,20.023800,15360,14400,1,2
2354,0.800000,20.021400,15360,14400,1,2
2355,0.800000,20.138400,15360,14400,1,2
2356,0.700000,20.071200,15360,14400,1,2
2357,0.900000,20.026500,15360,14400,1,2
2358,0.800000,20.035200,15360,14400,1,2
2359,0.800000,20.030100,15360,14400,1,2
2360,1.000000,20.078200,15360,14400,1,2
2361,0.700000,20.018900,15360,14400,1,2
2362,0.800000,20.126600,15360,14400,1,2
2363,1.000000,20.027700,15360,14400,1,2
2364,0.900000,20.025700,15360,14400,1,2
2365,1.400000,20.043500,15360,14400,1,2
2366,0.700000,20.018000,15360,14400,1,2
2367,0.900000,20.028700,15360,14400,1,2
2368,0.900000,20.039000,15360,14400,1,2
2369,0.700000,20.027800,15360,14400,1,2
2370,0.800000,20.028400,15360,14400,1,2
2371,0.700000,20.051300,15360,14400,1,2
2372,0.700000,19.020000,15360,14400,1,2
2373,0.900000,20.045800,15360,14400,1,2
2374,0.900000,20.021700,15360,14400,1,2
2375,0.700000,20.016900,15360,14400,1,2
2376,0.700000,20.018900,15360,14400,1,2
2377,0.600000,20.017700,15360,14400,1,2
2378,0.700000,20.019400,15360,14400,1,2
2379,0.800000,20.021400,15360,14400,1,2
2380,1.000000,20.035400,15360,14400,1,2
2381,0.700000,20.028400,15360,14400,1,2
2382,0.900000,20.038200,15360,14400,1,2
2383,1.200000,20.028400,15360,14400,1,2
2384,1.100000,20.031100,15360,14400,1,2
2385,1.000000,20.033900,15360,14400,1,2
2386,0.800000,20.022900,15360,14400,1,2
2387,0.900000,20.021800,15360,14400,1,2
2388,0.800000,20.033400,15360,14400,1,2
2389,0.800000,20.027200,15360,14400,1,2
2390,0.700000,20.081800,15360,14400,1,2
2391,0.800000,20.119000,15360,14400,1,2
2392,1.100000,20.029900,15360,14400,1,2
2393,1.000000,20.040900,15360,14400,1,2
2394,0.900000,20.037200,15360,14400,1,2
2395,1.100000,20.064000,15360,14400,1,2
2396,0.900000,20.061900,15360,14400,1,2
2397,1.000000,20.061100,15360,14400,1,2
2398,1.500000,20.041700,15360,14400,1,2
2399,0.800000,19.030300,15360,14400,1,2
2400,0.700000,20.027100,15360,14400,1,2
2401,0.700000,20.027400,15360,14400,1,2
2402,0.700000,20.014800,15360,14400,1,2
2403,0.900000,20.019000,15360,14400,1,2
2404,0.900000,20.017700,15360,14400,1,2
2405,0.500000,20.015500,15360,14400,1,2
2406,0.700000,20.018300,15360,14400,1,2
2407,0.700000,20.017500,15360,14400,1,2
2408,0.700000,20.079200,15360,14400,1,2
2409,0.700000,20.036100,15360,14400,1,2
2410,1.000000,20.029500,15360,14400,1,2
2411,0.800000,20.025000,15360,14400,1,2
2412,0.800000,20.015700,15360,14400,1,2
2413,1.400000,20.033400,15360,14400,1,2
2414,0.800000,20.038800,15360,14400,1,2
2415,0.900000,20.048500,15360,14400,1,2
2416,0.800000,20.020200,15360,14400,1,2
2417,1.100000,20.026000,15360,14400,1,2
2418,0.900000,20.175900,15360,14400,1,2
2419,0.900000,20.033500,15360,14400,1,2
2420,0.900000,20.066100,15360,14400,1,2
2421,1.000000,20.121600,15360,14400,1,2
2422,1.000000,20.061200,15360,14400,1,2
2423,0.900000,19.125700,15360,14400,1,2
2424,0.600000,20.224000,15360,14400,1,2
2425,0.900000,20.028800,15360,14400,1,2
2426,0.900000,20.023100,15360,14400,1,2
2427,0.800000,20.105200,15360,14400,1,2
2428,1.000000,20.219700,15360,14400,1,2
2429,0.900000,20.042600,15360,14400,1,2
2430,0.900000,20.028300,15360,14880,1,2
2431,1.000000,20.079500,15360,14400,1,2
2432,0.800000,20.093900,15360,14400,1,2
2433,0.600000,20.021200,15360,14400,1,2
2434,0.900000,19.038400,15360,14400,1,2
2435,0.900000,20.029600,15360,14400,1,2
2436,0.900000,20.019200,15360,14400,1,2
2437,0.700000,20.019700,15360,14400,1,2
2438,1.100000,20.188300,15360,14400,1,2
2439,1.100000,20.033700,15360,14880,1,2
2440,0.900000,20.103100,15360,14400,1,2
2441,0.700000,20.020700,15360,14400,1,2
2442,1.000000,20.054900,15360,14400,1,2
2443,0.900000,20.216400,15360,14400,1,2
2444,1.000000,20.025000,15360,14400,1,2
2445,1.000000,20.215000,15360,14400,1,2
2446,0.800000,19.218100,15360,14400,1,2
2447,0.700000,20.022600,15360,14400,1,2
2448,0.600000,20.013700,15360,14400,1,2
2449,0.700000,20.021300,15360,14400,1,2
2450,1.600000,20.039000,15360,14400,1,2
2451,0.700000,20.027200,15360,14400,1,2
2452,0.700000,20.018100,15360,14400,1,2
2453,0.500000,20.012700,15360,14400,1,2
2454,0.700000,20.038800,15360,14400,1,2
2455,1.000000,20.039000,15360,14400,1,2
2456,1.200000,20.035300,15360,14400,1,2
2457,0.700000,20.019900,15360,14400,1,2
2458,0.900000,20.017300,15360,14400,1,2
2459,0.500000,20.074800,15360,14400,1,2
2460,0.700000,20.199100,15360,14400,1,2
2461,0.600000,20.182100,15360,14400,1,2
2462,0.700000,20.017500,15360,14400,1,2
2463,0.700000,20.023100,15360,14400,1,2
2464,0.900000,19.023500,15360,14400,1,2
2465,0.700000,20.086800,15360,14400,1,2
2466,1.100000,20.017100,15360,14400,1,2
2467,0.800000,20.086600,15360,14400,1,2
2468,0.600000,20.016200,15360,14400,1,2
2469,1.000000,20.015700,15360,14400,1,2
2470,0.500000,20.053500,15360,14400,1,2
2471,1.200000,20.028300,15360,14400,1,2
2472,0.800000,20.094800,15360,14400,1,2
2473,0.600000,20.094600,15360,14400,1,2
2474,0.900000,20.069600,15360,14400,1,2
2475,0.800000,20.020900,15360,14400,1,2
2476,0.800000,20.071800,15360,14400,1,2
2477,0.700000,20.022800,15360,14400,1,2
2478,1.000000,20.145100,15360,14400,1,2
2479,1.000000,20.049800,15360,14400,1,2
2480,0.900000,19.131800,15360,14400,1,2
2481,0.700000,20.023700,15360,14400,1,2
2482,0.700000,20.020300,15360,14400,1,2
2483,0.800000,20.025800,15360,14400,1,2
2484,0.900000,20.107600,15360,14400,1,2
2485,0.900000,20.020400,15360,14400,1,2
2486,1.000000,20.026000,15360,14400,1,2
2487,0.900000,20.079300,15360,14400,1,2
2488,1.000000,20.065500,15360,14400,1,2
2489,0.800000,20.023800,15360,14400,1,2
2490,0.700000,20.019800,15360,14400,1,2
2491,0.700000,20.039600,15360,14400,1,2
2492,0.800000,20.022100,15360,14400,1,2
2493,0.800000,20.017900,15360,14400,1,2
2494,1.000000,20.019000,15360,14400,1,2
2495,1.100000,20.014400,15360,14400,1,2
2496,0.700000,20.137400,15360,14400,1,2
2497,1.100000,20.036900,15360,14400,1,2
2498,1.000000,20.024300,15360,14400,1,2
2499,0.800000,20.019800,15360,14400,1,2
2500,1.000000,20.027600,15360,14400,1,2
2501,0.800000,20.102600,15360,14880,1,2
2502,0.900000,20.039700,15360,14400,1,2
2503,1.000000,20.028000,15360,14400,1,2
2504,0.800000,20.019400,15360,14400,1,2
2505,1.000000,20.036800,15360,14400,1,2
2506,0.800000,19.019500,15360,14400,1,2
2507,0.900000,20.169500,15360,14400,1,2
2508,0.800000,20.089000,15360,14400,1,2
2509,1.000000,20.028400,15360,14400,1,2
2510,0.500000,20.028000,15360,14400,1,2
2511,0.700000,20.018600,15360,14400,1,2
2512,1.100000,20.025900,15360,14400,1,2
2513,0.800000,20.019500,15360,14400,1,2
2514,1.100000,20.029600,15360,14400,1,2
2515,0.800000,20.046000,15360,14400,1,2
2516,1.200000,20.019300,15360,14400,1,2
2517,0.700000,20.018600,15360,14400,1,2
2518,0.700000,20.031000,15360,14400,1,2
2519,1.000000,20.091500,15360,14400,1,2
2520,1.100000,20.026000,15360,14400,1,2
2521,0.800000,20.022100,15360,14400,1,2
2522,0.700000,20.052800,15360,14400,1,2
2523,0.700000,20.141300,15360,14400,1,2
2524,1.000000,20.088700,15360,14400,1,2
2525,0.600000,20.018800,15360,14400,1,2
2526,0.700000,19.016300,15360,14400,1,2
2527,0.800000,20.018500,15360,14400,1,2
2528,0.700000,20.037700,15360,14400,1,2
2529,0.900000,20.022900,15360,14400,1,2
2530,0.900000,20.053300,15360,14400,1,2
2531,1.200000,20.025800,15360,14400,1,2
2532,0.800000,20.024200,15360,14400,1,2
2533,0.700000,20.027500,15360,14400,1,2
2534,1.000000,20.142900,15360,14400,1,2
2535,0.800000,20.022400,15360,14400,1,2
2536,1.000000,20.025500,15360,14400,1,2
2537,0.900000,20.042300,15360,14400,1,2
2538,0.700000,20.017500,15360,14400,1,2
2539,1.100000,20.017300,15360,14400,1,2
2540,0.700000,20.023600,15360,14400,1,2
2541,0.700000,20.054900,15360,14400,1,2
2542,0.700000,20.020700,15360,14400,1,2
2543,1.300000,20.057500,15360,14400,1,2
2544,0.900000,20.026000,15360,14400,1,2
2545,1.000000,20.042200,15360,14400,1,2
2546,0.800000,20.027200,15360,14400,1,2
2547,1.100000,20.036500,15360,14400,1,2
2548,0.900000,20.039800,15360,14400,1,2
2549,1.000000,20.038400,15360,14400,1,2
2550,1.000000,20.051100,15360,14400,1,2
2551,0.700000,20.033800,15360,14400,1,2
2552,0.800000,20.020800,15360,14400,1,2
2553,1.100000,20.027700,15360,14400,1,2
2554,0.900000,19.021700,15360,14400,1,2
2555,1.200000,20.044200,15360,14400,1,2
2556,0.700000,20.020500,15360,14400,1,2
2557,0.800000,20.036900,15360,14400,1,2
2558,0.900000,20.069000,15360,14400,1,2
2559,0.800000,20.063500,15360,14400,1,2
2560,0.800000,20.027400,15360,14400,1,2
2561,0.800000,20.022800,15360,14400,1,2
2562,0.800000,20.132100,15360,14400,1,2
2563,0.800000,20.179400,15360,14400,1,2
2564,0.900000,20.021600,15360,14400,1,2
2565,1.000000,20.020400,15360,14400,1,2
2566,0.800000,20.028300,15360,14400,1,2
2567,0.800000,20.040700,15360,14400,1,2
2568,1.400000,20.035100,15360,14400,1,2
2569,1.300000,20.029800,15360,14400,1,2
2570,0.900000,20.047600,15360,14400,1,2
2571,0.600000,20.074400,15360,14400,1,2
2572,0.800000,20.045900,15360,14400,1,2
2573,1.100000,20.029600,15360,14400,1,2
2574,1.000000,19.029200,15360,14400,1,2
2575,1.200000,20.028000,15360,14400,1,2
2576,1.100000,20.028800,15360,14400,1,2
2577,1.100000,20.038500,15360,14400,1,2
2578,0.800000,20.018700,15360,14400,1,2
2579,0.900000,20.027400,15360,14400,1,2
2580,1.000000,20.023500,15360,14400,1,2
2581,0.800000,20.022600,15360,14400,1,2
2582,0.500000,20.019300,15360,14400,1,2
2583,0.800000,20.101300,15360,14400,1,2
2584,1.700000,20.019300,15360,14400,1,2
2585,0.500000,20.025600,15360,14400,1,2
2586,0.900000,20.215700,15360,14400,1,2
2587,0.600000,20.023300,15360,15360,1,2
2588,0.700000,20.048500,15360,14400,1,2
2589,1.000000,20.190900,15360,14400,1,2
2590,0.600000,19.169900,15360,14400,1,2
2591,0.800000,20.033400,15360,14400,1,2
2592,0.800000,20.074900,15360,14400,1,2
2593,1.000000,20.026100,15360,14400,1,2
2594,1.300000,20.036900,15360,14400,1,2
2595,0.900000,20.039900,15360,14400,1,2
2596,0.900000,20.194200,15360,14400,1,2
2597,0.600000,20.174800,15360,14400,1,2
2598,0.900000,20.099000,15360,14400,1,2
2599,1.100000,20.106800,15360,14400,1,2
2600,0.800000,20.110900,15360,15360,1,2
2601,1.300000,20.038800,15360,14400,1,2
2602,0.700000,20.038900,15360,14400,1,2
2603,0.900000,19.029300,15360,14400,1,2
2604,0.800000,20.023400,15360,14400,1,2
2605,0.700000,20.017200,15360,14400,1,2
2606,0.900000,20.027700,15360,14400,1,2
2607,0.900000,20.039000,15360,14400,1,2
2608,0.800000,20.016200,15360,14400,1,2
2609,0.700000,20.026100,15360,14400,1,2
2610,0.800000,20.019700,15360,14400,1,2
2611,0.700000,20.067000,15360,14400,1,2
2612,61.000000,20.024900,15360,15360,1,2
2613,0.900000,20.078200,15360,14400,1,2
2614,0.800000,20.016900,15360,14400,1,2
2615,0.700000,20.015900,15360,14400,1,2
2616,0.900000,20.017600,15360,14400,1,2
2617,0.700000,20.052000,15360,14400,1,2
2618,0.800000,20.017300,15360,14400,1,2
2619,1.000000,20.050000,15360,14400,1,2
2620,0.700000,20.018800,15360,14400,1,2
2621,0.900000,20.019100,15360,14400,1,2
2622,0.600000,20.154100,15360,14400,1,2
2623,0.800000,20.046100,15360,15360,1,2
2624,0.700000,20.096000,15360,14400,1,2
2625,1.100000,20.017300,15360,14400,1,2
2626,0.900000,20.034400,15360,14400,1,2
2627,0.800000,20.032800,15360,14400,1,2
2628,0.800000,20.025600,15360,14400,1,2
2629,0.800000,19.043800,15360,14400,1,2
2630,0.800000,20.019400,15360,14400,1,2
2631,0.700000,20.017500,15360,14400,1,2
2632,0.900000,20.019400,15360,14400,1,2
2633,0.900000,20.061500,15360,14400,1,2
2634,1.100000,20.081400,15360,14400,1,2
2635,0.700000,20.019000,15360,14400,1,2
2636,0.800000,20.022700,15360,14400,1,2
2637,0.700000,20.020200,15360,14400,1,2
2638,1.000000,20.029600,15360,14400,1,2
2639,0.800000,20.196300,15360,14400,1,2
2640,0.900000,20.132500,15360,14400,1,2
2641,0.800000,20.018900,15360,14400,1,2
2642,0.600000,20.067400,15360,14400,1,2
2643,1.000000,20.077600,15360,14400,1,2
2644,0.800000,20.068700,15360,14400,1,2
2645,0.800000,20.025000,15360,14400,1,2
2646,0.900000,20.035900,15360,14400,1,2
2647,0.900000,20.035900,15360,14400,1,2
2648,0.800000,19.121700,15360,14400,1,2
2649,1.000000,20.031200,15360,14880,1,2
2650,0.800000,20.144300,15360,14400,1,2
2651,1.000000,20.089700,15360,14400,1,2
2652,0.800000,20.077600,15360,14400,1,2
2653,0.800000,20.147000,15360,14400,1,2
2654,0.800000,20.054400,15360,14400,1,2
2655,1.200000,20.021600,15360,14400,1,2
2656,0.700000,20.021000,15360,14400,1,2
2657,0.800000,20.122700,15360,14400,1,2
2658,0.600000,20.019200,15360,14400,1,2
2659,0.700000,20.093600,15360,14400,1,2
2660,0.700000,20.065700,15360,14400,1,2
2661,0.800000,19.161200,15360,14400,1,2
2662,0.900000,20.061100,15360,14400,1,2
2663,0.800000,20.019400,15360,14400,1,2
2664,0.800000,20.031000,15360,14400,1,2
2665,1.200000,20.043200,15360,14400,1,2
2666,0.900000,20.107600,15360,15360,1,2
2667,1.100000,20.128000,15360,14400,1,2
2668,0.900000,20.018900,15360,14400,1,2
2669,0.900000,20.020000,15360,14400,1,2
2670,1.000000,20.028200,15360,14400,1,2
2671,0.900000,20.023200,15360,14400,1,2
2672,1.000000,20.070000,15360,14400,1,2
2673,0.900000,20.166900,15360,14400,1,2
2674,1.000000,19.173900,15360,14400,1,2
2675,0.900000,20.084800,15360,14400,1,2
2676,0.700000,20.016400,15360,14400,1,2
2677,1.000000,20.183600,15360,14400,1,2
2678,0.800000,20.026000,15360,14400,1,2
2679,0.700000,20.018500,15360,14400,1,2
2680,0.700000,20.102800,15360,14400,1,2
2681,0.800000,20.016300,15360,14400,1,2
2682,0.900000,20.016700,15360,14400,1,2
2683,0.700000,20.016800,15360,14400,1,2
2684,0.800000,20.052000,15360,14400,1,2
2685,0.700000,20.017900,15360,14400,1,2
2686,0.700000,20.019600,15360,14400,1,2
2687,0.700000,20.050000,15360,14400,1,2
2688,0.800000,20.061900,15360,14400,1,2
2689,0.800000,19.385600,15360,14400,1,2
2690,0.900000,20.020200,15360,14400,1,2
2691,0.800000,20.018300,15360,14400,1,2
2692,0.800000,20.112900,15360,14400,1,2
2693,0.700000,20.022700,15360,14400,1,2
2694,0.700000,20.176600,15360,14400,1,2
2695,0.700000,20.014200,15360,14400,1,2
2696,0.700000,20.016600,15360,14400,1,2
2697,0.900000,20.080400,15360,14400,1,2
2698,7.600000,20.018000,15360,14400,1,2
2699,0.700000,20.037600,15360,14400,1,2
2700,1.000000,20.028300,15360,14400,1,2
2701,0.700000,20.069500,15360,14400,1,2
2702,1.000000,20.027500,15360,14400,1,2
2703,0.700000,20.059200,15360,14400,1,2
2704,1.000000,20.052900,15360,14400,1,2
2705,0.800000,20.018800,15360,14400,1,2
2706,1.000000,20.020700,15360,14400,1,2
2707,0.800000,19.121200,15360,14400,1,2
2708,1.100000,20.113900,15360,14400,1,2
2709,0.700000,20.051400,15360,14400,1,2
2710,0.900000,20.029800,15360,14400,1,2
2711,0.700000,20.020600,15360,14400,1,2
2712,1.100000,20.019400,15360,14400,1,2
2713,0.800000,20.016400,15360,14400,1,2
2714,1.000000,20.024800,15360,14400,1,2
2715,0.700000,20.019000,15360,14400,1,2
2716,0.700000,20.020400,15360,14400,1,2
2717,0.800000,20.039800,15360,14400,1,2
2718,0.700000,20.140500,15360,14400,1,2
2719,0.700000,20.035300,15360,14400,1,2
2720,1.000000,20.048200,15360,14400,1,2
2721,0.700000,20.034400,15360,14400,1,2
2722,8.200000,20.242200,15360,14400,1,2
2723,0.900000,20.059900,15360,14400,1,2
2724,0.900000,19.098000,15360,14400,1,2
2725,0.800000,20.036200,15360,14400,1,2
2726,0.800000,20.022500,15360,14400,1,2
2727,0.800000,20.019000,15360,14400,1,2
2728,0.800000,20.022000,15360,14400,1,2
2729,1.200000,20.242800,15360,14400,1,2
2730,0.900000,20.027000,15360,14400,1,2
2731,1.100000,20.031600,15360,14400,1,2
2732,1.100000,20.027400,15360,14400,1,2
2733,0.700000,20.259200,15360,14400,1,2
2734,1.100000,20.032400,15360,14400,1,2
2735,1.100000,19.357700,15360,14400,1,2
2736,1.100000,20.144600,15360,14400,1,2
2737,0.800000,20.026900,15360,14400,1,2
2738,1.200000,20.038500,15360,14880,1,2
2739,1.200000,20.100900,15360,14400,1,2
2740,1.000000,20.191500,15360,14400,1,2
2741,1.000000,20.038600,15360,14880,1,2
2742,0.800000,20.073700,15360,14400,1,2
2743,1.000000,20.031400,15360,14400,1,2
2744,1.200000,20.101200,15360,14400,1,2
2745,1.200000,20.027900,15360,14400,1,2
2746,0.800000,19.217700,15360,14400,1,2
2747,1.000000,20.031800,15360,14400,1,2
2748,0.600000,20.021400,15360,14400,1,2
2749,0.900000,20.030800,15360,14400,1,2
2750,0.800000,20.020800,15360,14400,1,2
2751,0.900000,20.058000,15360,14400,1,2
2752,1.900000,20.077900,15360,14880,1,2
2753,0.800000,20.079800,15360,14400,1,2
2754,1.000000,20.024700,15360,14400,1,2
2755,1.100000,20.066700,15360,14400,1,2
2756,1.000000,20.098000,15360,14400,1,2
2757,1.100000,20.034900,15360,14400,1,2
2758,1.000000,20.037600,15360,14400,1,2
2759,0.800000,20.081000,15360,14400,1,2
2760,1.100000,20.036300,15360,14400,1,2
2761,1.000000,20.035800,15360,14400,1,2
2762,0.900000,20.031500,15360,14400,1,2
2763,0.900000,20.030800,15360,14400,1,2
2764,2.200000,19.337200,15360,14400,1,2
2765,1.100000,20.064200,15360,14400,1,2
2766,1.100000,20.044800,15360,14400,1,2
2767,1.400000,20.050500,15360,14400,1,2
2768,0.900000,20.070100,15360,14400,1,2
2769,1.300000,20.032600,15360,14400,1,2
2770,0.800000,20.408500,15360,14400,1,2
2771,1.200000,20.037200,15360,14400,1,2
2772,1.000000,20.037100,15360,14400,1,2
2773,1.100000,19.049800,15360,14400,1,2
2774,2.000000,20.079700,15360,14880,1,2
2775,1.400000,20.092300,15360,14400,1,2
2776,1.300000,20.051300,15360,14400,1,2
2777,1.100000,20.025900,15360,14400,1,2
2778,1.000000,20.034700,15360,14400,1,2
2779,1.200000,20.034200,15360,14400,1,2
2780,1.000000,20.031900,15360,14400,1,2
2781,0.800000,20.038900,15360,14400,1,2
2782,1.000000,20.057100,15360,14400,1,2
2783,0.800000,20.019200,15360,14400,1,2
2784,1.100000,20.121500,15360,14400,1,2
2785,1.200000,20.031900,15360,14400,1,2
2786,1.200000,20.103100,15360,14400,1,2
2787,0.900000,20.025100,15360,14400,1,2
2788,1.100000,20.143600,15360,14400,1,2
2789,1.000000,20.028600,15360,14400,1,2
2790,1.100000,20.026300,15360,14400,1,2
2791,0.400000,19.058000,15360,14400,1,2
2792,1.200000,20.037300,15360,14400,1,2
2793,0.700000,20.037800,15360,14400,1,2
2794,0.800000,20.021000,15360,14400,1,2
2795,0.500000,20.087000,15360,14400,1,2
2796,0.800000,20.031200,15360,14400,1,2
2797,0.500000,20.024500,15360,14400,1,2
2798,0.800000,20.021300,15360,14400,1,2
2799,0.800000,20.038100,15360,14400,1,2
2800,0.700000,20.030000,15360,14400,1,2
2801,0.600000,20.047200,15360,14400,1,2
2802,0.700000,20.031000,15360,14400,1,2
2803,0.700000,20.026900,15360,14400,1,2
2804,0.800000,20.052600,15360,14400,1,2
2805,0.700000,20.025600,15360,14400,1,2
2806,1.200000,20.044300,15360,14400,1,2
2807,0.800000,20.024800,15360,14400,1,2
2808,1.300000,20.055800,15360,14400,1,2
2809,1.200000,20.030100,15360,14400,1,2
2810,1.000000,20.033500,15360,14400,1,2
2811,0.800000,20.067700,15360,14400,1,2
2812,1.100000,20.100600,15360,14400,1,2
2813,0.800000,20.029600,15360,14400,1,2
2814,0.900000,20.044800,15360,14400,1,2
2815,0.800000,20.025100,15360,14400,1,2
2816,0.700000,19.020800,15360,14400,1,2
2817,1.100000,20.049300,15360,14400,1,2
2818,1.100000,20.041200,15360,14400,1,2
2819,0.800000,20.209000,15360,14400,1,2
2820,1.000000,20.026400,15360,14400,1,2
2821,0.900000,20.027200,15360,14400,1,2
2822,0.900000,20.120200,15360,14400,1,2
2823,0.500000,20.019300,15360,14400,1,2
2824,0.700000,20.018600,15360,14400,1,2
2825,0.600000,20.042800,15360,14400,1,2
2826,0.600000,20.080000,15360,14400,1,2
2827,0.600000,20.025200,15360,14400,1,2
2828,0.600000,20.021300,15360,14400,1,2
2829,0.600000,20.128500,15360,14400,1,2
2830,0.700000,20.021300,15360,14400,1,2
2831,0.700000,20.020800,15360,14400,1,2
2832,0.600000,20.037200,15360,14400,1,2
2833,0.800000,20.043900,15360,14400,1,2
2834,0.700000,20.019700,15360,14400,1,2
2835,1.000000,19.091600,15360,14400,1,2
2836,0.500000,20.024800,15360,14400,1,2
2837,0.400000,20.025400,15360,14400,1,2
2838,0.900000,20.022300,15360,14400,1,2
2839,1.100000,20.126000,15360,14400,1,2
2840,0.800000,20.044700,15360,14400,1,2
2841,1.000000,20.027300,15360,14400,1,2
2842,0.800000,20.030800,15360,14400,1,2
2843,0.900000,20.029800,15360,14400,1,2
2844,0.700000,20.166400,15360,14880,1,2
2845,0.600000,20.040500,15360,14400,1,2
2846,0.800000,20.048800,15360,14400,1,2
2847,0.800000,20.046100,15360,14400,1,2
2848,0.800000,20.047700,15360,14400,1,2
2849,0.800000,20.051000,15360,14400,1,2
2850,0.600000,20.054800,15360,14880,1,2
2851,1.000000,20.062600,15360,14400,1,2
2852,0.700000,20.050100,15360,14400,1,2
2853,0.600000,19.059500,15360,14400,1,2
2854,1.200000,20.038500,15360,14400,1,2
2855,0.800000,20.034000,15360,14400,1,2
2856,0.800000,20.063000,15360,14880,1,2
2857,0.500000,20.126300,15360,14400,1,2
2858,1.000000,20.032500,15360,14400,1,2
2859,0.900000,20.033700,15360,14400,1,2
2860,0.800000,20.033900,15360,14400,1,2
2861,0.800000,20.098500,15360,14400,1,2
2862,0.900000,20.034700,15360,14400,1,2
2863,1.000000,20.026600,15360,14400,1,2
2864,0.900000,20.050000,15360,14400,1,2
2865,0.700000,20.032500,15360,14400,1,2
2866,1.100000,20.189700,15360,14880,1,2
2867,0.900000,20.040500,15360,14400,1,2
2868,0.600000,20.036200,15360,14400,1,2
2869,0.700000,19.709800,15360,14400,1,2
2870,0.800000,20.050000,15360,14400,1,2
2871,0.900000,20.044100,15360,14400,1,2
2872,1.200000,20.059300,15360,14400,1,2
2873,0.700000,20.028700,15360,14400,1,2
2874,1.100000,20.033000,15360,14400,1,2
2875,0.600000,20.103600,15360,14400,1,2
2876,0.600000,20.034300,15360,14400,1,2
2877,0.600000,20.038400,15360,14400,1,2
2878,0.800000,19.028000,15360,14400,1,2
2879,0.700000,20.078600,15360,14400,1,2
2880,1.000000,20.032500,15360,14400,1,2
2881,0.700000,20.034300,15360,14400,1,2
2882,0.800000,20.054000,15360,14400,1,2
2883,0.900000,20.072400,15360,14400,1,2
2884,0.800000,20.054700,15360,14400,1,2
2885,0.800000,20.028500,15360,14400,1,2
2886,0.800000,20.023300,15360,14400,1,2
2887,0.900000,20.158300,15360,14400,1,2
2888,0.800000,20.043700,15360,14400,1,2
2889,0.700000,20.039900,15360,14400,1,2
2890,0.900000,20.020900,15360,14400,1,2
2891,0.500000,20.028100,15360,14400,1,2
2892,1.200000,20.033200,15360,14400,1,2
2893,0.800000,20.087800,15360,14400,1,2
2894,0.800000,20.028700,15360,14400,1,2
2895,0.700000,20.024100,15360,14400,1,2
2896,6.200000,20.189700,15360,14400,1,2
2897,0.600000,19.048500,15360,14400,1,2
2898,0.700000,20.076400,15360,14400,1,2
2899,0.600000,20.016200,15360,14400,1,2
2900,0.700000,20.031100,15360,14400,1,2
2901,0.800000,20.031200,15360,14400,1,2
2902,0.700000,20.020200,15360,14400,1,2
2903,0.600000,20.025900,15360,14400,1,2
2904,0.800000,20.133400,15360,14400,1,2
2905,0.700000,20.045400,15360,14880,1,2
2906,0.600000,20.073100,15360,14400,1,2
2907,0.600000,20.033500,15360,14400,1,2
2908,0.700000,20.073500,15360,14400,1,2
2909,1.200000,20.032700,15360,14400,1,2
2910,0.700000,20.047000,15360,14400,1,2
2911,0.800000,20.055200,15360,14880,1,2
2912,0.800000,20.083800,15360,14400,1,2
2913,0.600000,20.024900,15360,14400,1,2
2914,1.300000,20.128700,15360,14880,1,2
2915,0.600000,19.047500,15360,14880,1,2
2916,0.600000,20.028300,15360,14400,1,2
2917,0.900000,20.025200,15360,14400,1,2
2918,1.000000,20.069700,15360,14400,1,2
2919,0.900000,20.025000,15360,14400,1,2
2920,0.700000,20.167900,15360,14400,1,2
2921,1.200000,20.023700,15360,14400,1,2
2922,0.700000,20.034100,15360,14400,1,2
2923,0.800000,20.022300,15360,14400,1,2
2924,1.100000,20.093500,15360,14400,1,2
2925,0.900000,20.032500,15360,14400,1,2
2926,0.900000,20.198500,15360,14400,1,2
2927,0.900000,20.052000,15360,14400,1,2
2928,0.800000,20.021800,15360,14400,1,2
2929,58.900000,20.018200,15360,14880,1,2
2930,1.200000,19.185500,15360,14400,1,2
2931,0.800000,20.019600,15360,14400,1,2
2932,1.000000,20.030700,15360,14400,1,2
2933,0.700000,20.020200,15360,14400,1,2
2934,1.000000,20.026900,15360,14400,1,2
2935,0.700000,20.020300,15360,14400,1,2
2936,1.100000,20.024200,15360,14880,1,2
2937,0.900000,20.025300,15360,14400,1,2
2938,0.700000,20.059800,15360,14400,1,2
2939,1.000000,20.017900,15360,14400,1,2
2940,0.800000,20.053500,15360,14400,1,2
2941,0.900000,20.061400,15360,14400,1,2
2942,0.800000,20.026700,15360,14400,1,2
2943,0.900000,20.035800,15360,14880,1,2
2944,0.900000,20.223500,15360,14400,1,2
2945,0.800000,20.022100,15360,14400,1,2
2946,0.900000,20.040400,15360,14400,1,2
2947,1.400000,20.038600,15360,14400,1,2
2948,1.000000,20.030300,15360,14400,1,2
2949,1.600000,20.262400,15360,14880,1,2
2950,0.800000,19.025100,15360,14400,1,2
2951,0.900000,20.271000,15360,14400,1,2
2952,0.600000,20.018800,15360,14400,1,2
2953,0.900000,20.136100,15360,14400,1,2
2954,0.900000,20.033400,15360,14400,1,2
2955,0.700000,20.018700,15360,14400,1,2
2956,0.900000,20.067100,15360,14400,1,2
2957,0.800000,20.056400,15360,14400,1,2
2958,0.600000,20.037200,15360,14400,1,2
2959,1.100000,20.026900,15360,14400,1,2
2960,1.100000,20.040500,15360,14400,1,2
2961,1.600000,20.029100,15360,14400,1,2
2962,1.100000,20.029600,15360,14400,1,2
2963,1.100000,20.019700,15360,14400,1,2
2964,0.800000,19.082500,15360,14400,1,2
2965,0.900000,20.045300,15360,14400,1,2
2966,0.900000,20.034400,15360,14400,1,2
2967,0.600000,20.020700,15360,14400,1,2
2968,0.900000,20.037100,15360,14400,1,2
2969,1.100000,20.028200,15360,14400,1,2
2970,1.000000,20.076200,15360,14400,1,2
2971,0.900000,20.045800,15360,14400,1,2
2972,1.100000,20.038600,15360,14400,1,2
2973,1.100000,20.035600,15360,14880,1,2
2974,0.900000,20.040700,15360,14400,1,2
2975,0.900000,20.275100,15360,14400,1,2
2976,1.100000,20.053300,15360,14400,1,2
2977,0.900000,20.032200,15360,14400,1,2
2978,0.800000,20.055400,15360,14400,1,2
2979,0.900000,20.049300,15360,14400,1,2
2980,0.800000,20.037400,15360,14400,1,2
2981,1.100000,20.057500,15360,14400,1,2
2982,0.900000,19.048900,15360,14400,1,2
2983,0.600000,20.026100,15360,14400,1,2
2984,1.200000,20.041200,15360,14400,1,2
2985,1.700000,20.140500,14400,13440,1,2
2986,0.800000,20.018000,13440,12480,1,2
2987,0.800000,20.096100,12480,11520,1,2
2988,0.900000,20.070800,11520,10560,1,2
2989,0.900000,20.156000,10560,9600,1,2
2990,0.500000,20.239000,9600,8640,1,2
2991,1.200000,20.189300,8640,7680,1,2
2992,0.600000,19.016800,7680,6720,1,2
2993,1.000000,20.075400,6720,5760,1,2
2994,1.000000,20.065500,5760,4800,1,2
2995,0.800000,20.024300,4800,3840,1,2
2996,0.800000,20.117200,3840,2880,1,2
2997,1.000000,20.020300,2880,1920,1,2
2998,0.700000,20.122000,1920,960,1,2
2999,0.700000,20.017900,960,0,1,2
