frame_id,proc_us,push_wait_us,ring_after_samples
0,778.100000,7.500000,480
1,428.000000,5.500000,960
2,297.600000,5.800000,1440
3,287.500000,5.100000,1920
4,347.800000,10.000000,2400
5,328.600000,4.200000,2880
6,281.900000,3.300000,3360
7,271.000000,3.900000,3840
8,271.100000,6.700000,4320
9,267.600000,4.100000,4800
10,277.300000,3.300000,5280
11,273.300000,3.600000,5760
12,279.000000,3.300000,6240
13,263.800000,3.800000,6720
14,261.700000,3.600000,7200
15,266.800000,3.100000,7680
16,264.800000,3.300000,6240
17,265.300000,1.400000,6720
18,271.700000,1.100000,7200
19,280.100000,1.100000,7680
20,286.700000,1.000000,8160
21,266.300000,12.900000,8640
22,267.000000,4.100000,9120
23,269.800000,3.200000,9600
24,278.800000,4.000000,10080
25,268.800000,3.400000,10560
26,269.200000,4.000000,11040
27,264.800000,3.300000,11520
28,277.400000,3.900000,12000
29,279.300000,3.200000,12480
30,278.400000,3.900000,12960
31,286.000000,3.500000,13440
32,285.100000,4.000000,13920
33,279.600000,3.300000,14400
34,283.700000,3.800000,14880
35,280.200000,3.300000,15360
36,282.400000,14257.500000,14880
37,520.400000,5.000000,15360
38,361.700000,19073.600000,14880
39,609.000000,1.800000,15360
40,414.600000,18989.000000,14880
41,533.200000,1.500000,15360
42,362.200000,19319.000000,14880
43,618.000000,1.700000,15360
44,431.000000,18983.500000,14880
45,644.800000,2.000000,15360
46,543.300000,18756.200000,14880
47,517.600000,1.700000,15360
48,364.200000,19122.600000,14880
49,564.400000,1.300000,15360
50,378.700000,19096.000000,14880
51,667.600000,2.100000,15360
52,450.000000,18951.400000,14880
53,633.600000,1.900000,15360
54,426.600000,18921.000000,14880
55,660.300000,2.400000,15360
56,591.200000,18793.800000,14880
57,511.100000,1.500000,15360
58,353.200000,19121.900000,14880
59,489.300000,1.300000,15360
60,340.000000,19185.400000,14880
61,612.300000,1.500000,15360
62,442.700000,19008.500000,14880
63,568.700000,1.300000,15360
64,346.100000,19123.000000,14880
65,786.400000,1.800000,15360
66,565.100000,18662.000000,14880
67,505.500000,1.100000,15360
68,333.100000,19193.400000,14880
69,593.900000,1.600000,15360
70,424.300000,19000.300000,14880
71,561.100000,1.400000,15360
72,393.400000,19108.700000,14880
73,574.600000,1.800000,15360
74,358.700000,19069.100000,14880
75,822.300000,2.700000,15360
76,566.200000,18672.400000,14880
77,535.700000,1.500000,15360
78,353.100000,19148.200000,14880
79,597.200000,1.300000,15360
80,399.300000,19071.400000,14880
81,543.800000,1.200000,15360
82,360.200000,19112.800000,14880
83,533.800000,1.600000,15360
84,374.700000,19208.400000,14880
85,1110.200000,4.100000,15360
86,605.800000,18278.200000,14880
87,527.900000,1.200000,15360
88,354.500000,19090.200000,14880
89,551.100000,1.400000,15360
90,383.100000,19085.300000,14880
91,616.100000,1.800000,15360
92,415.200000,18985.800000,14880
93,518.500000,1.400000,15360
94,360.000000,18144.300000,14880
95,570.400000,1.500000,15360
96,505.600000,18960.800000,14880
97,582.000000,1.700000,15360
98,436.700000,19046.200000,14880
99,537.000000,1.200000,15360
100,352.200000,19079.400000,14880
101,574.900000,1.400000,15360
102,373.700000,19109.600000,14880
103,524.900000,1.300000,15360
104,369.400000,19102.500000,14880
105,634.600000,1.900000,15360
106,562.500000,18841.400000,14880
107,551.800000,1.500000,15360
108,385.700000,19105.600000,14880
109,575.500000,1.700000,15360
110,384.300000,19021.300000,14880
111,652.900000,1.500000,15360
112,359.300000,19073.500000,14880
113,566.600000,1.300000,15360
114,348.500000,19069.100000,14880
115,788.700000,2.200000,15360
116,592.500000,18727.400000,14880
117,541.400000,1.300000,15360
118,358.600000,19039.200000,14880
119,505.000000,1.600000,15360
120,330.000000,19239.100000,14880
121,547.900000,1.100000,15360
122,340.200000,19118.300000,14880
123,598.100000,1.400000,15360
124,383.900000,19058.500000,14880
125,704.600000,2.000000,15360
126,631.400000,18765.200000,14880
127,534.900000,1.300000,15360
128,367.000000,19182.500000,14880
129,570.600000,1.300000,15360
130,384.000000,19000.400000,14880
131,642.200000,1.500000,15360
132,420.800000,19020.600000,14880
133,607.200000,1.300000,15360
134,384.900000,19055.700000,14880
135,841.200000,2.100000,15360
136,493.000000,18761.000000,14880
137,552.500000,1.300000,15360
138,350.000000,19088.600000,14880
139,566.100000,1.500000,15360
140,461.100000,18952.300000,14880
141,618.600000,1.600000,15360
142,414.300000,19025.800000,14880
143,633.100000,1.500000,15360
144,415.100000,18960.100000,14880
145,757.600000,1.500000,15360
146,424.100000,18845.600000,14880
147,584.600000,1.600000,15360
148,387.800000,18153.400000,14880
149,560.800000,1.600000,15360
150,375.100000,18981.600000,14880
151,550.700000,1.400000,15360
152,379.100000,19089.500000,14880
153,589.400000,2.000000,15360
154,399.100000,19216.000000,14880
155,576.100000,1.800000,15360
156,559.600000,18834.100000,14880
157,555.300000,1.400000,15360
158,368.300000,19121.900000,14880
159,616.600000,1.900000,15360
160,502.800000,18910.300000,14880
161,542.600000,1.400000,15360
162,382.200000,19202.900000,14880
163,563.700000,1.200000,15360
164,383.800000,18957.100000,14880
165,807.200000,2.400000,15360
166,584.100000,18621.900000,14880
167,601.400000,1.700000,15360
168,376.800000,19054.900000,14880
169,566.200000,1.400000,15360
170,375.400000,19076.400000,14880
171,634.300000,1.700000,15360
172,500.700000,18996.600000,14880
173,644.600000,1.900000,15360
174,446.800000,18822.200000,14880
175,813.800000,2.500000,15360
176,589.800000,18687.000000,14880
177,552.600000,1.500000,15360
178,375.200000,19099.000000,14880
179,571.300000,1.400000,15360
180,377.800000,19103.400000,14880
181,582.800000,1.300000,15360
182,348.900000,19015.000000,14880
183,560.300000,1.500000,15360
184,382.300000,19080.700000,14880
185,852.700000,1.900000,15360
186,658.600000,18544.800000,14880
187,587.100000,1.600000,15360
188,389.900000,19074.600000,14880
189,587.100000,1.500000,15360
190,399.000000,18992.700000,14880
191,536.200000,1.600000,15360
192,357.400000,19163.000000,14880
193,535.700000,1.900000,15360
194,374.400000,19090.400000,14880
195,1126.000000,2.600000,15360
196,639.000000,18290.500000,14880
197,579.400000,1.400000,15360
198,368.000000,19064.000000,14880
199,550.800000,1.500000,15360
200,378.800000,19148.100000,14880
201,527.500000,1.300000,15360
202,362.100000,19121.700000,14880
203,560.600000,1.500000,15360
204,359.900000,19113.100000,14880
205,1091.800000,1.800000,15360
206,444.300000,17521.700000,14880
207,565.000000,2.100000,15360
208,473.100000,19054.700000,14880
209,780.100000,2.000000,15360
210,505.600000,18625.600000,14880
211,608.800000,1.400000,15360
212,398.000000,19048.500000,14880
213,537.300000,1.600000,15360
214,380.700000,19058.000000,14880
215,673.300000,1.700000,15360
216,631.700000,18723.300000,14880
217,584.500000,1.600000,15360
218,400.000000,19045.200000,14880
219,645.500000,2.200000,15360
220,575.400000,18819.600000,14880
221,636.900000,1.800000,15360
222,442.300000,18937.700000,14880
223,593.200000,1.700000,15360
224,414.500000,19028.200000,14880
225,698.400000,2.400000,15360
226,687.000000,18668.100000,14880
227,568.700000,1.800000,15360
228,395.200000,19053.500000,14880
229,550.000000,1.800000,15360
230,406.400000,19021.400000,14880
231,641.200000,1.600000,15360
232,427.700000,18948.300000,14880
233,528.600000,1.300000,15360
234,374.300000,19111.200000,14880
235,772.600000,2.300000,15360
236,667.100000,18573.700000,14880
237,551.900000,1.500000,15360
238,375.200000,19111.500000,14880
239,558.600000,1.600000,15360
240,376.900000,19061.200000,14880
241,569.700000,1.400000,15360
242,485.100000,19002.000000,14880
243,542.300000,1.700000,15360
244,377.800000,19067.800000,14880
245,1034.100000,3.400000,15360
246,793.800000,18196.800000,14880
247,628.600000,1.600000,15360
248,415.500000,18969.500000,14880
249,546.400000,1.500000,15360
250,441.400000,19134.100000,14880
251,658.600000,2.200000,15360
252,616.200000,18745.500000,14880
253,573.100000,1.500000,15360
254,415.800000,19046.000000,14880
255,833.100000,2.400000,15360
256,626.600000,18593.900000,14880
257,550.300000,1.300000,15360
258,372.100000,19042.200000,14880
259,661.500000,1.800000,15360
260,506.500000,18848.600000,14880
261,665.300000,2.100000,15360
262,462.400000,18936.000000,14880
263,599.100000,1.900000,15360
264,406.000000,19003.900000,14880
265,758.600000,1.400000,15360
266,591.100000,18636.100000,14880
267,666.100000,1.900000,15360
268,462.900000,18986.100000,14880
269,608.200000,1.300000,15360
270,403.700000,18956.400000,14880
271,575.600000,1.600000,15360
272,391.100000,18998.700000,14880
273,671.000000,1.900000,15360
274,474.900000,18014.000000,14880
275,655.900000,1.700000,15360
276,557.200000,18843.500000,14880
277,550.100000,1.600000,15360
278,377.500000,19108.900000,14880
279,557.600000,1.400000,15360
280,371.800000,19136.700000,14880
281,563.300000,1.400000,15360
282,377.400000,19097.700000,14880
283,541.000000,1.200000,15360
284,364.800000,19118.600000,14880
285,2080.900000,1.800000,15360
286,1288.000000,16707.800000,14880
287,1570.400000,1.600000,15360
288,1252.800000,17123.300000,14880
289,1378.100000,1.400000,15360
290,1176.200000,17501.600000,14880
291,1502.400000,2.300000,15360
292,1408.900000,17108.100000,14880
293,1385.800000,1.700000,15360
294,1157.800000,17446.200000,14880
295,2192.700000,1.900000,15360
296,1204.000000,16722.300000,14880
297,1381.600000,1.600000,15360
298,1165.500000,17520.700000,14880
299,1794.900000,2.100000,15360
300,1502.900000,16675.600000,14880
301,1639.100000,1.700000,15360
302,1508.800000,16996.400000,14880
303,2462.400000,2.100000,15360
304,1410.900000,16168.800000,14880
305,1929.800000,1.800000,15360
306,1344.600000,16860.200000,14880
307,2656.700000,2.200000,15360
308,1517.700000,15828.900000,14880
309,2645.100000,2.500000,15360
310,1921.200000,15430.200000,14880
311,1477.200000,1.700000,15360
312,1228.900000,17378.100000,14880
313,2769.900000,2.800000,15360
314,2681.500000,13654.200000,14880
315,3130.800000,2.300000,15360
316,1408.100000,15463.300000,14880
317,2888.600000,3.300000,15360
318,1986.300000,15139.400000,14880
319,1379.600000,1.400000,15360
320,1210.900000,17464.600000,14880
321,573.900000,1.400000,15360
322,386.000000,19143.400000,14880
323,753.800000,1.900000,15360
324,353.600000,18893.000000,14880
325,697.000000,1.700000,15360
326,604.000000,18703.800000,14880
327,834.900000,2.300000,15360
328,415.600000,18828.400000,14880
329,546.900000,1.300000,15360
330,385.700000,19053.300000,14880
331,1043.800000,3.500000,15360
332,761.600000,18252.700000,14880
333,688.800000,1.400000,15360
334,347.900000,19026.100000,14880
335,762.600000,2.000000,15360
336,598.000000,18762.100000,14880
337,579.600000,1.500000,15360
338,362.700000,19285.100000,14880
339,685.500000,1.800000,15360
340,449.600000,18889.800000,14880
341,955.800000,2.300000,15360
342,459.100000,18647.100000,14880
343,872.600000,2.600000,15360
344,495.900000,18304.700000,14880
345,780.200000,2.900000,15360
346,568.900000,18662.300000,14880
347,916.700000,2.100000,15360
348,368.100000,18748.400000,14880
349,1049.200000,2.400000,15360
350,734.800000,18241.400000,14880
351,717.700000,2.300000,15360
352,560.400000,18835.400000,14880
353,795.100000,2.200000,15360
354,429.100000,18827.400000,14880
355,1132.400000,2.000000,15360
356,520.200000,17450.800000,14880
357,758.400000,1.600000,15360
358,383.700000,18928.100000,14880
359,548.200000,1.700000,15360
360,376.200000,19105.700000,14880
361,577.900000,1.500000,15360
362,421.200000,19068.200000,14880
363,869.100000,2.400000,15360
364,437.000000,18706.600000,14880
365,787.400000,2.200000,15360
366,652.800000,18581.600000,14880
367,1042.500000,2.400000,15360
368,435.300000,18583.700000,14880
369,765.100000,2.200000,15360
370,447.600000,18765.000000,14880
371,589.000000,1.500000,15360
372,423.600000,19017.800000,14880
373,829.100000,2.200000,15360
374,407.900000,18807.500000,14880
375,577.000000,1.600000,15360
376,527.300000,18909.800000,14880
377,893.100000,2.300000,15360
378,374.600000,18920.200000,14880
379,545.400000,1.200000,15360
380,373.500000,19014.600000,14880
381,930.100000,2.400000,15360
382,466.200000,18640.900000,14880
383,536.700000,1.600000,15360
384,362.600000,19084.200000,14880
385,747.400000,2.100000,15360
386,826.100000,18556.900000,14880
387,1465.900000,1.300000,15360
388,1245.500000,17332.500000,14880
389,1870.700000,1.800000,15360
390,1182.700000,16934.400000,14880
391,1537.700000,1.800000,15360
392,1288.500000,17207.100000,14880
393,1377.400000,1.500000,15360
394,1218.100000,17478.500000,14880
395,1780.000000,1.700000,15360
396,1160.500000,17136.900000,14880
397,1510.800000,1.600000,15360
398,1284.100000,17241.800000,14880
399,1571.700000,1.500000,15360
400,1222.000000,17186.000000,14880
401,2152.400000,1.600000,15360
402,1184.500000,15734.800000,14880
403,2551.900000,2.900000,15360
404,1408.700000,16006.700000,14880
405,2027.400000,2.000000,15360
406,1212.900000,16770.200000,14880
407,1448.300000,1.500000,15360
408,1199.900000,17435.600000,14880
409,2402.800000,2.900000,15360
410,2102.300000,15621.800000,14880
411,2343.100000,2.600000,15360
412,1794.000000,15890.300000,14880
413,1437.900000,1.600000,15360
414,1251.400000,17330.900000,14880
415,2129.300000,1.900000,15360
416,1294.000000,16626.800000,14880
417,1608.000000,1.800000,15360
418,1283.800000,17138.300000,14880
419,1364.500000,1.500000,15360
420,1253.900000,17446.200000,14880
421,1665.900000,1.800000,15360
422,1285.700000,17068.200000,14880
423,2309.100000,2.500000,15360
424,2424.000000,15296.300000,14880
425,2595.900000,2.200000,15360
426,1171.200000,16327.500000,14880
427,2046.900000,1.700000,15360
428,1154.900000,16890.000000,14880
429,2775.800000,3.000000,15360
430,1508.400000,15694.500000,14880
431,1534.400000,1.900000,15360
432,1359.300000,17253.500000,14880
433,1692.000000,2.700000,15360
434,1958.000000,16393.600000,14880
435,3127.400000,3.100000,15360
436,1808.000000,15099.600000,14880
437,2226.300000,2.900000,15360
438,1820.300000,15969.200000,14880
439,2042.600000,2.400000,15360
440,1715.300000,15380.300000,14880
441,2489.200000,2.600000,15360
442,1879.400000,15691.700000,14880
443,1875.900000,2.500000,15360
444,1814.600000,16349.000000,14880
445,3480.900000,3.700000,15360
446,2330.300000,14234.900000,14880
447,2475.000000,2.600000,15360
448,1693.000000,15873.100000,14880
449,1808.100000,2.000000,15360
450,538.100000,17672.300000,14880
451,1138.100000,3.000000,15360
452,665.000000,18212.700000,14880
453,727.200000,2.400000,15360
454,1699.900000,17611.300000,14880
455,2302.100000,2.500000,15360
456,1900.800000,15862.100000,14880
457,2251.800000,2.200000,15360
458,1419.100000,16359.100000,14880
459,2575.300000,3.600000,15360
460,2428.400000,15130.600000,14880
461,3303.200000,4.400000,15360
462,2572.700000,14272.900000,14880
463,3050.800000,2.200000,15360
464,1663.600000,15365.900000,14880
465,3168.400000,3.900000,15360
466,2616.800000,13339.400000,14880
467,3364.700000,3.700000,15360
468,2182.400000,14462.800000,14880
469,2055.400000,3.300000,15360
470,1925.100000,16045.600000,14880
471,2168.700000,3.000000,15360
472,2021.300000,15838.500000,14880
473,2579.500000,3.000000,15360
474,2487.400000,14968.200000,14880
475,1678.600000,2.300000,15360
476,1454.000000,16916.500000,14880
477,1419.900000,1.600000,15360
478,1311.600000,17305.800000,14880
479,931.700000,2.400000,15360
480,682.300000,18424.200000,14880
481,726.800000,1.700000,15360
482,1349.300000,18002.100000,14880
483,929.400000,2.200000,15360
484,1514.100000,17533.700000,14880
485,1742.300000,2.000000,15360
486,1407.800000,16954.500000,14880
487,1910.600000,1.900000,15360
488,1215.800000,16903.700000,14880
489,3246.800000,3.100000,15360
490,2200.200000,14586.700000,14880
491,1941.900000,1.700000,15360
492,1245.100000,16838.700000,14880
493,1984.200000,2.400000,15360
494,1491.900000,16642.900000,14880
495,1516.900000,1.900000,15360
496,1245.300000,17214.000000,14880
497,2201.500000,2.800000,15360
498,1392.400000,16465.700000,14880
499,1620.800000,1.600000,15360
500,1277.900000,17078.500000,14880
501,1415.800000,1.700000,15360
502,1224.400000,17388.900000,14880
503,1663.500000,2.200000,15360
504,1529.600000,16944.500000,14880
505,1541.500000,1.600000,15360
506,1255.400000,17222.800000,14880
507,1565.800000,1.700000,15360
508,1277.400000,17233.800000,14880
509,1511.000000,1.700000,15360
510,1274.200000,17251.600000,14880
511,1419.200000,1.600000,15360
512,1277.300000,16368.500000,14880
513,1390.700000,1.500000,15360
514,1172.100000,17420.800000,14880
515,2250.400000,1.900000,15360
516,1070.200000,16696.400000,14880
517,2548.700000,2.500000,15360
518,1536.300000,15926.700000,14880
519,1446.100000,1.500000,15360
520,1217.000000,17379.200000,14880
521,2191.800000,2.000000,15360
522,1010.000000,16805.800000,14880
523,1284.000000,1.500000,15360
524,1250.600000,17483.900000,14880
525,2586.400000,2.300000,15360
526,1324.700000,16107.400000,14880
527,1453.300000,1.600000,15360
528,1200.500000,17366.100000,14880
529,2329.800000,2.300000,15360
530,1344.300000,16341.100000,14880
531,1667.200000,1.600000,15360
532,1194.700000,17162.000000,14880
533,1399.800000,1.800000,15360
534,1245.000000,17363.200000,14880
535,1545.000000,1.800000,15360
536,1287.300000,17187.300000,14880
537,2353.400000,2.400000,15360
538,1536.800000,16191.700000,14880
539,1662.600000,1.700000,15360
540,1360.000000,16997.100000,14880
541,1534.900000,1.800000,15360
542,1349.700000,17129.100000,14880
543,1557.300000,1.900000,15360
544,1419.700000,17127.600000,14880
545,1756.100000,1.800000,15360
546,1204.900000,17064.000000,14880
547,1828.600000,1.800000,15360
548,1176.700000,17088.000000,14880
549,2054.600000,2.600000,15360
550,1741.200000,16238.000000,14880
551,561.100000,1.700000,15360
552,377.100000,18347.600000,14880
553,540.900000,1.300000,15360
554,365.500000,19119.300000,14880
555,1017.600000,2.500000,15360
556,511.600000,18508.800000,14880
557,1933.700000,2.200000,15360
558,1352.800000,16730.200000,14880
559,1987.000000,2.900000,15360
560,1935.600000,16227.600000,14880
561,1799.400000,2.500000,15360
562,1842.700000,16526.000000,14880
563,1840.900000,2.700000,15360
564,1775.700000,16427.800000,14880
565,3354.500000,4.800000,15360
566,1940.900000,14768.000000,14880
567,2007.700000,2.200000,15360
568,1923.300000,16091.400000,14880
569,2689.400000,3.000000,15360
570,2001.200000,15334.700000,14880
571,2172.100000,2.500000,15360
572,2203.400000,15641.000000,14880
573,1534.100000,1.700000,15360
574,1392.700000,17120.800000,14880
575,2304.600000,2.400000,15360
576,1601.900000,16103.400000,14880
577,1642.800000,1.500000,15360
578,1279.900000,17101.700000,14880
579,1984.200000,1.900000,15360
580,1462.700000,16186.000000,14880
581,2718.400000,2.700000,15360
582,1933.400000,15413.400000,14880
583,3092.800000,3.300000,15360
584,1969.600000,14976.000000,14880
585,1587.600000,1.900000,15360
586,1340.500000,17131.000000,14880
587,1655.900000,1.700000,15360
588,1260.800000,17115.700000,14880
589,2098.300000,2.800000,15360
590,1999.800000,15922.700000,14880
591,2278.900000,1.800000,15360
592,1288.300000,16482.100000,14880
593,1640.500000,1.800000,15360
594,1837.400000,16572.800000,14880
595,3407.700000,3.200000,15360
596,1665.500000,15002.000000,14880
597,3183.900000,3.200000,15360
598,2692.000000,14167.700000,14880
599,2175.000000,2.300000,15360
600,1790.900000,16039.900000,14880
601,1697.200000,1.800000,15360
602,1388.800000,16949.600000,14880
603,1910.400000,2.200000,15360
604,1531.800000,16623.700000,14880
605,3635.900000,3.300000,15360
606,2616.000000,12803.400000,14880
607,1485.600000,1.500000,15360
608,1280.900000,17268.100000,14880
609,911.700000,2.500000,15360
610,549.100000,18551.900000,14880
611,624.400000,1.500000,15360
612,1464.500000,17949.300000,14880
613,2996.900000,2.300000,15360
614,1864.200000,15171.600000,14880
615,1827.400000,2.000000,15360
616,1633.400000,16586.300000,14880
617,1591.600000,1.900000,15360
618,1403.300000,17036.900000,14880
619,2312.000000,2.100000,15360
620,1428.200000,16291.700000,14880
621,3264.500000,5.600000,15360
622,3154.600000,13658.100000,14880
623,2997.800000,2.300000,15360
624,1465.800000,15670.500000,14880
625,2211.300000,3.600000,15360
626,1689.600000,16127.700000,14880
627,3095.700000,3.600000,15360
628,2684.800000,14261.700000,14880
629,2188.600000,2.400000,15360
630,1528.000000,16322.100000,14880
631,2185.100000,3.700000,15360
632,1879.900000,15966.900000,14880
633,2998.600000,2.400000,15360
634,2046.200000,14990.400000,14880
635,2169.500000,1.800000,15360
636,1209.600000,16647.900000,14880
637,2643.700000,2.800000,15360
638,1855.000000,15618.700000,14880
639,3632.700000,4.000000,15360
640,2382.600000,13102.700000,14880
641,1441.500000,1.500000,15360
642,1148.400000,17435.600000,14880
643,1361.900000,1.800000,15360
644,1162.000000,17495.300000,14880
645,1622.200000,1.400000,15360
646,1175.000000,17265.200000,14880
647,1520.600000,1.600000,15360
648,1319.300000,17162.800000,14880
649,1477.600000,1.900000,15360
650,1412.600000,17120.900000,14880
651,1617.700000,2.400000,15360
652,1455.000000,16968.300000,14880
653,2435.200000,2.700000,15360
654,2609.500000,14977.200000,14880
655,2842.300000,3.100000,15360
656,1790.700000,15390.400000,14880
657,2277.600000,2.200000,15360
658,1303.300000,16458.800000,14880
659,2198.300000,2.800000,15360
660,2083.400000,15750.500000,14880
661,2828.000000,2.000000,15360
662,1343.200000,15886.800000,14880
663,2557.900000,2.700000,15360
664,1853.300000,15631.500000,14880
665,1831.100000,1.800000,15360
666,1322.600000,16858.700000,14880
667,2279.800000,2.100000,15360
668,1328.300000,16448.500000,14880
669,1978.000000,2.200000,15360
670,1674.400000,16396.300000,14880
671,1753.000000,1.700000,15360
672,1342.800000,17006.100000,14880
673,3113.300000,2.100000,15360
674,1930.100000,14984.000000,14880
675,3352.600000,2.600000,15360
676,2999.400000,13709.300000,14880
677,2116.600000,2.500000,15360
678,1987.900000,15938.500000,14880
679,2991.100000,2.700000,15360
680,964.700000,16077.500000,14880
681,855.000000,1.800000,15360
682,435.600000,18677.800000,14880
683,916.400000,2.500000,15360
684,684.000000,18443.500000,14880
685,925.700000,3.000000,15360
686,672.100000,18457.700000,14880
687,811.000000,2.500000,15360
688,589.700000,17649.200000,14880
689,1061.500000,2.700000,15360
690,782.100000,18173.300000,14880
691,752.600000,2.200000,15360
692,519.000000,18750.700000,14880
693,715.100000,2.400000,15360
694,547.600000,18770.600000,14880
695,1101.900000,3.100000,15360
696,967.000000,17961.800000,14880
697,612.100000,1.800000,15360
698,426.200000,18986.200000,14880
699,557.700000,1.600000,15360
700,406.100000,19073.300000,14880
701,907.300000,2.300000,15360
702,469.800000,18641.300000,14880
703,583.600000,1.600000,15360
704,413.400000,19041.200000,14880
705,874.400000,2.500000,15360
706,654.600000,18492.900000,14880
707,968.400000,2.500000,15360
708,480.000000,18585.800000,14880
709,1135.800000,2.800000,15360
710,610.300000,18436.800000,14880
711,1006.100000,2.400000,15360
712,470.900000,18554.300000,14880
713,930.400000,2.300000,15360
714,494.100000,18615.800000,14880
715,965.400000,1.800000,15360
716,489.500000,18722.100000,14880
717,771.200000,1.800000,15360
718,567.500000,18721.600000,14880
719,631.500000,1.500000,15360
720,454.600000,18940.400000,14880
721,615.700000,2.300000,15360
722,437.300000,19046.600000,14880
723,895.500000,2.200000,15360
724,389.400000,17813.700000,14880
725,879.600000,3.500000,15360
726,789.100000,18418.600000,14880
727,998.100000,2.600000,15360
728,508.100000,18517.500000,14880
729,878.100000,2.500000,15360
730,493.500000,18702.900000,14880
731,825.500000,2.300000,15360
732,429.400000,18720.000000,14880
733,564.100000,1.700000,15360
734,373.100000,19109.000000,14880
735,1319.700000,2.600000,15360
736,441.000000,18247.400000,14880
737,2639.900000,2.800000,15360
738,1754.700000,15632.700000,14880
739,3247.900000,3.200000,15360
740,2327.500000,14515.600000,14880
741,2582.500000,2.500000,15360
742,1660.700000,15781.000000,14880
743,1624.300000,2.400000,15360
744,3055.600000,15361.200000,14880
745,2026.300000,1.700000,15360
746,1405.900000,16641.500000,14880
747,2788.100000,3.000000,15360
748,2052.700000,15191.400000,14880
749,3231.100000,3.100000,15360
750,1972.200000,14778.300000,14880
751,2294.600000,2.500000,15360
752,1488.000000,16317.000000,14880
753,2334.400000,2.600000,15360
754,2818.400000,14864.500000,14880
755,2977.000000,3.100000,15360
756,2161.900000,14891.900000,14880
757,2599.600000,3.000000,15360
758,1877.700000,15569.700000,14880
759,3076.100000,2.300000,15360
760,1437.200000,15534.300000,14880
761,2377.000000,2.100000,15360
762,1585.800000,16080.500000,14880
763,1504.800000,2.400000,15360
764,1464.000000,16180.600000,14880
765,2683.700000,2.200000,15360
766,1399.100000,15959.200000,14880
767,2396.100000,1.900000,15360
768,1253.100000,16423.600000,14880
769,3335.000000,3.200000,15360
770,2456.900000,14326.300000,14880
771,2289.100000,2.500000,15360
772,1400.600000,16337.700000,14880
773,2719.800000,2.700000,15360
774,3201.600000,14125.600000,14880
775,2338.300000,2.100000,15360
776,1571.100000,16123.400000,14880
777,2331.900000,2.800000,15360
778,1747.200000,16100.300000,14880
779,1613.300000,2.500000,15360
780,1868.300000,16671.900000,14880
781,2550.300000,2.500000,15360
782,2702.500000,14797.900000,14880
783,1769.900000,1.600000,15360
784,1387.100000,16899.400000,14880
785,2537.700000,3.100000,15360
786,1910.100000,15604.000000,14880
787,2546.500000,2.400000,15360
788,1099.200000,15390.000000,14880
789,1682.400000,1.800000,15360
790,2086.400000,16282.200000,14880
791,2419.600000,2.100000,15360
792,1158.900000,16465.500000,14880
793,3005.400000,2.500000,15360
794,1928.200000,15083.000000,14880
795,2675.500000,2.500000,15360
796,1758.800000,15592.500000,14880
797,3037.700000,3.700000,15360
798,3097.100000,13891.000000,14880
799,2821.400000,3.200000,15360
800,2261.700000,14946.400000,14880
801,2422.300000,2.300000,15360
802,1665.900000,15946.200000,14880
803,2199.500000,1.900000,15360
804,1262.400000,16544.400000,14880
805,1554.600000,1.800000,15360
806,1353.000000,17148.000000,14880
807,1344.200000,2.000000,15360
808,1245.400000,17410.500000,14880
809,3011.600000,2.800000,15360
810,1834.500000,15161.600000,14880
811,1572.800000,1.700000,15360
812,1412.900000,17050.400000,14880
813,2032.400000,1.600000,15360
814,1152.800000,16822.600000,14880
815,1690.900000,2.000000,15360
816,1291.100000,17068.100000,14880
817,2341.800000,3.500000,15360
818,1285.100000,16395.900000,14880
819,2545.900000,2.900000,15360
820,1829.800000,15648.100000,14880
821,2899.600000,4.000000,15360
822,2237.100000,14889.000000,14880
823,2353.800000,2.100000,15360
824,1519.500000,16154.400000,14880
825,1932.900000,2.000000,15360
826,1249.200000,16842.600000,14880
827,1386.400000,1.700000,15360
828,1249.600000,17394.100000,14880
829,2901.200000,2.900000,15360
830,1805.600000,15314.600000,14880
831,2068.500000,1.800000,15360
832,1085.000000,16877.300000,14880
833,1536.100000,1.800000,15360
834,1196.900000,17306.700000,14880
835,1519.700000,1.800000,15360
836,1120.800000,17393.100000,14880
837,1002.600000,3.400000,15360
838,1725.800000,17371.400000,14880
839,1004.400000,2.300000,15360
840,509.400000,18513.600000,14880
841,584.700000,1.600000,15360
842,473.600000,18112.200000,14880
843,705.300000,2.100000,15360
844,1552.800000,17726.100000,14880
845,2795.100000,2.900000,15360
846,2358.900000,14862.700000,14880
847,1906.100000,1.800000,15360
848,1197.200000,16928.300000,14880
849,1649.800000,1.700000,15360
850,1370.800000,17162.800000,14880
851,2567.100000,2.500000,15360
852,1836.200000,15621.900000,14880
853,1881.700000,1.800000,15360
854,1311.700000,16851.700000,14880
855,1478.700000,1.700000,15360
856,1273.500000,17321.000000,14880
857,2178.600000,2.000000,15360
858,1251.100000,16629.300000,14880
859,1524.400000,1.500000,15360
860,1246.800000,17228.600000,14880
861,2099.400000,1.700000,15360
862,1151.200000,16805.100000,14880
863,1552.100000,1.700000,15360
864,1346.200000,17147.700000,14880
865,2757.300000,3.300000,15360
866,1994.500000,15300.100000,14880
867,1446.700000,1.600000,15360
868,1269.400000,17308.300000,14880
869,2442.200000,2.300000,15360
870,1323.600000,16258.900000,14880
871,2531.600000,3.200000,15360
872,1544.300000,15986.000000,14880
873,2632.900000,2.700000,15360
874,1937.100000,15436.300000,14880
875,1601.100000,1.800000,15360
876,1307.500000,16278.700000,14880
877,1338.000000,1.400000,15360
878,1065.400000,17634.900000,14880
879,3396.300000,2.900000,15360
880,2544.900000,14066.500000,14880
881,1939.600000,1.700000,15360
882,870.700000,17232.000000,14880
883,2776.700000,3.300000,15360
884,2709.400000,14515.400000,14880
885,2714.300000,3.000000,15360
886,1526.000000,15768.000000,14880
887,2418.700000,2.000000,15360
888,1228.400000,16377.900000,14880
889,1358.600000,1.600000,15360
890,1206.300000,17541.500000,14880
891,1667.100000,1.800000,15360
892,1399.300000,16909.800000,14880
893,1441.800000,1.700000,15360
894,1283.000000,17320.200000,14880
895,590.100000,1.600000,15360
896,407.500000,18998.200000,14880
897,568.100000,1.400000,15360
898,358.700000,19112.900000,14880
899,843.600000,2.300000,15360
900,596.700000,18680.600000,14880
901,576.400000,1.500000,15360
902,375.400000,19232.000000,14880
903,621.300000,1.700000,15360
904,383.600000,19020.300000,14880
905,582.100000,1.700000,15360
906,398.900000,19134.300000,14880
907,803.000000,2.000000,15360
908,366.400000,18893.600000,14880
909,621.900000,1.600000,15360
910,394.300000,19066.700000,14880
911,810.200000,1.500000,15360
912,341.900000,17821.900000,14880
913,702.800000,1.500000,15360
914,374.600000,18980.700000,14880
915,927.700000,2.800000,15360
916,452.900000,18591.400000,14880
917,986.700000,2.700000,15360
918,468.800000,18580.100000,14880
919,914.700000,2.400000,15360
920,487.400000,18656.000000,14880
921,1029.600000,3.100000,15360
922,566.800000,18441.900000,14880
923,929.700000,1.600000,15360
924,383.200000,18786.800000,14880
925,722.400000,1.800000,15360
926,517.100000,18800.200000,14880
927,919.000000,1.800000,15360
928,398.700000,18768.700000,14880
929,950.300000,2.300000,15360
930,471.400000,18641.300000,14880
931,868.300000,2.100000,15360
932,402.700000,18737.400000,14880
933,927.300000,2.800000,15360
934,578.400000,18703.500000,14880
935,1155.300000,2.400000,15360
936,427.500000,18519.700000,14880
937,677.600000,1.600000,15360
938,481.200000,18784.900000,14880
939,698.600000,1.500000,15360
940,404.100000,18921.200000,14880
941,1512.900000,4.800000,15360
942,926.700000,17664.100000,14880
943,607.700000,1.700000,15360
944,399.100000,19045.100000,14880
945,883.400000,1.600000,15360
946,408.900000,17745.400000,14880
947,947.700000,2.600000,15360
948,475.700000,18606.000000,14880
949,847.600000,2.300000,15360
950,487.900000,18691.900000,14880
951,1002.400000,2.600000,15360
952,506.800000,18507.100000,14880
953,885.300000,2.100000,15360
954,461.100000,18688.600000,14880
955,1071.000000,2.700000,15360
956,500.400000,18442.200000,14880
957,664.300000,2.100000,15360
958,516.800000,18852.800000,14880
959,804.400000,2.400000,15360
960,583.800000,18650.200000,14880
961,974.600000,2.700000,15360
962,544.200000,18517.300000,14880
963,838.600000,2.300000,15360
964,422.900000,18809.600000,14880
965,955.500000,4.400000,15360
966,851.200000,18313.100000,14880
967,683.400000,1.900000,15360
968,402.500000,18945.300000,14880
969,888.300000,2.600000,15360
970,546.200000,18608.200000,14880
971,556.400000,1.400000,15360
972,386.300000,19114.500000,14880
973,791.400000,2.300000,15360
974,428.300000,18804.800000,14880
975,539.900000,1.400000,15360
976,388.500000,19094.900000,14880
977,906.400000,2.500000,15360
978,454.000000,18710.200000,14880
979,973.300000,2.700000,15360
980,500.500000,18509.500000,14880
981,965.300000,2.400000,15360
982,559.200000,18527.700000,14880
983,568.800000,1.400000,15360
984,388.600000,19042.200000,14880
985,740.900000,1.800000,15360
986,452.300000,18841.000000,14880
987,906.800000,2.300000,15360
988,454.000000,18784.000000,14880
989,1077.800000,3.100000,15360
990,1146.100000,16826.900000,14880
991,686.500000,1.500000,15360
992,427.200000,19057.900000,14880
993,946.100000,2.800000,15360
994,499.800000,18530.300000,14880
995,847.800000,2.200000,15360
996,455.600000,18809.000000,14880
997,787.100000,2.200000,15360
998,410.600000,18953.200000,14880
999,538.200000,1.500000,15360
1000,391.000000,19140.800000,14880
1001,585.000000,1.500000,15360
1002,377.700000,18969.000000,14880
1003,507.100000,1.300000,15360
1004,345.100000,19162.200000,14880
1005,563.500000,1.500000,15360
1006,360.400000,19100.400000,14880
1007,542.500000,1.800000,15360
1008,393.200000,19084.300000,14880
1009,680.400000,1.700000,15360
1010,483.700000,18874.700000,14880
1011,950.400000,2.500000,15360
1012,553.900000,18548.700000,14880
1013,728.100000,2.100000,15360
1014,394.900000,18947.500000,14880
1015,869.300000,2.400000,15360
1016,453.300000,18670.900000,14880
1017,844.400000,1.700000,15360
1018,399.200000,18774.300000,14880
1019,543.400000,1.400000,15360
1020,532.500000,18962.900000,14880
1021,981.200000,2.900000,15360
1022,647.000000,18451.900000,14880
1023,935.100000,2.500000,15360
1024,529.900000,17675.100000,14880
1025,807.600000,2.500000,15360
1026,942.200000,18275.100000,14880
1027,611.700000,1.600000,15360
1028,398.100000,19036.300000,14880
1029,1195.600000,2.800000,15360
1030,515.800000,18326.100000,14880
1031,1067.100000,2.600000,15360
1032,506.000000,18439.200000,14880
1033,898.200000,2.400000,15360
1034,391.300000,18745.900000,14880
1035,591.800000,1.600000,15360
1036,416.400000,19019.100000,14880
1037,602.700000,1.600000,15360
1038,389.400000,19045.900000,14880
1039,1259.200000,2.300000,15360
1040,521.600000,18255.200000,14880
1041,557.000000,1.500000,15360
1042,352.500000,19100.300000,14880
1043,828.100000,2.400000,15360
1044,466.700000,18872.200000,14880
1045,907.400000,2.300000,15360
1046,445.600000,18695.000000,14880
1047,2.500000,1.100000,15360
1048,1.100000,20061.400000,14880
1049,4.800000,2.600000,15360
1050,2.900000,20104.800000,14880
1051,2.900000,1.600000,15360
1052,1.600000,20005.800000,14880
1053,2.500000,1.200000,15360
1054,1.100000,20002.100000,14880
1055,3.100000,1.700000,15360
1056,1.600000,20057.800000,14880
1057,3.500000,2.200000,15360
1058,2.000000,20028.400000,14880
1059,2.700000,1.400000,15360
1060,1.300000,20032.100000,14880
1061,3.200000,1.600000,15360
1062,1.600000,20012.800000,14880
1063,2.700000,1.600000,15360
1064,1.400000,20025.800000,14880
1065,3.300000,1.900000,15360
1066,1.800000,19046.800000,14880
1067,2.800000,1.100000,15360
1068,1.200000,20036.700000,14880
1069,2.900000,1.500000,15360
1070,1.200000,20038.000000,14880
1071,3.300000,2.100000,15360
1072,1.900000,20084.900000,14880
1073,3.600000,1.600000,15360
1074,1.600000,20027.100000,14880
1075,2.900000,1.400000,15360
1076,1.400000,20003.900000,14880
1077,3.400000,1.900000,15360
1078,1.700000,20030.600000,14880
1079,5.200000,3.400000,15360
1080,3.000000,20008.100000,14880
1081,3.000000,1.700000,15360
1082,1.500000,20022.500000,14880
1083,3.000000,1.500000,15360
1084,1.400000,20029.900000,14880
1085,3.100000,2.000000,15360
1086,1.700000,20043.700000,14880
1087,3.000000,1.600000,15360
1088,1.500000,20018.700000,14880
1089,2.500000,1.000000,15360
1090,1.100000,20037.400000,14880
1091,13.200000,4.800000,15360
1092,1.100000,20037.600000,14880
1093,2.800000,1.700000,15360
1094,1.600000,20023.700000,14880
1095,2.900000,1.700000,15360
1096,1.500000,20017.300000,14880
1097,2.900000,1.700000,15360
1098,1.500000,20050.700000,14880
1099,3.700000,2.000000,15360
1100,1.800000,20044.900000,14880
1101,3.300000,1.900000,15360
1102,1.600000,20089.800000,14880
1103,2.400000,1.000000,15360
1104,1.000000,20042.600000,14880
1105,3.200000,1.600000,15360
1106,1.500000,20041.900000,14880
1107,2.800000,1.700000,15360
1108,1.500000,20031.600000,14880
1109,3.200000,2.000000,15360
1110,1.600000,19042.100000,14880
1111,3.400000,1.800000,15360
1112,1.800000,20019.300000,14880
1113,2.800000,1.600000,15360
1114,1.500000,20052.000000,14880
1115,3.400000,2.000000,15360
1116,1.700000,20052.500000,14880
1117,2.900000,1.100000,15360
1118,1.200000,20022.600000,14880
1119,2.800000,1.700000,15360
1120,1.300000,20299.100000,14880
1121,16.400000,11.800000,15360
1122,11.600000,20181.700000,14880
1123,3.900000,2.100000,15360
1124,2.000000,20004.300000,14880
1125,4.600000,1.600000,15360
1126,1.300000,20021.000000,14880
1127,2.600000,1.200000,15360
1128,1.300000,20057.100000,14880
1129,2.900000,1.600000,15360
1130,1.400000,20017.300000,14880
1131,2.700000,1.500000,15360
1132,1.300000,20017.500000,14880
1133,3.200000,1.500000,15360
1134,1.600000,20077.700000,14880
1135,2.400000,0.900000,15360
1136,0.900000,20029.100000,14880
1137,2.400000,0.900000,15360
1138,1.100000,18975.800000,14880
1139,2.600000,1.200000,15360
1140,1.300000,20051.300000,14880
1141,4.900000,3.500000,15360
1142,3.000000,19946.100000,14880
1143,2.200000,1.000000,15360
1144,0.900000,20101.000000,14880
1145,2.900000,1.500000,15360
1146,1.300000,20000.900000,14880
1147,4.900000,3.300000,15360
1148,3.100000,20007.700000,14880
1149,3.200000,1.100000,15360
1150,1.100000,20064.000000,14880
1151,3.200000,1.800000,15360
1152,1.700000,19979.000000,14880
1153,3.000000,1.500000,15360
1154,1.500000,20025.000000,14880
1155,2.900000,1.300000,15360
1156,1.400000,20069.800000,14880
1157,3.100000,1.800000,15360
1158,1.700000,20023.700000,14880
1159,4.700000,3.300000,15360
1160,3.100000,20053.200000,14880
1161,2.900000,1.400000,15360
1162,1.400000,20084.400000,14880
1163,4.600000,3.200000,15360
1164,3.100000,19955.000000,14880
1165,4.100000,1.700000,15360
1166,1.500000,20057.900000,14880
1167,2.800000,1.400000,15360
1168,1.500000,20057.000000,14880
1169,2.800000,1.500000,15360
1170,1.400000,20055.300000,14880
1171,3.500000,2.100000,15360
1172,2.000000,20006.100000,14880
1173,4.700000,3.400000,15360
1174,3.000000,20012.600000,14880
1175,5.200000,3.400000,15360
1176,3.100000,20042.800000,14880
1177,2.900000,1.600000,15360
1178,1.500000,20075.300000,14880
1179,2.800000,1.500000,15360
1180,1.500000,20062.500000,14880
1181,2.200000,0.900000,15360
1182,1.000000,20033.700000,14880
1183,2.600000,1.400000,15360
1184,1.200000,18986.500000,14880
1185,2.400000,0.900000,15360
1186,0.900000,20056.500000,14880
1187,2.500000,1.300000,15360
1188,1.300000,20111.700000,14880
1189,2.000000,0.800000,15360
1190,0.900000,20030.100000,14880
1191,3.100000,1.700000,15360
1192,1.700000,20045.300000,14880
1193,3.100000,1.600000,15360
1194,1.500000,19980.800000,14880
1195,2.100000,1.200000,15360
1196,1.100000,20059.700000,14880
1197,2.600000,1.500000,15360
1198,1.200000,20051.100000,14880
1199,3.500000,2.100000,15360
1200,1.800000,20047.500000,14880
1201,2.400000,1.000000,15360
1202,1.000000,20103.400000,14880
1203,4.800000,3.300000,15360
1204,3.100000,20001.300000,14880
1205,4.000000,2.000000,15360
1206,1.900000,20016.500000,14880
1207,2.500000,1.000000,15360
1208,1.100000,20021.400000,14880
1209,2.500000,1.600000,15360
1210,1.100000,20020.800000,14880
1211,2.800000,1.500000,15360
1212,1.300000,20031.600000,14880
1213,3.000000,1.700000,15360
1214,1.600000,20016.200000,14880
1215,3.100000,1.600000,15360
1216,1.500000,20050.500000,14880
1217,2.500000,1.100000,15360
1218,1.000000,20014.000000,14880
1219,2.400000,1.000000,15360
1220,1.000000,20060.000000,14880
1221,2.600000,1.000000,15360
1222,1.000000,19984.900000,14880
1223,3.100000,1.900000,15360
1224,1.700000,20011.600000,14880
1225,2.800000,1.400000,15360
1226,1.400000,20059.600000,14880
1227,4.800000,3.200000,15360
1228,3.200000,19981.200000,14880
1229,2.800000,1.300000,15360
1230,1.300000,19205.800000,14880
1231,4.100000,2.300000,15360
1232,2.300000,20015.100000,14880
1233,2.400000,1.300000,15360
1234,1.000000,20043.000000,14880
1235,2.800000,1.000000,15360
1236,1.000000,20066.500000,14880
1237,2.600000,1.500000,15360
1238,1.400000,19994.700000,14880
1239,2.500000,1.800000,15360
1240,1.600000,20026.500000,14880
1241,4.800000,3.400000,15360
1242,3.200000,20040.000000,14880
1243,2.500000,1.000000,15360
1244,1.200000,19980.200000,14880
1245,3.000000,1.400000,15360
1246,1.200000,20019.800000,14880
1247,3.300000,1.900000,15360
1248,1.700000,20002.900000,14880
1249,2.600000,1.600000,15360
1250,1.400000,20053.600000,14880
1251,2.800000,1.200000,15360
1252,1.100000,20016.800000,14880
1253,3.100000,1.800000,15360
1254,1.500000,20015.700000,14880
1255,2.600000,1.000000,15360
1256,1.200000,20083.300000,14880
1257,2.500000,1.100000,15360
1258,1.000000,19903.000000,14880
1259,2.600000,1.000000,15360
1260,1.100000,20071.800000,14880
1261,3.300000,2.000000,15360
1262,2.000000,20012.200000,14880
1263,2.900000,1.600000,15360
1264,1.600000,20024.800000,14880
1265,3.100000,1.800000,15360
1266,1.700000,20084.700000,14880
1267,2.300000,1.100000,15360
1268,1.000000,20024.100000,14880
1269,5.600000,3.200000,15360
1270,3.100000,19970.400000,14880
1271,2.700000,1.300000,15360
1272,1.400000,20015.600000,14880
1273,2.400000,1.300000,15360
1274,1.300000,20048.900000,14880
1275,2.400000,1.100000,15360
1276,741.700000,19244.300000,14880
1277,667.300000,1.900000,15360
1278,430.100000,18967.300000,14880
1279,1261.100000,1.500000,15360
1280,1194.800000,17549.900000,14880
1281,1388.000000,1.700000,15360
1282,1096.900000,17602.500000,14880
1283,2130.500000,2.800000,15360
1284,1642.900000,15390.900000,14880
1285,1669.400000,1.600000,15360
1286,831.100000,17539.000000,14880
1287,1170.100000,1.600000,15360
1288,1144.000000,17702.000000,14880
1289,2367.400000,2.600000,15360
1290,2276.500000,15390.800000,14880
1291,2456.900000,2.300000,15360
1292,1592.400000,16006.000000,14880
1293,2777.200000,2.500000,15360
1294,1391.700000,15940.400000,14880
1295,2447.700000,2.300000,15360
1296,1082.000000,16503.600000,14880
1297,1670.600000,1.600000,15360
1298,735.200000,17606.200000,14880
1299,1788.100000,2.500000,15360
1300,626.900000,17669.800000,14880
1301,594.900000,1.700000,15360
1302,378.000000,19089.600000,14880
1303,625.100000,1.300000,15360
1304,391.800000,19081.000000,14880
1305,1789.500000,2.500000,15360
1306,1011.300000,17223.400000,14880
1307,1047.700000,1.200000,15360
1308,776.800000,18250.100000,14880
1309,1093.900000,1.500000,15360
1310,837.200000,18021.700000,14880
1311,1435.700000,1.800000,15360
1312,757.300000,17794.900000,14880
1313,986.300000,1.600000,15360
1314,778.700000,18405.900000,14880
1315,1062.200000,1.700000,15360
1316,1244.700000,16738.400000,14880
1317,1356.500000,1.700000,15360
1318,1264.600000,17446.900000,14880
1319,2610.000000,2.800000,15360
1320,2205.600000,15164.000000,14880
1321,1854.400000,1.600000,15360
1322,1565.400000,16623.100000,14880
1323,2528.800000,2.000000,15360
1324,1249.800000,16261.300000,14880
1325,2790.800000,1.700000,15360
1326,1103.200000,16194.600000,14880
1327,2998.100000,2.800000,15360
1328,1936.000000,15080.300000,14880
1329,2899.200000,2.500000,15360
1330,2311.100000,15174.100000,14880
1331,3046.700000,3.700000,15360
1332,2417.400000,14561.800000,14880
1333,3026.900000,3.700000,15360
1334,2269.400000,14749.100000,14880
1335,3255.000000,3.900000,15360
1336,2843.000000,13935.800000,14880
1337,1770.500000,1.700000,15360
1338,1282.900000,16982.100000,14880
1339,2019.200000,2.400000,15360
1340,1496.400000,16555.100000,14880
1341,1722.400000,2.000000,15360
1342,1.400000,18294.900000,14880
1343,3.000000,1.700000,15360
1344,1.600000,20047.900000,14880
1345,3.400000,2.000000,15360
1346,1150.600000,17882.700000,14880
1347,2838.600000,3.300000,15360
1348,1530.900000,15654.500000,14880
1349,2722.200000,3.100000,15360
1350,2215.200000,15118.700000,14880
1351,2746.300000,2.500000,15360
1352,1383.600000,15855.800000,14880
1353,2683.200000,3.000000,15360
1354,1909.700000,15468.800000,14880
1355,1913.700000,1.700000,15360
1356,1188.000000,16890.700000,14880
1357,2790.500000,3.200000,15360
1358,1486.100000,15738.700000,14880
1359,2374.500000,2.500000,15360
1360,1371.200000,16271.300000,14880
1361,2842.300000,2.000000,15360
1362,2437.700000,14809.600000,14880
1363,2822.500000,3.400000,15360
1364,2966.400000,14293.100000,14880
1365,1891.900000,2.800000,15360
1366,2447.300000,15701.600000,14880
1367,2656.600000,2.700000,15360
1368,1365.400000,15993.800000,14880
1369,2080.600000,3.400000,15360
1370,2373.800000,15561.000000,14880
1371,1579.300000,2.300000,15360
1372,1315.200000,17117.700000,14880
1373,1408.500000,1.500000,15360
1374,2383.100000,16237.400000,14880
1375,2528.100000,2.000000,15360
1376,924.600000,16677.400000,14880
1377,2789.100000,2.600000,15360
1378,1390.800000,15879.200000,14880
1379,1498.300000,2.400000,15360
1380,1598.900000,16959.700000,14880
1381,1542.200000,1.600000,15360
1382,1180.400000,17262.200000,14880
1383,2490.000000,2.300000,15360
1384,1872.800000,15671.900000,14880
1385,2477.600000,2.000000,15360
1386,1234.000000,16352.100000,14880
1387,2206.300000,1.800000,15360
1388,1025.500000,16770.200000,14880
1389,1478.300000,1.900000,15360
1390,1490.000000,17077.900000,14880
1391,1365.000000,1.500000,15360
1392,1167.400000,17508.100000,14880
1393,2009.400000,1.900000,15360
1394,1206.600000,15800.300000,14880
1395,2987.200000,2.300000,15360
1396,1565.400000,15479.000000,14880
1397,2523.600000,2.800000,15360
1398,1446.100000,16065.100000,14880
1399,2.800000,1.500000,15360
1400,1.300000,20038.300000,14880
1401,3.600000,1.500000,15360
1402,1.300000,20015.600000,14880
1403,2305.200000,2.000000,15360
1404,1345.100000,16364.900000,14880
1405,1784.200000,1.300000,15360
1406,1733.000000,16525.100000,14880
1407,2181.700000,1.600000,15360
1408,981.100000,16851.300000,14880
1409,1597.300000,1.900000,15360
1410,1973.200000,16468.500000,14880
1411,2075.200000,1.500000,15360
1412,1495.200000,16448.000000,14880
1413,1523.200000,1.800000,15360
1414,1511.900000,16980.000000,14880
1415,1766.100000,1.900000,15360
1416,1839.200000,16436.800000,14880
1417,2943.900000,3.000000,15360
1418,1848.600000,15269.100000,14880
1419,1507.700000,1.800000,15360
1420,1659.900000,16858.800000,14880
1421,1475.200000,1.600000,15360
1422,1145.900000,17377.800000,14880
1423,1782.500000,2.300000,15360
1424,1548.800000,16690.600000,14880
1425,2103.000000,1.800000,15360
1426,1380.800000,16537.100000,14880
1427,1570.200000,1.900000,15360
1428,1339.700000,17158.400000,14880
1429,1858.200000,1.700000,15360
1430,1551.000000,16608.100000,14880
1431,2334.100000,2.400000,15360
1432,1705.500000,15990.300000,14880
1433,2435.500000,2.300000,15360
1434,2126.400000,15484.600000,14880
1435,2956.800000,3.000000,15360
1436,2017.400000,15039.000000,14880
1437,1767.800000,1.400000,15360
1438,1032.400000,17227.800000,14880
1439,1483.100000,1.600000,15360
1440,1967.200000,16658.000000,14880
1441,1524.400000,1.600000,15360
1442,1273.000000,17179.500000,14880
1443,1511.300000,1.800000,15360
1444,1358.100000,17257.600000,14880
1445,1825.800000,1.800000,15360
1446,1367.500000,16782.400000,14880
1447,1625.500000,1.900000,15360
1448,1356.000000,17072.800000,14880
1449,2225.500000,2.100000,15360
1450,1598.300000,15159.900000,14880
1451,2090.300000,2.900000,15360
1452,1774.100000,16228.200000,14880
1453,2.900000,1.600000,15360
1454,1.500000,20005.200000,14880
1455,2.800000,1.200000,15360
1456,1.300000,20052.800000,14880
1457,1412.500000,1.600000,15360
1458,1220.700000,17395.300000,14880
1459,1541.800000,1.600000,15360
1460,1727.400000,16780.500000,14880
1461,2037.700000,1.600000,15360
1462,1128.100000,16904.800000,14880
1463,2452.500000,2.900000,15360
1464,2453.900000,15057.300000,14880
1465,2695.800000,3.000000,15360
1466,1391.200000,15963.800000,14880
1467,1382.300000,1.400000,15360
1468,1212.800000,17504.600000,14880
1469,6233.600000,4.700000,15360
1470,2264.900000,11595.900000,14880
1471,2219.200000,2.000000,15360
1472,1307.900000,16505.500000,14880
1473,2003.000000,3.000000,15360
1474,2348.800000,15803.700000,14880
1475,1553.100000,2.300000,15360
1476,1323.700000,17111.700000,14880
1477,2250.200000,2.900000,15360
1478,2112.100000,15133.300000,14880
1479,2640.600000,2.400000,15360
1480,1709.400000,15718.000000,14880
1481,1616.700000,2.000000,15360
1482,1470.000000,16908.100000,14880
1483,1552.800000,1.800000,15360
1484,1934.900000,16548.100000,14880
1485,3035.200000,2.600000,15360
1486,1665.000000,15347.400000,14880
1487,2217.500000,1.800000,15360
1488,1506.900000,16281.400000,14880
1489,1836.600000,2.400000,15360
1490,1614.200000,16576.200000,14880
1491,2774.000000,2.000000,15360
1492,1172.400000,16082.700000,14880
1493,2442.600000,1.700000,15360
1494,1253.600000,16367.000000,14880
1495,1826.000000,2.200000,15360
1496,1464.600000,16745.800000,14880
1497,2435.900000,2.400000,15360
1498,1393.400000,16208.400000,14880
1499,2845.600000,3.200000,15360
1500,2732.200000,14478.300000,14880
1501,2282.800000,2.500000,15360
1502,1952.500000,15871.700000,14880
1503,2805.400000,3.100000,15360
1504,2488.100000,13968.500000,14880
1505,2896.100000,3.200000,15360
1506,2240.700000,14912.700000,14880
1507,3.300000,20.900000,15360
1508,1.700000,20010.300000,14880
1509,2.300000,1.000000,15360
1510,1.100000,20105.000000,14880
1511,2550.000000,3.000000,15360
1512,1475.500000,16001.200000,14880
1513,3032.800000,2.200000,15360
1514,1943.900000,15133.000000,14880
1515,2037.400000,2.900000,15360
1516,1523.300000,16419.200000,14880
1517,1613.100000,2.000000,15360
1518,1315.800000,17101.300000,14880
1519,2364.200000,2.000000,15360
1520,1513.800000,16122.700000,14880
1521,1695.600000,2.000000,15360
1522,1404.000000,16936.400000,14880
1523,1561.600000,1.500000,15360
1524,1312.700000,17190.500000,14880
1525,1506.700000,1.300000,15360
1526,1341.800000,17163.600000,14880
1527,2246.000000,2.200000,15360
1528,1217.700000,16650.000000,14880
1529,1614.300000,2.100000,15360
1530,1791.000000,16709.800000,14880
1531,1826.000000,1.900000,15360
1532,1182.800000,17118.000000,14880
1533,1501.000000,1.400000,15360
1534,1463.700000,16992.600000,14880
1535,1387.000000,1.400000,15360
1536,1198.200000,17423.700000,14880
1537,1439.400000,1.900000,15360
1538,1278.600000,17370.100000,14880
1539,1816.700000,2.100000,15360
1540,1420.000000,15763.000000,14880
1541,2539.700000,3.000000,15360
1542,2348.900000,15136.000000,14880
1543,1814.800000,1.700000,15360
1544,1379.200000,16855.700000,14880
1545,1854.100000,1.700000,15360
1546,1240.500000,16983.200000,14880
1547,2614.500000,2.900000,15360
1548,1811.700000,15567.400000,14880
1549,1468.800000,1.800000,15360
1550,1350.200000,17217.900000,14880
1551,2478.900000,3.000000,15360
1552,2111.400000,15545.700000,14880
1553,1385.400000,1.700000,15360
1554,1223.700000,17414.900000,14880
1555,1774.600000,2.200000,15360
1556,1528.400000,16729.200000,14880
1557,1825.900000,2.200000,15360
1558,1347.800000,16863.500000,14880
1559,1580.700000,1.900000,15360
1560,1634.600000,16839.000000,14880
1561,1495.800000,1.900000,15360
1562,1205.500000,17432.300000,14880
1563,1750.700000,1.800000,15360
1564,1368.400000,16775.200000,14880
1565,1950.800000,1.600000,15360
1566,1414.100000,16700.200000,14880
1567,1330.100000,1.400000,15360
1568,1162.300000,17524.400000,14880
1569,1506.800000,2.200000,15360
1570,1225.800000,17425.000000,14880
1571,1804.300000,2.000000,15360
1572,1494.200000,16656.400000,14880
1573,1445.800000,1.300000,15360
1574,1280.100000,17384.500000,14880
1575,2210.500000,2.000000,15360
1576,1120.500000,16690.400000,14880
1577,2273.200000,2.400000,15360
1578,974.000000,16763.700000,14880
1579,2406.700000,2.400000,15360
1580,1134.300000,16453.900000,14880
1581,1569.000000,1.400000,15360
1582,913.500000,17528.000000,14880
1583,1328.800000,1.400000,15360
1584,1152.200000,17558.300000,14880
1585,1276.700000,1.300000,15360
1586,1081.400000,16651.300000,14880
1587,1580.000000,2.000000,15360
1588,1275.800000,17213.800000,14880
1589,2477.900000,2.700000,15360
1590,1731.900000,15796.100000,14880
1591,1374.700000,1.500000,15360
1592,1142.700000,17562.700000,14880
1593,1609.400000,1.500000,15360
1594,1012.700000,17333.900000,14880
1595,1409.900000,1.500000,15360
1596,1208.100000,17406.100000,14880
1597,1264.600000,1.400000,15360
1598,1069.000000,17665.600000,14880
1599,1282.600000,1.300000,15360
1600,1357.900000,17392.400000,14880
1601,2153.500000,2.100000,15360
1602,1168.200000,16674.900000,14880
1603,1719.400000,2.100000,15360
1604,1415.600000,16919.200000,14880
1605,1598.100000,1.300000,15360
1606,1120.100000,17309.800000,14880
1607,1565.600000,1.600000,15360
1608,1141.600000,17409.900000,14880
1609,1286.300000,1.400000,15360
1610,1137.600000,17747.100000,14880
1611,1506.100000,2.000000,15360
1612,1393.700000,17129.200000,14880
1613,2282.200000,1.800000,15360
1614,1239.500000,16436.200000,14880
1615,1696.600000,1.500000,15360
1616,1221.500000,17170.700000,14880
1617,2454.800000,2.600000,15360
1618,1084.400000,16464.600000,14880
1619,1655.200000,1.600000,15360
1620,1097.900000,17321.100000,14880
1621,1554.900000,1.500000,15360
1622,1128.300000,17363.900000,14880
1623,2126.500000,2.600000,15360
1624,1900.500000,15985.600000,14880
1625,2522.600000,2.200000,15360
1626,1380.800000,16201.900000,14880
1627,1502.200000,1.600000,15360
1628,1276.400000,17267.100000,14880
1629,2010.900000,2.200000,15360
1630,1236.200000,16762.300000,14880
1631,1340.500000,1.300000,15360
1632,1130.700000,16670.500000,14880
1633,2539.400000,2.400000,15360
1634,1973.100000,15568.400000,14880
1635,1960.800000,1.900000,15360
1636,1315.100000,16757.700000,14880
1637,1452.800000,1.600000,15360
1638,1231.400000,17362.100000,14880
1639,1534.100000,1.500000,15360
1640,1250.200000,17227.000000,14880
1641,1434.800000,1.500000,15360
1642,1180.100000,17480.400000,14880
1643,1348.300000,1.600000,15360
1644,1220.200000,17537.900000,14880
1645,1605.900000,1.900000,15360
1646,1337.500000,17126.200000,14880
1647,1519.600000,1.700000,15360
1648,1237.600000,17229.800000,14880
1649,521.100000,1.400000,15360
1650,1285.200000,18235.200000,14880
1651,1020.300000,3.100000,15360
1652,571.000000,18478.100000,14880
1653,763.000000,2.100000,15360
1654,416.200000,18871.500000,14880
1655,745.200000,2.300000,15360
1656,492.500000,18736.400000,14880
1657,613.300000,1.700000,15360
1658,535.700000,18929.400000,14880
1659,1049.000000,2.600000,15360
1660,524.200000,18502.300000,14880
1661,813.500000,2.500000,15360
1662,472.700000,18730.000000,14880
1663,577.900000,1.400000,15360
1664,351.800000,19083.900000,14880
1665,800.400000,2.100000,15360
1666,465.200000,17821.100000,14880
1667,534.400000,1.700000,15360
1668,368.500000,19075.800000,14880
1669,629.900000,1.200000,15360
1670,341.600000,19063.800000,14880
1671,800.000000,2.300000,15360
1672,407.700000,18885.900000,14880
1673,710.700000,1.900000,15360
1674,340.900000,18933.500000,14880
1675,588.000000,1.400000,15360
1676,392.800000,19046.800000,14880
1677,985.300000,2.300000,15360
1678,550.600000,18558.600000,14880
1679,832.600000,3.100000,15360
1680,697.100000,18517.400000,14880
1681,630.800000,1.900000,15360
1682,398.600000,19013.200000,14880
1683,863.100000,2.400000,15360
1684,466.700000,18680.000000,14880
1685,726.000000,2.000000,15360
1686,582.200000,18719.000000,14880
1687,619.700000,1.700000,15360
1688,420.100000,19069.900000,14880
1689,957.500000,3.000000,15360
1690,642.700000,18379.500000,14880
1691,856.800000,2.200000,15360
1692,577.400000,18580.900000,14880
1693,698.400000,2.100000,15360
1694,485.600000,18835.800000,14880
1695,1501.900000,2.700000,15360
1696,705.100000,17859.600000,14880
1697,1083.000000,2.400000,15360
1698,730.700000,18195.700000,14880
1699,933.100000,2.100000,15360
1700,489.200000,18622.200000,14880
1701,760.000000,2.200000,15360
1702,564.300000,18727.500000,14880
1703,880.600000,2.800000,15360
1704,457.500000,18699.700000,14880
1705,809.200000,2.200000,15360
1706,455.000000,18809.500000,14880
1707,924.500000,2.400000,15360
1708,420.000000,18684.200000,14880
1709,1330.400000,4.200000,15360
1710,841.900000,17834.700000,14880
1711,941.000000,2.500000,15360
1712,448.100000,18619.700000,14880
1713,860.000000,1.900000,15360
1714,360.500000,18811.800000,14880
1715,945.800000,2.600000,15360
1716,483.700000,17654.900000,14880
1717,867.500000,2.100000,15360
1718,372.000000,18751.600000,14880
1719,646.200000,1.500000,15360
1720,415.600000,18929.900000,14880
1721,879.200000,2.100000,15360
1722,407.700000,18733.700000,14880
1723,870.000000,2.200000,15360
1724,411.900000,18776.800000,14880
1725,989.300000,2.600000,15360
1726,444.800000,18555.700000,14880
1727,1004.300000,3.100000,15360
1728,683.300000,18446.100000,14880
1729,564.000000,1.500000,15360
1730,366.600000,19326.800000,14880
1731,839.700000,2.400000,15360
1732,506.500000,18702.200000,14880
1733,785.000000,2.200000,15360
1734,412.800000,18989.000000,14880
1735,558.000000,1.600000,15360
1736,400.000000,19100.700000,14880
1737,545.500000,1.500000,15360
1738,365.400000,19077.600000,14880
1739,864.100000,1.900000,15360
1740,450.900000,17899.800000,14880
1741,1142.700000,3.000000,15360
1742,947.200000,17930.800000,14880
1743,809.500000,2.400000,15360
1744,552.600000,18714.500000,14880
1745,827.400000,1.900000,15360
1746,359.500000,18819.500000,14880
1747,936.900000,2.300000,15360
1748,693.500000,18478.800000,14880
1749,922.600000,2.300000,15360
1750,545.100000,18648.000000,14880
1751,554.100000,1.500000,15360
1752,530.200000,18952.300000,14880
1753,713.400000,1.900000,15360
1754,461.500000,18808.300000,14880
1755,907.900000,2.300000,15360
1756,416.000000,18691.000000,14880
1757,832.000000,2.300000,15360
1758,393.000000,18831.200000,14880
1759,1010.700000,2.700000,15360
1760,660.000000,18300.500000,14880
1761,947.800000,2.500000,15360
1762,420.900000,18701.700000,14880
1763,906.200000,2.500000,15360
1764,464.800000,18646.000000,14880
1765,517.400000,1.400000,15360
1766,332.800000,19463.500000,14880
1767,621.700000,1.600000,15360
1768,395.400000,18852.400000,14880
1769,713.000000,1.900000,15360
1770,496.000000,18728.900000,14880
1771,935.400000,2.300000,15360
1772,425.400000,18656.600000,14880
1773,1407.900000,3.900000,15360
1774,759.200000,17845.800000,14880
1775,618.600000,1.700000,15360
1776,426.400000,19012.300000,14880
1777,542.300000,1.400000,15360
1778,360.000000,19081.100000,14880
1779,546.900000,1.300000,15360
1780,381.300000,19091.300000,14880
1781,468.900000,1.200000,15360
1782,1019.800000,18535.100000,14880
1783,1366.500000,1.500000,15360
1784,1386.200000,17413.500000,14880
1785,1861.400000,1.700000,15360
1786,1418.800000,15728.500000,14880
1787,1561.600000,1.800000,15360
1788,1319.800000,17092.500000,14880
1789,593.900000,1.600000,15360
1790,457.900000,18977.100000,14880
1791,1475.900000,1.800000,15360
1792,2034.700000,16662.200000,14880
1793,1510.600000,1.600000,15360
1794,1361.300000,17013.800000,14880
1795,1644.000000,2.200000,15360
1796,1254.100000,17151.300000,14880
1797,1495.200000,1.700000,15360
1798,1301.200000,17260.800000,14880
1799,1488.600000,1.600000,15360
1800,1171.300000,17364.900000,14880
1801,1565.100000,1.900000,15360
1802,1340.300000,17189.600000,14880
1803,2112.700000,2.200000,15360
1804,1253.800000,16527.600000,14880
1805,2551.300000,2.300000,15360
1806,1679.400000,15822.500000,14880
1807,2095.000000,2.300000,15360
1808,1272.700000,16670.900000,14880
1809,1692.800000,1.700000,15360
1810,1234.100000,17107.000000,14880
1811,2423.700000,3.000000,15360
1812,1817.800000,15826.100000,14880
1813,2511.400000,3.300000,15360
1814,2289.100000,15198.700000,14880
1815,2637.200000,6.600000,15360
1816,1974.300000,15473.100000,14880
1817,2345.100000,2.400000,15360
1818,1857.700000,15755.800000,14880
1819,1842.400000,2.500000,15360
1820,1726.100000,16527.400000,14880
1821,2806.600000,2.600000,15360
1822,2221.500000,14962.900000,14880
1823,1628.400000,2.100000,15360
1824,1452.400000,16960.000000,14880
1825,915.300000,2.300000,15360
1826,487.000000,18718.900000,14880
1827,960.200000,2.500000,15360
1828,481.000000,18534.900000,14880
1829,565.100000,1.600000,15360
1830,773.900000,18732.400000,14880
1831,974.400000,2.700000,15360
1832,518.200000,18484.500000,14880
1833,759.500000,2.000000,15360
1834,421.000000,18851.200000,14880
1835,873.800000,2.200000,15360
1836,434.500000,18758.300000,14880
1837,632.600000,1.700000,15360
1838,409.800000,19023.600000,14880
1839,1127.900000,2.500000,15360
1840,467.700000,17362.600000,14880
1841,918.600000,2.300000,15360
1842,413.000000,18713.500000,14880
1843,893.800000,2.200000,15360
1844,377.100000,18743.000000,14880
1845,643.900000,1.700000,15360
1846,456.100000,18968.100000,14880
1847,787.200000,2.500000,15360
1848,406.800000,19002.200000,14880
1849,605.700000,1.200000,15360
1850,412.400000,19063.600000,14880
1851,780.600000,2.000000,15360
1852,359.600000,18848.700000,14880
1853,1997.400000,2.300000,15360
1854,1630.700000,16430.600000,14880
1855,2115.900000,2.300000,15360
1856,1393.900000,16484.900000,14880
1857,2583.700000,3.000000,15360
1858,1502.000000,16017.000000,14880
1859,2324.500000,1.900000,15360
1860,1332.500000,16310.500000,14880
1861,1420.400000,1.800000,15360
1862,1275.500000,17484.600000,14880
1863,1562.900000,2.000000,15360
1864,1446.600000,16962.200000,14880
1865,1660.000000,1.600000,15360
1866,1311.200000,17052.000000,14880
1867,1869.800000,2.200000,15360
1868,1434.900000,16747.000000,14880
1869,2033.600000,2.100000,15360
1870,1605.700000,16383.200000,14880
1871,2530.500000,2.400000,15360
1872,1408.800000,16174.200000,14880
1873,1879.600000,2.000000,15360
1874,1399.500000,16670.100000,14880
1875,1985.600000,2.400000,15360
1876,1702.000000,15463.900000,14880
1877,1999.400000,2.600000,15360
1878,1662.800000,16386.500000,14880
1879,2287.000000,2.000000,15360
1880,1234.300000,16518.400000,14880
1881,1479.700000,1.400000,15360
1882,1247.700000,17198.400000,14880
1883,551.200000,1.400000,15360
1884,355.400000,19093.600000,14880
1885,578.000000,1.600000,15360
1886,396.900000,19180.700000,14880
1887,547.200000,1.700000,15360
1888,362.900000,18963.800000,14880
1889,671.500000,1.900000,15360
1890,500.900000,19007.600000,14880
1891,598.500000,1.400000,15360
1892,386.400000,18936.800000,14880
1893,582.500000,2.100000,15360
1894,383.000000,19089.700000,14880
1895,660.300000,1.700000,15360
1896,514.400000,18873.000000,14880
1897,778.500000,2.400000,15360
1898,428.500000,18823.100000,14880
1899,564.600000,1.600000,15360
1900,472.800000,18998.600000,14880
1901,885.400000,2.300000,15360
1902,473.400000,18712.600000,14880
1903,677.000000,1.800000,15360
1904,549.100000,18842.300000,14880
1905,724.500000,2.300000,15360
1906,386.600000,18985.200000,14880
1907,844.800000,2.300000,15360
1908,434.700000,18879.400000,14880
1909,856.200000,1.600000,15360
1910,384.700000,18737.300000,14880
1911,573.400000,1.600000,15360
1912,396.700000,19129.900000,14880
1913,829.800000,2.100000,15360
1914,404.800000,18864.300000,14880
1915,661.700000,1.700000,15360
1916,1415.000000,16998.700000,14880
1917,2435.600000,2.800000,15360
1918,2535.600000,15031.000000,14880
1919,2893.100000,3.200000,15360
1920,2751.000000,14434.900000,14880
1921,2700.400000,2.600000,15360
1922,1683.400000,15636.900000,14880
1923,2747.100000,3.000000,15360
1924,1991.400000,15230.200000,14880
1925,2448.400000,2.700000,15360
1926,1334.600000,16249.700000,14880
1927,1574.700000,2.000000,15360
1928,1354.700000,17238.200000,14880
1929,2896.400000,2.800000,15360
1930,2059.800000,15122.000000,14880
1931,1986.600000,1.500000,15360
1932,1284.900000,16735.700000,14880
1933,2686.200000,2.600000,15360
1934,1847.600000,15484.000000,14880
1935,1773.400000,1.500000,15360
1936,1181.000000,17172.600000,14880
1937,2183.300000,1.900000,15360
1938,1227.600000,16521.100000,14880
1939,2728.000000,2.800000,15360
1940,1701.500000,15745.400000,14880
1941,2341.700000,2.300000,15360
1942,1291.700000,16492.300000,14880
1943,2684.200000,2.700000,15360
1944,2238.100000,15051.500000,14880
1945,1552.800000,1.500000,15360
1946,1371.400000,17179.600000,14880
1947,1808.900000,1.900000,15360
1948,379.900000,16989.200000,14880
1949,751.100000,2.200000,15360
1950,462.700000,18795.400000,14880
1951,957.800000,2.100000,15360
1952,534.400000,18568.200000,14880
1953,552.400000,1.500000,15360
1954,390.300000,19099.700000,14880
1955,1097.100000,2.600000,15360
1956,468.600000,18525.400000,14880
1957,758.400000,2.000000,15360
1958,526.600000,18735.200000,14880
1959,540.700000,1.500000,15360
1960,476.900000,19114.000000,14880
1961,925.700000,2.300000,15360
1962,419.400000,18592.000000,14880
1963,2577.200000,2.400000,15360
1964,1405.100000,16061.300000,14880
1965,1506.300000,1.600000,15360
1966,1237.200000,17357.200000,14880
1967,2139.900000,2.800000,15360
1968,2234.700000,15724.700000,14880
1969,2917.800000,3.400000,15360
1970,1716.700000,15305.800000,14880
1971,2409.400000,2.700000,15360
1972,1639.200000,15965.000000,14880
1973,2019.500000,1.700000,15360
1974,1299.300000,16708.900000,14880
1975,2860.800000,2.900000,15360
1976,1971.600000,15198.400000,14880
1977,1572.600000,1.600000,15360
1978,1276.200000,17211.600000,14880
1979,1701.600000,2.100000,15360
1980,1341.100000,16930.100000,14880
1981,1545.500000,1.800000,15360
1982,1125.400000,17387.300000,14880
1983,2059.300000,2.600000,15360
1984,1666.400000,16311.100000,14880
1985,1618.900000,1.300000,15360
1986,1008.800000,17337.000000,14880
1987,1434.000000,1.600000,15360
1988,1439.200000,17212.500000,14880
1989,2569.400000,2.400000,15360
1990,1304.800000,16061.900000,14880
1991,1382.400000,1.600000,15360
1992,1151.000000,17585.800000,14880
1993,2243.900000,2.700000,15360
1994,1757.100000,15944.300000,14880
1995,2219.400000,2.800000,15360
1996,1846.200000,15109.900000,14880
1997,1483.500000,1.600000,15360
1998,1286.700000,17145.100000,14880
1999,2771.900000,2.800000,15360
2000,1838.900000,15418.000000,14880
2001,1730.400000,2.000000,15360
2002,349.300000,18252.300000,14880
2003,538.000000,1.300000,15360
2004,363.100000,19151.000000,14880
2005,849.500000,2.200000,15360
2006,495.800000,18723.400000,14880
2007,796.600000,2.400000,15360
2008,438.100000,19030.200000,14880
2009,937.900000,2.900000,15360
2010,459.200000,18641.200000,14880
2011,739.500000,1.900000,15360
2012,491.400000,18047.900000,14880
2013,1013.800000,3.000000,15360
2014,540.500000,18467.900000,14880
2015,1162.500000,1.700000,15360
2016,538.200000,18299.700000,14880
2017,760.700000,2.200000,15360
2018,4262.200000,15002.500000,14880
2019,2507.500000,3.300000,15360
2020,2063.400000,15522.500000,14880
2021,2720.500000,2.900000,15360
2022,1839.800000,15509.200000,14880
2023,2810.000000,3.000000,15360
2024,2470.100000,14681.200000,14880
2025,2258.500000,2.000000,15360
2026,1337.300000,16493.900000,14880
2027,2590.700000,2.300000,15360
2028,2258.400000,15210.800000,14880
2029,3465.400000,3.800000,15360
2030,1661.000000,14865.800000,14880
2031,2727.300000,3.100000,15360
2032,2122.900000,15292.200000,14880
2033,2337.300000,2.500000,15360
2034,2234.300000,15380.100000,14880
2035,2885.700000,2.900000,15360
2036,1826.900000,15378.500000,14880
2037,4258.100000,4.200000,15360
2038,1957.800000,13807.200000,14880
2039,2426.100000,1.700000,15360
2040,878.600000,16733.500000,14880
2041,3308.700000,3.700000,15360
2042,3229.400000,13521.500000,14880
2043,1386.900000,1.000000,15360
2044,1205.400000,17509.000000,14880
2045,2505.000000,2.800000,15360
2046,1608.100000,14971.400000,14880
2047,2877.200000,3.400000,15360
2048,2434.700000,14746.900000,14880
2049,835.400000,2.200000,15360
2050,507.800000,18768.300000,14880
2051,919.100000,2.100000,15360
2052,374.400000,18700.000000,14880
2053,654.600000,1.900000,15360
2054,458.900000,18906.000000,14880
2055,549.600000,1.300000,15360
2056,366.200000,19126.600000,14880
2057,848.200000,2.000000,15360
2058,364.800000,18844.300000,14880
2059,717.200000,1.800000,15360
2060,435.600000,18863.400000,14880
2061,594.100000,1.800000,15360
2062,384.500000,19103.800000,14880
2063,848.200000,1.900000,15360
2064,438.600000,18732.800000,14880
2065,880.800000,2.400000,15360
2066,407.800000,18797.800000,14880
2067,643.800000,2.200000,15360
2068,547.300000,18860.100000,14880
2069,782.900000,1.800000,15360
2070,551.800000,18849.200000,14880
2071,824.800000,2.200000,15360
2072,372.100000,18740.000000,14880
2073,629.600000,1.700000,15360
2074,447.100000,18970.500000,14880
2075,788.500000,2.200000,15360
2076,406.400000,18755.400000,14880
2077,524.400000,1.200000,15360
2078,342.200000,19249.600000,14880
2079,874.700000,1.900000,15360
2080,487.700000,18579.700000,14880
2081,534.800000,1.700000,15360
2082,422.600000,19121.800000,14880
2083,538.300000,1.100000,15360
2084,355.300000,18353.200000,14880
2085,722.600000,1.800000,15360
2086,454.200000,18953.200000,14880
2087,644.300000,1.900000,15360
2088,452.800000,18849.000000,14880
2089,829.400000,2.000000,15360
2090,450.500000,18862.700000,14880
2091,786.600000,2.000000,15360
2092,377.200000,18786.000000,14880
2093,508.900000,1.400000,15360
2094,352.400000,19117.900000,14880
2095,527.600000,1.400000,15360
2096,345.600000,19281.000000,14880
2097,764.600000,2.300000,15360
2098,387.100000,18768.900000,14880
2099,561.100000,2.200000,15360
2100,357.300000,19271.600000,14880
2101,792.800000,2.000000,15360
2102,394.100000,18979.000000,14880
2103,531.900000,1.300000,15360
2104,431.200000,19081.100000,14880
2105,477.800000,1.200000,15360
2106,328.100000,19258.500000,14880
2107,642.200000,1.600000,15360
2108,379.300000,19024.200000,14880
2109,1045.600000,2.400000,15360
2110,511.700000,18532.500000,14880
2111,836.800000,2.200000,15360
2112,388.700000,18666.500000,14880
2113,579.700000,1.300000,15360
2114,337.100000,18222.600000,14880
2115,830.300000,2.000000,15360
2116,338.000000,18934.500000,14880
2117,569.300000,1.400000,15360
2118,367.800000,19088.500000,14880
2119,572.300000,1.500000,15360
2120,376.000000,19045.600000,14880
2121,516.000000,1.300000,15360
2122,318.400000,19235.500000,14880
2123,601.600000,1.600000,15360
2124,381.200000,19002.400000,14880
2125,542.800000,1.500000,15360
2126,379.500000,19355.900000,14880
2127,862.700000,2.300000,15360
2128,416.600000,18660.400000,14880
2129,682.000000,1.700000,15360
2130,508.500000,18820.400000,14880
2131,927.300000,2.400000,15360
2132,492.300000,18619.400000,14880
2133,812.900000,2.500000,15360
2134,437.400000,18835.300000,14880
2135,584.000000,1.300000,15360
2136,383.500000,19114.500000,14880
2137,603.300000,1.500000,15360
2138,398.100000,19035.600000,14880
2139,1064.900000,2.600000,15360
2140,741.500000,18263.100000,14880
2141,817.800000,1.900000,15360
2142,440.600000,18735.300000,14880
2143,568.700000,1.500000,15360
2144,399.800000,19104.000000,14880
2145,776.900000,2.400000,15360
2146,405.500000,18928.400000,14880
2147,793.600000,2.100000,15360
2148,363.500000,17794.600000,14880
2149,1026.500000,2.100000,15360
2150,467.000000,18537.600000,14880
2151,825.800000,2.200000,15360
2152,400.600000,18779.400000,14880
2153,582.300000,1.400000,15360
2154,353.700000,19118.000000,14880
2155,970.700000,2.400000,15360
2156,458.200000,18604.500000,14880
2157,868.700000,2.100000,15360
2158,503.800000,18660.500000,14880
2159,922.000000,2.600000,15360
2160,546.300000,18556.900000,14880
2161,846.300000,2.000000,15360
2162,373.400000,18746.800000,14880
2163,1024.700000,2.500000,15360
2164,437.600000,18549.800000,14880
2165,657.200000,1.400000,15360
2166,446.900000,18955.900000,14880
2167,516.300000,1.900000,15360
2168,359.300000,19131.400000,14880
2169,645.800000,1.700000,15360
2170,454.800000,18983.800000,14880
2171,856.100000,2.200000,15360
2172,437.100000,18697.100000,14880
2173,598.900000,1.400000,15360
2174,355.200000,19061.500000,14880
2175,556.500000,1.400000,15360
2176,381.000000,19079.000000,14880
2177,728.800000,1.800000,15360
2178,536.900000,18770.000000,14880
2179,776.000000,1.900000,15360
2180,476.200000,18805.500000,14880
2181,756.600000,2.100000,15360
2182,364.900000,18990.000000,14880
2183,813.400000,2.700000,15360
2184,573.000000,18398.300000,14880
2185,835.900000,2.600000,15360
2186,601.500000,18597.300000,14880
2187,972.600000,2.900000,15360
2188,575.500000,18481.200000,14880
2189,1078.200000,2.900000,15360
2190,802.500000,18172.000000,14880
2191,758.300000,2.000000,15360
2192,550.200000,18738.800000,14880
2193,1061.700000,2.800000,15360
2194,566.700000,18446.200000,14880
2195,854.100000,2.100000,15360
2196,460.300000,18713.200000,14880
2197,876.500000,2.600000,15360
2198,563.000000,18582.500000,14880
2199,682.200000,2.000000,15360
2200,518.400000,18826.400000,14880
2201,1020.700000,2.700000,15360
2202,490.300000,18513.900000,14880
2203,852.100000,1.500000,15360
2204,347.600000,18893.100000,14880
2205,569.200000,1.600000,15360
2206,414.800000,19051.400000,14880
2207,819.700000,2.100000,15360
2208,375.100000,18827.000000,14880
2209,591.700000,1.600000,15360
2210,375.700000,18093.700000,14880
2211,816.100000,2.700000,15360
2212,471.700000,18777.000000,14880
2213,786.900000,2.300000,15360
2214,377.600000,18952.100000,14880
2215,595.900000,1.400000,15360
2216,369.000000,19095.500000,14880
2217,871.600000,2.500000,15360
2218,435.000000,18772.800000,14880
2219,936.900000,2.400000,15360
2220,600.400000,18687.400000,14880
2221,832.200000,2.000000,15360
2222,387.500000,18840.400000,14880
2223,901.500000,2.100000,15360
2224,457.100000,18602.500000,14880
2225,683.800000,1.600000,15360
2226,404.500000,19056.200000,14880
2227,633.600000,1.500000,15360
2228,446.900000,18911.700000,14880
2229,908.300000,2.000000,15360
2230,542.800000,18625.100000,14880
2231,727.200000,2.100000,15360
2232,514.200000,18829.200000,14880
2233,885.400000,1.500000,15360
2234,384.500000,18744.500000,14880
2235,895.500000,2.200000,15360
2236,401.800000,18688.600000,14880
2237,562.800000,1.300000,15360
2238,383.300000,19109.200000,14880
2239,1010.800000,2.100000,15360
2240,583.300000,17475.500000,14880
2241,537.200000,1.500000,15360
2242,387.100000,19046.900000,14880
2243,543.200000,1.400000,15360
2244,345.200000,19235.300000,14880
2245,757.000000,1.700000,15360
2246,459.400000,18919.400000,14880
2247,672.300000,1.800000,15360
2248,327.500000,19138.900000,14880
2249,1019.300000,2.600000,15360
2250,490.900000,18483.400000,14880
2251,795.400000,2.200000,15360
2252,541.500000,18815.700000,14880
2253,853.200000,2.200000,15360
2254,399.200000,18742.900000,14880
2255,915.800000,2.400000,15360
2256,512.300000,18532.800000,14880
2257,818.500000,2.200000,15360
2258,410.700000,19067.700000,14880
2259,1028.700000,2.100000,15360
2260,393.900000,18622.700000,14880
2261,948.100000,2.300000,15360
2262,425.700000,17761.700000,14880
2263,674.700000,1.900000,15360
2264,354.600000,18963.600000,14880
2265,941.400000,2.100000,15360
2266,446.500000,18658.000000,14880
2267,755.300000,2.100000,15360
2268,370.800000,18978.900000,14880
2269,532.500000,1.600000,15360
2270,352.900000,19119.200000,14880
2271,838.100000,1.900000,15360
2272,379.000000,18947.500000,14880
2273,573.300000,1.600000,15360
2274,405.900000,19082.600000,14880
2275,593.300000,1.400000,15360
2276,378.700000,19074.300000,14880
2277,890.900000,2.400000,15360
2278,519.100000,18647.400000,14880
2279,880.100000,2.200000,15360
2280,417.700000,18726.000000,14880
2281,841.200000,2.100000,15360
2282,413.400000,18770.300000,14880
2283,820.100000,2.000000,15360
2284,453.700000,18913.300000,14880
2285,842.800000,1.900000,15360
2286,365.400000,18811.500000,14880
2287,768.600000,2.300000,15360
2288,566.800000,18729.600000,14880
2289,545.000000,1.300000,15360
2290,370.100000,19133.000000,14880
2291,653.800000,2.000000,15360
2292,467.300000,17997.200000,14880
2293,571.700000,1.300000,15360
2294,374.900000,19135.000000,14880
2295,883.400000,1.900000,15360
2296,337.000000,18836.400000,14880
2297,862.400000,2.200000,15360
2298,402.300000,18860.000000,14880
2299,624.900000,1.600000,15360
2300,457.600000,18992.300000,14880
2301,594.100000,1.400000,15360
2302,410.600000,18919.100000,14880
2303,732.400000,1.800000,15360
2304,383.600000,18853.700000,14880
2305,855.900000,2.100000,15360
2306,444.400000,18762.200000,14880
2307,746.500000,2.200000,15360
2308,399.700000,18851.500000,14880
2309,845.500000,2.200000,15360
2310,536.000000,18647.000000,14880
2311,811.100000,2.300000,15360
2312,466.800000,18742.800000,14880
2313,714.600000,1.400000,15360
2314,345.200000,18964.100000,14880
2315,953.500000,2.600000,15360
2316,482.300000,18662.200000,14880
2317,832.900000,2.200000,15360
2318,424.500000,18826.400000,14880
2319,949.400000,2.400000,15360
2320,604.300000,18542.600000,14880
2321,561.600000,1.300000,15360
2322,357.100000,19055.000000,14880
2323,593.600000,1.600000,15360
2324,378.300000,19056.500000,14880
2325,556.700000,1.500000,15360
2326,388.800000,19191.700000,14880
2327,754.200000,2.000000,15360
2328,423.700000,18766.500000,14880
2329,604.900000,1.200000,15360
2330,394.300000,19062.900000,14880
2331,837.400000,2.400000,15360
2332,2197.400000,16999.300000,14880
2333,1881.600000,1.900000,15360
2334,1471.300000,15747.200000,14880
2335,1413.300000,1.500000,15360
2336,1163.600000,17499.600000,14880
2337,1398.300000,1.700000,15360
2338,1192.000000,17415.600000,14880
2339,2862.500000,3.300000,15360
2340,2079.200000,15050.100000,14880
2341,1606.500000,2.000000,15360
2342,1361.600000,17121.000000,14880
2343,1760.600000,2.100000,15360
2344,1599.400000,16615.600000,14880
2345,1613.800000,1.900000,15360
2346,1254.400000,17145.900000,14880
2347,1262.700000,1.200000,15360
2348,1263.500000,17557.800000,14880
2349,2134.500000,2.000000,15360
2350,1147.600000,16688.500000,14880
2351,1927.900000,1.600000,15360
2352,1051.900000,17074.600000,14880
2353,1770.700000,1.600000,15360
2354,922.900000,17269.000000,14880
2355,2220.000000,1.700000,15360
2356,1068.400000,16769.600000,14880
2357,1803.400000,2.100000,15360
2358,1429.000000,16736.900000,14880
2359,1986.800000,2.200000,15360
2360,1598.700000,16468.200000,14880
2361,1681.800000,1.500000,15360
2362,1117.300000,17233.300000,14880
2363,1946.600000,1.500000,15360
2364,1121.800000,16911.300000,14880
2365,1617.200000,1.700000,15360
2366,1361.100000,17140.200000,14880
2367,565.900000,1.400000,15360
2368,470.000000,18983.300000,14880
2369,653.900000,1.600000,15360
2370,456.900000,19083.100000,14880
2371,676.800000,1.800000,15360
2372,499.200000,18827.500000,14880
2373,555.500000,1.400000,15360
2374,367.600000,19147.200000,14880
2375,928.200000,1.900000,15360
2376,432.700000,18712.400000,14880
2377,595.700000,1.400000,15360
2378,411.600000,18957.000000,14880
2379,737.600000,1.800000,15360
2380,453.200000,18775.100000,14880
2381,610.700000,2.000000,15360
2382,413.800000,19046.500000,14880
2383,873.700000,2.900000,15360
2384,468.400000,18712.000000,14880
2385,900.900000,2.100000,15360
2386,370.100000,17685.700000,14880
2387,776.100000,2.300000,15360
2388,403.300000,18828.000000,14880
2389,749.800000,2.400000,15360
2390,438.400000,18903.700000,14880
2391,954.700000,3.200000,15360
2392,519.600000,18611.400000,14880
2393,539.500000,1.300000,15360
2394,337.100000,19134.000000,14880
2395,644.800000,1.800000,15360
2396,440.200000,19079.000000,14880
2397,527.800000,1.300000,15360
2398,338.100000,19092.900000,14880
2399,903.800000,2.400000,15360
2400,596.100000,18518.000000,14880
2401,937.000000,2.200000,15360
2402,533.700000,18541.000000,14880
2403,729.900000,2.200000,15360
2404,533.800000,18765.500000,14880
2405,653.300000,2.000000,15360
2406,463.000000,18899.000000,14880
2407,652.800000,1.800000,15360
2408,375.400000,19064.500000,14880
2409,1126.700000,1.600000,15360
2410,397.300000,18538.100000,14880
2411,643.300000,1.600000,15360
2412,547.400000,18918.700000,14880
2413,725.200000,1.700000,15360
2414,386.300000,18234.200000,14880
2415,681.300000,1.800000,15360
2416,445.100000,18922.000000,14880
2417,919.300000,3.100000,15360
2418,700.600000,18432.300000,14880
2419,1047.600000,3.200000,15360
2420,452.200000,18542.300000,14880
2421,601.800000,1.700000,15360
2422,646.500000,18781.000000,14880
2423,841.200000,1.800000,15360
2424,431.300000,18745.700000,14880
2425,719.600000,2.100000,15360
2426,554.500000,18783.300000,14880
2427,788.100000,2.200000,15360
2428,423.500000,18785.400000,14880
2429,611.300000,1.600000,15360
2430,501.100000,18943.700000,14880
2431,710.900000,1.900000,15360
2432,364.800000,19144.300000,14880
2433,803.400000,2.000000,15360
2434,1392.800000,17719.800000,14880
2435,1719.200000,1.800000,15360
2436,1293.900000,17007.000000,14880
2437,1500.100000,1.500000,15360
2438,1270.300000,17354.200000,14880
2439,1597.000000,1.900000,15360
2440,1326.400000,17105.000000,14880
2441,1889.000000,1.900000,15360
2442,1165.900000,16954.800000,14880
2443,1392.200000,1.800000,15360
2444,1366.700000,17303.100000,14880
2445,2456.400000,2.200000,15360
2446,1299.000000,16395.200000,14880
2447,2507.300000,2.900000,15360
2448,1984.200000,15479.900000,14880
2449,2292.300000,2.000000,15360
2450,1923.600000,15855.400000,14880
2451,2831.500000,3.500000,15360
2452,2106.400000,14035.500000,14880
2453,2649.700000,2.700000,15360
2454,2172.500000,15213.300000,14880
2455,2114.200000,2.900000,15360
2456,1696.700000,16200.500000,14880
2457,1560.100000,2.100000,15360
2458,1354.600000,17254.200000,14880
2459,2849.200000,3.400000,15360
2460,2798.400000,14237.700000,14880
2461,1701.200000,1.900000,15360
2462,1421.100000,16982.400000,14880
2463,1892.000000,2.400000,15360
2464,1506.300000,16571.000000,14880
2465,1767.500000,2.400000,15360
2466,1550.800000,16819.000000,14880
2467,2517.800000,2.500000,15360
2468,1347.700000,16183.800000,14880
2469,3472.500000,13.000000,15360
2470,2369.400000,14301.000000,14880
2471,2722.300000,2.600000,15360
2472,1856.700000,15427.800000,14880
2473,1702.900000,1.900000,15360
2474,1543.100000,16752.200000,14880
2475,2658.000000,3.100000,15360
2476,1975.200000,15380.400000,14880
2477,1416.700000,1.600000,15360
2478,1151.300000,17498.500000,14880
2479,2115.400000,1.800000,15360
2480,1163.400000,16864.200000,14880
2481,2709.300000,2.800000,15360
2482,1811.100000,15506.500000,14880
2483,2679.500000,2.100000,15360
2484,2411.800000,14957.200000,14880
2485,1418.600000,1.400000,15360
2486,1203.200000,17439.600000,14880
2487,2398.000000,2.700000,15360
2488,1919.800000,15647.400000,14880
2489,2325.500000,2.000000,15360
2490,1157.600000,15679.100000,14880
2491,2413.200000,1.900000,15360
2492,381.100000,17232.400000,14880
2493,590.500000,1.200000,15360
2494,407.400000,19065.700000,14880
2495,1938.700000,2.100000,15360
2496,474.100000,17739.300000,14880
2497,909.200000,2.300000,15360
2498,629.900000,18578.700000,14880
2499,796.500000,1.700000,15360
2500,479.800000,18761.500000,14880
2501,2945.200000,2.700000,15360
2502,1486.200000,15690.600000,14880
2503,2389.700000,2.400000,15360
2504,1381.800000,16258.500000,14880
2505,2845.000000,3.300000,15360
2506,1498.400000,15651.200000,14880
2507,1527.400000,2.100000,15360
2508,1358.200000,17396.600000,14880
2509,1829.200000,2.100000,15360
2510,1244.800000,16920.500000,14880
2511,1554.200000,2.100000,15360
2512,1387.400000,16081.600000,14880
2513,2548.600000,2.700000,15360
2514,2345.800000,15134.600000,14880
2515,2710.900000,3.700000,15360
2516,2332.200000,14963.700000,14880
2517,1411.900000,7.600000,15360
2518,1624.300000,17020.400000,14880
2519,2516.700000,3.100000,15360
2520,2180.800000,15496.400000,14880
2521,2515.200000,2.000000,15360
2522,1322.400000,16215.300000,14880
2523,1607.000000,2.000000,15360
2524,829.500000,17640.700000,14880
2525,935.800000,2.200000,15360
2526,384.100000,18663.500000,14880
2527,600.700000,1.300000,15360
2528,370.900000,19290.400000,14880
2529,997.200000,2.600000,15360
2530,518.200000,18531.700000,14880
2531,3420.900000,4.900000,15360
2532,1981.300000,14681.600000,14880
2533,2806.200000,2.300000,15360
2534,1425.300000,15786.900000,14880
2535,1448.600000,1.600000,15360
2536,1224.800000,17375.800000,14880
2537,3227.000000,3.900000,15360
2538,2269.500000,13677.200000,14880
2539,1617.300000,1.900000,15360
2540,1384.000000,17078.700000,14880
2541,2740.900000,2.800000,15360
2542,1166.200000,16114.600000,14880
2543,1259.700000,1.300000,15360
2544,1077.800000,17699.400000,14880
2545,2594.300000,2.300000,15360
2546,1462.900000,15923.800000,14880
2547,1401.900000,1.500000,15360
2548,1159.100000,17576.000000,14880
2549,3436.800000,2.300000,15360
2550,1446.100000,15064.300000,14880
2551,2801.100000,2.200000,15360
2552,1178.600000,16129.100000,14880
2553,2265.300000,2.000000,15360
2554,1745.300000,15985.200000,14880
2555,1953.000000,1.600000,15360
2556,1056.000000,16978.200000,14880
2557,1438.000000,1.700000,15360
2558,1220.100000,17659.200000,14880
2559,1732.700000,2.000000,15360
2560,1283.400000,17108.200000,14880
2561,2115.200000,2.100000,15360
2562,1199.200000,16624.800000,14880
2563,1465.300000,1.400000,15360
2564,1227.800000,17379.800000,14880
2565,1530.500000,1.800000,15360
2566,1405.800000,17024.500000,14880
2567,1704.400000,1.900000,15360
2568,1336.900000,17054.600000,14880
2569,1533.200000,2.000000,15360
2570,1297.200000,16326.100000,14880
2571,2342.300000,2.600000,15360
2572,1362.200000,16335.100000,14880
2573,1439.900000,1.600000,15360
2574,1278.500000,17332.600000,14880
2575,2344.500000,2.700000,15360
2576,1304.900000,16536.900000,14880
2577,1271.600000,1.700000,15360
2578,1210.100000,17438.100000,14880
2579,1523.900000,1.900000,15360
2580,1528.900000,16973.200000,14880
2581,1429.000000,1.600000,15360
2582,1196.000000,17400.700000,14880
2583,1554.500000,1.900000,15360
2584,1401.100000,17064.100000,14880
2585,1500.900000,1.500000,15360
2586,1113.500000,17460.300000,14880
2587,1964.100000,1.700000,15360
2588,1143.600000,16879.900000,14880
2589,2161.600000,2.700000,15360
2590,1515.700000,16488.500000,14880
2591,2370.800000,12.200000,15360
2592,1526.100000,16166.400000,14880
2593,1539.400000,2.000000,15360
2594,1385.600000,17038.200000,14880
2595,1344.200000,1.400000,15360
2596,1158.300000,17598.600000,14880
2597,921.800000,2.500000,15360
2598,434.100000,18727.500000,14880
2599,1083.900000,2.700000,15360
2600,537.900000,18541.700000,14880
2601,524.900000,1.200000,15360
2602,334.900000,18228.600000,14880
2603,787.300000,1.900000,15360
2604,2093.200000,17137.500000,14880
2605,1526.700000,1.700000,15360
2606,1272.200000,17341.200000,14880
2607,2436.700000,2.600000,15360
2608,1607.900000,15959.800000,14880
2609,1788.500000,2.100000,15360
2610,1327.400000,16920.600000,14880
2611,1951.100000,2.000000,15360
2612,1413.500000,16696.400000,14880
2613,2288.600000,2.600000,15360
2614,1585.800000,16121.500000,14880
2615,2592.900000,2.900000,15360
2616,1472.800000,16007.500000,14880
2617,2365.500000,2.600000,15360
2618,1671.800000,15997.600000,14880
2619,1717.500000,1.700000,15360
2620,1285.900000,17096.600000,14880
2621,1533.800000,1.400000,15360
2622,1330.300000,17106.900000,14880
2623,1966.800000,1.800000,15360
2624,1517.000000,16604.900000,14880
2625,1458.000000,2.000000,15360
2626,1194.700000,17478.700000,14880
2627,1469.900000,1.900000,15360
2628,1290.300000,17231.900000,14880
2629,2172.200000,2.200000,15360
2630,1602.900000,16248.300000,14880
2631,1517.900000,1.300000,15360
2632,1195.000000,17376.800000,14880
2633,2018.200000,2.100000,15360
2634,1575.800000,16390.900000,14880
2635,2162.000000,3.100000,15360
2636,1538.100000,15321.400000,14880
2637,1404.500000,2.100000,15360
2638,1517.500000,17166.200000,14880
2639,1896.500000,2.100000,15360
2640,1577.800000,16759.900000,14880
2641,1448.000000,1.700000,15360
2642,1238.600000,17275.300000,14880
2643,2616.100000,3.000000,15360
2644,1491.100000,15894.700000,14880
2645,2455.600000,2.400000,15360
2646,1319.200000,16288.000000,14880
2647,2498.200000,3.100000,15360
2648,2188.700000,15282.300000,14880
2649,1995.400000,2.100000,15360
2650,1575.700000,16504.200000,14880
2651,2392.100000,2.600000,15360
2652,1514.400000,16107.900000,14880
2653,1329.100000,1.300000,15360
2654,1152.900000,17606.300000,14880
2655,625.900000,1.600000,15360
2656,374.100000,19022.100000,14880
2657,524.600000,1.300000,15360
2658,361.700000,19145.400000,14880
2659,2718.100000,2.400000,15360
2660,1286.600000,16061.700000,14880
2661,1459.300000,1.500000,15360
2662,1180.700000,17460.600000,14880
2663,2557.900000,2.400000,15360
2664,2479.800000,15020.000000,14880
2665,2178.600000,2.300000,15360
2666,1395.800000,16433.100000,14880
2667,2450.900000,1.900000,15360
2668,959.000000,16615.500000,14880
2669,1951.300000,1.900000,15360
2670,1247.100000,16844.400000,14880
2671,1390.500000,1.500000,15360
2672,1170.300000,16495.200000,14880
2673,1391.300000,1.500000,15360
2674,2622.100000,16142.800000,14880
2675,1898.000000,1.300000,15360
2676,1099.200000,17029.700000,14880
2677,2099.500000,1.800000,15360
2678,1010.300000,16905.900000,14880
2679,2565.700000,2.600000,15360
2680,1157.900000,16322.500000,14880
2681,1437.300000,1.600000,15360
2682,411.800000,18163.300000,14880
2683,891.000000,2.300000,15360
2684,499.200000,18632.300000,14880
2685,487.600000,1.400000,15360
2686,341.300000,19195.100000,14880
2687,2395.400000,2.400000,15360
2688,1593.100000,16072.600000,14880
2689,1516.600000,1.600000,15360
2690,1718.200000,16743.900000,14880
2691,2532.400000,2.000000,15360
2692,1441.800000,16089.300000,14880
2693,1320.200000,1.300000,15360
2694,1201.800000,17463.900000,14880
2695,1401.900000,1.700000,15360
2696,1245.300000,17397.700000,14880
2697,1383.500000,1.700000,15360
2698,1232.500000,17416.100000,14880
2699,2269.200000,2.100000,15360
2700,1272.600000,16480.000000,14880
2701,2646.200000,2.400000,15360
2702,1755.000000,15668.700000,14880
2703,1693.600000,2.100000,15360
2704,1629.100000,16698.600000,14880
2705,1365.500000,1.800000,15360
2706,1200.900000,17461.300000,14880
2707,1593.200000,1.600000,15360
2708,1191.900000,17235.500000,14880
2709,1489.800000,1.900000,15360
2710,1297.600000,17234.800000,14880
2711,1389.200000,1.500000,15360
2712,1143.300000,17478.500000,14880
2713,1492.200000,1.800000,15360
2714,1363.400000,17207.400000,14880
2715,2300.800000,2.100000,15360
2716,1347.700000,16371.900000,14880
2717,1442.300000,1.700000,15360
2718,1330.600000,17252.600000,14880
2719,1612.100000,1.800000,15360
2720,1164.400000,17244.300000,14880
2721,2448.700000,2.200000,15360
2722,1542.600000,16042.600000,14880
2723,912.200000,1.900000,15360
2724,395.800000,18723.100000,14880
2725,509.800000,1.100000,15360
2726,564.200000,18983.300000,14880
2727,467.500000,1.300000,15360
2728,321.000000,18223.800000,14880
2729,388.100000,1.300000,15360
2730,286.100000,19312.700000,14880
2731,506.200000,1.100000,15360
2732,357.700000,19204.000000,14880
2733,527.000000,1.500000,15360
2734,369.400000,19125.400000,14880
2735,905.500000,2.000000,15360
2736,337.400000,18815.300000,14880
2737,831.800000,2.600000,15360
2738,439.400000,18732.300000,14880
2739,729.300000,2.000000,15360
2740,438.600000,18850.000000,14880
2741,876.600000,2.300000,15360
2742,434.600000,18742.600000,14880
2743,693.500000,1.700000,15360
2744,326.300000,18950.300000,14880
2745,535.500000,1.300000,15360
2746,366.000000,19220.900000,14880
2747,505.900000,1.400000,15360
2748,369.200000,19141.200000,14880
2749,531.400000,1.400000,15360
2750,366.800000,19167.800000,14880
2751,494.700000,1.300000,15360
2752,332.300000,19191.400000,14880
2753,762.500000,2.300000,15360
2754,452.300000,18806.500000,14880
2755,1021.500000,2.100000,15360
2756,432.600000,18558.600000,14880
2757,777.200000,2.100000,15360
2758,462.000000,18769.100000,14880
2759,497.200000,1.400000,15360
2760,367.500000,19170.200000,14880
2761,502.900000,1.200000,15360
2762,337.500000,19183.800000,14880
2763,841.800000,2.000000,15360
2764,411.100000,18783.400000,14880
2765,809.300000,2.100000,15360
2766,439.300000,18752.700000,14880
2767,491.900000,1.200000,15360
2768,324.700000,19238.900000,14880
2769,705.100000,1.700000,15360
2770,411.300000,18946.100000,14880
2771,477.100000,1.300000,15360
2772,326.200000,19219.100000,14880
2773,473.300000,1.400000,15360
2774,331.100000,19169.400000,14880
2775,616.500000,1.600000,15360
2776,476.200000,18946.300000,14880
2777,555.100000,1.400000,15360
2778,367.600000,19266.200000,14880
2779,878.600000,1.400000,15360
2780,329.300000,17983.400000,14880
2781,851.700000,1.300000,15360
2782,332.700000,18829.200000,14880
2783,951.500000,2.200000,15360
2784,1420.700000,17802.700000,14880
2785,2370.100000,2.100000,15360
2786,1357.500000,16324.100000,14880
2787,1365.300000,1.500000,15360
2788,1103.600000,17519.400000,14880
2789,2515.000000,3.200000,15360
2790,2072.200000,15469.300000,14880
2791,1402.600000,1.800000,15360
2792,1293.300000,17288.000000,14880
2793,1280.500000,1.500000,15360
2794,1102.200000,17637.500000,14880
2795,1340.500000,1.500000,15360
2796,1216.000000,17473.900000,14880
2797,1313.200000,1.600000,15360
2798,1081.400000,17672.300000,14880
2799,1360.900000,1.500000,15360
2800,1235.300000,17469.200000,14880
2801,2310.100000,2.000000,15360
2802,1144.500000,16548.000000,14880
2803,1766.000000,1.800000,15360
2804,1471.400000,16794.100000,14880
2805,1861.100000,1.800000,15360
2806,1353.200000,16794.900000,14880
2807,2344.000000,2.200000,15360
2808,1361.700000,16352.800000,14880
2809,3107.700000,3.000000,15360
2810,2043.200000,14870.500000,14880
2811,2557.100000,3.000000,15360
2812,1914.300000,15548.700000,14880
2813,1455.300000,1.600000,15360
2814,1327.100000,17236.600000,14880
2815,2823.600000,2.600000,15360
2816,1793.000000,14495.900000,14880
2817,1796.900000,2.200000,15360
2818,1347.700000,16907.400000,14880
2819,1760.200000,2.600000,15360
2820,1645.500000,16612.100000,14880
2821,1464.300000,1.500000,15360
2822,1227.300000,17496.900000,14880
2823,2371.400000,1.500000,15360
2824,1042.200000,16468.500000,14880
2825,1375.200000,1.700000,15360
2826,1158.100000,17556.600000,14880
2827,2300.400000,2.300000,15360
2828,1001.500000,16682.400000,14880
2829,2042.500000,2.100000,15360
2830,1248.900000,16725.800000,14880
2831,1416.000000,1.400000,15360
2832,1205.700000,17648.300000,14880
2833,1823.900000,1.600000,15360
2834,1090.800000,16974.000000,14880
2835,1470.900000,1.800000,15360
2836,1238.500000,17311.800000,14880
2837,1872.100000,1.700000,15360
2838,963.400000,17245.400000,14880
2839,1588.600000,1.700000,15360
2840,1220.600000,17188.200000,14880
2841,1607.000000,2.000000,15360
2842,1328.000000,17334.200000,14880
2843,3347.100000,3.200000,15360
2844,1846.200000,14751.700000,14880
2845,1534.400000,2.000000,15360
2846,1352.100000,17230.500000,14880
2847,2394.300000,2.600000,15360
2848,2619.400000,15053.400000,14880
2849,1592.800000,1.900000,15360
2850,1240.600000,17174.200000,14880
2851,2992.200000,3.300000,15360
2852,2365.500000,13730.300000,14880
2853,2411.300000,2.200000,15360
2854,1242.000000,16366.200000,14880
2855,2779.400000,3.400000,15360
2856,2349.700000,14916.700000,14880
2857,1736.100000,2.000000,15360
2858,1459.800000,16796.600000,14880
2859,1442.200000,1.600000,15360
2860,1226.600000,17384.200000,14880
2861,2798.200000,2.800000,15360
2862,2146.000000,15061.800000,14880
2863,2228.300000,2.500000,15360
2864,1938.300000,15845.900000,14880
2865,1453.300000,1.700000,15360
2866,1193.000000,17388.300000,14880
2867,2658.100000,2.400000,15360
2868,1057.600000,16308.600000,14880
2869,2760.700000,3.600000,15360
2870,1717.900000,15563.900000,14880
2871,2635.800000,3.200000,15360
2872,1856.800000,15540.200000,14880
2873,2023.700000,1.900000,15360
2874,1271.800000,16732.200000,14880
2875,1433.700000,1.500000,15360
2876,1210.300000,17386.900000,14880
2877,1643.100000,2.100000,15360
2878,1388.300000,16996.200000,14880
2879,2206.400000,1.800000,15360
2880,1008.600000,16802.300000,14880
2881,1306.900000,1.200000,15360
2882,1103.100000,17619.400000,14880
2883,807.600000,1.700000,15360
2884,380.000000,18974.200000,14880
2885,810.900000,2.100000,15360
2886,519.700000,18680.100000,14880
2887,629.200000,1.500000,15360
2888,356.500000,19043.900000,14880
2889,974.800000,2.500000,15360
2890,557.200000,18659.900000,14880
2891,2226.500000,2.400000,15360
2892,1293.200000,16475.100000,14880
2893,1840.500000,1.500000,15360
2894,1158.700000,17023.800000,14880
2895,1532.800000,1.600000,15360
2896,1186.900000,17317.900000,14880
2897,1736.300000,3.200000,15360
2898,1201.300000,16082.300000,14880
2899,1713.400000,2.000000,15360
2900,1648.600000,16680.800000,14880
2901,2533.300000,2.700000,15360
2902,1887.300000,15590.400000,14880
2903,1373.500000,1.400000,15360
2904,1213.600000,18298.000000,14880
2905,2403.600000,2.700000,15360
2906,1390.500000,15261.100000,14880
2907,1697.400000,2.100000,15360
2908,1460.500000,16836.700000,14880
2909,2187.800000,2.100000,15360
2910,1385.500000,16427.900000,14880
2911,1470.300000,1.700000,15360
2912,1231.900000,17364.300000,14880
2913,2212.400000,2.400000,15360
2914,1666.700000,16098.500000,14880
2915,2376.600000,2.400000,15360
2916,1406.300000,16235.100000,14880
2917,2189.700000,2.400000,15360
2918,1622.000000,16216.500000,14880
2919,2096.700000,2.200000,15360
2920,1488.900000,16445.100000,14880
2921,1704.100000,1.600000,15360
2922,1222.900000,17136.000000,14880
2923,1284.100000,1.400000,15360
2924,1082.700000,17608.000000,14880
2925,1790.500000,2.200000,15360
2926,1562.300000,16732.500000,14880
2927,2823.900000,2.700000,15360
2928,2053.600000,15095.000000,14880
2929,1773.100000,1.700000,15360
2930,1220.400000,17154.100000,14880
2931,1518.600000,1.600000,15360
2932,1279.800000,17208.200000,14880
2933,1460.600000,1.600000,15360
2934,1263.600000,17330.500000,14880
2935,1528.100000,1.900000,15360
2936,1283.000000,17183.400000,14880
2937,2211.800000,2.300000,15360
2938,1257.600000,16558.600000,14880
2939,1701.900000,1.800000,15360
2940,1399.700000,16934.500000,14880
2941,1835.600000,1.500000,15360
2942,367.100000,17843.700000,14880
2943,559.000000,1.600000,15360
2944,397.400000,19070.200000,14880
2945,845.000000,2.600000,15360
2946,432.300000,19006.500000,14880
2947,501.900000,1.500000,15360
2948,372.800000,19196.600000,14880
2949,698.000000,1.200000,15360
2950,403.600000,18786.900000,14880
2951,539.900000,1.400000,15360
2952,416.200000,19063.200000,14880
2953,718.300000,1.600000,15360
2954,393.000000,18018.100000,14880
2955,716.100000,1.800000,15360
2956,693.300000,18661.900000,14880
2957,800.000000,2.000000,15360
2958,371.100000,19004.300000,14880
2959,759.700000,1.500000,15360
2960,429.500000,18751.800000,14880
2961,534.000000,1.400000,15360
2962,376.500000,19123.700000,14880
2963,584.900000,1.500000,15360
2964,330.600000,19098.800000,14880
2965,629.800000,1.700000,15360
2966,409.600000,19044.300000,14880
2967,692.200000,1.900000,15360
2968,397.700000,19054.700000,14880
2969,700.200000,1.900000,15360
2970,560.500000,18676.600000,14880
2971,737.500000,2.500000,15360
2972,416.300000,18913.400000,14880
2973,762.500000,1.900000,15360
2974,423.900000,18942.900000,14880
2975,545.900000,1.300000,15360
2976,367.300000,19256.900000,14880
2977,925.400000,2.200000,15360
2978,383.400000,18662.500000,14880
2979,828.400000,1.500000,15360
2980,380.000000,18851.200000,14880
2981,872.300000,2.400000,15360
2982,484.300000,18642.000000,14880
2983,769.900000,1.900000,15360
2984,416.200000,17975.200000,14880
2985,778.600000,1.800000,15360
2986,484.900000,18866.900000,14880
2987,538.400000,2.000000,15360
2988,360.700000,19054.700000,14880
2989,772.000000,1.800000,15360
2990,504.000000,19201.400000,14880
2991,523.700000,1.200000,15360
2992,412.900000,19140.800000,14880
2993,845.000000,2.100000,15360
2994,392.700000,18819.400000,14880
2995,1056.200000,2.700000,15360
2996,662.600000,17495.200000,14880
2997,902.300000,2.300000,15360
2998,456.500000,18745.800000,14880
2999,793.500000,1.800000,15360
3000,367.700000,18886.700000,14880
3001,602.300000,1.800000,15360
3002,391.400000,18983.900000,14880
3003,639.500000,2.000000,15360
3004,406.200000,18965.900000,14880
3005,501.500000,1.300000,15360
3006,340.400000,19216.400000,14880
3007,616.800000,1.800000,15360
3008,412.200000,18967.200000,14880
3009,611.100000,1.500000,15360
3010,410.400000,18977.900000,14880
3011,602.400000,1.400000,15360
3012,357.700000,19125.100000,14880
3013,815.900000,2.700000,15360
3014,584.000000,18594.800000,14880
3015,837.400000,1.700000,15360
3016,415.200000,18756.500000,14880
3017,1065.900000,2.700000,15360
3018,516.300000,18451.300000,14880
3019,791.000000,2.600000,15360
3020,587.300000,18691.800000,14880
3021,922.300000,2.900000,15360
3022,621.800000,18468.400000,14880
3023,944.500000,1.700000,15360
3024,376.400000,18731.800000,14880
3025,726.100000,2.100000,15360
3026,2894.400000,16494.700000,14880
3027,696.000000,2.300000,15360
3028,437.800000,18816.100000,14880
3029,574.100000,1.500000,15360
3030,392.200000,19044.400000,14880
3031,537.000000,1.300000,15360
3032,338.200000,19154.600000,14880
3033,556.700000,1.500000,15360
3034,349.300000,19155.100000,14880
3035,854.600000,1.700000,15360
3036,488.800000,18636.600000,14880
3037,645.200000,2.000000,15360
3038,371.600000,19066.400000,14880
3039,739.000000,2.800000,15360
3040,556.100000,18747.900000,14880
3041,863.300000,2.400000,15360
3042,443.100000,18652.400000,14880
3043,623.300000,1.900000,15360
3044,387.500000,19059.000000,14880
3045,1027.900000,2.400000,15360
3046,530.500000,18510.300000,14880
3047,961.800000,1.800000,15360
3048,649.500000,18418.600000,14880
3049,739.500000,1.400000,15360
3050,343.400000,18818.900000,14880
3051,707.700000,2.000000,15360
3052,499.400000,17951.700000,14880
3053,504.200000,1.200000,15360
3054,351.000000,19239.000000,14880
3055,844.200000,2.200000,15360
3056,389.900000,18776.600000,14880
3057,555.600000,1.400000,15360
3058,364.600000,19101.300000,14880
3059,512.000000,1.200000,15360
3060,348.200000,19327.600000,14880
3061,567.600000,1.500000,15360
3062,382.300000,18996.900000,14880
3063,766.700000,1.800000,15360
3064,339.900000,18855.100000,14880
3065,527.600000,1.400000,15360
3066,363.500000,19287.600000,14880
3067,518.500000,1.300000,15360
3068,331.300000,19000.000000,14880
3069,609.600000,2.000000,15360
3070,462.000000,18985.900000,14880
3071,497.900000,1.200000,15360
3072,334.400000,19146.100000,14880
3073,520.400000,1.100000,15360
3074,361.100000,19136.200000,14880
3075,501.800000,1.200000,15360
3076,343.400000,19222.400000,14880
3077,473.500000,1.300000,15360
3078,328.300000,19322.100000,14880
3079,990.300000,2.400000,15360
3080,587.700000,18343.200000,14880
3081,528.900000,1.800000,15360
3082,364.400000,19167.800000,14880
3083,539.600000,1.400000,15360
3084,377.600000,19103.900000,14880
3085,906.200000,2.100000,15360
3086,444.100000,18667.200000,14880
3087,823.100000,1.900000,15360
3088,436.900000,18901.100000,14880
3089,565.600000,1.600000,15360
3090,556.700000,18986.000000,14880
3091,1032.500000,2.500000,15360
3092,651.600000,18437.300000,14880
3093,881.100000,1.400000,15360
3094,1.300000,19076.600000,14880
3095,2.500000,1.300000,15360
3096,1.300000,19184.500000,14880
3097,3.200000,1.600000,15360
3098,1.500000,19943.400000,14880
3099,3.100000,1.500000,15360
3100,1.500000,19955.200000,14880
3101,2.900000,1.500000,15360
3102,1.500000,20028.700000,14880
3103,13.100000,1.500000,15360
3104,1.500000,20018.600000,14880
3105,3.000000,1.500000,15360
3106,1.400000,20050.600000,14880
3107,2.800000,1.500000,15360
3108,1.400000,20147.500000,14880
3109,2.100000,0.900000,15360
3110,0.900000,20026.700000,14880
3111,2.600000,1.600000,15360
3112,1.200000,19914.100000,14880
3113,2.700000,1.500000,15360
3114,1.500000,20068.800000,14880
3115,2.600000,1.000000,15360
3116,1.100000,20008.300000,14880
3117,3.100000,1.700000,15360
3118,1.600000,20059.900000,14880
3119,4.900000,3.100000,15360
3120,1.800000,20112.800000,14880
3121,4.800000,2.500000,15360
3122,3.000000,20081.100000,14880
3123,2.800000,1.800000,15360
3124,1.300000,20042.700000,14880
3125,4.500000,2.500000,15360
3126,3.000000,20142.800000,14880
3127,2.100000,1.100000,15360
3128,1.000000,19995.900000,14880
3129,2.600000,1.200000,15360
3130,1.200000,20037.700000,14880
3131,3.300000,1.700000,15360
3132,1.600000,19093.500000,14880
3133,3.300000,1.600000,15360
3134,1.400000,20286.000000,14880
3135,3.500000,1.700000,15360
3136,1.600000,19971.300000,14880
3137,2.700000,1.500000,15360
3138,1.200000,20033.100000,14880
3139,2.600000,1.000000,15360
3140,1.100000,20079.300000,14880
3141,2.200000,0.900000,15360
3142,0.900000,19941.400000,14880
3143,2.500000,1.300000,15360
3144,1.000000,20028.700000,14880
3145,3.900000,2.400000,15360
3146,2.100000,20216.600000,14880
3147,3.100000,1.700000,15360
3148,1.600000,20021.300000,14880
3149,2.400000,1.300000,15360
3150,1.300000,20025.100000,14880
3151,3.200000,1.800000,15360
3152,1.700000,20087.700000,14880
3153,2.900000,1.400000,15360
3154,1.500000,20053.200000,14880
3155,3.400000,1.400000,15360
3156,1.400000,20041.900000,14880
3157,2.700000,1.600000,15360
3158,1.400000,20001.800000,14880
3159,4.700000,3.300000,15360
3160,3.100000,19064.400000,14880
3161,2.700000,1.400000,15360
3162,1.300000,20126.900000,14880
3163,3.000000,1.700000,15360
3164,1.600000,20230.400000,14880
3165,2.900000,1.600000,15360
3166,1.500000,20020.300000,14880
3167,2.900000,1.600000,15360
3168,1.300000,20059.100000,14880
3169,2.900000,1.600000,15360
3170,1.600000,20055.900000,14880
3171,2.600000,1.400000,15360
3172,1.300000,20097.700000,14880
3173,2.900000,1.600000,15360
3174,1.500000,20254.700000,14880
3175,2.900000,1.200000,15360
3176,3.700000,19154.800000,14880
3177,2.600000,1.400000,15360
3178,1.300000,20152.000000,14880
3179,4.600000,3.400000,15360
3180,3.100000,19990.000000,14880
3181,2.900000,1.700000,15360
3182,1.600000,20149.600000,14880
3183,2.800000,1.400000,15360
3184,1.400000,20010.700000,14880
3185,2.800000,1.800000,15360
3186,1.200000,20035.800000,14880
3187,2.900000,1.700000,15360
3188,1.500000,19980.400000,14880
3189,2.300000,0.800000,15360
3190,1.000000,20019.100000,14880
3191,2.600000,1.600000,15360
3192,1.300000,20093.600000,14880
3193,3.900000,2.300000,15360
3194,2.100000,20108.400000,14880
3195,2.500000,1.000000,15360
3196,1.000000,20157.100000,14880
3197,4.700000,3.000000,15360
3198,2.900000,19197.700000,14880
3199,2.200000,1.000000,15360
3200,1.100000,20207.400000,14880
3201,2.700000,1.500000,15360
3202,1.400000,19982.600000,14880
3203,4.500000,3.100000,15360
3204,3.100000,20092.600000,14880
3205,2.700000,1.300000,15360
3206,1.400000,20043.800000,14880
3207,3.000000,1.600000,15360
3208,1.600000,19954.900000,14880
3209,2.600000,0.900000,15360
3210,1.100000,20026.200000,14880
3211,2.200000,1.000000,15360
3212,1.000000,20050.900000,14880
3213,4.600000,3.300000,15360
3214,3.100000,20016.500000,14880
3215,3.000000,1.800000,15360
3216,1.700000,20113.300000,14880
3217,4.600000,3.300000,15360
3218,3.000000,20134.000000,14880
3219,4.700000,3.100000,15360
3220,3.100000,20042.000000,14880
3221,2.500000,1.000000,15360
3222,1.100000,20024.500000,14880
3223,2.800000,1.800000,15360
3224,1.500000,20012.900000,14880
3225,3.400000,1.100000,15360
3226,1.200000,20124.100000,14880
3227,2.600000,1.700000,15360
3228,1.300000,19906.000000,14880
3229,3.200000,1.700000,15360
3230,1.400000,19047.200000,14880
3231,3.200000,1.800000,15360
3232,1.600000,20046.200000,14880
3233,2.300000,0.800000,15360
3234,0.900000,20003.000000,14880
3235,2.400000,1.200000,15360
3236,1.100000,20006.300000,14880
3237,2.500000,1.200000,15360
3238,1.200000,20013.600000,14880
3239,2.600000,1.400000,15360
3240,1.300000,20077.100000,14880
3241,3.400000,2.000000,15360
3242,1.800000,19986.400000,14880
3243,4.900000,3.200000,15360
3244,3.000000,20032.900000,14880
3245,3.100000,1.500000,15360
3246,1.400000,20126.700000,14880
3247,2.300000,1.200000,15360
3248,0.900000,19909.700000,14880
3249,4.700000,3.200000,15360
3250,3.100000,19968.600000,14880
3251,4.900000,3.100000,15360
3252,3.100000,20116.500000,14880
3253,4.700000,3.200000,15360
3254,3.000000,20103.500000,14880
3255,2.600000,1.500000,15360
3256,1.400000,20062.700000,14880
3257,4.600000,2.500000,15360
3258,3.000000,20040.300000,14880
3259,6.100000,4.400000,15360
3260,4.300000,20302.900000,14880
3261,14.800000,12.200000,15360
3262,8.700000,19968.400000,14880
3263,2.300000,1.400000,15360
3264,1.000000,20061.200000,14880
3265,2.600000,1.200000,15360
3266,1.100000,19047.000000,14880
3267,2.800000,1.500000,15360
3268,1.400000,20021.000000,14880
3269,3.100000,1.700000,15360
3270,1.600000,20022.400000,14880
3271,2.900000,1.600000,15360
3272,1.500000,20079.200000,14880
3273,2.900000,1.000000,15360
3274,1.200000,20014.800000,14880
3275,3.200000,1.800000,15360
3276,1.500000,20153.800000,14880
3277,2.900000,1.400000,15360
3278,1.400000,19968.400000,14880
3279,2.600000,1.200000,15360
3280,1.100000,19913.900000,14880
3281,2.500000,1.200000,15360
3282,1.000000,20126.800000,14880
3283,4.600000,3.100000,15360
3284,3.100000,19974.200000,14880
3285,2.900000,1.000000,15360
3286,1.100000,20028.200000,14880
3287,4.900000,3.300000,15360
3288,3.100000,20060.800000,14880
3289,4.700000,3.200000,15360
3290,3.000000,20030.100000,14880
3291,2.500000,11.000000,15360
3292,1.200000,20058.700000,14880
3293,2.700000,1.400000,15360
3294,1.000000,20170.800000,14880
3295,3.000000,1.700000,15360
3296,1.500000,19263.500000,14880
3297,4.600000,2.800000,15360
3298,2.900000,20053.500000,14880
3299,2.800000,1.400000,15360
3300,1.400000,20139.900000,14880
3301,2.300000,0.900000,15360
3302,0.900000,20057.000000,14880
3303,3.500000,2.000000,15360
3304,1.900000,20119.200000,14880
3305,2.600000,1.200000,15360
3306,1.300000,20112.000000,14880
3307,2.600000,1.300000,15360
3308,1.300000,20038.300000,14880
3309,2.700000,1.400000,15360
3310,1.400000,19966.200000,14880
3311,2.300000,1.000000,15360
3312,0.900000,20051.900000,14880
3313,2.100000,1.000000,15360
3314,1.100000,20009.900000,14880
3315,4.800000,3.300000,15360
3316,3.100000,19984.600000,14880
3317,4.700000,3.100000,15360
3318,3.100000,20035.600000,14880
3319,2.700000,1.200000,15360
3320,1.300000,20012.400000,14880
3321,2.400000,0.800000,15360
3322,0.900000,20126.400000,14880
3323,925.400000,2.500000,15360
3324,534.200000,18536.300000,14880
3325,590.000000,1.400000,15360
3326,1220.700000,18221.500000,14880
3327,1425.600000,1.600000,15360
3328,1437.900000,17147.700000,14880
3329,1753.900000,2.200000,15360
3330,2310.600000,15005.900000,14880
3331,1563.000000,1.900000,15360
3332,1254.800000,17224.000000,14880
3333,2512.600000,2.700000,15360
3334,2054.500000,15435.900000,14880
3335,1470.000000,1.500000,15360
3336,1096.300000,17564.000000,14880
3337,3807.000000,4.000000,15360
3338,2580.000000,13687.100000,14880
3339,1437.100000,1.700000,15360
3340,2175.000000,16393.500000,14880
3341,2440.900000,2.600000,15360
3342,2049.600000,15570.900000,14880
3343,2882.000000,2.300000,15360
3344,1722.400000,15422.400000,14880
3345,1611.400000,1.600000,15360
3346,637.700000,17827.400000,14880
3347,1908.100000,2.100000,15360
3348,916.000000,17236.200000,14880
3349,2252.200000,3.100000,15360
3350,1406.100000,16420.000000,14880
3351,1551.200000,1.800000,15360
3352,837.300000,17636.300000,14880
3353,1769.600000,2.200000,15360
3354,1064.500000,17224.500000,14880
3355,1510.500000,2.400000,15360
3356,908.300000,17615.800000,14880
3357,982.100000,1.500000,15360
3358,734.400000,18331.000000,14880
3359,1055.200000,1.600000,15360
3360,1017.100000,17976.600000,14880
3361,2793.400000,2.200000,15360
3362,1638.800000,15640.200000,14880
3363,2939.400000,2.600000,15360
3364,2231.700000,14872.300000,14880
3365,1879.900000,2.500000,15360
3366,1397.400000,15748.600000,14880
3367,1819.900000,1.800000,15360
3368,1174.900000,17100.700000,14880
3369,1745.500000,1.400000,15360
3370,1148.700000,17342.200000,14880
3371,1385.300000,1.300000,15360
3372,1156.600000,17508.400000,14880
3373,2783.500000,2.200000,15360
3374,1277.100000,15938.500000,14880
3375,2718.000000,3.200000,15360
3376,1775.300000,15517.800000,14880
3377,1854.700000,2.200000,15360
3378,1487.400000,16718.300000,14880
3379,1520.700000,1.700000,15360
3380,1267.500000,17244.600000,14880
3381,2497.200000,2.300000,15360
3382,1210.600000,16355.700000,14880
3383,2839.000000,3.300000,15360
3384,2324.300000,14909.600000,14880
3385,1458.500000,1.700000,15360
3386,459.600000,18097.900000,14880
3387,594.800000,1.600000,15360
3388,468.600000,18937.100000,14880
3389,3.900000,2.200000,15360
3390,2.100000,20007.600000,14880
3391,3.200000,1.800000,15360
3392,1.600000,20078.200000,14880
3393,572.600000,1.600000,15360
3394,1323.400000,18172.600000,14880
3395,3145.700000,2.800000,15360
3396,2631.400000,14260.400000,14880
3397,2388.200000,2.700000,15360
3398,1923.800000,15706.800000,14880
3399,1790.900000,1.800000,15360
3400,1432.400000,15813.900000,14880
3401,1499.000000,1.800000,15360
3402,1221.100000,17346.000000,14880
3403,2165.500000,2.300000,15360
3404,1868.900000,15997.000000,14880
3405,1387.600000,1.900000,15360
3406,1278.200000,17431.800000,14880
3407,1582.000000,1.900000,15360
3408,1397.300000,17073.300000,14880
3409,2854.100000,2.800000,15360
3410,1736.700000,15421.700000,14880
3411,2248.100000,2.500000,15360
3412,1465.100000,16322.400000,14880
3413,1657.600000,1.600000,15360
3414,1211.500000,17158.500000,14880
3415,2022.300000,1.500000,15360
3416,1241.200000,16821.900000,14880
3417,1299.400000,1.300000,15360
3418,1078.800000,17675.600000,14880
3419,1624.800000,1.700000,15360
3420,2422.000000,15935.900000,14880
3421,2283.500000,2.000000,15360
3422,1262.600000,16469.500000,14880
3423,1873.100000,1.900000,15360
3424,1172.400000,16981.000000,14880
3425,2531.700000,2.500000,15360
3426,1240.800000,16217.000000,14880
3427,1646.200000,1.800000,15360
3428,1102.100000,17389.200000,14880
3429,1503.000000,1.700000,15360
3430,1266.000000,17180.800000,14880
3431,1584.800000,2.200000,15360
3432,1331.700000,17145.600000,14880
3433,1517.600000,1.600000,15360
3434,1489.800000,17023.100000,14880
3435,3111.600000,3.100000,15360
3436,1956.500000,14951.600000,14880
3437,2184.000000,2.400000,15360
3438,1261.300000,16798.000000,14880
3439,1928.200000,2.500000,15360
3440,2377.300000,14732.100000,14880
3441,1468.700000,1.400000,15360
3442,1188.000000,17339.000000,14880
3443,2096.600000,1.900000,15360
3444,1506.600000,16431.700000,14880
3445,2.400000,1.300000,15360
3446,1.200000,20106.700000,14880
3447,2.600000,1.400000,15360
3448,1.200000,20077.000000,14880
3449,1798.900000,1.700000,15360
3450,350.200000,17845.900000,14880
3451,2380.800000,2.600000,15360
3452,1643.700000,16131.200000,14880
3453,2404.100000,2.900000,15360
3454,1868.400000,15800.000000,14880
3455,1614.800000,1.700000,15360
3456,1307.400000,17138.400000,14880
3457,2157.500000,2.200000,15360
3458,1261.200000,16671.700000,14880
3459,2842.800000,3.100000,15360
3460,1452.200000,15706.700000,14880
3461,1334.300000,1.300000,15360
3462,1121.900000,17619.900000,14880
3463,2552.100000,3.000000,15360
3464,2409.800000,15113.300000,14880
3465,2498.000000,2.800000,15360
3466,1237.700000,16279.000000,14880
3467,2288.400000,1.600000,15360
3468,1068.600000,15786.600000,14880
3469,2293.900000,1.800000,15360
3470,1222.100000,16653.400000,14880
3471,2540.000000,3.100000,15360
3472,1647.300000,15803.800000,14880
3473,1472.500000,1.400000,15360
3474,1239.700000,17271.100000,14880
3475,2482.200000,1.700000,15360
3476,1053.300000,16488.100000,14880
3477,2211.900000,2.100000,15360
3478,1234.600000,16581.700000,14880
3479,2337.100000,1.900000,15360
3480,1207.800000,16501.400000,14880
3481,1348.900000,1.700000,15360
3482,1088.900000,17587.600000,14880
3483,1834.800000,1.900000,15360
3484,1348.400000,16788.600000,14880
3485,1349.100000,1.500000,15360
3486,1160.700000,17637.200000,14880
3487,1298.200000,1.300000,15360
3488,1141.400000,17492.800000,14880
3489,1381.800000,1.500000,15360
3490,1252.100000,17355.700000,14880
3491,1769.200000,1.800000,15360
3492,1312.100000,16968.500000,14880
3493,2222.100000,2.500000,15360
3494,1847.100000,15966.800000,14880
3495,1887.300000,2.100000,15360
3496,1334.300000,16749.500000,14880
3497,1397.900000,1.500000,15360
3498,1155.500000,17553.800000,14880
3499,1196.200000,1.300000,15360
3500,1.100000,18860.100000,14880
3501,1.700000,0.900000,15360
3502,0.900000,20016.200000,14880
3503,2.900000,1.000000,15360
3504,2359.700000,17683.900000,14880
3505,1447.100000,1.700000,15360
3506,1185.600000,17440.500000,14880
3507,1296.700000,1.400000,15360
3508,1045.300000,17663.100000,14880
3509,1324.600000,1.300000,15360
3510,1220.200000,17439.600000,14880
3511,1251.000000,1.400000,15360
3512,1068.500000,17735.900000,14880
3513,1197.400000,1.200000,15360
3514,1078.500000,17141.400000,14880
3515,1427.200000,1.500000,15360
3516,1149.300000,17620.400000,14880
3517,1331.700000,1.500000,15360
3518,1096.600000,17533.000000,14880
3519,1585.300000,1.600000,15360
3520,1237.800000,17258.700000,14880
3521,1463.000000,1.500000,15360
3522,1175.800000,17360.000000,14880
3523,1274.600000,1.300000,15360
3524,1233.100000,17587.300000,14880
3525,2473.700000,2.200000,15360
3526,1180.600000,16468.000000,14880
3527,1354.100000,1.200000,15360
3528,1081.600000,17533.600000,14880
3529,2791.500000,2.700000,15360
3530,2010.500000,15236.100000,14880
3531,2443.800000,1.600000,15360
3532,1110.300000,16635.600000,14880
3533,1381.000000,1.600000,15360
3534,1344.800000,17269.300000,14880
3535,1388.800000,1.400000,15360
3536,1236.100000,17431.000000,14880
3537,2212.900000,2.600000,15360
3538,1432.900000,16356.900000,14880
3539,1719.500000,1.500000,15360
3540,1229.300000,16109.000000,14880
3541,2979.500000,2.500000,15360
3542,2106.100000,15115.200000,14880
3543,1331.500000,1.300000,15360
3544,1204.900000,17462.300000,14880
3545,1619.400000,1.500000,15360
3546,1634.700000,16728.900000,14880
3547,2380.900000,2.500000,15360
3548,1533.700000,16195.000000,14880
3549,1428.200000,1.400000,15360
3550,1282.300000,17212.800000,14880
3551,2757.800000,2.200000,15360
3552,1698.300000,15556.700000,14880
3553,1326.700000,1.400000,15360
3554,1.300000,18753.600000,14880
3555,2.100000,1.100000,15360
3556,0.900000,20011.900000,14880
3557,4.800000,3.400000,15360
3558,2448.700000,17537.500000,14880
3559,2596.200000,6.900000,15360
3560,1347.700000,16075.300000,14880
3561,1785.700000,2.400000,15360
3562,1245.500000,17003.000000,14880
3563,705.100000,2.000000,15360
3564,1844.300000,17665.300000,14880
3565,3155.700000,2.800000,15360
3566,1642.800000,15255.600000,14880
3567,2420.500000,2.700000,15360
3568,1503.500000,16101.800000,14880
3569,2222.800000,2.500000,15360
3570,1337.100000,16486.900000,14880
3571,1378.100000,1.300000,15360
3572,1149.600000,17578.400000,14880
3573,1623.400000,2.000000,15360
3574,1484.100000,16808.800000,14880
3575,1811.900000,2.400000,15360
3576,1410.700000,16802.000000,14880
3577,1846.800000,1.600000,15360
3578,1144.800000,17169.600000,14880
3579,1456.300000,1.600000,15360
3580,1223.800000,17248.800000,14880
3581,1492.200000,1.700000,15360
3582,1258.000000,16292.100000,14880
3583,1683.000000,2.100000,15360
3584,1621.300000,16760.800000,14880
3585,2779.400000,2.800000,15360
3586,1928.100000,15319.600000,14880
3587,2749.100000,3.100000,15360
3588,1567.900000,15795.300000,14880
3589,2422.700000,2.300000,15360
3590,1682.800000,15902.200000,14880
3591,1499.600000,1.400000,15360
3592,1229.700000,17317.700000,14880
3593,3295.900000,2.600000,15360
3594,2003.700000,14745.700000,14880
3595,1438.200000,1.600000,15360
3596,1222.700000,17394.900000,14880
3597,1943.700000,1.600000,15360
3598,1057.800000,17166.600000,14880
3599,2773.900000,3.000000,15360
3600,1856.800000,15529.100000,14880
3601,2101.800000,3.000000,15360
3602,1474.000000,16594.900000,14880
3603,2592.500000,2.900000,15360
3604,2235.700000,15303.400000,14880
3605,1477.700000,1.400000,15360
3606,1239.800000,16290.200000,14880
3607,1794.900000,1.700000,15360
3608,1308.300000,17079.500000,14880
3609,1487.500000,1.700000,15360
3610,1400.500000,17107.900000,14880
3611,1505.400000,1.800000,15360
3612,1230.800000,17366.900000,14880
3613,2294.600000,2.100000,15360
3614,1436.100000,16267.000000,14880
3615,1611.200000,2.000000,15360
3616,1411.600000,17123.200000,14880
3617,1442.700000,1.700000,15360
3618,1200.700000,17731.700000,14880
3619,3227.900000,2.800000,15360
3620,1993.300000,13910.500000,14880
3621,2826.700000,2.400000,15360
3622,1807.800000,15426.600000,14880
3623,2623.200000,3.100000,15360
3624,1397.100000,15966.200000,14880
3625,2602.800000,2.400000,15360
3626,2105.600000,15311.600000,14880
3627,1554.600000,1.400000,15360
3628,1041.400000,17468.900000,14880
3629,3015.200000,2.500000,15360
3630,1767.900000,15266.500000,14880
3631,1698.400000,1.500000,15360
3632,1191.700000,17132.100000,14880
3633,2367.000000,2.600000,15360
3634,1626.900000,16087.000000,14880
3635,1983.100000,2.900000,15360
3636,1676.900000,16369.100000,14880
3637,2548.700000,2.800000,15360
3638,1902.100000,15682.000000,14880
3639,1823.800000,2.300000,15360
3640,1414.800000,16836.700000,14880
3641,2392.000000,2.400000,15360
3642,1489.900000,16314.800000,14880
3643,2854.000000,3.000000,15360
3644,2610.000000,14597.100000,14880
3645,1667.800000,1.900000,15360
3646,1293.900000,17125.500000,14880
3647,1424.100000,1.800000,15360
3648,1160.300000,17395.600000,14880
3649,2017.600000,1.900000,15360
3650,1326.500000,15730.800000,14880
3651,3303.800000,4.000000,15360
3652,2685.000000,14016.100000,14880
3653,1458.700000,1.400000,15360
3654,1245.600000,17308.300000,14880
3655,1672.000000,2.300000,15360
3656,1360.000000,17096.700000,14880
3657,2003.400000,1.900000,15360
3658,1110.300000,16921.300000,14880
3659,2192.500000,2.100000,15360
3660,1229.100000,16593.400000,14880
3661,1433.700000,1.400000,15360
3662,1625.700000,16998.900000,14880
3663,2310.100000,2.800000,15360
3664,2096.600000,15645.800000,14880
3665,1440.500000,1.400000,15360
3666,1287.200000,17357.500000,14880
3667,2690.200000,2.800000,15360
3668,1842.000000,15507.900000,14880
3669,2303.800000,2.000000,15360
3670,1117.800000,16617.700000,14880
3671,2505.100000,2.300000,15360
3672,1526.200000,15953.800000,14880
3673,2210.600000,2.200000,15360
3674,2009.200000,15801.100000,14880
3675,3084.400000,3.100000,15360
3676,1819.700000,15231.600000,14880
3677,2061.000000,2.300000,15360
3678,1194.400000,16734.800000,14880
3679,1363.100000,1.400000,15360
3680,1359.500000,17515.100000,14880
3681,1682.900000,1.900000,15360
3682,1343.700000,16939.000000,14880
3683,1808.800000,1.200000,15360
3684,1041.300000,17130.200000,14880
3685,1617.200000,2.000000,15360
3686,1346.200000,17055.800000,14880
3687,527.400000,1.200000,15360
3688,334.200000,19190.000000,14880
3689,2465.400000,2.700000,15360
3690,566.200000,16952.400000,14880
3691,1295.200000,1.600000,15360
3692,378.000000,17390.900000,14880
3693,825.100000,1.700000,15360
3694,345.800000,18890.100000,14880
3695,774.000000,1.800000,15360
3696,545.300000,18796.600000,14880
3697,544.300000,1.300000,15360
3698,351.000000,19020.500000,14880
3699,513.100000,1.300000,15360
3700,327.700000,19864.700000,14880
3701,937.700000,2.000000,15360
3702,352.900000,17988.900000,14880
3703,434.200000,1.400000,15360
3704,296.800000,19333.000000,14880
3705,563.800000,1.500000,15360
3706,382.900000,19072.100000,14880
3707,818.900000,1.900000,15360
3708,487.600000,18706.500000,14880
3709,589.100000,1.600000,15360
3710,426.400000,19056.500000,14880
3711,773.200000,2.400000,15360
3712,373.600000,18925.500000,14880
3713,530.500000,1.300000,15360
3714,361.400000,19283.900000,14880
3715,465.700000,1.100000,15360
3716,331.400000,19179.400000,14880
3717,569.500000,1.300000,15360
3718,368.900000,19278.200000,14880
3719,723.000000,1.400000,15360
3720,415.000000,18868.900000,14880
3721,803.000000,2.200000,15360
3722,389.500000,18893.100000,14880
3723,527.600000,1.200000,15360
3724,336.500000,18274.700000,14880
3725,627.900000,1.600000,15360
3726,370.100000,19064.500000,14880
3727,843.800000,2.200000,15360
3728,391.900000,18809.500000,14880
3729,877.200000,2.500000,15360
3730,558.000000,18593.600000,14880
3731,586.300000,1.500000,15360
3732,388.400000,19058.100000,14880
3733,691.900000,1.900000,15360
3734,453.400000,18905.400000,14880
3735,932.100000,2.700000,15360
3736,501.700000,18602.400000,14880
3737,975.400000,2.300000,15360
3738,390.500000,18584.000000,14880
3739,582.300000,1.700000,15360
3740,399.000000,19059.700000,14880
3741,822.200000,2.600000,15360
3742,421.200000,18941.500000,14880
3743,865.000000,2.200000,15360
3744,423.100000,18658.800000,14880
3745,551.300000,1.200000,15360
3746,347.000000,19194.200000,14880
3747,838.800000,2.100000,15360
3748,361.200000,18797.500000,14880
3749,1098.800000,2.900000,15360
3750,723.600000,18285.800000,14880
3751,814.400000,1.900000,15360
3752,374.400000,18914.100000,14880
3753,910.700000,2.300000,15360
3754,462.500000,18689.400000,14880
3755,563.700000,1.100000,15360
3756,343.200000,18995.800000,14880
3757,603.100000,1.500000,15360
3758,382.800000,19055.000000,14880
3759,687.100000,1.800000,15360
3760,474.300000,18866.000000,14880
3761,788.000000,2.200000,15360
3762,390.900000,18958.600000,14880
3763,454.000000,1.200000,15360
3764,300.600000,18333.300000,14880
3765,1000.600000,2.700000,15360
3766,531.000000,18507.000000,14880
3767,765.700000,1.800000,15360
3768,322.300000,18897.400000,14880
3769,711.000000,1.800000,15360
3770,421.600000,18928.400000,14880
3771,748.000000,2.500000,15360
3772,415.000000,18823.000000,14880
3773,614.300000,2.000000,15360
3774,403.100000,19104.000000,14880
3775,555.400000,1.700000,15360
3776,386.900000,19107.600000,14880
3777,799.500000,2.100000,15360
3778,341.700000,18761.400000,14880
3779,635.900000,2.000000,15360
3780,403.400000,18950.000000,14880
3781,606.800000,1.300000,15360
3782,377.300000,19154.700000,14880
3783,647.400000,2.000000,15360
3784,333.700000,18915.500000,14880
3785,530.700000,1.200000,15360
3786,340.700000,19323.100000,14880
3787,516.200000,1.200000,15360
3788,335.300000,19313.200000,14880
3789,579.300000,1.300000,15360
3790,372.800000,19104.000000,14880
3791,816.600000,2.200000,15360
3792,457.400000,18762.500000,14880
3793,917.000000,1.900000,15360
3794,389.500000,18695.900000,14880
3795,966.300000,2.500000,15360
3796,475.100000,18806.600000,14880
3797,900.400000,2.200000,15360
3798,444.100000,18691.700000,14880
3799,850.200000,1.600000,15360
3800,390.200000,17724.200000,14880
3801,744.500000,1.400000,15360
3802,401.700000,19026.400000,14880
3803,610.600000,1.500000,15360
3804,412.700000,19008.300000,14880
3805,880.200000,2.200000,15360
3806,500.800000,18742.900000,14880
3807,592.600000,1.400000,15360
3808,355.600000,19102.100000,14880
3809,728.500000,1.800000,15360
3810,466.500000,18839.700000,14880
3811,629.800000,2.200000,15360
3812,450.700000,18971.500000,14880
3813,526.600000,1.400000,15360
3814,349.000000,19141.300000,14880
3815,783.500000,2.400000,15360
3816,586.100000,18664.300000,14880
3817,567.400000,1.600000,15360
3818,463.000000,19049.200000,14880
3819,964.900000,2.600000,15360
3820,573.800000,18433.600000,14880
3821,696.600000,2.100000,15360
3822,447.100000,18933.700000,14880
3823,992.800000,2.200000,15360
3824,449.500000,18563.100000,14880
3825,563.300000,1.300000,15360
3826,356.900000,19163.100000,14880
3827,890.200000,2.400000,15360
3828,433.100000,18737.500000,14880
3829,1767.800000,2.100000,15360
3830,755.000000,16723.600000,14880
3831,893.900000,2.200000,15360
3832,436.900000,18769.000000,14880
3833,896.600000,2.100000,15360
3834,385.200000,18728.600000,14880
3835,702.000000,1.600000,15360
3836,368.100000,18975.600000,14880
3837,514.300000,1.300000,15360
3838,331.100000,19270.500000,14880
3839,727.100000,1.800000,15360
3840,433.400000,18939.800000,14880
3841,806.000000,1.800000,15360
3842,1843.400000,17316.400000,14880
3843,2697.600000,3.000000,15360
3844,2472.100000,14918.900000,14880
3845,2015.600000,2.000000,15360
3846,1431.100000,16543.000000,14880
3847,2046.700000,1.500000,15360
3848,1136.200000,16937.200000,14880
3849,2696.000000,2.800000,15360
3850,1863.800000,15464.100000,14880
3851,1467.700000,1.600000,15360
3852,1252.500000,17387.300000,14880
3853,1309.400000,1.400000,15360
3854,1159.400000,17532.300000,14880
3855,2621.700000,2.700000,15360
3856,1640.300000,15770.600000,14880
3857,2751.300000,2.300000,15360
3858,1279.100000,16008.000000,14880
3859,2176.800000,2.200000,15360
3860,1191.200000,16707.500000,14880
3861,2484.000000,2.900000,15360
3862,1498.900000,16030.800000,14880
3863,3029.400000,3.100000,15360
3864,2378.200000,13608.700000,14880
3865,2020.800000,2.600000,15360
3866,1325.700000,16669.500000,14880
3867,2162.700000,1.600000,15360
3868,1043.000000,16935.200000,14880
3869,2680.000000,2.500000,15360
3870,653.900000,16659.600000,14880
3871,898.500000,2.300000,15360
3872,418.500000,18687.000000,14880
3873,903.500000,2.500000,15360
3874,425.100000,18663.900000,14880
3875,1004.800000,2.600000,15360
3876,674.300000,18388.100000,14880
3877,933.900000,2.200000,15360
3878,512.700000,18585.100000,14880
3879,956.200000,2.600000,15360
3880,580.800000,18427.300000,14880
3881,938.400000,2.400000,15360
3882,489.800000,18675.400000,14880
3883,752.600000,1.900000,15360
3884,405.100000,18886.400000,14880
3885,817.700000,2.300000,15360
3886,585.100000,18717.900000,14880
3887,511.000000,1.400000,15360
3888,329.200000,19349.800000,14880
3889,1196.500000,3.600000,15360
3890,714.800000,18073.700000,14880
3891,801.500000,1.800000,15360
3892,407.400000,18831.300000,14880
3893,717.000000,1.900000,15360
3894,413.000000,18943.700000,14880
3895,707.000000,1.900000,15360
3896,397.300000,18872.200000,14880
3897,1058.800000,3.500000,15360
3898,578.800000,18571.200000,14880
3899,876.500000,2.500000,15360
3900,523.400000,18523.900000,14880
3901,1812.600000,1.700000,15360
3902,1367.000000,15899.600000,14880
3903,1332.700000,1.200000,15360
3904,1139.400000,17543.000000,14880
3905,1596.300000,1.900000,15360
3906,1298.100000,17243.500000,14880
3907,1311.500000,1.300000,15360
3908,1148.100000,17566.700000,14880
3909,1687.500000,1.900000,15360
3910,1516.600000,16694.400000,14880
3911,1523.500000,1.700000,15360
3912,1330.400000,17340.700000,14880
3913,1893.200000,1.800000,15360
3914,1214.600000,16924.500000,14880
3915,1908.500000,1.900000,15360
3916,1230.600000,16943.100000,14880
3917,1514.100000,1.500000,15360
3918,1256.300000,17190.200000,14880
3919,2025.700000,2.600000,15360
3920,1697.600000,16293.000000,14880
3921,1425.200000,1.400000,15360
3922,1260.800000,17537.900000,14880
3923,1493.700000,1.600000,15360
3924,1230.600000,17357.000000,14880
3925,2250.500000,2.700000,15360
3926,1220.100000,16601.400000,14880
3927,1333.900000,1.500000,15360
3928,1300.700000,17442.200000,14880
3929,533.200000,1.300000,15360
3930,360.900000,18283.800000,14880
3931,518.800000,1.500000,15360
3932,346.500000,19256.900000,14880
3933,895.100000,2.600000,15360
3934,472.800000,18604.800000,14880
3935,877.500000,1.700000,15360
3936,499.400000,18751.400000,14880
3937,785.900000,2.100000,15360
3938,390.900000,18852.700000,14880
3939,881.000000,2.400000,15360
3940,498.500000,18630.400000,14880
3941,826.600000,2.300000,15360
3942,410.800000,18780.100000,14880
3943,520.200000,1.300000,15360
3944,328.500000,19117.900000,14880
3945,997.500000,2.500000,15360
3946,478.700000,18689.000000,14880
3947,551.900000,1.100000,15360
3948,361.600000,19012.000000,14880
3949,596.300000,2.100000,15360
3950,527.400000,19004.000000,14880
3951,677.500000,1.800000,15360
3952,550.700000,18775.700000,14880
3953,901.100000,2.800000,15360
3954,520.400000,18620.600000,14880
3955,926.400000,2.200000,15360
3956,414.900000,18809.900000,14880
3957,890.000000,1.900000,15360
3958,356.600000,18766.100000,14880
3959,552.000000,1.500000,15360
3960,363.000000,19188.600000,14880
3961,614.000000,1.300000,15360
3962,409.100000,18986.100000,14880
3963,1597.900000,1.400000,15360
3964,2020.000000,16349.900000,14880
3965,1635.400000,1.500000,15360
3966,1047.300000,17306.500000,14880
3967,2011.500000,2.100000,15360
3968,1392.600000,16605.000000,14880
3969,1544.800000,1.700000,15360
3970,1447.000000,17023.700000,14880
3971,1860.000000,1.500000,15360
3972,1211.400000,16110.400000,14880
3973,1538.000000,1.800000,15360
3974,1325.700000,17116.700000,14880
3975,1847.000000,1.600000,15360
3976,1257.600000,16958.000000,14880
3977,2070.800000,2.000000,15360
3978,1165.200000,16822.700000,14880
3979,1715.400000,1.700000,15360
3980,1137.100000,17136.500000,14880
3981,1634.000000,1.400000,15360
3982,1212.600000,17239.500000,14880
3983,1327.200000,1.700000,15360
3984,1128.800000,17479.600000,14880
3985,1509.200000,1.800000,15360
3986,1197.300000,17447.800000,14880
3987,1433.400000,1.400000,15360
3988,1220.600000,17594.200000,14880
3989,1297.300000,1.500000,15360
3990,1106.600000,17600.100000,14880
3991,1654.900000,2.000000,15360
3992,1405.200000,16850.400000,14880
3993,2107.600000,2.100000,15360
3994,533.100000,17659.600000,14880
3995,530.200000,1.400000,15360
3996,367.200000,19009.500000,14880
3997,565.000000,1.600000,15360
3998,371.300000,19112.200000,14880
3999,1001.000000,2.200000,15360
4000,487.400000,18599.800000,14880
4001,611.300000,1.800000,15360
4002,391.500000,19109.800000,14880
4003,539.900000,1.600000,15360
4004,342.500000,18107.500000,14880
4005,519.400000,1.400000,15360
4006,359.600000,19171.900000,14880
4007,538.400000,1.400000,15360
4008,366.800000,19072.500000,14880
4009,564.100000,1.400000,15360
4010,1275.000000,18206.100000,14880
4011,1718.800000,2.600000,15360
4012,1427.500000,16873.300000,14880
4013,1432.300000,1.900000,15360
4014,1169.600000,17433.000000,14880
4015,1511.700000,1.600000,15360
4016,1356.000000,17134.100000,14880
4017,1341.000000,1.500000,15360
4018,1147.500000,17516.400000,14880
4019,1985.100000,2.100000,15360
4020,1227.900000,17092.600000,14880
4021,1415.300000,1.500000,15360
4022,1088.600000,17560.000000,14880
4023,1361.500000,1.700000,15360
4024,1202.600000,17501.000000,14880
4025,1496.800000,1.900000,15360
4026,1274.100000,17298.900000,14880
4027,2305.000000,2.700000,15360
4028,1172.100000,16519.000000,14880
4029,2502.600000,2.400000,15360
4030,1637.800000,15915.900000,14880
4031,1655.800000,2.500000,15360
4032,1290.400000,17111.100000,14880
4033,1922.600000,2.200000,15360
4034,1787.400000,16284.000000,14880
4035,1977.000000,2.100000,15360
4036,1241.100000,16891.800000,14880
4037,2596.400000,3.000000,15360
4038,2311.500000,15092.800000,14880
4039,2846.200000,2.700000,15360
4040,1858.800000,15341.600000,14880
4041,2610.200000,3.000000,15360
4042,1118.300000,15230.600000,14880
4043,1606.300000,1.500000,15360
4044,1144.400000,17291.500000,14880
4045,1399.000000,1.900000,15360
4046,1193.200000,17443.200000,14880
4047,2613.300000,2.700000,15360
4048,552.800000,16858.500000,14880
4049,838.000000,2.300000,15360
4050,586.500000,18550.800000,14880
4051,586.500000,1.700000,15360
4052,419.200000,19017.700000,14880
4053,716.300000,2.700000,15360
4054,431.100000,18881.300000,14880
4055,828.200000,2.500000,15360
4056,397.000000,18883.500000,14880
4057,810.600000,2.500000,15360
4058,428.200000,18756.900000,14880
4059,584.500000,1.600000,15360
4060,440.200000,19079.700000,14880
4061,874.200000,2.200000,15360
4062,472.600000,18652.300000,14880
4063,466.100000,1.200000,15360
4064,394.200000,19213.800000,14880
4065,1650.000000,2.000000,15360
4066,1315.200000,17121.300000,14880
4067,1443.200000,2.000000,15360
4068,1386.300000,17334.200000,14880
4069,2948.600000,2.800000,15360
4070,1823.500000,15401.900000,14880
4071,1831.400000,1.300000,15360
4072,1345.900000,16834.600000,14880
4073,2600.300000,2.500000,15360
4074,1931.400000,14613.300000,14880
4075,1756.700000,1.800000,15360
4076,1444.700000,16789.900000,14880
4077,2123.400000,2.200000,15360
4078,1578.300000,16298.200000,14880
4079,1817.300000,2.400000,15360
4080,1250.500000,16947.400000,14880
4081,2515.700000,2.400000,15360
4082,1328.200000,16352.400000,14880
4083,1974.600000,1.800000,15360
4084,1184.600000,16934.000000,14880
4085,1456.300000,1.600000,15360
4086,1407.500000,17219.200000,14880
4087,2571.300000,2.500000,15360
4088,1997.900000,15529.600000,14880
4089,2681.700000,2.700000,15360
4090,2315.100000,15022.500000,14880
4091,2009.500000,2.100000,15360
4092,1135.500000,16801.900000,14880
4093,1839.400000,1.800000,15360
4094,1259.900000,16996.400000,14880
4095,886.800000,1.600000,15360
4096,340.800000,18738.300000,14880
4097,982.800000,2.600000,15360
4098,510.000000,18585.900000,14880
4099,963.700000,2.800000,15360
4100,578.500000,18439.100000,14880
4101,593.500000,1.800000,15360
4102,392.200000,19288.900000,14880
4103,579.400000,1.500000,15360
4104,376.500000,19095.800000,14880
4105,925.200000,2.500000,15360
4106,401.400000,17762.800000,14880
4107,816.900000,2.000000,15360
4108,416.600000,18639.500000,14880
4109,748.300000,2.000000,15360
4110,510.900000,18857.500000,14880
4111,593.500000,1.600000,15360
4112,404.700000,19031.800000,14880
4113,634.300000,2.000000,15360
4114,414.200000,18979.200000,14880
4115,897.100000,2.200000,15360
4116,399.600000,18834.000000,14880
4117,847.600000,2.200000,15360
4118,376.200000,18854.000000,14880
4119,995.800000,3.100000,15360
4120,690.700000,18337.100000,14880
4121,771.400000,2.000000,15360
4122,363.000000,18861.800000,14880
4123,902.100000,2.400000,15360
4124,414.900000,18711.100000,14880
4125,545.600000,1.400000,15360
4126,372.900000,19168.000000,14880
4127,774.900000,2.500000,15360
4128,392.400000,18936.300000,14880
4129,645.000000,1.500000,15360
4130,387.100000,18947.800000,14880
4131,785.100000,2.000000,15360
4132,415.200000,18855.700000,14880
4133,542.400000,1.400000,15360
4134,385.500000,19203.400000,14880
4135,607.400000,1.600000,15360
4136,414.700000,18222.000000,14880
4137,601.700000,1.700000,15360
4138,393.900000,18952.900000,14880
4139,622.200000,2.200000,15360
4140,436.900000,19097.300000,14880
4141,525.600000,1.300000,15360
4142,343.600000,19116.100000,14880
4143,521.300000,1.400000,15360
4144,349.100000,19222.600000,14880
4145,474.000000,1.400000,15360
4146,331.200000,19320.700000,14880
4147,617.700000,1.900000,15360
4148,407.700000,18926.000000,14880
4149,508.200000,1.200000,15360
4150,331.400000,19305.800000,14880
4151,562.400000,1.500000,15360
4152,378.200000,19091.100000,14880
4153,511.200000,1.400000,15360
4154,348.700000,19310.900000,14880
4155,885.800000,1.500000,15360
4156,385.500000,18714.300000,14880
4157,826.100000,2.000000,15360
4158,421.100000,18807.700000,14880
4159,836.500000,1.600000,15360
4160,401.000000,18730.300000,14880
4161,561.500000,1.600000,15360
4162,410.100000,19022.700000,14880
4163,505.200000,1.100000,15360
4164,338.700000,19307.900000,14880
4165,549.800000,1.400000,15360
4166,381.000000,19162.700000,14880
4167,772.500000,1.700000,15360
4168,403.400000,18873.600000,14880
4169,539.600000,1.400000,15360
4170,371.900000,18110.900000,14880
4171,645.300000,1.400000,15360
4172,386.400000,19019.400000,14880
4173,851.000000,2.300000,15360
4174,358.800000,18779.700000,14880
4175,551.100000,1.300000,15360
4176,365.600000,19159.400000,14880
4177,797.400000,1.900000,15360
4178,346.100000,18826.000000,14880
4179,706.400000,1.300000,15360
4180,343.700000,19095.600000,14880
4181,720.900000,1.600000,15360
4182,355.600000,18889.100000,14880
4183,986.100000,2.300000,15360
4184,409.500000,18594.800000,14880
4185,661.900000,2.100000,15360
4186,442.600000,18961.900000,14880
4187,727.800000,1.800000,15360
4188,337.500000,19052.000000,14880
4189,903.100000,2.300000,15360
4190,530.400000,18612.600000,14880
4191,905.500000,2.200000,15360
4192,445.800000,18601.500000,14880
4193,523.300000,1.200000,15360
4194,361.700000,19165.800000,14880
4195,570.200000,1.500000,15360
4196,409.700000,19130.100000,14880
4197,1002.400000,1.600000,15360
4198,355.000000,18684.900000,14880
4199,499.100000,1.300000,15360
4200,381.600000,19164.900000,14880
4201,800.800000,2.400000,15360
4202,482.200000,18830.600000,14880
4203,592.200000,1.400000,15360
4204,352.800000,19140.000000,14880
4205,675.900000,2.100000,15360
4206,375.500000,18859.800000,14880
4207,685.800000,1.700000,15360
4208,403.700000,18948.600000,14880
4209,613.700000,1.700000,15360
4210,445.800000,18927.300000,14880
4211,646.100000,1.900000,15360
4212,399.100000,18969.000000,14880
4213,574.700000,1.600000,15360
4214,397.600000,19068.800000,14880
4215,590.600000,1.900000,15360
4216,392.200000,18212.600000,14880
4217,514.400000,1.400000,15360
4218,363.500000,19215.100000,14880
4219,848.600000,2.300000,15360
4220,608.000000,18525.300000,14880
4221,885.500000,2.200000,15360
4222,476.000000,18731.400000,14880
4223,595.000000,1.500000,15360
4224,385.400000,19038.400000,14880
4225,759.000000,1.600000,15360
4226,455.100000,19124.000000,14880
4227,772.900000,2.800000,15360
4228,414.100000,18828.400000,14880
4229,631.100000,2.000000,15360
4230,430.600000,18974.200000,14880
4231,1038.000000,2.600000,15360
4232,554.800000,18515.600000,14880
4233,848.100000,2.100000,15360
4234,415.800000,18661.800000,14880
4235,749.400000,2.000000,15360
4236,372.800000,18912.200000,14880
4237,951.900000,2.400000,15360
4238,429.600000,18795.700000,14880
4239,687.100000,1.400000,15360
4240,383.100000,18003.300000,14880
4241,843.100000,2.100000,15360
4242,437.600000,18744.400000,14880
4243,976.100000,2.500000,15360
4244,412.800000,18738.300000,14880
4245,664.300000,1.700000,15360
4246,402.500000,19173.100000,14880
4247,571.000000,1.500000,15360
4248,403.700000,19063.900000,14880
4249,896.700000,2.200000,15360
4250,466.000000,18596.000000,14880
4251,572.700000,1.400000,15360
4252,410.600000,19085.900000,14880
4253,885.800000,2.600000,15360
4254,465.700000,18790.700000,14880
4255,554.800000,1.500000,15360
4256,458.100000,19129.700000,14880
4257,927.500000,2.600000,15360
4258,469.600000,18538.000000,14880
4259,993.200000,2.500000,15360
4260,476.000000,18669.900000,14880
4261,625.300000,1.500000,15360
4262,469.900000,19029.500000,14880
4263,811.500000,2.200000,15360
4264,410.800000,17667.300000,14880
4265,748.300000,2.300000,15360
4266,834.700000,18532.200000,14880
4267,849.300000,2.600000,15360
4268,460.700000,18754.700000,14880
4269,809.200000,1.400000,15360
4270,331.400000,18854.000000,14880
4271,604.100000,2.000000,15360
4272,423.100000,19012.200000,14880
4273,564.600000,1.500000,15360
4274,373.900000,19073.900000,14880
4275,581.700000,1.600000,15360
4276,386.400000,19051.100000,14880
4277,588.800000,1.300000,15360
4278,379.800000,19098.200000,14880
4279,571.500000,1.700000,15360
4280,406.700000,19121.500000,14880
4281,754.800000,2.100000,15360
4282,380.600000,18888.600000,14880
4283,879.000000,2.700000,15360
4284,466.000000,18681.400000,14880
4285,804.800000,2.000000,15360
4286,368.100000,18809.000000,14880
4287,554.800000,1.500000,15360
4288,379.800000,19142.200000,14880
4289,890.200000,2.200000,15360
4290,560.500000,18553.100000,14880
4291,800.400000,2.400000,15360
4292,401.800000,18888.700000,14880
4293,842.700000,2.100000,15360
4294,506.800000,18712.700000,14880
4295,606.300000,1.900000,15360
4296,427.500000,19030.500000,14880
4297,571.400000,1.400000,15360
4298,353.900000,19260.000000,14880
4299,636.700000,1.900000,15360
4300,401.500000,18048.700000,14880
4301,1157.400000,2.200000,15360
4302,611.700000,18474.600000,14880
4303,1160.300000,2.600000,15360
4304,524.300000,18358.400000,14880
4305,770.100000,2.000000,15360
4306,379.400000,18881.300000,14880
4307,513.600000,1.500000,15360
4308,374.900000,19145.900000,14880
4309,713.400000,2.100000,15360
4310,540.800000,18840.600000,14880
4311,836.800000,2.000000,15360
4312,396.300000,18789.300000,14880
4313,802.400000,1.700000,15360
4314,480.900000,18739.000000,14880
4315,734.400000,1.600000,15360
4316,426.100000,18856.100000,14880
4317,638.800000,1.900000,15360
4318,381.500000,18972.400000,14880
4319,537.700000,1.200000,15360
4320,367.400000,19300.600000,14880
4321,934.600000,2.400000,15360
4322,445.300000,18770.200000,14880
4323,850.200000,3.000000,15360
4324,496.000000,17715.000000,14880
4325,814.400000,2.300000,15360
4326,390.100000,18953.000000,14880
4327,802.700000,2.100000,15360
4328,422.700000,18858.900000,14880
4329,776.000000,2.000000,15360
4330,420.800000,18912.100000,14880
4331,775.800000,2.100000,15360
4332,377.800000,18984.500000,14880
4333,500.200000,1.400000,15360
4334,327.100000,19216.000000,14880
4335,725.300000,2.200000,15360
4336,401.700000,18929.100000,14880
4337,867.100000,2.200000,15360
4338,450.900000,18720.300000,14880
4339,874.500000,2.000000,15360
4340,586.400000,18591.600000,14880
4341,544.000000,1.400000,15360
4342,360.800000,19105.700000,14880
4343,548.800000,1.500000,15360
4344,344.100000,19200.400000,14880
4345,753.600000,2.000000,15360
4346,588.100000,18712.400000,14880
4347,777.500000,2.100000,15360
4348,481.400000,18749.800000,14880
4349,1427.000000,2.300000,15360
4350,469.500000,18106.000000,14880
4351,790.100000,2.400000,15360
4352,590.400000,17743.900000,14880
4353,545.300000,1.400000,15360
4354,359.600000,19110.600000,14880
4355,916.900000,2.500000,15360
4356,475.700000,18621.300000,14880
4357,834.400000,2.100000,15360
4358,382.100000,18796.000000,14880
4359,535.800000,1.400000,15360
4360,371.300000,19128.200000,14880
4361,862.500000,2.100000,15360
4362,493.900000,18658.600000,14880
4363,851.700000,2.200000,15360
4364,413.500000,18836.600000,14880
4365,594.100000,1.400000,15360
4366,380.200000,19034.700000,14880
4367,789.400000,2.200000,15360
4368,406.100000,18839.300000,14880
4369,881.800000,2.000000,15360
4370,443.300000,18690.400000,14880
4371,1121.300000,3.000000,15360
4372,746.900000,18169.900000,14880
4373,630.200000,1.800000,15360
4374,409.400000,18993.000000,14880
4375,571.800000,1.300000,15360
4376,532.600000,18948.200000,14880
4377,1034.700000,2.300000,15360
4378,475.500000,18564.400000,14880
4379,2700.800000,2.300000,15360
4380,1382.400000,15893.600000,14880
4381,2257.600000,1.800000,15360
4382,1749.700000,16115.900000,14880
4383,1532.400000,1.600000,15360
4384,1329.900000,17136.900000,14880
4385,1767.500000,2.800000,15360
4386,1433.800000,16881.100000,14880
4387,2066.800000,2.200000,15360
4388,1202.200000,16762.800000,14880
4389,2489.700000,2.300000,15360
4390,1174.700000,16395.500000,14880
4391,1483.700000,2.400000,15360
4392,1491.700000,17079.100000,14880
4393,2274.100000,1.600000,15360
4394,1151.400000,16611.600000,14880
4395,2646.600000,2.400000,15360
4396,2048.900000,15293.300000,14880
4397,2817.900000,3.000000,15360
4398,2435.100000,13896.700000,14880
4399,2458.000000,1.700000,15360
4400,1272.500000,16263.200000,14880
4401,1623.200000,2.300000,15360
4402,1402.500000,16992.900000,14880
4403,3014.600000,3.500000,15360
4404,2476.800000,14516.400000,14880
4405,1556.200000,2.200000,15360
4406,1362.600000,17152.900000,14880
4407,2377.700000,2.900000,15360
4408,1757.100000,16058.600000,14880
4409,1498.900000,1.400000,15360
4410,1271.800000,17166.000000,14880
4411,2220.100000,2.500000,15360
4412,1479.500000,16316.400000,14880
4413,880.100000,2.400000,15360
4414,479.400000,18666.300000,14880
4415,894.100000,2.000000,15360
4416,484.200000,18637.300000,14880
4417,921.900000,2.300000,15360
4418,481.200000,18659.600000,14880
4419,1109.800000,2.100000,15360
4420,515.000000,18388.200000,14880
4421,823.100000,2.300000,15360
4422,407.500000,18863.400000,14880
4423,748.100000,2.100000,15360
4424,367.000000,18969.200000,14880
4425,567.200000,1.300000,15360
4426,365.000000,19250.600000,14880
4427,949.700000,2.200000,15360
4428,361.600000,18659.800000,14880
4429,1016.000000,2.300000,15360
4430,572.700000,18518.700000,14880
4431,591.300000,1.200000,15360
4432,336.700000,19137.600000,14880
4433,671.200000,1.500000,15360
4434,400.600000,17920.100000,14880
4435,649.900000,1.800000,15360
4436,345.100000,19102.100000,14880
4437,663.900000,2.400000,15360
4438,502.700000,18881.500000,14880
4439,785.400000,2.200000,15360
4440,451.500000,18768.800000,14880
4441,747.500000,2.400000,15360
4442,405.800000,18939.600000,14880
4443,745.500000,2.000000,15360
4444,347.500000,18945.800000,14880
4445,843.200000,2.000000,15360
4446,385.400000,18765.100000,14880
4447,639.700000,1.600000,15360
4448,392.100000,18975.100000,14880
4449,553.900000,1.600000,15360
4450,335.600000,19197.300000,14880
4451,564.800000,1.300000,15360
4452,423.500000,18967.200000,14880
4453,752.100000,2.200000,15360
4454,386.200000,18982.300000,14880
4455,839.700000,2.000000,15360
4456,383.200000,18887.200000,14880
4457,873.800000,2.400000,15360
4458,467.900000,18572.300000,14880
4459,604.000000,1.400000,15360
4460,377.600000,19073.600000,14880
4461,869.000000,2.200000,15360
4462,421.200000,18736.300000,14880
4463,473.900000,1.100000,15360
4464,313.000000,19274.400000,14880
4465,814.900000,2.200000,15360
4466,406.300000,18780.800000,14880
4467,517.200000,1.500000,15360
4468,389.600000,19089.600000,14880
4469,570.700000,1.300000,15360
4470,389.200000,19204.500000,14880
4471,917.200000,2.500000,15360
4472,418.700000,17889.000000,14880
4473,620.800000,1.500000,15360
4474,395.900000,19122.000000,14880
4475,507.900000,1.300000,15360
4476,348.700000,19156.200000,14880
4477,617.400000,1.800000,15360
4478,403.800000,18961.200000,14880
4479,900.000000,2.500000,15360
4480,592.200000,18641.800000,14880
4481,2431.900000,2.400000,15360
4482,1349.300000,16336.500000,14880
4483,1783.800000,1.300000,15360
4484,1126.700000,17274.300000,14880
4485,2637.700000,2.700000,15360
4486,1591.700000,15722.500000,14880
4487,1793.600000,2.100000,15360
4488,1496.000000,16746.400000,14880
4489,1421.900000,1.800000,15360
4490,1137.800000,17523.100000,14880
4491,1759.900000,2.100000,15360
4492,1133.700000,17072.700000,14880
4493,1532.600000,1.800000,15360
4494,1378.500000,17114.000000,14880
4495,1901.300000,2.600000,15360
4496,1466.400000,16709.900000,14880
4497,2246.400000,1.900000,15360
4498,1003.500000,15880.700000,14880
4499,3078.700000,2.400000,15360
4500,1332.700000,15763.600000,14880
4501,2793.500000,2.400000,15360
4502,1622.500000,15556.600000,14880
4503,2909.800000,2.400000,15360
4504,1603.700000,15504.200000,14880
4505,2844.100000,2.800000,15360
4506,1741.400000,15504.400000,14880
4507,2015.600000,1.800000,15360
4508,1114.000000,16832.200000,14880
4509,1862.600000,1.800000,15360
4510,1185.400000,16971.600000,14880
4511,2058.600000,2.000000,15360
4512,1224.000000,16805.100000,14880
4513,1931.100000,3.000000,15360
4514,2298.200000,15805.300000,14880
4515,2893.700000,3.000000,15360
4516,1644.400000,15550.300000,14880
4517,2509.600000,2.800000,15360
4518,2236.600000,15245.800000,14880
4519,2884.500000,2.500000,15360
4520,1402.200000,15729.700000,14880
4521,2200.200000,1.700000,15360
4522,1207.100000,16685.000000,14880
4523,5390.600000,4.200000,15360
4524,2090.400000,12542.300000,14880
4525,2348.100000,2.100000,15360
4526,1189.700000,16486.600000,14880
4527,1756.300000,1.400000,15360
4528,1091.800000,17340.100000,14880
4529,1380.900000,1.400000,15360
4530,1157.300000,17525.300000,14880
4531,1327.500000,1.700000,15360
4532,1180.000000,17464.900000,14880
4533,2596.300000,2.800000,15360
4534,1222.400000,16155.800000,14880
4535,2719.400000,2.300000,15360
4536,1668.400000,14804.000000,14880
4537,587.500000,1.700000,15360
4538,381.400000,19153.200000,14880
4539,584.800000,1.600000,15360
4540,373.900000,19127.600000,14880
4541,656.700000,1.600000,15360
4542,378.800000,18994.800000,14880
4543,535.600000,1.500000,15360
4544,363.100000,19264.800000,14880
4545,522.800000,1.300000,15360
4546,354.000000,19151.600000,14880
4547,883.500000,2.300000,15360
4548,431.100000,18695.700000,14880
4549,1409.800000,1.500000,15360
4550,1144.800000,17502.800000,14880
4551,2388.500000,2.300000,15360
4552,1377.500000,16362.100000,14880
4553,2240.800000,2.100000,15360
4554,1135.100000,16732.900000,14880
4555,1408.900000,1.500000,15360
4556,1257.300000,17352.400000,14880
4557,1683.700000,2.000000,15360
4558,1169.200000,17166.500000,14880
4559,1818.900000,2.100000,15360
4560,1256.600000,16951.100000,14880
4561,1402.500000,1.300000,15360
4562,1074.900000,16538.000000,14880
4563,1940.800000,1.800000,15360
4564,1203.700000,17027.700000,14880
4565,1481.200000,1.400000,15360
4566,1349.300000,17136.500000,14880
4567,1305.200000,1.300000,15360
4568,1093.200000,17619.800000,14880
4569,2149.700000,1.500000,15360
4570,1115.700000,16769.100000,14880
4571,642.200000,1.400000,15360
4572,450.000000,18921.500000,14880
4573,516.600000,1.500000,15360
4574,357.200000,19171.000000,14880
4575,1253.800000,2.400000,15360
4576,441.300000,18302.600000,14880
4577,491.800000,1.200000,15360
4578,1365.500000,18158.200000,14880
4579,1559.800000,1.900000,15360
4580,1316.800000,17148.500000,14880
4581,1880.100000,1.300000,15360
4582,926.000000,17218.800000,14880
4583,2168.900000,2.100000,15360
4584,1327.100000,16510.000000,14880
4585,1655.300000,1.800000,15360
4586,1167.300000,17348.300000,14880
4587,1689.300000,2.500000,15360
4588,1181.000000,17144.200000,14880
4589,1878.800000,2.200000,15360
4590,1268.200000,16870.900000,14880
4591,1826.000000,1.500000,15360
4592,1128.500000,17070.100000,14880
4593,1411.600000,1.700000,15360
4594,1361.500000,17308.700000,14880
4595,2694.100000,2.700000,15360
4596,1669.200000,15645.900000,14880
4597,2610.000000,2.300000,15360
4598,1951.800000,15620.000000,14880
4599,1595.500000,2.300000,15360
4600,1271.300000,17167.600000,14880
4601,2564.000000,2.700000,15360
4602,1725.600000,15731.000000,14880
4603,1441.800000,1.700000,15360
4604,1443.200000,17151.400000,14880
4605,1580.200000,2.000000,15360
4606,1226.100000,16217.400000,14880
4607,2546.700000,2.700000,15360
4608,1962.600000,15514.300000,14880
4609,2882.700000,2.600000,15360
4610,1502.700000,15639.200000,14880
4611,1382.200000,1.400000,15360
4612,1236.000000,17399.000000,14880
4613,2202.000000,1.400000,15360
4614,1090.600000,16751.400000,14880
4615,2199.300000,1.800000,15360
4616,1271.800000,16862.600000,14880
4617,2126.700000,3.600000,15360
4618,1783.900000,16028.300000,14880
4619,2750.500000,2.200000,15360
4620,2021.500000,15290.700000,14880
4621,1370.000000,1.400000,15360
4622,1118.100000,17500.400000,14880
4623,2154.100000,2.100000,15360
4624,2061.500000,15822.600000,14880
4625,1459.800000,1.500000,15360
4626,1039.000000,17555.700000,14880
4627,1964.700000,2.100000,15360
4628,1171.300000,16902.700000,14880
4629,1673.400000,1.500000,15360
4630,1166.000000,17134.000000,14880
4631,1682.900000,1.800000,15360
4632,946.400000,17516.400000,14880
4633,1518.800000,2.000000,15360
4634,1387.000000,17049.400000,14880
4635,1260.000000,1.500000,15360
4636,1258.800000,17437.600000,14880
4637,1358.600000,1.600000,15360
4638,1141.100000,17507.700000,14880
4639,1354.500000,1.600000,15360
4640,1217.500000,17451.500000,14880
4641,1198.300000,1.500000,15360
4642,1075.200000,17761.800000,14880
4643,528.900000,1.200000,15360
4644,352.500000,19133.700000,14880
4645,578.400000,1.700000,15360
4646,420.600000,19028.400000,14880
4647,504.900000,1.500000,15360
4648,351.200000,19154.300000,14880
4649,543.200000,1.400000,15360
4650,388.000000,19083.100000,14880
4651,517.900000,1.600000,15360
4652,1223.800000,17435.700000,14880
4653,1239.400000,1.400000,15360
4654,1067.700000,17847.000000,14880
4655,1536.300000,1.700000,15360
4656,1285.600000,17195.600000,14880
4657,1324.700000,1.800000,15360
4658,1315.400000,17382.600000,14880
4659,1472.900000,1.600000,15360
4660,1252.700000,17292.900000,14880
4661,2211.300000,1.900000,15360
4662,890.500000,16903.300000,14880
4663,1333.900000,1.500000,15360
4664,1407.700000,17279.000000,14880
4665,1950.300000,1.700000,15360
4666,995.700000,17078.800000,14880
4667,1920.700000,1.600000,15360
4668,1083.400000,16991.600000,14880
4669,1313.400000,1.600000,15360
4670,1461.300000,17243.500000,14880
4671,2218.700000,2.100000,15360
4672,1004.300000,16863.000000,14880
4673,2161.700000,3.700000,15360
4674,2368.800000,15488.700000,14880
4675,1537.500000,2.100000,15360
4676,1356.400000,17162.000000,14880
4677,1796.900000,1.600000,15360
4678,1042.200000,17240.000000,14880
4679,2966.100000,2.300000,15360
4680,1490.400000,15560.700000,14880
4681,3209.300000,3.500000,15360
4682,1991.700000,14814.300000,14880
4683,2310.000000,2.700000,15360
4684,2019.900000,15925.300000,14880
4685,2711.900000,3.100000,15360
4686,1854.000000,15409.300000,14880
4687,2393.200000,2.200000,15360
4688,2141.900000,15482.500000,14880
4689,1631.900000,1.500000,15360
4690,1201.900000,17216.600000,14880
4691,1561.000000,1.900000,15360
4692,1251.800000,17199.800000,14880
4693,1433.000000,1.800000,15360
4694,1298.700000,17299.500000,14880
4695,1706.300000,2.400000,15360
4696,1526.300000,15789.800000,14880
4697,2074.300000,2.200000,15360
4698,1265.300000,16715.400000,14880
4699,1470.100000,1.600000,15360
4700,1548.200000,16998.000000,14880
4701,776.300000,2.200000,15360
4702,411.500000,18881.800000,14880
4703,897.900000,2.400000,15360
4704,408.500000,18655.900000,14880
4705,524.900000,1.400000,15360
4706,1266.900000,18246.300000,14880
4707,2292.400000,2.200000,15360
4708,1285.200000,16550.100000,14880
4709,1363.800000,1.500000,15360
4710,1161.600000,17505.600000,14880
4711,1712.700000,2.100000,15360
4712,1412.000000,16805.300000,14880
4713,2053.100000,2.000000,15360
4714,1263.700000,16705.900000,14880
4715,1620.400000,1.700000,15360
4716,1285.400000,17252.200000,14880
4717,2459.100000,2.700000,15360
4718,1421.900000,16140.900000,14880
4719,2060.500000,1.700000,15360
4720,1170.300000,16882.700000,14880
4721,1938.200000,2.300000,15360
4722,1286.900000,16935.100000,14880
4723,2744.200000,3.000000,15360
4724,1705.400000,15676.600000,14880
4725,1754.800000,1.600000,15360
4726,1008.600000,16354.100000,14880
4727,1533.000000,1.800000,15360
4728,1304.300000,17174.700000,14880
4729,579.700000,1.600000,15360
4730,381.700000,19163.600000,14880
4731,540.500000,1.300000,15360
4732,352.200000,19090.200000,14880
4733,512.800000,1.400000,15360
4734,1113.300000,18312.300000,14880
4735,1730.000000,1.900000,15360
4736,1240.300000,17083.500000,14880
4737,1484.200000,1.400000,15360
4738,1284.800000,17283.900000,14880
4739,1755.500000,1.800000,15360
4740,1283.300000,16899.600000,14880
4741,1397.500000,1.500000,15360
4742,1369.500000,17417.100000,14880
4743,1581.100000,1.700000,15360
4744,1546.700000,16898.700000,14880
4745,2438.000000,1.900000,15360
4746,1238.100000,16352.200000,14880
4747,1636.900000,2.000000,15360
4748,1385.600000,16994.400000,14880
4749,1479.700000,1.700000,15360
4750,1253.400000,17350.000000,14880
4751,1598.100000,2.200000,15360
4752,1404.300000,17057.900000,14880
4753,2357.400000,2.800000,15360
4754,1303.600000,16351.800000,14880
4755,2010.700000,2.600000,15360
4756,1424.600000,16644.000000,14880
4757,1459.600000,1.800000,15360
4758,1254.600000,17313.900000,14880
4759,2517.000000,2.200000,15360
4760,1341.300000,16208.500000,14880
4761,1547.100000,1.800000,15360
4762,1263.200000,17238.900000,14880
4763,1733.800000,1.800000,15360
4764,1246.100000,16979.400000,14880
4765,1327.400000,1.600000,15360
4766,1118.300000,17582.200000,14880
4767,2196.800000,2.300000,15360
4768,1403.600000,16576.700000,14880
4769,1012.500000,2.500000,15360
4770,496.400000,18363.800000,14880
4771,588.700000,1.500000,15360
4772,412.600000,19045.600000,14880
4773,601.300000,1.200000,15360
4774,360.300000,19196.000000,14880
4775,595.300000,1.600000,15360
4776,439.600000,17915.000000,14880
4777,902.900000,2.400000,15360
4778,388.200000,18689.100000,14880
4779,782.700000,2.100000,15360
4780,423.500000,18870.400000,14880
4781,855.700000,2.000000,15360
4782,364.700000,18796.200000,14880
4783,789.200000,2.000000,15360
4784,366.800000,18793.100000,14880
4785,865.300000,2.200000,15360
4786,446.200000,18762.500000,14880
4787,860.200000,2.300000,15360
4788,394.800000,18704.000000,14880
4789,549.000000,1.300000,15360
4790,366.100000,19108.800000,14880
4791,802.200000,2.600000,15360
4792,416.600000,18802.500000,14880
4793,831.000000,2.300000,15360
4794,401.000000,18799.500000,14880
4795,654.500000,2.300000,15360
4796,414.000000,18959.600000,14880
4797,606.100000,1.400000,15360
4798,341.300000,19083.600000,14880
4799,942.200000,1.600000,15360
4800,412.700000,18666.100000,14880
4801,857.700000,2.100000,15360
4802,454.800000,18767.500000,14880
4803,798.600000,2.100000,15360
4804,376.500000,18791.700000,14880
4805,566.600000,1.300000,15360
4806,360.100000,19107.000000,14880
4807,889.800000,2.300000,15360
4808,461.200000,18707.700000,14880
4809,811.900000,1.900000,15360
4810,516.200000,18798.200000,14880
4811,850.600000,2.300000,15360
4812,428.600000,18666.800000,14880
4813,552.300000,1.300000,15360
4814,378.000000,19171.100000,14880
4815,596.500000,1.300000,15360
4816,399.400000,19031.100000,14880
4817,785.500000,2.000000,15360
4818,376.500000,18931.500000,14880
4819,1078.200000,3.100000,15360
4820,770.500000,18177.400000,14880
4821,895.800000,2.200000,15360
4822,396.900000,18753.400000,14880
4823,935.700000,2.200000,15360
4824,468.800000,18616.600000,14880
4825,943.900000,2.400000,15360
4826,491.200000,18632.400000,14880
4827,993.100000,2.100000,15360
4828,419.400000,18623.000000,14880
4829,908.900000,2.700000,15360
4830,586.100000,17560.300000,14880
4831,3894.800000,4.900000,15360
4832,2299.800000,13842.000000,14880
4833,1887.300000,1.700000,15360
4834,1153.900000,16978.300000,14880
4835,1726.500000,2.000000,15360
4836,1285.600000,16940.500000,14880
4837,1293.100000,1.500000,15360
4838,1050.900000,17713.600000,14880
4839,1528.500000,1.800000,15360
4840,1759.200000,16698.300000,14880
4841,1530.200000,1.900000,15360
4842,1223.200000,17361.300000,14880
4843,1506.800000,1.700000,15360
4844,1359.500000,17042.300000,14880
4845,2578.100000,2.600000,15360
4846,1311.500000,16114.200000,14880
4847,1296.800000,1.600000,15360
4848,1188.100000,17658.000000,14880
4849,2494.600000,2.900000,15360
4850,1591.100000,15946.100000,14880
4851,1365.800000,1.500000,15360
4852,1164.600000,17430.900000,14880
4853,2410.900000,2.000000,15360
4854,1185.600000,16436.400000,14880
4855,1529.500000,2.000000,15360
4856,1229.300000,17279.000000,14880
4857,2081.200000,2.400000,15360
4858,1074.100000,16873.000000,14880
4859,3313.200000,2.600000,15360
4860,1166.700000,15538.800000,14880
4861,1595.700000,1.600000,15360
4862,1256.600000,17212.500000,14880
4863,2275.300000,2.900000,15360
4864,1999.100000,15711.800000,14880
4865,1531.000000,2.000000,15360
4866,1279.400000,17219.900000,14880
4867,2113.500000,2.400000,15360
4868,1284.100000,16776.200000,14880
4869,1407.600000,2.000000,15360
4870,1429.000000,17197.300000,14880
4871,1660.200000,1.500000,15360
4872,1024.100000,17336.600000,14880
4873,1457.900000,1.500000,15360
4874,1295.300000,17420.900000,14880
4875,2390.400000,2.000000,15360
4876,1127.600000,16487.900000,14880
4877,1736.000000,1.800000,15360
4878,1198.800000,16219.500000,14880
4879,2575.200000,3.800000,15360
4880,2428.900000,15236.500000,14880
4881,2209.200000,2.600000,15360
4882,1372.000000,16430.100000,14880
4883,1734.600000,2.200000,15360
4884,1578.300000,16710.100000,14880
4885,2503.900000,2.600000,15360
4886,1497.900000,16098.100000,14880
4887,2635.900000,2.800000,15360
4888,2169.200000,15355.500000,14880
4889,1797.400000,2.500000,15360
4890,1575.800000,16717.000000,14880
4891,2617.100000,2.600000,15360
4892,1955.300000,15400.000000,14880
4893,1331.900000,1.400000,15360
4894,1193.600000,17550.600000,14880
4895,1597.600000,2.000000,15360
4896,1954.500000,16557.400000,14880
4897,3014.900000,4.500000,15360
4898,3379.900000,13609.700000,14880
4899,2996.300000,2.700000,15360
4900,2567.300000,13462.500000,14880
4901,2829.200000,2.900000,15360
4902,1818.300000,15377.600000,14880
4903,2086.200000,1.900000,15360
4904,1231.200000,16702.800000,14880
4905,2824.800000,2.300000,15360
4906,2342.600000,14840.700000,14880
4907,1399.200000,1.500000,15360
4908,1211.800000,17609.700000,14880
4909,1345.800000,1.300000,15360
4910,1172.400000,17470.500000,14880
4911,1627.800000,1.700000,15360
4912,1404.100000,17075.300000,14880
4913,1935.800000,2.000000,15360
4914,1055.800000,17029.400000,14880
4915,2547.900000,2.800000,15360
4916,1754.600000,15747.200000,14880
4917,2269.100000,2.200000,15360
4918,1491.200000,16558.200000,14880
4919,1704.800000,1.900000,15360
4920,1371.400000,16827.400000,14880
4921,1353.400000,1.400000,15360
4922,1074.700000,17790.100000,14880
4923,2875.600000,3.000000,15360
4924,2300.300000,14038.700000,14880
4925,1846.500000,1.200000,15360
4926,1281.400000,16889.700000,14880
4927,2242.000000,2.000000,15360
4928,1107.700000,16694.000000,14880
4929,2134.800000,2.600000,15360
4930,548.500000,17293.600000,14880
4931,503.600000,1.300000,15360
4932,332.900000,19200.600000,14880
4933,522.400000,1.500000,15360
4934,385.700000,19151.000000,14880
4935,606.400000,1.900000,15360
4936,466.900000,18971.900000,14880
4937,608.500000,1.300000,15360
4938,1242.500000,18094.600000,14880
4939,1823.200000,1.700000,15360
4940,1217.600000,16990.800000,14880
4941,1301.400000,1.300000,15360
4942,1094.700000,17684.700000,14880
4943,1479.700000,1.900000,15360
4944,1360.100000,17160.300000,14880
4945,1702.500000,2.000000,15360
4946,1303.100000,16996.400000,14880
4947,1356.900000,1.900000,15360
4948,1344.600000,17319.700000,14880
4949,1805.500000,1.700000,15360
4950,1135.000000,17234.600000,14880
4951,1398.300000,1.700000,15360
4952,1224.000000,17495.900000,14880
4953,1392.100000,1.600000,15360
4954,1243.100000,17528.000000,14880
4955,1864.500000,1.800000,15360
4956,1202.400000,16931.400000,14880
4957,1416.200000,1.800000,15360
4958,1165.800000,17438.000000,14880
4959,1952.000000,3.000000,15360
4960,1550.100000,15628.300000,14880
4961,1844.900000,1.800000,15360
4962,1337.800000,16849.500000,14880
4963,1527.300000,2.200000,15360
4964,1327.000000,17099.100000,14880
4965,1374.100000,1.700000,15360
4966,1144.400000,17563.600000,14880
4967,1374.300000,1.700000,15360
4968,1189.500000,17490.400000,14880
4969,1435.900000,1.500000,15360
4970,1193.000000,17384.100000,14880
4971,1453.900000,1.700000,15360
4972,1212.600000,17398.300000,14880
4973,1238.500000,1.300000,15360
4974,1173.900000,17564.800000,14880
4975,1981.900000,2.700000,15360
4976,1793.000000,16345.000000,14880
4977,1544.100000,1.900000,15360
4978,1301.400000,17343.600000,14880
4979,1461.000000,1.500000,15360
4980,1315.900000,17219.000000,14880
4981,1783.300000,2.000000,15360
4982,1348.400000,16848.700000,14880
4983,1575.100000,2.000000,15360
4984,2355.200000,16131.900000,14880
4985,1501.300000,1.800000,15360
4986,1284.100000,17228.400000,14880
4987,2497.200000,2.600000,15360
4988,1507.900000,16160.500000,14880
4989,987.300000,2.800000,15360
4990,610.300000,18448.500000,14880
4991,929.400000,2.500000,15360
4992,410.600000,17732.800000,14880
4993,778.700000,2.400000,15360
4994,412.000000,18873.600000,14880
4995,871.600000,2.200000,15360
4996,406.700000,18693.500000,14880
4997,535.500000,1.500000,15360
4998,351.000000,19174.500000,14880
4999,547.600000,1.400000,15360
5000,381.600000,19276.600000,14880
5001,938.400000,2.600000,15360
5002,512.100000,18587.000000,14880
5003,884.600000,2.400000,15360
5004,473.500000,18539.400000,14880
5005,806.000000,2.200000,15360
5006,440.900000,18902.400000,14880
5007,840.500000,2.400000,15360
5008,423.100000,18725.600000,14880
5009,873.400000,2.500000,15360
5010,654.800000,18452.100000,14880
5011,549.300000,1.400000,15360
5012,349.200000,19180.800000,14880
5013,1083.000000,2.300000,15360
5014,408.400000,18478.400000,14880
5015,562.500000,1.200000,15360
5016,403.600000,19138.300000,14880
5017,889.500000,3.200000,15360
5018,553.700000,18547.600000,14880
5019,924.700000,2.200000,15360
5020,454.200000,18614.800000,14880
5021,931.200000,2.500000,15360
5022,423.300000,18657.400000,14880
5023,840.600000,2.000000,15360
5024,406.700000,18865.900000,14880
5025,864.100000,1.900000,15360
5026,369.100000,18801.700000,14880
5027,612.200000,1.400000,15360
5028,402.200000,19113.200000,14880
5029,1031.900000,2.700000,15360
5030,626.800000,18253.100000,14880
5031,563.900000,1.500000,15360
5032,375.400000,19092.600000,14880
5033,712.300000,2.000000,15360
5034,371.100000,18972.500000,14880
5035,1085.700000,2.600000,15360
5036,440.200000,18573.500000,14880
5037,878.000000,2.700000,15360
5038,476.200000,18647.600000,14880
5039,1067.700000,3.600000,15360
5040,735.200000,18267.400000,14880
5041,516.300000,1.100000,15360
5042,334.200000,19093.500000,14880
5043,964.900000,2.900000,15360
5044,502.700000,17548.200000,14880
5045,955.400000,2.200000,15360
5046,486.000000,18720.700000,14880
5047,589.200000,1.500000,15360
5048,381.800000,19130.600000,14880
5049,668.200000,1.700000,15360
5050,398.700000,18980.300000,14880
5051,889.800000,2.700000,15360
5052,616.000000,18477.300000,14880
5053,682.000000,1.400000,15360
5054,385.800000,18952.000000,14880
5055,924.200000,3.000000,15360
5056,518.700000,18631.100000,14880
5057,575.700000,1.900000,15360
5058,414.200000,18985.600000,14880
5059,636.500000,1.600000,15360
5060,408.400000,19013.300000,14880
5061,943.800000,2.200000,15360
5062,463.100000,18610.900000,14880
5063,528.800000,1.400000,15360
5064,351.200000,19114.900000,14880
5065,932.600000,2.300000,15360
5066,460.000000,18617.600000,14880
5067,606.400000,1.600000,15360
5068,345.400000,19110.200000,14880
5069,584.700000,1.800000,15360
5070,413.400000,19090.000000,14880
5071,833.800000,1.900000,15360
5072,378.300000,18777.800000,14880
5073,612.200000,1.500000,15360
5074,421.700000,18987.800000,14880
5075,529.700000,1.400000,15360
5076,359.200000,19216.300000,14880
5077,667.300000,2.100000,15360
5078,416.900000,19028.600000,14880
5079,575.800000,1.400000,15360
5080,377.000000,19133.200000,14880
5081,791.300000,2.200000,15360
5082,425.000000,18797.500000,14880
5083,714.200000,2.000000,15360
5084,338.800000,17991.300000,14880
5085,792.200000,2.000000,15360
5086,407.900000,18774.400000,14880
5087,527.700000,1.400000,15360
5088,407.300000,19070.000000,14880
5089,607.700000,1.500000,15360
5090,383.900000,19030.900000,14880
5091,716.400000,2.300000,15360
5092,498.200000,18849.100000,14880
5093,867.300000,2.900000,15360
5094,477.900000,18665.500000,14880
5095,994.500000,2.000000,15360
5096,501.400000,18521.300000,14880
5097,959.900000,2.400000,15360
5098,476.000000,18582.100000,14880
5099,739.100000,2.500000,15360
5100,556.700000,18872.000000,14880
5101,1386.500000,3.000000,15360
5102,661.600000,17960.200000,14880
5103,993.900000,1.600000,15360
5104,418.100000,18598.600000,14880
5105,1024.300000,3.300000,15360
5106,691.200000,18308.500000,14880
5107,583.600000,1.400000,15360
5108,324.700000,19113.500000,14880
5109,475.700000,1.300000,15360
5110,342.400000,19208.200000,14880
5111,820.000000,2.200000,15360
5112,488.800000,18719.500000,14880
5113,817.300000,2.800000,15360
5114,438.000000,18815.900000,14880
5115,622.900000,1.600000,15360
5116,451.700000,18945.500000,14880
5117,493.400000,1.000000,15360
5118,429.700000,19093.200000,14880
5119,766.200000,1.900000,15360
5120,499.500000,18758.900000,14880
5121,1010.500000,2.500000,15360
5122,482.400000,18533.400000,14880
5123,483.700000,1.400000,15360
5124,353.800000,19180.800000,14880
5125,501.400000,1.400000,15360
5126,350.600000,19215.800000,14880
5127,680.000000,1.900000,15360
5128,468.000000,18852.400000,14880
5129,705.800000,2.200000,15360
5130,549.900000,18779.500000,14880
5131,544.200000,1.400000,15360
5132,365.200000,19149.900000,14880
5133,615.100000,1.600000,15360
5134,435.000000,18965.900000,14880
5135,640.400000,1.600000,15360
5136,405.700000,18978.000000,14880
5137,821.200000,2.200000,15360
5138,398.100000,18804.100000,14880
5139,1054.300000,2.900000,15360
5140,500.600000,17460.900000,14880
5141,2.900000,1.200000,15360
5142,1.100000,20045.200000,14880
5143,2.300000,1.200000,15360
5144,1.000000,20091.600000,14880
5145,2.600000,1.200000,15360
5146,1.100000,19977.600000,14880
5147,2.400000,0.900000,15360
5148,1.000000,20028.900000,14880
5149,2.600000,1.500000,15360
5150,1.300000,20061.200000,14880
5151,2.700000,1.400000,15360
5152,1.300000,20053.000000,14880
5153,2.100000,0.800000,15360
5154,0.900000,19985.200000,14880
5155,2.900000,1.700000,15360
5156,1.400000,20176.900000,14880
5157,12.800000,8.700000,15360
5158,10.300000,20089.600000,14880
5159,2.900000,1.400000,15360
5160,1.300000,20008.800000,14880
5161,2.400000,1.200000,15360
5162,1.100000,20057.400000,14880
5163,2.900000,1.400000,15360
5164,1.400000,19984.500000,14880
5165,2.800000,1.700000,15360
5166,1.400000,20024.900000,14880
5167,2.800000,1.400000,15360
5168,1.300000,20037.400000,14880
5169,3.000000,1.900000,15360
5170,1.800000,20019.400000,14880
5171,3.000000,1.900000,15360
5172,1.500000,20038.800000,14880
5173,2.900000,1.700000,15360
5174,1.400000,20068.900000,14880
5175,2.800000,1.600000,15360
5176,1.500000,20036.200000,14880
5177,2.700000,1.500000,15360
5178,1.400000,20016.300000,14880
5179,2.500000,0.800000,15360
5180,0.900000,19155.700000,14880
5181,5.000000,3.100000,15360
5182,3.100000,19932.600000,14880
5183,2.900000,1.600000,15360
5184,1.500000,19971.000000,14880
5185,2.500000,0.900000,15360
5186,1.100000,20032.100000,14880
5187,2.300000,1.100000,15360
5188,1.100000,20030.600000,14880
5189,4.700000,3.300000,15360
5190,3.100000,20127.400000,14880
5191,3.600000,2.000000,15360
5192,1.900000,19985.500000,14880
5193,2.200000,1.300000,15360
5194,1.000000,19918.700000,14880
5195,2.500000,1.400000,15360
5196,1.200000,20029.700000,14880
5197,2.300000,1.100000,15360
5198,1.000000,20088.600000,14880
5199,4.500000,3.200000,15360
5200,3.100000,20040.800000,14880
5201,3.800000,1.600000,15360
5202,1.500000,19968.900000,14880
5203,2.800000,1.500000,15360
5204,1.500000,20216.600000,14880
5205,2.900000,1.800000,15360
5206,1.500000,20005.900000,14880
5207,2.600000,1.100000,15360
5208,1.100000,20085.700000,14880
5209,2.600000,1.400000,15360
5210,1.200000,20158.900000,14880
5211,2.000000,0.900000,15360
5212,0.800000,19196.500000,14880
5213,1.900000,0.900000,15360
5214,0.900000,20012.000000,14880
5215,2.900000,1.700000,15360
5216,1.600000,20036.200000,14880
5217,2.500000,1.300000,15360
5218,1.200000,20122.900000,14880
5219,3.100000,1.200000,15360
5220,1.300000,19929.200000,14880
5221,3.800000,2.100000,15360
5222,2.000000,20031.600000,14880
5223,3.300000,1.900000,15360
5224,1.900000,20186.400000,14880
5225,3.600000,2.500000,15360
5226,2.200000,20153.600000,14880
5227,2.000000,1.000000,15360
5228,0.900000,20160.600000,14880
5229,4.800000,3.300000,15360
5230,3.100000,20029.900000,14880
5231,2.900000,1.600000,15360
5232,1.400000,20099.300000,14880
5233,2.000000,0.700000,15360
5234,0.800000,20039.700000,14880
5235,3.100000,2.100000,15360
5236,1.700000,20072.100000,14880
5237,4.600000,3.200000,15360
5238,3.100000,18971.000000,14880
5239,2.400000,1.500000,15360
5240,1.200000,20024.700000,14880
5241,2.800000,1.500000,15360
5242,1.500000,20014.800000,14880
5243,4.600000,3.100000,15360
5244,3.000000,20001.400000,14880
5245,2.600000,1.000000,15360
5246,1.100000,20034.200000,14880
5247,2.600000,0.900000,15360
5248,1.000000,20012.300000,14880
5249,2.800000,1.500000,15360
5250,1.400000,20011.800000,14880
5251,2.200000,0.800000,15360
5252,0.900000,20015.300000,14880
5253,2.600000,1.100000,15360
5254,1.200000,20065.600000,14880
5255,2.500000,1.300000,15360
5256,1.300000,20021.300000,14880
5257,3.000000,1.700000,15360
5258,1.500000,20060.600000,14880
5259,2.200000,0.900000,15360
5260,0.900000,20018.500000,14880
5261,3.100000,1.800000,15360
5262,1.400000,20008.000000,14880
5263,2.700000,1.200000,15360
5264,1.200000,20005.700000,14880
5265,2.800000,0.900000,15360
5266,1.000000,20051.000000,14880
5267,2.900000,1.700000,15360
5268,1.700000,20003.200000,14880
5269,2.200000,0.900000,15360
5270,1.000000,20045.400000,14880
5271,2.500000,0.900000,15360
5272,1.000000,20023.900000,14880
5273,3.200000,2.100000,15360
5274,1.900000,20007.800000,14880
5275,3.000000,1.800000,15360
5276,1.700000,20145.900000,14880
5277,2.800000,1.600000,15360
5278,1.500000,20020.300000,14880
5279,2.500000,1.200000,15360
5280,1.100000,20103.200000,14880
5281,2.800000,1.500000,15360
5282,1.500000,20005.500000,14880
5283,2.500000,1.000000,15360
5284,1.000000,20034.500000,14880
5285,3.000000,1.500000,15360
5286,1.300000,20022.800000,14880
5287,2.900000,1.500000,15360
5288,1.500000,20016.800000,14880
5289,2.800000,1.600000,15360
5290,1.500000,19036.200000,14880
5291,2.800000,1.400000,15360
5292,1.400000,20025.600000,14880
5293,4.700000,3.500000,15360
5294,3.100000,20022.800000,14880
5295,2.600000,1.400000,15360
5296,1.300000,19997.900000,14880
5297,2.400000,1.000000,15360
5298,1.000000,20053.500000,14880
5299,4.600000,3.200000,15360
5300,3.100000,20052.900000,14880
5301,2.800000,1.200000,15360
5302,1.300000,20119.400000,14880
5303,2.400000,1.200000,15360
5304,1.100000,19913.600000,14880
5305,2.700000,1.300000,15360
5306,1.500000,20057.300000,14880
5307,2.500000,1.200000,15360
5308,1.000000,20044.700000,14880
5309,2.100000,0.900000,15360
5310,0.900000,20159.200000,14880
5311,2.900000,1.800000,15360
5312,1.400000,20150.900000,14880
5313,4.800000,2.300000,15360
5314,1.700000,19982.700000,14880
5315,3.000000,1.600000,15360
5316,1.500000,20020.800000,14880
5317,2.900000,1.400000,15360
5318,1.400000,20134.000000,14880
5319,4.900000,3.000000,15360
5320,1.800000,20010.000000,14880
5321,3.200000,1.700000,15360
5322,1.600000,20065.700000,14880
5323,4.800000,3.400000,15360
5324,3.100000,19970.300000,14880
5325,2.800000,1.500000,15360
5326,1.400000,20013.600000,14880
5327,2.700000,1.500000,15360
5328,1.300000,19134.600000,14880
5329,2.200000,0.900000,15360
5330,0.900000,20004.100000,14880
5331,3.100000,1.700000,15360
5332,1.500000,20241.200000,14880
5333,3.300000,1.700000,15360
5334,1.700000,20022.000000,14880
5335,2.800000,1.500000,15360
5336,1.500000,20040.600000,14880
5337,2.400000,1.200000,15360
5338,1.100000,20244.300000,14880
5339,2.400000,1.100000,15360
5340,1.100000,19998.100000,14880
5341,2.900000,1.500000,15360
5342,1.400000,20088.900000,14880
5343,6.000000,3.600000,15360
5344,3.600000,19900.400000,14880
5345,2.600000,1.000000,15360
5346,0.900000,20081.500000,14880
5347,2.500000,1.200000,15360
5348,1.200000,20055.600000,14880
5349,2.900000,1.600000,15360
5350,1.500000,20048.200000,14880
5351,3.100000,1.700000,15360
5352,1.500000,20086.800000,14880
5353,2.900000,1.500000,15360
5354,1.500000,19184.800000,14880
5355,3.400000,1.600000,15360
5356,1.500000,19995.500000,14880
5357,4.700000,3.800000,15360
5358,3.100000,20001.900000,14880
5359,2.500000,1.100000,15360
5360,1.100000,20020.000000,14880
5361,3.100000,1.900000,15360
5362,1.600000,20074.700000,14880
5363,2.800000,1.600000,15360
5364,1.500000,20057.400000,14880
5365,2.400000,1.000000,15360
5366,1.000000,20166.600000,14880
5367,3.300000,1.800000,15360
5368,1.600000,20066.900000,14880
5369,2.800000,1.400000,15360
5370,873.800000,19178.100000,14880
5371,821.200000,2.600000,15360
5372,447.900000,18616.700000,14880
5373,2578.600000,2.900000,15360
5374,1502.500000,15936.700000,14880
5375,1765.300000,1.600000,15360
5376,1218.100000,17104.000000,14880
5377,1392.700000,1.600000,15360
5378,1222.600000,17587.600000,14880
5379,2230.300000,2.000000,15360
5380,1227.900000,15684.400000,14880
5381,2758.100000,2.700000,15360
5382,1902.000000,15494.400000,14880
5383,1678.700000,2.300000,15360
5384,1460.800000,16784.300000,14880
5385,1651.900000,1.500000,15360
5386,1050.700000,17491.600000,14880
5387,1255.500000,1.400000,15360
5388,1041.200000,17717.400000,14880
5389,2002.900000,6.400000,15360
5390,1258.200000,16767.100000,14880
5391,957.500000,1.400000,15360
5392,748.800000,18385.500000,14880
5393,890.200000,1.200000,15360
5394,696.300000,18424.700000,14880
5395,968.500000,1.500000,15360
5396,752.400000,18252.500000,14880
5397,1095.400000,1.800000,15360
5398,814.300000,18103.300000,14880
5399,1138.000000,1.400000,15360
5400,929.100000,17981.400000,14880
5401,1009.400000,1.700000,15360
5402,745.500000,18271.400000,14880
5403,1148.400000,1.800000,15360
5404,910.400000,17945.400000,14880
5405,939.600000,1.300000,15360
5406,774.300000,18404.500000,14880
5407,1415.800000,2.000000,15360
5408,1361.000000,17276.300000,14880
5409,1509.800000,1.500000,15360
5410,1174.800000,16642.300000,14880
5411,1680.700000,1.700000,15360
5412,1117.900000,17205.200000,14880
5413,1432.200000,1.600000,15360
5414,1245.600000,17376.400000,14880
5415,2505.800000,2.700000,15360
5416,1304.300000,16317.100000,14880
5417,1329.400000,1.300000,15360
5418,1119.000000,17579.100000,14880
5419,2298.900000,2.500000,15360
5420,1433.400000,16414.400000,14880
5421,1361.100000,1.400000,15360
5422,1128.500000,17540.600000,14880
5423,1774.700000,1.800000,15360
5424,1087.000000,17127.000000,14880
5425,2374.000000,2.300000,15360
5426,1135.400000,16525.100000,14880
5427,1439.400000,1.500000,15360
5428,1126.100000,17467.600000,14880
5429,1873.600000,1.700000,15360
5430,1077.200000,17062.500000,14880
5431,1372.100000,1.300000,15360
5432,369.900000,18326.900000,14880
5433,551.100000,1.200000,15360
5434,459.800000,19031.200000,14880
5435,984.100000,2.200000,15360
5436,1.900000,19024.100000,14880
5437,2.900000,1.600000,15360
5438,1.500000,20138.400000,14880
5439,4.500000,3.300000,15360
5440,806.500000,19145.100000,14880
5441,1351.800000,1.400000,15360
5442,1114.900000,17569.400000,14880
5443,2278.500000,3.100000,15360
5444,1197.700000,16625.800000,14880
5445,1411.000000,1.400000,15360
5446,1222.000000,16392.300000,14880
5447,2721.700000,2.500000,15360
5448,1715.100000,15701.900000,14880
5449,1631.200000,1.500000,15360
5450,1240.200000,17249.400000,14880
5451,1526.500000,1.500000,15360
5452,1222.500000,17182.500000,14880
5453,2807.000000,3.100000,15360
5454,2546.900000,14653.100000,14880
5455,2882.200000,2.800000,15360
5456,2059.500000,15105.300000,14880
5457,1537.900000,1.400000,15360
5458,1254.300000,17181.700000,14880
5459,2620.600000,2.600000,15360
5460,1644.900000,15887.200000,14880
5461,1359.200000,1.400000,15360
5462,1090.900000,17426.900000,14880
5463,1329.700000,1.300000,15360
5464,1160.700000,17527.600000,14880
5465,1504.900000,1.700000,15360
5466,1253.500000,17286.300000,14880
5467,1413.100000,1.500000,15360
5468,1966.200000,16750.600000,14880
5469,2939.500000,2.300000,15360
5470,1541.500000,15548.400000,14880
5471,2180.900000,2.300000,15360
5472,1142.500000,16722.600000,14880
5473,2374.200000,3.000000,15360
5474,2342.500000,15309.100000,14880
5475,2154.400000,2.100000,15360
5476,1233.000000,16960.800000,14880
5477,6097.500000,5.800000,15360
5478,2584.700000,11267.700000,14880
5479,2536.400000,2.900000,15360
5480,1612.200000,14962.100000,14880
5481,2026.400000,2.100000,15360
5482,1403.500000,16616.100000,14880
5483,1663.500000,1.800000,15360
5484,1402.600000,16929.600000,14880
5485,1443.000000,1.700000,15360
5486,1215.800000,17331.300000,14880
5487,2260.100000,2.500000,15360
5488,2126.100000,15672.500000,14880
5489,1593.500000,1.700000,15360
5490,1310.900000,17334.700000,14880
5491,2371.100000,2.200000,15360
5492,1.800000,17642.100000,14880
5493,2.800000,1.400000,15360
5494,1.300000,19988.000000,14880
5495,2.800000,1.200000,15360
5496,647.700000,19377.200000,14880
5497,546.400000,1.500000,15360
5498,1178.200000,18689.700000,14880
5499,1537.100000,1.800000,15360
5500,1338.400000,17037.200000,14880
5501,2389.500000,2.400000,15360
5502,1595.800000,15332.000000,14880
5503,1602.300000,1.800000,15360
5504,1382.300000,17145.800000,14880
5505,1584.400000,1.900000,15360
5506,1285.400000,17155.200000,14880
5507,1595.200000,1.900000,15360
5508,1377.200000,17052.100000,14880
5509,1694.300000,1.800000,15360
5510,1343.900000,17051.600000,14880
5511,2680.700000,3.300000,15360
5512,2170.800000,15337.200000,14880
5513,2656.800000,2.900000,15360
5514,2407.000000,14935.500000,14880
5515,1529.500000,1.800000,15360
5516,1345.000000,17204.700000,14880
5517,2527.200000,3.300000,15360
5518,2299.500000,15246.800000,14880
5519,2078.500000,2.200000,15360
5520,1284.500000,16716.000000,14880
5521,1530.300000,1.800000,15360
5522,1185.400000,17343.900000,14880
5523,2793.300000,2.700000,15360
5524,1240.400000,15125.500000,14880
5525,2782.800000,2.500000,15360
5526,2180.300000,15048.300000,14880
5527,2361.600000,2.000000,15360
5528,1206.800000,16454.200000,14880
5529,1691.300000,1.900000,15360
5530,1377.500000,16955.500000,14880
5531,2611.000000,2.900000,15360
5532,1601.200000,15798.200000,14880
5533,1530.400000,1.800000,15360
5534,1404.600000,17122.400000,14880
5535,1762.500000,1.800000,15360
5536,1306.700000,16985.500000,14880
5537,2147.000000,2.200000,15360
5538,1594.100000,16354.600000,14880
5539,3470.000000,2.600000,15360
5540,1433.800000,15123.300000,14880
5541,2608.900000,2.600000,15360
5542,2255.400000,15198.000000,14880
5543,2248.500000,2.500000,15360
5544,2222.500000,15615.500000,14880
5545,2730.800000,3.400000,15360
5546,1794.400000,15500.900000,14880
5547,2.200000,1.800000,15360
5548,1.100000,20045.900000,14880
5549,4.800000,3.200000,15360
5550,3.100000,20091.400000,14880
5551,2566.700000,2.500000,15360
5552,1690.500000,15730.900000,14880
5553,1623.700000,2.100000,15360
5554,1737.400000,16682.900000,14880
5555,2802.600000,3.100000,15360
5556,1658.100000,15541.100000,14880
5557,1458.400000,1.600000,15360
5558,1241.100000,17332.100000,14880
5559,2989.300000,3.400000,15360
5560,1827.300000,14514.500000,14880
5561,2047.700000,2.500000,15360
5562,1584.100000,16424.600000,14880
5563,3227.900000,3.900000,15360
5564,3500.300000,13310.300000,14880
5565,2949.000000,3.400000,15360
5566,2025.500000,15070.800000,14880
5567,2795.800000,3.700000,15360
5568,3376.200000,13895.100000,14880
5569,3345.300000,3.400000,15360
5570,2785.300000,13913.600000,14880
5571,2049.000000,2.700000,15360
5572,1907.300000,16420.900000,14880
5573,2549.800000,3.200000,15360
5574,2387.800000,15098.100000,14880
5575,2442.000000,3.100000,15360
5576,2001.900000,15584.300000,14880
5577,2200.000000,2.900000,15360
5578,2149.200000,14701.300000,14880
5579,2041.400000,2.800000,15360
5580,2553.500000,15496.900000,14880
5581,2053.000000,3.100000,15360
5582,3049.200000,14977.600000,14880
5583,2322.200000,2.900000,15360
5584,2755.200000,14951.800000,14880
5585,2217.100000,2.300000,15360
5586,1658.300000,16153.800000,14880
5587,3060.000000,2.800000,15360
5588,2929.400000,14037.100000,14880
5589,3251.300000,2.900000,15360
5590,1983.700000,14803.100000,14880
5591,2781.600000,2.900000,15360
5592,2179.200000,15056.200000,14880
5593,1667.300000,1.800000,15360
5594,1474.600000,16887.500000,14880
5595,3006.000000,10.400000,15360
5596,3422.200000,13621.000000,14880
5597,2068.300000,1.800000,15360
5598,1137.400000,16811.300000,14880
5599,2484.400000,1.600000,15360
5600,1072.900000,16556.400000,14880
5601,2.900000,1.600000,15360
5602,1.500000,20168.900000,14880
5603,2.200000,1.300000,15360
5604,1.000000,19998.900000,14880
5605,1974.800000,2.000000,15360
5606,1339.000000,16659.000000,14880
5607,1608.300000,1.700000,15360
5608,1445.600000,17122.200000,14880
5609,2857.900000,2.200000,15360
5610,497.200000,16738.700000,14880
5611,1569.200000,1.700000,15360
5612,1306.300000,17094.400000,14880
5613,2310.600000,2.400000,15360
5614,1533.300000,15154.400000,14880
5615,1759.300000,1.600000,15360
5616,1200.600000,17102.000000,14880
5617,2729.100000,2.700000,15360
5618,1636.500000,15699.800000,14880
5619,1914.000000,1.900000,15360
5620,1504.900000,16537.200000,14880
5621,1441.600000,1.600000,15360
5622,1245.400000,17404.400000,14880
5623,1647.500000,1.900000,15360
5624,1392.800000,16975.500000,14880
5625,1741.600000,2.000000,15360
5626,1367.200000,16941.800000,14880
5627,1862.800000,2.500000,15360
5628,1786.500000,16334.600000,14880
5629,1598.400000,2.000000,15360
5630,2380.200000,16089.300000,14880
5631,2232.000000,2.300000,15360
5632,1475.400000,16282.500000,14880
5633,2865.900000,3.500000,15360
5634,2783.700000,14407.500000,14880
5635,1595.000000,1.800000,15360
5636,1972.400000,16442.500000,14880
5637,1680.100000,2.000000,15360
5638,1524.900000,16839.600000,14880
5639,2729.300000,2.200000,15360
5640,1486.000000,15810.200000,14880
5641,1623.600000,2.000000,15360
5642,1450.500000,16967.300000,14880
5643,2474.400000,2.300000,15360
5644,2525.200000,15027.600000,14880
5645,1564.200000,1.800000,15360
5646,1531.300000,16924.500000,14880
5647,2809.400000,2.400000,15360
5648,2207.200000,15034.700000,14880
5649,1840.800000,2.100000,15360
5650,1377.600000,16842.400000,14880
5651,1507.900000,2.100000,15360
5652,1341.800000,17147.700000,14880
5653,2997.700000,3.400000,15360
5654,2294.200000,14829.500000,14880
5655,1573.200000,2.000000,15360
5656,1261.500000,17237.400000,14880
5657,1598.000000,1.700000,15360
5658,1305.100000,17177.400000,14880
5659,1522.500000,1.300000,15360
5660,1224.800000,17210.600000,14880
5661,2711.000000,2.500000,15360
5662,1917.800000,15476.600000,14880
5663,1501.500000,1.600000,15360
5664,1482.800000,15925.900000,14880
5665,1623.100000,1.800000,15360
5666,1257.300000,17160.900000,14880
5667,1470.100000,1.400000,15360
5668,1193.100000,17488.000000,14880
5669,1746.700000,2.000000,15360
5670,1526.600000,16821.700000,14880
5671,1981.500000,1.900000,15360
5672,1147.900000,16939.500000,14880
5673,2404.400000,2.300000,15360
5674,2585.700000,14982.600000,14880
5675,1410.200000,1.400000,15360
5676,1158.700000,17587.000000,14880
5677,2125.400000,2.000000,15360
5678,1156.200000,16698.700000,14880
5679,1882.100000,2.000000,15360
5680,1436.100000,16690.500000,14880
5681,1227.100000,1.400000,15360
5682,1054.400000,17769.600000,14880
5683,2141.100000,2.300000,15360
5684,1294.100000,16636.500000,14880
5685,1478.400000,1.400000,15360
5686,1133.000000,17406.500000,14880
5687,1911.900000,1.900000,15360
5688,1187.900000,16955.400000,14880
5689,1681.100000,2.100000,15360
5690,1388.600000,17054.300000,14880
5691,1388.100000,1.700000,15360
5692,1185.400000,17407.500000,14880
5693,1416.700000,1.400000,15360
5694,1248.500000,17351.300000,14880
5695,1526.500000,1.900000,15360
5696,1303.900000,17331.000000,14880
5697,1577.600000,1.800000,15360
5698,1360.800000,17019.600000,14880
5699,1618.600000,1.600000,15360
5700,1375.100000,17016.500000,14880
5701,1437.400000,1.700000,15360
5702,1212.300000,16455.000000,14880
5703,2185.000000,1.800000,15360
5704,1303.600000,16481.500000,14880
5705,2575.300000,2.200000,15360
5706,1229.300000,16211.100000,14880
5707,1477.000000,1.500000,15360
5708,1246.200000,17303.600000,14880
5709,3160.000000,3.300000,15360
5710,1758.100000,15200.100000,14880
5711,3396.500000,3.900000,15360
5712,2715.200000,13926.500000,14880
5713,2913.300000,3.300000,15360
5714,2654.200000,14450.200000,14880
5715,1898.300000,2.300000,15360
5716,1505.100000,16624.900000,14880
5717,1539.900000,2.100000,15360
5718,1358.000000,17142.300000,14880
5719,3212.500000,3.200000,15360
5720,2838.000000,14087.500000,14880
5721,1554.300000,1.900000,15360
5722,1430.900000,17059.300000,14880
5723,2769.500000,3.600000,15360
5724,2629.800000,14644.100000,14880
5725,2703.000000,2.700000,15360
5726,1933.000000,15399.800000,14880
5727,1565.700000,1.900000,15360
5728,1412.300000,17115.500000,14880
5729,3710.000000,3.300000,15360
5730,1644.900000,14641.700000,14880
5731,1815.300000,2.000000,15360
5732,1353.700000,16880.900000,14880
5733,1487.500000,2.100000,15360
5734,565.700000,18010.100000,14880
5735,1270.000000,3.800000,15360
5736,1924.700000,16847.300000,14880
5737,2177.000000,3.500000,15360
5738,1921.600000,14961.000000,14880
5739,834.100000,2.600000,15360
5740,529.200000,18682.200000,14880
5741,1437.100000,2.000000,15360
5742,616.900000,17953.700000,14880
5743,550.900000,1.700000,15360
5744,406.100000,19101.000000,14880
5745,796.300000,2.100000,15360
5746,743.600000,18586.400000,14880
5747,615.300000,1.700000,15360
5748,443.300000,18977.700000,14880
5749,779.100000,2.100000,15360
5750,610.000000,18664.400000,14880
5751,1029.900000,2.900000,15360
5752,509.700000,18459.900000,14880
5753,629.700000,1.500000,15360
5754,436.500000,19026.700000,14880
5755,1266.800000,4.200000,15360
5756,712.600000,18053.800000,14880
5757,981.600000,2.600000,15360
5758,540.300000,18501.400000,14880
5759,1069.500000,2.500000,15360
5760,717.100000,18246.600000,14880
5761,1059.700000,2.600000,15360
5762,612.100000,18356.400000,14880
5763,890.100000,2.400000,15360
5764,511.300000,18777.100000,14880
5765,906.200000,1.500000,15360
5766,410.000000,18726.300000,14880
5767,779.900000,1.800000,15360
5768,456.500000,18795.300000,14880
5769,1077.600000,2.900000,15360
5770,688.700000,17949.500000,14880
5771,1361.500000,2.400000,15360
5772,515.300000,18156.000000,14880
5773,729.100000,1.900000,15360
5774,579.600000,18734.200000,14880
5775,1083.800000,2.700000,15360
5776,977.900000,17993.500000,14880
5777,1263.700000,3.400000,15360
5778,993.000000,17765.300000,14880
5779,765.000000,2.300000,15360
5780,581.600000,18682.200000,14880
5781,953.600000,2.100000,15360
5782,868.900000,18271.800000,14880
5783,758.000000,2.300000,15360
5784,522.500000,18761.900000,14880
5785,990.400000,3.200000,15360
5786,861.600000,18215.000000,14880
5787,739.600000,1.800000,15360
5788,432.500000,17812.000000,14880
5789,823.000000,2.300000,15360
5790,461.500000,18786.300000,14880
5791,1051.500000,3.300000,15360
5792,941.200000,18032.400000,14880
5793,597.200000,1.600000,15360
5794,380.600000,19058.600000,14880
5795,651.300000,1.700000,15360
5796,420.600000,19021.600000,14880
5797,771.300000,1.400000,15360
5798,580.400000,18705.900000,14880
5799,557.300000,1.300000,15360
5800,410.900000,19047.200000,14880
5801,1037.600000,2.300000,15360
5802,473.900000,18510.600000,14880
5803,662.900000,3.300000,15360
5804,429.800000,18925.600000,14880
5805,627.300000,1.600000,15360
5806,523.400000,19048.300000,14880
5807,619.600000,1.800000,15360
5808,430.500000,18986.100000,14880
5809,961.200000,2.200000,15360
5810,639.000000,18398.900000,14880
5811,852.400000,2.600000,15360
5812,473.200000,18698.700000,14880
5813,972.900000,2.300000,15360
5814,484.200000,18557.000000,14880
5815,810.200000,2.200000,15360
5816,585.500000,18670.900000,14880
5817,948.000000,2.400000,15360
5818,411.300000,18716.000000,14880
5819,737.300000,1.600000,15360
5820,392.900000,18853.500000,14880
5821,900.600000,2.100000,15360
5822,393.700000,18728.100000,14880
5823,854.500000,2.800000,15360
5824,567.800000,18789.400000,14880
5825,1876.300000,1.800000,15360
5826,387.100000,16754.400000,14880
5827,704.700000,1.900000,15360
5828,331.000000,19025.000000,14880
5829,710.500000,2.000000,15360
5830,447.800000,18858.400000,14880
5831,736.700000,1.900000,15360
5832,364.600000,18923.000000,14880
5833,758.300000,2.100000,15360
5834,343.600000,18927.100000,14880
5835,1161.300000,3.800000,15360
5836,469.800000,18424.600000,14880
5837,882.200000,1.900000,15360
5838,413.000000,18733.900000,14880
5839,873.700000,2.300000,15360
5840,615.100000,18634.400000,14880
5841,646.400000,1.900000,15360
5842,434.700000,18910.100000,14880
5843,695.100000,1.700000,15360
5844,378.400000,19000.300000,14880
5845,803.700000,2.700000,15360
5846,541.000000,18686.900000,14880
5847,984.500000,2.300000,15360
5848,608.600000,18483.100000,14880
5849,645.000000,1.700000,15360
5850,415.400000,18955.600000,14880
5851,645.200000,1.800000,15360
5852,432.800000,18963.500000,14880
5853,663.700000,1.900000,15360
5854,433.900000,18951.300000,14880
5855,756.900000,1.900000,15360
5856,454.600000,18874.000000,14880
5857,734.400000,2.200000,15360
5858,519.100000,18773.600000,14880
5859,1151.000000,2.800000,15360
5860,728.300000,18228.600000,14880
5861,735.600000,2.400000,15360
5862,523.200000,17788.100000,14880
5863,681.300000,1.700000,15360
5864,384.700000,18968.000000,14880
5865,918.400000,2.000000,15360
5866,406.100000,18733.400000,14880
5867,688.300000,2.100000,15360
5868,496.600000,18856.100000,14880
5869,879.900000,2.300000,15360
5870,546.800000,18615.300000,14880
5871,585.900000,1.600000,15360
5872,397.200000,19151.200000,14880
5873,612.700000,2.000000,15360
5874,398.300000,19001.400000,14880
5875,656.400000,1.900000,15360
5876,438.200000,18939.800000,14880
5877,958.300000,2.400000,15360
5878,499.800000,18569.800000,14880
5879,1021.800000,2.100000,15360
5880,544.200000,18539.000000,14880
5881,918.200000,2.200000,15360
5882,444.000000,18652.100000,14880
5883,574.300000,1.600000,15360
5884,367.400000,19250.900000,14880
5885,1006.600000,1.600000,15360
5886,358.200000,18804.100000,14880
5887,637.400000,1.500000,15360
5888,390.400000,19012.500000,14880
5889,1718.800000,1.800000,15360
5890,1353.900000,16819.600000,14880
5891,1441.600000,1.700000,15360
5892,1226.900000,16520.500000,14880
5893,1446.500000,1.900000,15360
5894,1229.600000,17335.100000,14880
5895,2873.000000,2.800000,15360
5896,1138.500000,15974.800000,14880
5897,2092.200000,1.600000,15360
5898,949.200000,16982.600000,14880
5899,1601.400000,1.500000,15360
5900,1416.500000,16999.600000,14880
5901,1493.600000,1.400000,15360
5902,1339.900000,17221.200000,14880
5903,1335.500000,1.700000,15360
5904,1228.900000,17413.200000,14880
5905,2048.500000,1.800000,15360
5906,1281.700000,16742.500000,14880
5907,2551.800000,2.600000,15360
5908,1402.300000,16091.700000,14880
5909,1474.000000,1.600000,15360
5910,1173.500000,17327.500000,14880
5911,1637.600000,1.800000,15360
5912,1439.100000,17017.500000,14880
5913,1346.800000,1.500000,15360
5914,1297.300000,17377.000000,14880
5915,3081.800000,3.000000,15360
5916,1937.300000,14996.900000,14880
5917,865.900000,2.200000,15360
5918,404.400000,18759.100000,14880
5919,534.500000,1.300000,15360
5920,382.000000,19325.100000,14880
5921,939.900000,2.300000,15360
5922,399.300000,18672.700000,14880
5923,969.400000,2.500000,15360
5924,450.600000,18605.200000,14880
5925,983.400000,2.100000,15360
5926,496.000000,18554.800000,14880
5927,1170.600000,3.400000,15360
5928,605.100000,18283.800000,14880
5929,993.700000,2.400000,15360
5930,448.300000,18765.100000,14880
5931,588.000000,1.400000,15360
5932,426.100000,18024.100000,14880
5933,938.900000,2.300000,15360
5934,418.900000,18901.100000,14880
5935,954.700000,2.500000,15360
5936,584.000000,18514.100000,14880
5937,785.400000,2.100000,15360
5938,406.900000,18923.100000,14880
5939,1007.600000,1.700000,15360
5940,440.400000,18612.300000,14880
5941,493.600000,1.000000,15360
5942,321.600000,19157.700000,14880
5943,807.300000,2.200000,15360
5944,431.800000,18815.100000,14880
5945,900.600000,2.400000,15360
5946,441.300000,18712.700000,14880
5947,2389.000000,2.200000,15360
5948,1291.400000,16351.500000,14880
5949,2743.700000,2.500000,15360
5950,1652.300000,15620.800000,14880
5951,1482.700000,1.800000,15360
5952,1492.700000,17116.400000,14880
5953,1505.000000,1.800000,15360
5954,1402.800000,17073.700000,14880
5955,1858.900000,1.500000,15360
5956,1233.300000,16924.100000,14880
5957,1842.000000,2.500000,15360
5958,1540.000000,16641.300000,14880
5959,2168.900000,2.400000,15360
5960,1409.400000,15495.300000,14880
5961,2411.700000,2.200000,15360
5962,1623.900000,16000.500000,14880
5963,2109.900000,1.900000,15360
5964,1680.000000,16241.400000,14880
5965,2169.800000,2.000000,15360
5966,1314.300000,16572.900000,14880
5967,1356.200000,1.400000,15360
5968,1175.000000,17471.200000,14880
5969,2208.200000,1.700000,15360
5970,1324.600000,16481.500000,14880
5971,2379.000000,2.200000,15360
5972,1607.800000,16089.100000,14880
5973,2282.700000,2.000000,15360
5974,1562.600000,16190.900000,14880
5975,2109.800000,1.700000,15360
5976,434.700000,17542.800000,14880
5977,775.400000,2.000000,15360
5978,348.900000,18846.800000,14880
5979,850.100000,2.100000,15360
5980,418.200000,18776.700000,14880
5981,593.500000,2.000000,15360
5982,512.900000,19206.800000,14880
5983,721.600000,2.500000,15360
5984,449.700000,18842.400000,14880
5985,1010.600000,2.100000,15360
5986,415.800000,18638.000000,14880
5987,726.900000,1.900000,15360
5988,397.500000,18968.700000,14880
5989,569.900000,1.600000,15360
5990,399.800000,19031.300000,14880
5991,776.800000,2.300000,15360
5992,368.400000,18888.900000,14880
5993,598.800000,1.500000,15360
5994,357.200000,19098.800000,14880
5995,1051.100000,2.300000,15360
5996,399.400000,17664.300000,14880
5997,501.200000,1.100000,15360
5998,347.700000,19100.900000,14880
5999,495.100000,1.100000,15360
