block_index,target_elapsed_ms,submit_elapsed_ms,submit_call_ms
0,0.0,0.005199995939619839,0.03529999958118424
1,20.0,20.000699994852766,0.060200000007171184
2,40.0,40.0006999989273,0.03789999755099416
3,60.0,60.00089999724878,0.03970000398112461
4,80.0,80.0011999963317,0.043000000005122274
5,100.0,100.36459999537328,0.06160000339150429
6,120.0,120.00149999948917,0.04489999992074445
7,140.0,140.0013999955263,0.20200000290060416
8,160.0,160.00079999503214,0.037500001781154424
9,180.0,180.00059999758378,0.040400002035312355
10,200.0,201.06179999856977,0.0470000013592653
11,220.0,220.0010000015027,0.04119999357499182
12,240.0,240.00069999601692,0.03809999907389283
13,260.0,260.00049999856856,0.040899998566601425
14,280.0,280.0005999961286,0.03980000474257395
15,300.0,300.00119999749586,0.03960000321967527
16,320.0,320.00069999776315,0.03730000025825575
17,340.0,340.00060000107624,0.04020000051241368
18,360.0,360.00090000015916,0.04269999772077426
19,380.0,380.0005000011879,0.03669999568955973
20,400.0,400.00509999663336,0.04479999915929511
21,420.0,420.00049999478506,0.03670000296551734
22,440.0,440.0007000003825,0.03789999755099416
23,460.0,460.0004999956582,0.03930000093532726
24,480.0,480.00060000049416,0.1973999969777651
25,500.0,500.04769999941345,0.04310000076657161
26,520.0,520.0005000006058,0.03659999492811039
27,540.0,540.0005999981659,0.036600002204068005
28,560.0,560.0007999964873,0.039200000173877925
29,580.0,580.0009000013233,0.037999998312443495
30,600.0,600.095900001179,0.042100000428035855
31,620.0,620.185699997819,0.051399998483248055
32,640.0,640.0004999959492,0.03819999983534217
33,660.0,660.0008999957936,0.04579999949783087
34,680.0,680.0063999980921,0.039500002458225936
35,700.0,700.0094999966677,0.04170000465819612
36,720.0,720.0005999984569,0.03460000152699649
37,740.0,740.0008999975398,0.038300000596791506
38,760.0,760.0007000000915,0.04220000118948519
39,780.0,780.0007999976515,0.04060000355821103
40,800.0,801.1824999994133,0.03909999941242859
41,820.0,820.2136999971117,0.03809999907389283
42,840.0,840.0006999945617,0.04100000660400838
43,860.0,860.0007999993977,0.03959999594371766
44,880.0,880.0006999954348,0.041200000850949436
45,900.0,900.0006999995094,0.03879999712808058
46,920.0,920.000699996308,0.04510000144364312
47,940.0,940.0008999946294,0.038100006349850446
48,960.0,960.0004999956582,0.03710000601131469
49,980.0,980.0007999947411,0.0394000016967766
50,1000.0,1000.005499998224,0.047299996367655694
51,1020.0,1020.0003999998444,0.03650000144261867
52,1040.0,1040.0006999989273,0.03779999678954482
53,1060.0,1060.000500001479,0.03289999585831538
54,1080.0,1080.0009999948088,0.045700006012339145
55,1100.0,1100.000499995076,0.03440000000409782
56,1120.0,1120.000599999912,0.03170000127283856
57,1140.0,1140.0004999959492,0.031600000511389226
58,1160.0,1160.0007000015466,0.033299998904112726
59,1180.0,1180.0004999968223,0.03580000338843092
60,1200.0,1200.0006000016583,0.03529999958118424
61,1220.0,1220.000599998457,0.03489999653538689
62,1240.0,1240.00050000177,0.034699995012488216
63,1260.0,1260.00059999933,0.03360000118846074
64,1280.0,1280.0005999961286,0.03640000068116933
65,1300.0,1300.0066999957198,0.04760000592796132
66,1320.0,1320.0006999977631,0.03650000144261867
67,1340.0,1340.002099997946,0.03270000161137432
68,1360.0,1360.0004999971134,0.03310000465717167
69,1380.0,1380.000500001188,0.03809999907389283
70,1400.0,1400.0008000002708,0.03759999526664615
71,1420.0,1420.0008999978309,0.03529999958118424
72,1440.0,1440.104599998449,0.037999998312443495
73,1460.0,1460.000899998704,0.04189999890513718
74,1480.0,1480.0007000012556,0.04369999805931002
75,1500.0,1500.0741999974707,0.052600000344682485
76,1520.0,1520.0007999956142,0.04470000567380339
77,1540.0,1540.0006999989273,0.04069999704370275
78,1560.0,1560.0007999964873,0.048000001697801054
79,1580.0,1580.0008000005619,0.04659999831346795
80,1600.0,1600.0007999973604,0.04310000076657161
81,1620.0,1620.0010999964434,0.05100000271340832
82,1640.0,1640.0133999995887,0.047599998652003706
83,1660.0,1660.0007999950321,0.047400004405062646
84,1680.0,1680.0005999975838,0.04569999873638153
85,1700.0,1700.0008999966667,0.0484000047435984
86,1720.0,1720.0010000015027,0.0478999936603941
87,1740.0,1740.000699996017,0.04780000017490238
88,1760.0,1760.000800000853,0.05149999924469739
89,1780.0,1780.0009999991744,0.04919999628327787
90,1800.0,1800.0008999952115,0.04720000288216397
91,1820.0,1820.001100000809,0.049299997044727206
92,1840.0,1840.0007999953232,0.048300003982149065
93,1860.0,1860.0009000001592,0.04739999712910503
94,1880.0,1880.0005999946734,0.04370000533526763
95,1900.0,1900.0009000010323,0.05509999755304307
96,1920.0,1920.0009999985923,0.04780000017490238
97,1940.0,1940.0008999946294,0.045700006012339145
98,1960.0,1960.0009999994654,0.04980000085197389
99,1980.0,1980.000799994741,0.04390000685816631
100,2000.0,2000.0010000003385,0.048999994760379195
101,2020.0,2020.0006999948528,0.045900000259280205
102,2040.0,2040.1038999989396,0.04939999780617654
103,2060.0,2060.0007999964873,0.04959999932907522
104,2080.0,2080.0009000013233,0.04819999594474211
105,2100.0,2100.0606999950833,0.22080000053392723
106,2120.0,2120.000800001435,0.049700000090524554
107,2140.0,2140.000899998995,0.04389999958220869
108,2160.0,2160.7091999976547,0.049700000090524554
109,2180.0,2182.1119999949588,0.05919999966863543
110,2200.0,2200.2791999984765,0.06009999924572185
111,2220.0,2223.6593999987235,0.11729999823728576
112,2240.0,2240.454699996917,0.05650000093737617
113,2260.0,2260.0020999962,0.07490000280085951
114,2280.0,2280.0007999976515,0.0444999968749471
115,2300.0,2300.0008999952115,0.0453000029665418
116,2320.0,2320.0010000000475,0.044699998397845775
117,2340.0,2340.0006000010762,0.038899997889529914
118,2360.0,2360.0011999951676,0.051500006520655006
119,2380.0,2380.0010999984806,0.0520999965374358
120,2400.0,2400.000800000271,0.049700000090524554
121,2420.0,2420.0007999970694,0.048000001697801054
122,2440.0,2440.001199996914,0.05020000389777124
123,2460.0,2460.000899998704,0.04340000305091962
124,2480.0,2480.0008999955026,0.04720000288216397
125,2500.0,2500.056600001699,0.051099996198900044
126,2520.0,2520.000799995614,0.06779999966965988
127,2540.0,2540.0011999954586,0.05390000296756625
128,2560.0,2560.000899997249,0.04630000330507755
129,2580.0,2580.000800000562,0.042100000428035855
130,2600.0,2600.266299996292,0.05280000186758116
131,2620.0,2620.000999995682,0.04890000127488747
132,2640.0,2640.000699997472,0.037999998312443495
133,2660.0,2660.000600000785,0.042299994674976915
134,2680.0,2680.000599997584,0.0368999972124584
135,2700.0,2700.0008999966667,0.04199999966658652
136,2720.0,2720.0009000007412,0.040099999750964344
137,2740.0,2740.0007999967784,0.03680000372696668
138,2760.0,2760.0009999951,0.07080000068526715
139,2780.0,2780.000899998413,0.04320000152802095
140,2800.0,2800.0012999982573,0.050900001951958984
141,2820.0,2820.001299995056,0.057000004744622856
142,2840.0,2840.000799995323,0.04310000076657161
143,2860.0,2860.000599997875,0.04189999890513718
144,2880.0,2880.0010999984806,0.05270000110613182
145,2900.0,2900.0013999975636,0.06160000339150429
146,2920.0,2920.0010999993538,0.054700001783203334
147,2940.0,2940.0007000003825,0.03949999518226832
148,2960.0,2960.000499995658,0.032800002372823656
149,2980.0,2980.000799994741,0.03360000118846074
150,3000.0,3000.0007999988156,0.044399996113497764
151,3020.0,3020.0006999948528,0.04350000381236896
152,3040.0,3040.001099994697,0.04510000144364312
153,3060.0,3060.000899997249,0.0425000034738332
154,3080.0,3080.000800000562,0.043000000005122274
155,3100.0,3100.0005999958375,0.04460000491235405
156,3120.0,3120.000800001435,0.04169999738223851
157,3140.0,3140.0007999982336,0.04220000118948519
158,3160.0,3160.000799995032,0.05740000051446259
159,3180.0,3180.0010000006296,0.05469999450724572
160,3200.0,3200.0074999959907,0.05390000296756625
161,3220.0,3220.00079999998,0.04709999484475702
162,3240.0,3240.0010999990627,0.047100002120714635
163,3260.0,3260.0009000016144,0.04999999509891495
164,3280.0,3280.0009999991744,0.05270000110613182
165,3300.0,3300.055200001225,0.053499999921768904
166,3320.0,3320.0010000000475,0.05869999586138874
167,3340.0,3340.001199998369,0.05339999916031957
168,3360.0,3360.094099996786,0.04920000355923548
169,3380.0,3380.000999997719,0.04659999831346795
170,3400.0,3400.0459999952,0.05070000042906031
171,3420.0,3420.000699996308,0.04479999915929511
172,3440.0,3440.000800001144,0.043000000005122274
173,3460.0,3460.0041000012425,0.04569999873638153
174,3480.0,3480.000799994741,0.041600003896746784
175,3500.0,3500.0007999988156,0.04320000152802095
176,3520.0,3520.000500000606,0.038899997889529914
177,3540.0,3540.0007999996888,0.04310000076657161
178,3560.0,3560.0007999964873,0.0453000029665418
179,3580.0,3580.0006999998004,0.043000000005122274
180,3600.0,3600.0009999988833,0.046799999836366624
181,3620.0,3620.0016000002506,0.06669999856967479
182,3640.0,3640.001100000518,0.04919999628327787
183,3660.0,3660.001199998078,0.06009999924572185
184,3680.0,3680.000899999868,0.04839999746764079
185,3700.0,3700.001599994721,0.0667000058456324
186,3720.0,3720.0009000007412,0.055699994845781475
187,3740.0,3740.001199999824,0.052299998060334474
188,3760.0,3760.001299997384,0.05650000093737617
189,3780.0,3780.0007999976515,0.058800003898795694
190,3800.0,3800.001199997496,0.06969999958528206
191,3820.0,3820.001100000809,0.04289999924367294
192,3840.0,3840.000799995323,0.04440000338945538
193,3860.0,3860.0007999993977,0.04410000110510737
194,3880.0,3880.002499994589,0.048300003982149065
195,3900.0,3900.088499998674,0.057799996284302324
196,3920.0,3920.0009999985923,0.04659999831346795
197,3940.0,3940.0007000003825,0.04189999890513718
198,3960.0,3960.000699997181,0.043300002289470285
199,3980.0,3980.0050999983796,0.04569999873638153
200,4000.0,4000.1792999973986,0.048000001697801054
201,4020.0,4020.0008999963757,0.0453000029665418
202,4040.0,4040.0010000012117,0.04709999484475702
203,4060.0,4060.0009999980102,0.04569999873638153
204,4080.0,4080.0009000013233,0.04239999543642625
205,4100.0,4100.000999998883,0.04659999831346795
206,4120.0,4120.000800001435,0.04579999949783087
207,4140.0,4140.010899995104,0.03930000093532726
208,4160.0,4160.001199998078,0.047100002120714635
209,4180.0,4180.001900000207,0.04629999602911994
210,4200.0,4200.000899996667,0.04820000322069973
211,4220.0,4220.001000001503,0.08639999578008428
212,4240.0,4240.001300000586,0.08359999628737569
213,4260.0,4260.001399998146,0.07000000186963007
214,4280.0,4280.001499995706,0.07810000533936545
215,4300.0,4300.001199997496,0.06440000288421288
216,4320.0,4320.00120000157,0.053699994168709964
217,4340.0,4340.000999996846,0.061400001868605614
218,4360.0,4360.001499997452,0.07370000093942508
219,4380.0,4380.001500001526,0.061599996115546674
220,4400.0,4400.000999994518,0.04610000178217888
221,4420.0,4420.000999998592,0.04900000203633681
222,4440.0,4440.000899994629,0.0470000013592653
223,4460.0,4460.027799999807,0.061599996115546674
224,4480.0,4480.000899995503,0.04810000245925039
225,4500.0,4500.000799998816,0.0411000000895001
226,4520.0,4520.083299998078,0.042100000428035855
227,4540.0,4540.000499997404,0.035700002626981586
228,4560.0,4560.000799996487,0.03790000482695177
229,4580.0,4580.000800000562,0.04069999704370275
230,4600.0,4600.000599995838,0.04050000279676169
231,4620.0,4620.000800001435,0.03749999450519681
232,4640.0,4640.000699997472,0.03650000144261867
233,4660.0,4660.000700001547,0.040199993236456066
234,4680.0,4680.000699998345,0.03670000296551734
235,4700.0,4700.000699995144,0.03800000558840111
236,4720.0,4720.000499997695,0.03529999958118424
237,4740.0,4740.0005999952555,0.035200006095692515
238,4760.0,4760.0007000000915,0.03909999941242859
239,4780.0,4780.00069999689,0.03650000144261867
240,4800.0,4800.000700000965,0.03839999408228323
241,4820.0,4820.000599997002,0.03640000068116933
242,4840.0,4840.000699994562,0.035200006095692515
243,4860.0,4860.000799999398,0.0394000016967766
244,4880.0,4880.000699995435,0.03850000211969018
245,4900.0,4900.000699999509,0.03609999839682132
246,4920.0,4920.000499994785,0.03240000660298392
247,4940.0,4940.00049999886,0.026299996534362435
248,4960.0,4960.00059999642,0.03470000228844583
249,4980.0,4980.000799994741,0.03270000161137432
250,5000.0,5000.000599997293,0.040099999750964344
251,5020.0,5020.000699994853,0.03470000228844583
252,5040.0,5040.000599998166,0.03550000110408291
253,5060.0,5060.000500001479,0.03319999814266339
254,5080.0,5080.000999994809,0.03700000524986535
255,5100.0,5100.000599995838,0.03460000152699649
256,5120.0,5120.000599999912,0.03360000118846074
257,5140.0,5140.000499995949,0.02830000448739156
258,5160.0,5160.000600000785,0.03319999814266339
259,5180.0,5180.000899999868,0.04269999772077426
260,5200.0,5200.000600001658,0.04159999662078917
261,5220.0,5220.000699999218,0.036600002204068005
262,5240.0,5240.00050000177,0.03429999924264848
263,5260.0,5260.00059999933,0.03409999771974981
264,5280.0,5280.000499995367,0.03819999983534217
265,5300.0,5300.000700000965,0.039200000173877925
266,5320.0,5320.000699997763,0.03560000186553225
267,5340.0,5340.000699994562,0.03590000414988026
268,5360.0,5360.000699998636,0.03470000228844583
269,5380.0,5380.000699995435,0.03860000288113952
270,5400.0,5400.000599998748,0.04050000279676169
271,5420.0,5420.030000001134,0.039399994420818985
272,5440.0,5440.000599999621,0.04510000144364312
273,5460.0,5460.000899998704,0.04079999780515209
274,5480.0,5480.000600000494,0.03759999526664615
275,5500.0,5500.000799998816,0.04020000051241368
276,5520.0,5520.000600001367,0.03979999746661633
277,5540.0,5540.000799999689,0.040599996282253414
278,5560.0,5560.000799996487,0.0427999984822236
279,5580.0,5580.0006999998,0.03840000135824084
280,5600.0,5600.00079999736,0.040899998566601425
281,5620.0,5620.0007000006735,0.032999996619764715
282,5640.0,5640.000499995949,0.031000003218650818
283,5660.0,5660.004400000616,0.04020000051241368
284,5680.0,5680.586099995708,0.07810000533936545
285,5700.0,5700.0087999986135,0.040599996282253414
286,5720.0,5720.000599998457,0.03869999636663124
287,5740.0,5740.0005999952555,0.02800000220304355
288,5760.0,5760.0007000000915,0.035899996873922646
289,5780.0,5780.000499995367,0.03220000508008525
290,5800.0,5800.000499999442,0.03840000135824084
291,5820.0,5820.000799998525,0.03899999865097925
292,5840.0,5840.000799995323,0.03890000516548753
293,5860.0,5860.000599997875,0.038700003642588854
294,5880.0,5880.000599994673,0.036900004488416016
295,5900.0,5901.46729999833,0.06710000161547214
296,5920.0,5920.143099996494,0.05560000136028975
297,5940.0,5940.0007000003825,0.03640000068116933
298,5960.0,5960.000699997181,0.040099999750964344
299,5980.0,5980.000700001256,0.035899996873922646
300,6000.0,6000.007099995855,0.043600004573818296
301,6020.0,6020.979499997338,0.03390000347280875
302,6040.0,6040.0024999980815,0.03719999949680641
303,6060.0,6060.000699995726,0.040700004319660366
304,6080.0,6080.0006999998,0.03759999526664615
305,6100.0,6100.000999998883,0.044399996113497764
306,6120.0,6120.000599999912,0.03789999755099416
307,6140.0,6140.000799998234,0.03909999941242859
308,6160.0,6160.000700001547,0.03869999636663124
309,6180.0,6180.000699998345,0.043300002289470285
310,6200.0,6200.000699995144,0.041600003896746784
311,6220.0,6220.000699999218,0.03789999755099416
312,6240.0,6240.000699996017,0.037099998735357076
313,6260.0,6260.001099995861,0.040700004319660366
314,6280.0,6280.000499995367,0.03890000516548753
315,6300.0,6300.001099996734,0.04270000499673188
316,6320.0,6320.000599997002,0.040700004319660366
317,6340.0,6340.000600001076,0.0320999970426783
318,6360.0,6360.000699998636,0.03740000101970509
319,6380.0,6380.000599994673,0.04020000051241368
320,6400.0,6400.007799995365,0.0411000000895001
321,6420.0,6420.000699996308,0.037800004065502435
322,6440.0,6440.0007000003825,0.03759999526664615
323,6460.0,6460.1111999945715,0.056400000175926834
324,6480.0,6480.024999997113,0.04060000355821103
325,6500.0,6500.0011000011,0.04189999890513718
326,6520.0,6520.010399995954,0.05339999916031957
327,6540.0,6540.000599998166,0.03560000186553225
328,6560.0,6560.000799996487,0.04189999890513718
329,6580.0,6580.000599999039,0.03819999983534217
330,6600.0,6600.00079999736,0.03740000101970509
331,6620.0,6621.451699997124,0.05970000347588211
332,6640.0,6640.377999996417,0.03640000068116933
333,6660.0,6660.000700001547,0.04599999374477193
334,6680.0,6680.000899999868,0.04039999475935474
335,6700.0,6700.000600001658,0.03609999839682132
336,6720.0,6720.000599998457,0.03380000271135941
337,6740.0,6740.0005999952555,0.035400000342633575
338,6760.0,6760.001499998907,0.06849999772384763
339,6780.0,6780.000599996129,0.036299999919719994
340,6800.0,6800.000700000965,0.038499994843732566
341,6820.0,6820.000699997763,0.0394000016967766
342,6840.0,6840.000399999553,0.035899996873922646
343,6860.0,6860.000699998636,0.03879999712808058
344,6880.0,6880.000699995435,0.034900003811344504
345,6900.0,6900.000699999509,0.034199998481199145
346,6920.0,6920.000699996308,0.03270000161137432
347,6940.0,6940.00049999886,0.0318000020342879
348,6960.0,6960.000699997181,0.036600002204068005
349,6980.0,6980.000600000494,0.03489999653538689
350,7000.0,7000.000599997293,0.0351999988197349
351,7020.0,7020.000500000606,0.03229999856557697
352,7040.0,7040.000599998166,0.028100002964492887
353,7060.0,7060.001400001056,0.0520999965374358
354,7080.0,7080.001700000139,0.06759999814676121
355,7100.0,7100.023599996348,0.08289999823318794
356,7120.0,7120.00569999509,0.07690000347793102
357,7140.0,7140.002000000095,0.09159999899566174
358,7160.0,7160.001600001124,0.08600000001024455
359,7180.0,7180.001799999445,0.06719999510096386
360,7200.0,7200.001599994721,0.07400000322377309
361,7220.0,7220.000900000741,0.053099996875971556
362,7240.0,7240.0005999952555,0.03420000575715676
363,7260.0,7260.000800000853,0.03669999568955973
364,7280.0,7280.000499995367,0.02890000178012997
365,7300.0,7300.000800001726,0.036299999919719994
366,7320.0,7320.000799998525,0.04099999932805076
367,7340.0,7340.000600001076,0.04369999805931002
368,7360.0,7360.000900000159,0.04149999585933983
369,7380.0,7380.000699995435,0.03850000211969018
370,7400.0,7400.013200000103,0.04419999459059909
371,7420.0,7420.000699996308,0.039200000173877925
372,7440.0,7440.02019999607,0.03809999907389283
373,7460.0,7460.000699997181,0.03650000144261867
374,7480.0,7480.000600000494,0.037999998312443495
375,7500.0,7500.0010000003385,0.04389999958220869
376,7520.0,7520.000799995614,0.045400003727991134
377,7540.0,7540.001199995459,0.056700002460274845
378,7560.0,7560.000799996487,0.04289999924367294
379,7580.0,7580.0004999982775,0.04169999738223851
380,7600.0,7600.000899998122,0.04340000305091962
381,7620.0,7620.0007000006735,0.04189999890513718
382,7640.0,7640.002200001618,0.03659999492811039
383,7660.0,7660.000899995794,0.03980000474257395
384,7680.0,7680.000699998345,0.035400000342633575
385,7700.0,7700.000799995905,0.04150000313529745
386,7720.0,7720.000699999218,0.03909999941242859
387,7740.0,7740.000699996017,0.03890000516548753
388,7760.0,7760.0007000000915,0.03909999941242859
389,7780.0,7780.0007999976515,0.03650000144261867
390,7800.0,7800.000700000965,0.0411000000895001
391,7820.0,7820.000599997002,0.039200000173877925
392,7840.0,7840.004699995916,0.03840000135824084
393,7860.0,7860.000799999398,0.03959999594371766
394,7880.0,7880.000599994673,0.03980000474257395
395,7900.0,7900.000699999509,0.04020000051241368
396,7920.0,7920.000999998592,0.03819999983534217
397,7940.0,7940.000899994629,0.03550000110408291
398,7960.0,7960.000699997181,0.036900004488416016
399,7980.0,7980.000600000494,0.035099998058285564
400,8000.0,8000.000599997293,0.037099998735357076
401,8020.0,8020.000600001367,0.04249999619787559
402,8040.0,8040.000599998166,0.0377000033040531
403,8060.0,8060.003300000972,0.03959999594371766
404,8080.0,8080.0006999998,0.04030000127386302
405,8100.0,8100.000699996599,0.03790000482695177
406,8120.0,8120.005199998559,0.04430000262800604
407,8140.0,8140.000699997472,0.03960000321967527
408,8160.0,8160.000500000024,0.09370000043418258
409,8180.0,8180.000599997584,0.037999998312443495
410,8200.0,8200.026400001661,0.04669999907491729
411,8220.0,8220.000699999218,0.03599999763537198
412,8240.0,8240.000699996017,0.043300002289470285
413,8260.0,8260.000700000091,0.03730000025825575
414,8280.0,8280.000799997651,0.04350000381236896
415,8300.0,8300.018199995975,0.0425000034738332
416,8320.0,8320.000699997763,0.04189999890513718
417,8340.0,8340.000600001076,0.03759999526664615
418,8360.0,8360.000699998636,0.04859999899053946
419,8380.0,8380.000500001188,0.03819999983534217
420,8400.0,8400.00080000027,0.04220000118948519
421,8420.0,8420.000699996308,0.04130000161239877
422,8440.0,8440.00049999886,0.04099999932805076
423,8460.0,8460.00059999642,0.03850000211969018
424,8480.0,8480.000600000494,0.1480999999330379
425,8500.0,8500.000799998816,0.040400002035312355
426,8520.0,8520.000600001367,0.03809999907389283
427,8540.0,8540.000699998927,0.035099998058285564
428,8560.0,8560.000699995726,0.03700000524986535
429,8580.0,8580.000599999039,0.033700001949910074
430,8600.0,8600.000599995838,0.0394000016967766
431,8620.0,8620.00049999915,0.04030000127386302
432,8640.0,8640.00059999671,0.037999998312443495
433,8660.0,8660.025699995458,0.043000000005122274
434,8680.0,8680.001100001391,0.04979999357601628
435,8700.0,8700.00109999819,0.049299997044727206
436,8720.0,8720.05459999491,0.038300000596791506
437,8740.0,8740.000599995255,0.048300003982149065
438,8760.0,8760.0020999962,0.03360000118846074
439,8780.0,8780.00069999689,0.03860000288113952
440,8800.0,8800.000700000965,0.0411000000895001
441,8820.0,8820.000699997763,0.04050000279676169
442,8840.0,8840.000500000315,0.037099998735357076
443,8860.0,8860.018200000923,0.04159999662078917
444,8880.0,8880.000699995435,0.03850000211969018
445,8900.0,8900.00069999951,0.04049999552080408
446,8920.0,8920.00079999707,0.04230000195093453
447,8940.0,8940.000800001144,0.03659999492811039
448,8960.0,8960.000499995658,0.036900004488416016
449,8980.0,8980.000600000494,0.03079999441979453
450,9000.0,9000.000599997293,0.035099998058285564
451,9020.0,9020.000600001367,0.035599994589574635
452,9040.0,9040.000399996643,0.030000002880115062
453,9060.0,9060.000599994964,0.041600003896746784
454,9080.0,9080.000599999039,0.03380000271135941
455,9100.0,9100.000699996599,0.03650000144261867
456,9120.0,9120.000700000674,0.03579999611247331
457,9140.0,9140.000799998234,0.04099999932805076
458,9160.0,9160.000500000024,0.03489999653538689
459,9180.0,9180.000599997584,0.040400002035312355
460,9200.0,9200.000600001658,0.03779999678954482
461,9220.0,9220.00079999998,0.049299997044727206
462,9240.0,9240.00050000177,0.033299998904112726
463,9260.0,9260.000800000853,0.039200000173877925
464,9280.0,9280.00069999689,0.03930000093532726
465,9300.0,9300.000800001726,0.037099998735357076
466,9320.0,9320.000599997002,0.03880000440403819
467,9340.0,9340.000799995323,0.038300000596791506
468,9360.0,9360.000699998636,0.035700002626981586
469,9380.0,9380.000599994673,0.031100003980100155
470,9400.0,9400.007899996126,0.038700003642588854
471,9420.0,9420.000499994785,0.10170000314246863
472,9440.0,9440.000599999621,0.0368999972124584
473,9460.0,9460.000399994897,0.03440000000409782
474,9480.0,9480.000600000494,0.03569999535102397
475,9500.0,9500.001000000339,0.04129999433644116
476,9520.0,9520.000799995614,0.0394000016967766
477,9540.0,9540.000699998927,0.037500001781154424
478,9560.0,9560.000799996487,0.04150000313529745
479,9580.0,9580.000599999039,0.04099999932805076
480,9600.0,9600.000599995838,0.039200000173877925
481,9620.0,9620.00089999492,0.047900000936351717
482,9640.0,9640.00049999595,0.036900004488416016
483,9660.0,9660.000700001547,0.0411000000895001
484,9680.0,9680.00039999606,0.036299999919719994
485,9700.0,9700.000799995905,0.039500002458225936
486,9720.0,9720.000599998457,0.03779999678954482
487,9740.0,9740.000599995255,0.03500000457279384
488,9760.0,9760.000700000091,0.03879999712808058
489,9780.0,9780.000599996129,0.037099998735357076
490,9800.0,9800.015399996482,0.04099999932805076
491,9820.0,9820.00049999624,0.03510000533424318
492,9840.0,9840.000500000315,0.03669999568955973
493,9860.0,9860.000699998636,0.039500002458225936
494,9880.0,9880.000899996958,0.040700004319660366
495,9900.0,9900.000900001032,0.03309999738121405
496,9920.0,9920.000499994785,0.029800001357216388
497,9940.0,9940.000800001144,0.04189999890513718
498,9960.0,9960.00059999642,0.03500000457279384
499,9980.0,9980.000799994741,0.035400000342633575
500,10000.0,10000.000699998054,0.039200000173877925
501,10020.0,10020.000600001367,0.04099999932805076
502,10040.0,10040.000599998166,0.03619999915827066
503,10060.0,10060.000599994964,0.04940000508213416
504,10080.0,10080.000499998278,0.038300000596791506
505,10100.0,10100.000599995838,0.036900004488416016
506,10120.0,10120.000700000674,0.0368999972124584
507,10140.0,10140.00049999595,0.038300000596791506
508,10160.0,10160.000799995032,0.038300000596791506
509,10180.0,10180.00100000063,0.0444999968749471
510,10200.0,10200.000699995144,0.03760000254260376
511,10220.0,10220.000499997695,0.036600002204068005
512,10240.0,10240.004499995848,0.037500001781154424
513,10260.0,10260.000700000091,0.03609999839682132
514,10280.0,10280.000499995367,0.03560000186553225
515,10300.0,10300.000999995973,0.044200001866556704
516,10320.0,10320.000699997763,0.04150000313529745
517,10340.0,10340.000600001076,0.041399995097890496
518,10360.0,10360.000599997875,0.03380000271135941
519,10380.0,10380.000599994673,0.03470000228844583
520,10400.0,10400.000599998748,0.0394000016967766
521,10420.0,10420.000699996308,0.04199999966658652
522,10440.0,10440.000700000382,0.03749999450519681
523,10460.0,10460.000799997943,0.03930000093532726
524,10480.0,10480.000600000494,0.040599996282253414
525,10500.0,10500.000799998816,0.04149999585933983
526,10520.0,10520.000600001367,0.035899996873922646
527,10540.0,10540.000599998166,0.03989999822806567
528,10560.0,10560.000699995726,0.0411000000895001
529,10580.0,10580.001199996332,0.04370000533526763
530,10600.0,10600.000899998122,0.03999999898951501
531,10620.0,10620.000800001435,0.03739999374374747
532,10640.0,10640.00049999595,0.03760000254260376
533,10660.0,10660.000799995032,0.045000000682193786
534,10680.0,10680.000599997584,0.041600003896746784
535,10700.0,10700.000699995144,0.04030000127386302
536,10720.0,10720.000900000741,0.04079999780515209
537,10740.0,10740.000599995255,0.03800000558840111
538,10760.0,10760.000800000853,0.04409999382914975
539,10780.0,10780.000599996129,0.03670000296551734
540,10800.0,10800.000999995973,0.044200001866556704
541,10820.0,10820.000599997002,0.03899999865097925
542,10840.0,10840.000600001076,0.04049999552080408
543,10860.0,10860.000399996352,0.0351999988197349
544,10880.0,10880.000599994673,0.03620000643422827
545,10900.0,10900.000599998748,0.03959999594371766
546,10920.0,10920.000599995547,0.03760000254260376
547,10940.0,10940.000599999621,0.0385999956051819
548,10960.0,10960.000899998704,0.042400002712383866
549,10980.0,10980.000799994741,0.03860000288113952
550,11000.0,11000.000699998054,0.04069999704370275
551,11020.0,11020.000600001367,0.043099993490614
552,11040.0,11040.00239999732,0.03899999865097925
553,11060.0,11060.000500001479,0.03899999865097925
554,11080.0,11080.000499998278,0.03719999949680641
555,11100.0,11100.000599995838,0.03999999898951501
556,11120.0,11120.133799995529,0.03719999949680641
557,11140.0,11140.355700001237,0.04499999340623617
558,11160.0,11160.000799995032,0.03960000321967527
559,11180.0,11180.000499996822,0.03909999941242859
560,11200.0,11200.000699995144,0.04270000499673188
561,11220.0,11220.000699999218,0.039200000173877925
562,11240.0,11240.000799996778,0.03580000338843092
563,11260.0,11260.000700000091,0.03869999636663124
564,11280.0,11280.00069999689,0.03989999822806567
565,11300.0,11300.000800001726,0.04169999738223851
566,11320.0,11320.000699997763,0.0394000016967766
567,11340.0,11340.000399999553,0.0351999988197349
568,11360.0,11360.000599997875,0.038899997889529914
569,11380.0,11380.000500001188,0.03359999391250312
570,11400.0,11400.011599995196,0.03850000211969018
571,11420.0,11420.000699996308,0.03680000372696668
572,11440.0,11440.000700000382,0.030099996365606785
573,11460.0,11460.00059999642,0.03170000127283856
574,11480.0,11480.000700001256,0.03429999924264848
575,11500.0,11500.040300001274,0.038899997889529914
576,11520.0,11520.000600001367,0.03409999771974981
577,11540.0,11540.000599998166,0.034500000765547156
578,11560.0,11560.000500001479,0.0351999988197349
579,11580.0,11580.000599999039,0.03819999983534217
580,11600.0,11600.000699996599,0.036600002204068005
581,11620.0,11620.000800001435,0.03539999306667596
582,11640.0,11640.000699997472,0.037800004065502435
583,11660.0,11660.000600000785,0.036299999919719994
584,11680.0,11680.000699998345,0.035899996873922646
585,11700.0,11700.000699995144,0.039000005926936865
586,11720.0,11720.000599998457,0.03850000211969018
587,11740.0,11740.000599995255,0.03239999932702631
588,11760.0,11760.00059999933,0.0320999970426783
589,11780.0,11780.000599996129,0.032000003557186574
590,11800.0,11800.001399999019,0.04289999924367294
591,11820.0,11820.000699997763,0.032800002372823656
592,11840.0,11840.000699994562,0.03680000372696668
593,11860.0,11860.000599997875,0.0368999972124584
594,11880.0,11880.000599994673,0.03710000601131469
595,11900.0,11900.000599998748,0.03819999983534217
596,11920.0,11920.00079999707,0.08070000330917537
597,11940.0,11940.00099999539,0.05140000575920567
598,11960.0,11960.000799997943,0.0427999984822236
599,11980.0,11980.000499999733,0.040599996282253414
600,12000.0,12000.000699998054,0.04440000338945538
601,12020.0,12020.000699994853,0.042100000428035855
602,12040.0,12040.000499997404,0.043300002289470285
603,12060.0,12060.000699995726,0.03960000321967527
604,12080.0,12080.000499998278,0.04069999704370275
605,12100.0,12100.000599995838,0.03700000524986535
606,12120.0,12120.00049999915,0.036799996451009065
607,12140.0,12140.000699997472,0.039200000173877925
608,12160.0,12160.000500000024,0.03699999797390774
609,12180.0,12180.000599997584,0.03960000321967527
610,12200.0,12200.00219999929,0.053099996875971556
611,12220.0,12220.00079999998,0.04339999577496201
612,12240.0,12240.000799996778,0.043300002289470285
613,12260.0,12260.000499998569,0.03819999983534217
614,12280.0,12280.06479999749,0.04260000423528254
615,12300.0,12300.000700000965,0.03959999594371766
616,12320.0,12320.000699997763,0.038700003642588854
617,12340.0,12340.000600001076,0.03899999865097925
618,12360.0,12360.001699998975,0.04099999932805076
619,12380.0,12380.000500001188,0.03749999450519681
620,12400.0,12400.000499997986,0.042100000428035855
621,12420.0,12420.000599995547,0.03860000288113952
622,12440.0,12440.000700000382,0.03730000025825575
623,12460.0,12460.00059999642,0.0351999988197349
624,12480.0,12480.000600000494,0.040899998566601425
625,12500.0,12500.009700001101,0.03749999450519681
626,12520.0,12520.000999997137,0.03740000101970509
627,12540.0,12540.000699998927,0.035099998058285564
628,12560.0,12560.000599994964,0.03730000025825575
629,12580.0,12580.0006999998,0.030099996365606785
630,12600.0,12600.000699996599,0.037500001781154424
631,12620.0,12620.000599999912,0.031299998227041215
632,12640.0,12640.001499996288,0.03860000288113952
633,12660.0,12660.000600000785,0.041200000850949436
634,12680.0,12680.000599997584,0.03760000254260376
635,12700.0,12700.000899996667,0.04340000305091962
636,12720.0,12720.000699999218,0.039500002458225936
637,12740.0,12740.00050000177,0.036499994166661054
638,12760.0,12760.065499998746,0.039200000173877925
639,12780.0,12780.000499995367,0.02920000406447798
640,12800.0,12800.000700000965,0.033299998904112726
641,12820.0,12820.000599997002,0.03590000414988026
642,12840.0,12840.000399999553,0.033899996196851134
643,12860.0,12860.000499997113,0.03609999839682132
644,12880.0,12880.000799996196,0.034199998481199145
645,12900.0,12900.011300000187,0.03909999941242859
646,12920.0,12920.000599995547,0.03529999958118424
647,12940.0,12940.000599999621,0.03569999535102397
648,12960.0,12960.000499995658,0.03410000499570742
649,12980.0,12980.000600000494,0.03599999763537198
650,13000.0,13000.000799998816,0.03360000118846074
651,13020.0,13020.000600001367,0.032199997804127634
652,13040.0,13040.000499997404,0.036600002204068005
653,13060.0,13060.000500001479,0.0354999938281253
654,13080.0,13080.000599999039,0.03270000161137432
655,13100.0,13100.000599995838,0.035700002626981586
656,13120.0,13120.000700000674,0.048999994760379195
657,13140.0,13140.000699997472,0.03899999865097925
658,13160.0,13160.000799995032,0.034500000765547156
659,13180.0,13180.022599997756,0.041200000850949436
660,13200.0,13200.00639999489,0.047900000936351717
661,13220.0,13220.000699999218,0.03840000135824084
662,13240.0,13240.000599995255,0.04060000355821103
663,13260.0,13260.0031999973,0.03999999898951501
664,13280.0,13280.00069999689,0.034500000765547156
665,13300.0,13300.006899997243,0.03789999755099416
666,13320.0,13320.000599997002,0.03339999966556206
667,13340.0,13340.000899996085,0.04510000144364312
668,13360.0,13360.000799999398,0.040099999750964344
669,13380.0,13380.000599994673,0.031000003218650818
670,13400.0,13400.000499997986,0.038700003642588854
671,13420.0,13420.000699996308,0.036600002204068005
672,13440.0,13440.000599999621,0.032199997804127634
673,13460.0,13460.000499995658,0.035200006095692515
674,13480.0,13480.000600000494,0.03869999636663124
675,13500.0,13500.00789999467,0.040700004319660366
676,13520.0,13520.000600001367,0.03669999568955973
677,13540.0,13540.00090000045,0.03579999611247331
678,13560.0,13560.360399998899,0.03730000025825575
679,13580.0,13580.0018000009,0.043000000005122274
680,13600.0,13600.035499999649,0.06249999569263309
681,13620.0,13620.000700000674,0.037699996028095484
682,13640.0,13640.360199999122,0.04819999594474211
683,13660.0,13660.904299998947,0.033299998904112726
684,13680.0,13680.002799999784,0.036299999919719994
685,13700.0,13700.000799995905,0.0425000034738332
686,13720.0,13720.000900000741,0.03879999712808058
687,13740.0,13740.000599995255,0.03980000474257395
688,13760.0,13760.000700000091,0.03489999653538689
689,13780.0,13780.000599996129,0.03740000101970509
690,13800.0,13800.000600000203,0.04069999704370275
691,13820.0,13820.00049999624,0.03899999865097925
692,13840.0,13840.000699994562,0.03650000144261867
693,13860.0,13860.000799999398,0.03640000068116933
694,13880.0,13880.000699995435,0.042100000428035855
695,13900.0,13900.00069999951,0.04239999543642625
696,13920.0,13920.000599995547,0.03860000288113952
697,13940.0,13940.000599999621,0.036799996451009065
698,13960.0,13960.000899998704,0.048000001697801054
699,13980.0,13980.000700001256,0.030899995181243867
700,14000.0,14000.00369999907,0.03619999915827066
701,14020.0,14020.000500000606,0.035599994589574635
702,14040.0,14040.001399996981,0.036900004488416016
703,14060.0,14060.000599994964,0.038300000596791506
704,14080.0,14080.000499998278,0.038300000596791506
705,14100.0,14100.000699996599,0.0377000033040531
706,14120.0,14120.000800001435,0.04039999475935474
707,14140.0,14140.011999996204,0.038700003642588854
708,14160.0,14160.114799997245,0.03860000288113952
709,14180.0,14180.000499996822,0.03730000025825575
710,14200.0,14200.06559999456,0.04200000694254413
711,14220.0,14220.000499997695,0.03599999763537198
712,14240.0,14240.000699996017,0.036900004488416016
713,14260.0,14260.000800000853,0.03989999822806567
714,14280.0,14280.001699997229,0.038899997889529914
715,14300.0,14300.012899999274,0.03979999746661633
716,14320.0,14320.000599997002,0.04060000355821103
717,14340.0,14340.000999996846,0.04199999966658652
718,14360.0,14360.000799999398,0.03949999518226832
719,14380.0,14380.000599994673,0.03680000372696668
720,14400.0,14400.00069999951,0.045000000682193786
721,14420.0,14420.00089999783,0.03989999822806567
722,14440.0,14440.000800001144,0.042599996959324926
723,14460.0,14460.001999999804,0.03309999738121405
724,14480.0,14480.000799994741,0.03880000440403819
725,14500.0,14500.000699998054,0.03670000296551734
726,14520.0,14520.000699994853,0.038300000596791506
727,14540.0,14540.000499997404,0.02800000220304355
728,14560.0,14560.000599994964,0.03590000414988026
729,14580.0,14580.000599999039,0.035700002626981586
730,14600.0,14600.00079999736,0.04130000161239877
731,14620.0,14620.000599999912,0.03840000135824084
732,14640.0,14640.000999999756,0.03669999568955973
733,14660.0,14660.000799995032,0.037800004065502435
734,14680.0,14680.000599997584,0.035700002626981586
735,14700.0,14700.000799995905,0.039200000173877925
736,14720.0,14720.000599998457,0.033899996196851134
737,14740.0,14740.000799996778,0.03210000431863591
738,14760.0,14760.000700000091,0.03529999958118424
739,14780.0,14780.000499995367,0.031100003980100155
740,14800.0,14800.000700000965,0.035400000342633575
741,14820.0,14820.000699997763,0.03899999865097925
742,14840.0,14840.000600001076,0.03289999585831538
743,14860.0,14860.000699998636,0.031299998227041215
744,14880.0,14880.000599994673,0.031100003980100155
745,14900.0,14900.000599998748,0.03429999924264848
746,14920.0,14920.00079999707,0.037500001781154424
747,14940.0,14940.000599999621,0.033899996196851134
748,14960.0,14960.000499995658,0.03650000144261867
749,14980.0,14980.000600000494,0.0320999970426783
750,15000.0,15000.04749999789,0.051399998483248055
751,15020.0,15020.000699994853,0.0360000049113296
752,15040.0,15040.000499997404,0.03309999738121405
753,15060.0,15060.000699995726,0.04230000195093453
754,15080.0,15080.000599999039,0.036600002204068005
755,15100.0,15100.00079999736,0.041799998143687844
756,15120.0,15120.000599999912,0.03979999746661633
757,15140.0,15140.000899998995,0.039500002458225936
758,15160.0,15160.006699996302,0.04050000279676169
759,15180.0,15180.054299999028,0.043300002289470285
760,15200.0,15200.00639999489,0.052100003813393414
761,15220.0,15220.000599998457,0.032500000088475645
762,15240.0,15240.000799996778,0.03840000135824084
763,15260.0,15260.000900001614,0.040899998566601425
764,15280.0,15280.01470000163,0.037999998312443495
765,15300.0,15300.012299994705,0.0777000022935681
766,15320.0,15320.000599997002,0.040899998566601425
767,15340.0,15340.000600001076,0.03479999577393755
768,15360.0,15360.000699998636,0.03339999966556206
769,15380.0,15380.000599994673,0.03720000677276403
770,15400.0,15400.000499997986,0.03680000372696668
771,15420.0,15420.000699996308,0.039500002458225936
772,15440.0,15440.000800001144,0.03949999518226832
773,15460.0,15460.000499995658,0.04060000355821103
774,15480.0,15480.000499999733,0.03650000144261867
775,15500.0,15500.017300000763,0.042299994674976915
776,15520.0,15520.000699994853,0.03980000474257395
777,15540.0,15540.000699998927,0.03779999678954482
778,15560.0,15560.000599994964,0.045700006012339145
779,15580.0,15580.0006999998,0.03899999865097925
780,15600.0,15600.393799999438,0.03619999915827066
781,15620.0,15620.004799995513,0.13469999976223335
782,15640.0,15640.359799996077,0.041200000850949436
783,15660.0,15660.000600000785,0.0385999956051819
784,15680.0,15680.000599997584,0.03590000414988026
785,15700.0,15700.000600001658,0.03789999755099416
786,15720.0,15720.000599998457,0.03789999755099416
787,15740.0,15740.000599995255,0.03800000558840111
788,15760.0,15760.0009999951,0.04140000237384811
789,15780.0,15780.001599996467,0.04289999924367294
790,15800.0,15800.001099996734,0.04189999890513718
791,15820.0,15820.000699997763,0.03789999755099416
792,15840.0,15840.000600001076,0.039699996705166996
793,15860.0,15860.000699998636,0.040599996282253414
794,15880.0,15880.000699995435,0.04510000144364312
795,15900.0,15900.00069999951,0.04030000127386302
796,15920.0,15920.000599995547,0.036100005672778934
797,15940.0,15940.000700000382,0.0351999988197349
798,15960.0,15960.000699997181,0.037099998735357076
799,15980.0,15980.000700001256,0.0337999954354018
800,16000.0,16000.000799998816,0.03779999678954482
801,16020.0,16020.000799995614,0.03550000110408291
802,16040.0,16040.000599998166,0.03650000144261867
803,16060.0,16060.000500001479,0.037999998312443495
804,16080.0,16080.000599999039,0.039699996705166996
805,16100.0,16100.000699996599,0.03960000321967527
806,16120.0,16120.00049999915,0.03850000211969018
807,16140.0,16140.000699997472,0.04410000110510737
808,16160.0,16160.000799995032,0.041200000850949436
809,16180.0,16180.000499996822,0.040400002035312355
810,16200.0,16200.000600001658,0.04369999805931002
811,16220.0,16220.000599998457,0.03930000093532726
812,16240.0,16240.000599995255,0.04020000051241368
813,16260.0,16260.0009999951,0.21920000290265307
814,16280.0,16280.000899998413,0.044200001866556704
815,16300.0,16300.000899995212,0.0408000050811097
816,16320.0,16320.000699997763,0.04060000355821103
817,16340.0,16340.000699994562,0.04100000660400838
818,16360.0,16360.000499997113,0.03850000211969018
819,16380.0,16380.000500001188,0.04199999966658652
820,16400.0,16400.000900001032,0.04400000034365803
821,16420.0,16420.000599995547,0.04060000355821103
822,16440.0,16440.063900001405,0.046799999836366624
823,16460.0,16460.000999999465,0.03599999763537198
824,16480.0,16480.00129999855,0.04020000051241368
825,16500.0,16500.000699998054,0.0335000004270114
826,16520.0,16520.000799995614,0.033200005418621004
827,16540.0,16540.000699998927,0.0394000016967766
828,16560.0,16560.000799996487,0.03790000482695177
829,16580.0,16580.00059999904,0.03579999611247331
830,16600.0,16600.0006999966,0.03899999865097925
831,16620.0,16620.000700000674,0.03619999915827066
832,16640.0,16640.00059999671,0.03699999797390774
833,16660.0,16660.000500000024,0.03659999492811039
834,16680.0,16680.000799999107,0.04249999619787559
835,16700.0,16700.003999998444,0.05750000127591193
836,16720.0,16720.00090000074,0.039399994420818985
837,16740.0,16740.00079999678,0.034900003811344504
838,16760.0,16760.00070000009,0.03429999924264848
839,16780.0,16780.00079999765,0.0394000016967766
840,16800.0,16800.000800001726,0.04099999932805076
841,16820.0,16820.000699997763,0.03779999678954482
842,16840.0,16840.000600001076,0.03599999763537198
843,16860.0,16860.000799999398,0.03429999924264848
844,16880.0,16880.000599994673,0.03890000516548753
845,16900.0,16900.000499997986,0.04630000330507755
846,16920.0,16920.000699996308,0.04189999890513718
847,16940.0,16940.00059999962,0.04149999585933983
848,16960.0,16960.00069999718,0.03979999746661633
849,16980.0,16980.000499999733,0.03640000068116933
850,17000.0,17000.00379999983,0.04199999966658652
851,17020.0,17020.000699994853,0.04050000279676169
852,17040.0,17040.000599998166,0.03860000288113952
853,17060.0,17060.00050000148,0.04529999569058418
854,17080.0,17080.0006999998,0.03840000135824084
855,17100.0,17100.00079999736,0.04060000355821103
856,17120.0,17120.000599999912,0.03909999941242859
857,17140.0,17140.000799998234,0.043799998820759356
858,17160.0,17160.000999996555,0.0427999984822236
859,17180.0,17180.000599997584,0.041799998143687844
860,17200.0,17200.031399996078,0.04270000499673188
861,17220.0,17220.000599998457,0.03869999636663124
862,17240.0,17240.00520000118,0.03839999408228323
863,17260.0,17260.00049999857,0.039500002458225936
864,17280.0,17280.108899998595,0.07019999611657113
865,17300.0,17300.004500000796,0.045199994929134846
866,17320.0,17320.000699997763,0.03740000101970509
867,17340.0,17340.000600001076,0.0402999939979054
868,17360.0,17360.000599997875,0.03730000025825575
869,17380.0,17380.000699995435,0.036900004488416016
870,17400.0,17400.156899995636,0.039000005926936865
871,17420.0,17420.000599995547,0.03440000000409782
872,17440.0,17440.00049999886,0.035099998058285564
873,17460.0,17460.00059999642,0.03730000025825575
874,17480.0,17480.000700001256,0.03169999399688095
875,17500.0,17500.0629999995,0.03569999535102397
876,17520.0,17520.000600001367,0.03669999568955973
877,17540.0,17540.020899999945,0.03999999898951501
878,17560.0,17560.00089999725,0.03970000398112461
879,17580.0,17580.00059999904,0.039500002458225936
880,17600.0,17600.013499999477,0.05190000229049474
881,17620.0,17620.11939999502,0.05729999975301325
882,17640.0,17640.44369999465,0.04630000330507755
883,17660.0,17660.000600000785,0.03879999712808058
884,17680.0,17680.03879999742,0.043300002289470285
885,17700.0,17700.00060000166,0.0402999939979054
886,17720.0,17720.000599998457,0.0427999984822236
887,17740.0,17740.000599995255,0.03840000135824084
888,17760.0,17760.000800000853,0.04099999932805076
889,17780.0,17780.00069999689,0.037999998312443495
890,17800.0,17800.000800001726,0.04219999391352758
891,17820.0,17820.001299995056,0.05360000068321824
892,17840.0,17840.0016999949,0.07380000170087442
893,17860.0,17860.00129999593,0.06230000144569203
894,17880.0,17880.001400000765,0.06079999729990959
895,17900.0,17900.000999994518,0.04130000161239877
896,17920.0,17920.000499994785,0.03840000135824084
897,17940.0,17940.00089999463,0.04140000237384811
898,17960.0,17960.00069999718,0.041600003896746784
899,17980.0,17980.000899995503,0.0377000033040531
900,18000.0,18000.000699998054,0.04199999966658652
901,18020.0,18020.000699994853,0.03800000558840111
902,18040.0,18040.000699998927,0.03930000093532726
903,18060.0,18060.000599994964,0.036900004488416016
904,18080.0,18080.000499998278,0.035099998058285564
905,18100.0,18100.0006999966,0.03999999898951501
906,18120.0,18120.000800001435,0.036499994166661054
907,18140.0,18140.000699997472,0.03609999839682132
908,18160.0,18160.000799995032,0.03719999949680641
909,18180.0,18180.000599997584,0.0394000016967766
910,18200.0,18200.018700001237,0.043799998820759356
911,18220.0,18220.007799995074,0.03480000304989517
912,18240.0,18240.171099998406,0.03840000135824084
913,18260.0,18260.00059999933,0.03669999568955973
914,18280.0,18280.00059999613,0.07760000153211877
915,18300.0,18300.000700000965,0.04709999484475702
916,18320.0,18320.000699997763,0.04220000118948519
917,18340.0,18340.000600001076,0.0368999972124584
918,18360.0,18360.676099997363,0.041799998143687844
919,18380.0,18382.016399998975,0.03909999941242859
920,18400.0,18400.380200000654,0.04769999941345304
921,18420.0,18420.002200000454,0.04459999763639644
922,18440.0,18440.000700000382,0.041200000850949436
923,18460.0,18460.00069999718,0.03880000440403819
924,18480.0,18480.000899995503,0.03790000482695177
925,18500.0,18500.000599997293,0.04720000288216397
926,18520.0,18520.000600001367,0.037999998312443495
927,18540.0,18540.000699998927,0.037699996028095484
928,18560.0,18560.000599994964,0.03850000211969018
929,18580.0,18580.000499998278,0.03580000338843092
930,18600.0,18600.0006999966,0.04099999932805076
931,18620.0,18620.000700000674,0.03930000093532726
932,18640.0,18640.000699997472,0.04050000279676169
933,18660.0,18660.000399999262,0.032199997804127634
934,18680.0,18680.005599999276,0.03930000093532726
935,18700.0,18700.000699995144,0.04750000516651198
936,18720.0,18720.000599998457,0.03470000228844583
937,18740.0,18740.000599995255,0.03220000508008525
938,18760.0,18760.00059999933,0.03560000186553225
939,18780.0,18780.000499995367,0.033200005418621004
940,18800.0,18800.003899996227,0.037800004065502435
941,18820.0,18820.000699997763,0.03309999738121405
942,18840.0,18840.008899998793,0.039200000173877925
943,18860.0,18860.000499997113,0.034900003811344504
944,18880.0,18880.000500001188,0.03489999653538689
945,18900.0,18900.000599998748,0.03650000144261867
946,18920.0,18920.000499994785,0.03340000694151968
947,18940.0,18940.000800001144,0.022099993657320738
948,18960.0,18960.00059999642,0.030399998649954796
949,18980.0,18980.000700001256,0.03619999915827066
950,19000.0,19000.135900001624,0.06129999383119866
951,19020.0,19020.000699994853,0.034500000765547156
952,19040.0,19040.00079999969,0.03609999839682132
953,19060.0,19060.000799996487,0.03429999924264848
954,19080.0,19080.00059999904,0.03479999577393755
955,19100.0,19100.0006999966,0.03300000389572233
956,19120.0,19120.043899994926,0.05950000195298344
957,19140.0,19140.00059999671,0.038899997889529914
958,19160.0,19160.000799995032,0.036100005672778934
959,19180.0,19180.000499996822,0.03730000025825575
960,19200.0,19200.000799995905,0.17590000061318278
961,19220.0,19220.000599998457,0.03860000288113952
962,19240.0,19240.00079999678,0.03809999907389283
963,19260.0,19260.00059999933,0.039699996705166996
964,19280.0,19280.00059999613,0.036900004488416016
965,19300.0,19300.000600000203,0.04069999704370275
966,19320.0,19320.00110000081,0.04310000076657161
967,19340.0,19340.00069999456,0.050300004659220576
968,19360.0,19360.000699998636,0.04459999763639644
969,19380.0,19380.00099999772,0.03779999678954482
970,19400.0,19400.003599999764,0.04069999704370275
971,19420.0,19420.000599995547,0.03960000321967527
972,19440.0,19440.00059999962,0.03879999712808058
973,19460.0,19460.27899999899,0.04230000195093453
974,19480.0,19480.022700001427,0.04539999645203352
975,19500.0,19500.000599997293,0.040899998566601425
976,19520.0,19520.000699994853,0.03650000144261867
977,19540.0,19540.000499997404,0.03760000254260376
978,19560.0,19560.00050000148,0.03359999391250312
979,19580.0,19580.000499998278,0.03850000211969018
980,19600.0,19600.082299999485,0.03989999822806567
981,19620.0,19620.00049999915,0.03579999611247331
982,19640.0,19640.006599998742,0.04720000288216397
983,19660.0,19660.000600000785,0.035400000342633575
984,19680.0,19680.000699998345,0.04020000051241368
985,19700.0,19700.000400000135,0.03109999670414254
986,19720.0,19720.000599998457,0.03499999729683623
987,19740.0,19740.000699996017,0.03860000288113952
988,19760.0,19760.00049999857,0.03440000000409782
989,19780.0,19780.000499995367,0.040400002035312355
990,19800.0,19800.000800001726,0.03759999526664615
991,19820.0,19820.00049999624,0.034500000765547156
992,19840.0,19840.000600001076,0.03609999839682132
993,19860.0,19860.000599997875,0.03550000110408291
994,19880.0,19880.000500001188,0.03279999509686604
995,19900.0,19900.00069999951,0.03730000025825575
996,19920.0,19920.000699996308,0.034000004234258085
997,19940.0,19940.000700000382,0.045199994929134846
998,19960.0,19960.00059999642,0.038300000596791506
999,19980.0,19980.000700001256,0.03609999839682132
1000,20000.0,20000.000799998816,0.035899996873922646
1001,20020.0,20020.000699994853,0.037500001781154424
1002,20040.0,20040.000599998166,0.035899996873922646
1003,20060.0,20060.00050000148,0.03169999399688095
1004,20080.0,20080.00059999904,0.036299999919719994
1005,20100.0,20100.000499995076,0.03620000643422827
1006,20120.0,20120.000700000674,0.03569999535102397
1007,20140.0,20140.002499996626,0.0408000050811097
1008,20160.0,20160.004400000616,0.040899998566601425
1009,20180.0,20180.000799999107,0.04159999662078917
1010,20200.0,20200.02459999523,0.045900000259280205
1011,20220.0,20220.00069999922,0.03779999678954482
1012,20240.0,20240.00079999678,0.040400002035312355
1013,20260.0,20260.00059999933,0.03879999712808058
1014,20280.0,20280.000499995367,0.03850000211969018
1015,20300.0,20300.00089999521,0.03740000101970509
1016,20320.0,20320.000599997,0.03580000338843092
1017,20340.0,20340.000600001076,0.03809999907389283
1018,20360.0,20360.000599997875,0.03779999678954482
1019,20380.0,20380.000599994673,0.040400002035312355
1020,20400.0,20400.00109999528,0.042400002712383866
1021,20420.0,20420.000699996308,0.04060000355821103
1022,20440.0,20440.11569999566,0.03960000321967527
1023,20460.0,20460.00059999642,0.05160000000614673
1024,20480.0,20480.00079999474,0.045900000259280205
1025,20500.0,20500.000799998816,0.0394000016967766
1026,20520.0,20520.000699994853,0.039200000173877925
1027,20540.0,20540.000499997404,0.03879999712808058
1028,20560.0,20560.000599994964,0.039500002458225936
1029,20580.0,20580.000499998278,0.037999998312443495
1030,20600.0,20600.00079999736,0.03840000135824084
1031,20620.0,20620.000700000674,0.038300000596791506
1032,20640.0,20640.00049999595,0.04020000051241368
1033,20660.0,20660.024899996642,0.04230000195093453
1034,20680.0,20680.039399994712,0.0411000000895001
1035,20700.0,20700.00060000166,0.039399994420818985
1036,20720.0,20720.000499997695,0.03760000254260376
1037,20740.0,20740.00079999678,0.03740000101970509
1038,20760.0,20760.000800000853,0.03899999865097925
1039,20780.0,20780.00059999613,0.03850000211969018
1040,20800.0,20800.00049999944,0.040400002035312355
1041,20820.0,20820.00049999624,0.03590000414988026
1042,20840.0,20840.138299994578,0.04320000152802095
1043,20860.0,20860.342399995716,0.03740000101970509
1044,20880.0,20880.801999999676,0.03819999983534217
1045,20900.0,20900.001499998325,0.05729999975301325
1046,20920.0,20920.00089999783,0.05029999738326296
1047,20940.0,20940.000800001144,0.0368999972124584
1048,20960.0,20960.000899998704,0.05539999983739108
1049,20980.0,20980.00079999474,0.04000000626547262
1050,21000.0,21000.000899999577,0.04459999763639644
1051,21020.0,21020.000600001367,0.03819999983534217
1052,21040.0,21040.00079999969,0.04610000178217888
1053,21060.0,21060.000799996487,0.04030000127386302
1054,21080.0,21080.00059999904,0.03809999907389283
1055,21100.0,21100.000899998122,0.04310000076657161
1056,21120.0,21120.000800001435,0.0385999956051819
1057,21140.0,21140.000399995188,0.029800001357216388
1058,21160.0,21160.000700001547,0.03609999839682132
1059,21180.0,21180.000799999107,0.044399996113497764
1060,21200.0,21200.000799995905,0.04020000051241368
1061,21220.0,21220.000599998457,0.0368999972124584
1062,21240.0,21240.00050000177,0.03739999374374747
1063,21260.0,21260.00070000009,0.03650000144261867
1064,21280.0,21280.00059999613,0.03899999865097925
1065,21300.0,21300.00179999479,0.042400002712383866
1066,21320.0,21320.000599997,0.037099998735357076
1067,21340.0,21340.00069999456,0.02920000406447798
1068,21360.0,21360.000599997875,0.037099998735357076
1069,21380.0,21380.000599994673,0.03440000000409782
1070,21400.0,21400.00080000027,0.038300000596791506
1071,21420.0,21420.000499994785,0.03790000482695177
1072,21440.0,21440.000800001144,0.03399999695830047
1073,21460.0,21460.000499995658,0.037500001781154424
1074,21480.0,21480.000700001256,0.02390000008745119
1075,21500.0,21500.00039999577,0.0351999988197349
1076,21520.0,21520.000799995614,0.035200006095692515
1077,21540.0,21540.000599998166,0.03850000211969018
1078,21560.0,21560.00050000148,0.034199998481199145
1079,21580.0,21580.0006999998,0.02890000178012997
1080,21600.0,21600.000599995838,0.032300005841534585
1081,21620.0,21620.000999995682,0.047100002120714635
1082,21640.0,21640.000799998234,0.04389999958220869
1083,21660.0,21660.009499995795,0.04810000245925039
1084,21680.0,21680.000899999868,0.043000000005122274
1085,21700.0,21700.000699995144,0.04730000364361331
1086,21720.0,21720.00090000074,0.0537999949301593
1087,21740.0,21740.00079999678,0.052100003813393414
1088,21760.0,21760.000900001614,0.055199998314492404
1089,21780.0,21780.000899998413,0.04859999899053946
1090,21800.0,21800.00149999978,0.04829999670619145
1091,21820.0,21820.000799998525,0.04629999602911994
1092,21840.0,21840.000999996846,0.05329999839887023
1093,21860.0,21860.00090000016,0.04839999746764079
1094,21880.0,21880.00099999772,0.04659999831346795
1095,21900.0,21900.00080000027,0.05830000009154901
1096,21920.0,21920.000699996308,0.05870000313734636
1097,21940.0,21940.00089999463,0.043000000005122274
1098,21960.0,21960.00059999642,0.04350000381236896
1099,21980.0,21980.000899995503,0.0484000047435984
1100,22000.0,22000.00100000034,0.04839999746764079
1101,22020.0,22020.000899996376,0.04949999856762588
1102,22040.0,22040.00100000121,0.045199994929134846
1103,22060.0,22060.00089999725,0.047100002120714635
1104,22080.0,22080.012099999294,0.048000001697801054
1105,22100.0,22100.000999998883,0.0486999997519888
1106,22120.0,22120.00089999492,0.04930000432068482
1107,22140.0,22140.000899998995,0.04829999670619145
1108,22160.0,22160.001099997316,0.05020000389777124
1109,22180.0,22180.000599997584,0.04859999899053946
1110,22200.0,22200.001899997005,0.050499998906161636
1111,22220.0,22220.00090000074,0.05179999425308779
1112,22240.0,22240.00089999754,0.042599996959324926
1113,22260.0,22260.000800000853,0.04489999992074445
1114,22280.0,22280.000999999174,0.053800002206116915
1115,22300.0,22300.000999995973,0.047100002120714635
1116,22320.0,22320.000699997763,0.04310000076657161
1117,22340.0,22340.000999996846,0.04630000330507755
1118,22360.0,22360.00090000016,0.05080000119050965
1119,22380.0,22380.000799996196,0.04730000364361331
1120,22400.0,22400.00109999528,0.04890000127488747
1121,22420.0,22420.001300000877,0.06269999721553177
1122,22440.0,22440.00099999539,0.0698000003467314
1123,22460.0,22460.001100000227,0.05769999552285299
1124,22480.0,22480.000499999733,0.04529999569058418
1125,22500.0,22500.00100000034,0.05539999983739108
1126,22520.0,22520.000999997137,0.04730000364361331
1127,22540.0,22540.001499997743,0.04939999780617654
1128,22560.0,22560.00099999801,0.051399998483248055
1129,22580.0,22580.000399997516,0.022100000933278352
1130,22600.0,22600.001300001168,0.04739999712910503
1131,22620.0,22620.000700000674,0.045000000682193786
1132,22640.0,22640.000699997472,0.0394000016967766
1133,22660.0,22660.000500000024,0.03060000017285347
1134,22680.0,22680.000499996822,0.028200003725942224
1135,22700.0,22700.000799995905,0.03819999983534217
1136,22720.0,22720.000499997695,0.036299999919719994
1137,22740.0,22740.00050000177,0.031199997465591878
1138,22760.0,22760.00059999933,0.03309999738121405
1139,22780.0,22780.00389999943,0.0335000004270114
1140,22800.0,22800.000600000203,0.03550000110408291
1141,22820.0,22820.00049999624,0.03860000288113952
1142,22840.0,22840.03439999651,0.04170000465819612
1143,22860.0,22860.000699998636,0.03909999941242859
1144,22880.0,22880.000699995435,0.039200000173877925
1145,22900.0,22900.03379999689,0.061400001868605614
1146,22920.0,22920.000699996308,0.041600003896746784
1147,22940.0,22940.00049999886,0.03309999738121405
1148,22960.0,22960.00169999752,0.03899999865097925
1149,22980.0,22980.000499999733,0.03499999729683623
1150,23000.0,23000.000699998054,0.03789999755099416
1151,23020.0,23020.000600001367,0.039699996705166996
1152,23040.0,23040.000599998166,0.033700001949910074
1153,23060.0,23060.000699995726,0.03619999915827066
1154,23080.0,23080.0006999998,0.03640000068116933
1155,23100.0,23100.00079999736,0.04369999805931002
1156,23120.0,23120.000700000674,0.041399995097890496
1157,23140.0,23140.00059999671,0.035700002626981586
1158,23160.0,23160.000600000785,0.040599996282253414
1159,23180.0,23180.000799999107,0.043499996536411345
1160,23200.0,23200.000799995905,0.04289999924367294
1161,23220.0,23220.00079999998,0.03909999941242859
1162,23240.0,23240.000599995255,0.029400005587376654
1163,23260.0,23260.00059999933,0.038899997889529914
1164,23280.0,23280.00059999613,0.0411000000895001
1165,23300.0,23300.000800001726,0.037999998312443495
1166,23320.0,23320.000599997,0.038700003642588854
1167,23340.0,23340.000500000315,0.035899996873922646
1168,23360.0,23360.000599997875,0.03809999907389283
1169,23380.0,23380.000500001188,0.03459999425103888
1170,23400.0,23400.00069999951,0.04489999992074445
1171,23420.0,23420.000599995547,0.03860000288113952
1172,23440.0,23440.00059999962,0.03599999763537198
1173,23460.0,23460.00909999566,0.0411000000895001
1174,23480.0,23480.000999996264,0.04060000355821103
1175,23500.0,23500.000599997293,0.03989999822806567
1176,23520.0,23520.000500000606,0.03579999611247331
1177,23540.0,23540.000599998166,0.0368999972124584
1178,23560.0,23561.058300001605,0.04539999645203352
1179,23580.0,23580.21970000118,0.029599999834317714
1180,23600.0,23600.921699995524,0.03880000440403819
1181,23620.0,23620.000599999912,0.03730000025825575
1182,23640.0,23640.00059999671,0.03640000068116933
1183,23660.0,23660.000899995794,0.057000004744622856
1184,23680.0,23680.00110000139,0.053099996875971556
1185,23700.0,23700.00060000166,0.03669999568955973
1186,23720.0,23720.000599998457,0.03480000304989517
1187,23740.0,23740.000699996017,0.04150000313529745
1188,23760.0,23760.00059999933,0.03979999746661633
1189,23780.0,23780.000499995367,0.03890000516548753
1190,23800.0,23800.00089999521,0.042100000428035855
1191,23820.0,23820.000699997763,0.04730000364361331
1192,23840.0,23840.00069999456,0.03980000474257395
1193,23860.0,23860.000699998636,0.039500002458225936
1194,23880.0,23880.000599994673,0.03730000025825575
1195,23900.0,23900.00080000027,0.041200000850949436
1196,23920.0,23920.000499994785,0.039500002458225936
1197,23940.0,23940.000700000382,0.03609999839682132
1198,23960.0,23960.000499995658,0.03680000372696668
1199,23980.0,23980.00079999474,0.04010000702692196
1200,24000.0,24000.000599997293,0.04030000127386302
1201,24020.0,24020.010499996715,0.040899998566601425
1202,24040.0,24040.000699998927,0.039699996705166996
1203,24060.0,24060.000599994964,0.04230000195093453
1204,24080.0,24080.026999996335,0.043300002289470285
1205,24100.0,24100.00079999736,0.04140000237384811
1206,24120.0,24120.009799997206,0.040099999750964344
1207,24140.0,24140.002899999672,0.03949999518226832
1208,24160.0,24160.000700001547,0.03869999636663124
1209,24180.0,24180.000499996822,0.037800004065502435
1210,24200.0,24200.062299998535,0.04810000245925039
1211,24220.0,24220.08690000075,0.046099994506221265
1212,24240.0,24240.002699996694,0.09100000170292333
1213,24260.0,24260.000800000853,0.03869999636663124
1214,24280.0,24280.00069999689,0.039500002458225936
1215,24300.0,24300.00149999978,0.06040000153006986
1216,24320.0,24320.000599997,0.03989999822806567
1217,24340.0,24340.000799995323,0.03760000254260376
1218,24360.0,24360.000699998636,0.04269999772077426
1219,24380.0,24380.000699995435,0.03710000601131469
1220,24400.0,24400.000900001032,0.048499998229090124
1221,24420.0,24420.000699996308,0.04260000423528254
1222,24440.0,24440.000700000382,0.03809999907389283
1223,24460.0,24460.00069999718,0.037099998735357076
1224,24480.0,24480.000600000494,0.030099996365606785
1225,24500.0,24500.000699998054,0.03580000338843092
1226,24520.0,24520.000600001367,0.03839999408228323
1227,24540.0,24540.000499997404,0.030700000934302807
1228,24560.0,24560.000599994964,0.041900006181094795
1229,24580.0,24580.000499998278,0.031199997465591878
1230,24600.0,24600.0006999966,0.0377000033040531
1231,24620.0,24620.001299997966,0.04829999670619145
1232,24640.0,24640.000799998234,0.0411000000895001
1233,24660.0,24660.000700001547,0.0385999956051819
1234,24680.0,24680.000599997584,0.03760000254260376
1235,24700.0,24700.009899999714,0.039200000173877925
1236,24720.0,24720.000599998457,0.0368999972124584
1237,24740.0,24740.00089999754,0.0318000020342879
1238,24760.0,24760.000800000853,0.038300000596791506
1239,24780.0,24780.009699999937,0.0385999956051819
1240,24800.0,24800.000600000203,0.03730000025825575
1241,24820.0,24820.000699997763,0.035700002626981586
1242,24840.0,24840.000799995323,0.031100003980100155
1243,24860.0,24860.000699998636,0.034500000765547156
1244,24880.0,24880.000400000426,0.028099995688535273
1245,24900.0,24900.000599998748,0.032800002372823656
1246,24920.0,24920.000499994785,0.030800001695752144
1247,24940.0,24940.00059999962,0.038300000596791506
1248,24960.0,24960.000399994897,0.03480000304989517
1249,24980.0,24980.000600000494,0.0461999952676706
1250,25000.0,25000.000599997293,0.035099998058285564
1251,25020.0,25020.000699994853,0.038100006349850446
1252,25040.0,25040.00090000045,0.039200000173877925
1253,25060.0,25060.000699995726,0.03970000398112461
1254,25080.0,25080.0006999998,0.03699999797390774
1255,25100.0,25100.000599995838,0.039200000173877925
1256,25120.0,25120.00089999492,0.03790000482695177
1257,25140.0,25140.000799998234,0.03819999983534217
1258,25160.0,25160.000600000785,0.040899998566601425
1259,25180.0,25180.000799999107,0.043499996536411345
1260,25200.0,25200.000899996667,0.039200000173877925
1261,25220.0,25220.000599998457,0.0351999988197349
1262,25240.0,25240.00050000177,0.03489999653538689
1263,25260.0,25260.00049999857,0.037500001781154424
1264,25280.0,25280.014500000107,0.038899997889529914
1265,25300.0,25300.000600000203,0.04039999475935474
1266,25320.0,25320.000599997,0.03699999797390774
1267,25340.0,25340.000500000315,0.03189999551977962
1268,25360.0,25360.000499997113,0.03470000228844583
1269,25380.0,25380.000599994673,0.03300000389572233
1270,25400.0,25400.01829999528,0.03930000093532726
1271,25420.0,25420.000599995547,0.03930000093532726
1272,25440.0,25440.000700000382,0.03669999568955973
1273,25460.0,25460.000899998704,0.04320000152802095
1274,25480.0,25480.00079999474,0.0391000066883862
1275,25500.0,25500.000799998816,0.04149999585933983
1276,25520.0,25520.000799995614,0.039500002458225936
1277,25540.0,25540.004299997236,0.038899997889529914
1278,25560.0,25563.57990000106,0.05009999586036429
1279,25580.0,25581.974399996398,0.03899999865097925
1280,25600.0,25600.00079999736,0.05450000026030466
1281,25620.0,25620.000700000674,0.04489999992074445
1282,25640.0,25640.000699997472,0.03339999966556206
1283,25660.0,25660.000600000785,0.03640000068116933
1284,25680.0,25680.000599997584,0.03740000101970509
1285,25700.0,25700.000699995144,0.03760000254260376
1286,25720.0,25720.000599998457,0.04079999780515209
1287,25740.0,25740.00050000177,0.036799996451009065
1288,25760.0,25760.000900001614,0.04159999662078917
1289,25780.0,25780.00059999613,0.04140000237384811
1290,25800.0,25800.001199997496,0.04189999890513718
1291,25820.0,25820.001000000047,0.04510000144364312
1292,25840.0,25840.000500000315,0.03650000144261867
1293,25860.0,25860.00570000033,0.05149999924469739
1294,25880.0,25880.001300000004,0.06549999670824036
1295,25900.0,25900.000999994518,0.05310000415192917
1296,25920.0,25920.00079999707,0.037800004065502435
1297,25940.0,25940.000700000382,0.03930000093532726
1298,25960.0,25960.000899998704,0.03930000093532726
1299,25980.0,25980.018099995505,0.040400002035312355
1300,26000.0,26000.038799997128,0.044500004150904715
1301,26020.0,26020.000699994853,0.041200000850949436
1302,26040.0,26040.00079999969,0.04289999924367294
1303,26060.0,26060.001199999533,0.04479999915929511
1304,26080.0,26080.000800000562,0.10309999925084412
1305,26100.0,26100.06489999796,0.044699998397845775
1306,26120.0,26120.000800001435,0.03759999526664615
1307,26140.0,26140.000699997472,0.042400002712383866
1308,26160.0,26160.000700001547,0.0427999984822236
1309,26180.0,26180.000599997584,0.04020000051241368
1310,26200.0,26200.113599996257,0.04600000102072954
1311,26220.0,26223.58059999533,0.09600000339560211
1312,26240.0,26240.29529999825,0.03809999907389283
1313,26260.0,26260.001199996623,0.04520000220509246
1314,26280.0,26280.00059999613,0.03890000516548753
1315,26300.0,26300.000600000203,0.04169999738223851
1316,26320.0,26320.001000000047,0.04949999856762588
1317,26340.0,26340.00069999456,0.0377000033040531
1318,26360.0,26360.000499997113,0.03989999822806567
1319,26380.0,26380.001400000765,0.04649999755201861
1320,26400.0,26400.000499997986,0.041200000850949436
1321,26420.0,26420.000699996308,0.04050000279676169
1322,26440.0,26440.00059999962,0.03789999755099416
1323,26460.0,26460.00069999718,0.040400002035312355
1324,26480.0,26480.000899995503,0.04140000237384811
1325,26500.0,26500.000599997293,0.04050000279676169
1326,26520.0,26520.000600001367,0.035899996873922646
1327,26540.0,26540.000599998166,0.03779999678954482
1328,26560.0,26560.000699995726,0.034500000765547156
1329,26580.0,26580.000499998278,0.03619999915827066
1330,26600.0,26600.00189999846,0.03809999907389283
1331,26620.0,26620.00049999915,0.03669999568955973
1332,26640.0,26640.00059999671,0.03840000135824084
1333,26660.0,26660.000799995032,0.039000005926936865
1334,26680.0,26680.000799999107,0.03560000186553225
1335,26700.0,26700.000799995905,0.03890000516548753
1336,26720.0,26720.00090000074,0.03899999865097925
1337,26740.0,26740.000699996017,0.04959999932907522
1338,26760.0,26760.00059999933,0.03650000144261867
1339,26780.0,26780.00059999613,0.035700002626981586
1340,26800.0,26800.000700000965,0.03839999408228323
1341,26820.0,26820.00049999624,0.03590000414988026
1342,26840.0,26840.000799995323,0.034000004234258085
1343,26860.0,26860.000599997875,0.036299999919719994
1344,26880.0,26880.000599994673,0.028100002964492887
1345,26900.0,26900.00069999951,0.03719999949680641
1346,26920.0,26920.000599995547,0.03840000135824084
1347,26940.0,26940.000700000382,0.029199996788520366
1348,26960.0,26960.01279999473,0.06520000169984996
1349,26980.0,26980.000600000494,0.03260000084992498
1350,27000.0,27000.00049999653,0.03590000414988026
1351,27020.0,27020.000500000606,0.03529999958118424
1352,27040.0,27040.003199996136,0.03800000558840111
1353,27060.0,27060.000599994964,0.03740000101970509
1354,27080.0,27080.00059999904,0.037500001781154424
1355,27100.0,27100.000599995838,0.04170000465819612
1356,27120.0,27120.000700000674,0.04339999577496201
1357,27140.0,27140.000699997472,0.05370000144466758
1358,27160.0,27160.000799995032,0.03930000093532726
1359,27180.0,27180.000599997584,0.03809999907389283
1360,27200.0,27200.000699995144,0.0394000016967766
1361,27220.0,27220.000599998457,0.036799996451009065
1362,27240.0,27240.000699996017,0.03860000288113952
1363,27260.0,27260.00070000009,0.0385999956051819
1364,27280.0,27280.00059999613,0.03619999915827066
1365,27300.0,27300.007199999527,0.04520000220509246
1366,27320.0,27320.000599997,0.03760000254260376
1367,27340.0,27340.000500000315,0.03409999771974981
1368,27360.0,27360.000499997113,0.037999998312443495
1369,27380.0,27380.000599994673,0.03640000068116933
1370,27400.0,27400.003199996718,0.03790000482695177
1371,27420.0,27420.000499994785,0.03720000677276403
1372,27440.0,27440.000800001144,0.0427999984822236
1373,27460.0,27460.000499995658,0.037500001781154424
1374,27480.0,27480.000899995503,0.03440000000409782
1375,27500.0,27500.000699998054,0.035899996873922646
1376,27520.0,27520.000500000606,0.037699996028095484
1377,27540.0,27540.00349999842,0.031299998227041215
1378,27560.0,27560.00149999454,0.04010000702692196
1379,27580.0,27580.00059999904,0.03999999898951501
1380,27600.0,27600.000599995838,0.03580000338843092
1381,27620.0,27620.00049999915,0.031600000511389226
1382,27640.0,27640.000699997472,0.04169999738223851
1383,27660.0,27660.000700001547,0.03899999865097925
1384,27680.0,27680.000599997584,0.038300000596791506
1385,27700.0,27700.071999999636,0.040599996282253414
1386,27720.0,27720.000599998457,0.036600002204068005
1387,27740.0,27740.000599995255,0.03719999949680641
1388,27760.0,27760.000800000853,0.03739999374374747
1389,27780.0,27781.95240000059,0.06049999501556158
1390,27800.0,27800.875000000815,0.04020000051241368
1391,27820.0,27820.000699997763,0.045900000259280205
1392,27840.0,27840.000600001076,0.03899999865097925
1393,27860.0,27860.00090000016,0.05619999865302816
1394,27880.0,27880.000799996196,0.05040000542066991
1395,27900.0,27900.000900001032,0.03999999898951501
1396,27920.0,27920.000499994785,0.03640000068116933
1397,27940.0,27940.000800001144,0.03929999365936965
1398,27960.0,27960.00059999642,0.03580000338843092
1399,27980.0,27980.000700001256,0.03739999374374747
1400,28000.0,28000.000699998054,0.04659999831346795
1401,28020.0,28020.000500000606,0.034500000765547156
1402,28040.0,28040.00139999698,0.0686999992467463
1403,28060.0,28060.000699995726,0.0394000016967766
1404,28080.0,28080.00059999904,0.04140000237384811
1405,28100.0,28100.00079999736,0.0377000033040531
1406,28120.0,28120.000700000674,0.03719999949680641
1407,28140.0,28140.00049999595,0.037800004065502435
1408,28160.0,28160.000600000785,0.03659999492811039
1409,28180.0,28180.000599997584,0.035099998058285564
1410,28200.0,28200.00060000166,0.0402999939979054
1411,28220.0,28220.000499997695,0.03640000068116933
1412,28240.0,28240.000699996017,0.039200000173877925
1413,28260.0,28260.000800000853,0.03999999898951501
1414,28280.0,28280.00079999765,0.03960000321967527
1415,28300.0,28300.000700000965,0.04189999890513718
1416,28320.0,28320.000699997763,0.05319999763742089
1417,28340.0,28340.00069999456,0.03700000524986535
1418,28360.0,28360.000699998636,0.036799996451009065
1419,28380.0,28381.949099995836,0.04630000330507755
1420,28400.0,28400.53619999526,0.04260000423528254
1421,28420.0,28420.000499994785,0.03550000110408291
1422,28440.0,28440.00099999539,0.042800005758181214
1423,28460.0,28460.00059999642,0.03930000093532726
1424,28480.0,28480.000499999733,0.03479999577393755
1425,28500.0,28500.000699998054,0.04820000322069973
1426,28520.0,28520.000699994853,0.0411000000895001
1427,28540.0,28540.000599998166,0.0368999972124584
1428,28560.0,28560.000599994964,0.03620000643422827
1429,28580.0,28580.00059999904,0.04140000237384811
1430,28600.0,28600.000999998883,0.04269999772077426
1431,28620.0,28620.000800001435,0.03759999526664615
1432,28640.0,28640.00059999671,0.03609999839682132
1433,28660.0,28660.000500000024,0.031199997465591878
1434,28680.0,28680.00110000139,0.030699993658345193
1435,28700.0,28700.000799995905,0.03760000254260376
1436,28720.0,28720.000499997695,0.03609999839682132
1437,28740.0,28740.00050000177,0.032699994335416704
1438,28760.0,28760.00059999933,0.040400002035312355
1439,28780.0,28780.000499995367,0.039900005504023284
1440,28800.0,28800.00049999944,0.03360000118846074
1441,28820.0,28820.000599997,0.03609999839682132
1442,28840.0,28840.000500000315,0.03609999839682132
1443,28860.0,28860.000499997113,0.031199997465591878
1444,28880.0,28880.000799996196,0.033700001949910074
1445,28900.0,28900.00080000027,0.03730000025825575
1446,28920.0,28920.000699996308,0.03590000414988026
1447,28940.0,28940.00049999886,0.03260000084992498
1448,28960.0,28960.00059999642,0.04030000127386302
1449,28980.0,28980.000600000494,0.03930000093532726
1450,29000.0,29000.000699998054,0.03529999958118424
1451,29020.0,29020.000600001367,0.03599999763537198
1452,29040.0,29040.000499997404,0.03470000228844583
1453,29060.0,29060.00050000148,0.0368999972124584
1454,29080.0,29080.00059999904,0.027900001441594213
1455,29100.0,29100.037399999565,0.04069999704370275
1456,29120.0,29120.000700000674,0.03579999611247331
1457,29140.0,29140.00049999595,0.034000004234258085
1458,29160.0,29160.000700001547,0.03929999365936965
1459,29180.0,29180.000599997584,0.03550000110408291
1460,29200.0,29200.054900000396,0.044399996113497764
1461,29220.0,29220.000599998457,0.035099998058285564
1462,29240.0,29240.00089999754,0.04020000051241368
1463,29260.0,29260.00059999933,0.04149999585933983
1464,29280.0,29280.000899998413,0.04859999899053946
1465,29300.0,29300.005500001134,0.04409999382914975
1466,29320.0,29320.000599997,0.043600004573818296
1467,29340.0,29340.000600001076,0.0368999972124584
1468,29360.0,29360.000699998636,0.03730000025825575
1469,29380.0,29380.000599994673,0.038700003642588854
1470,29400.0,29400.00080000027,0.04069999704370275
1471,29420.0,29420.000699996308,0.04270000499673188
1472,29440.0,29440.00059999962,0.03879999712808058
1473,29460.0,29460.00069999718,0.04169999738223851
1474,29480.0,29480.000600000494,0.03289999585831538
1475,29500.0,29500.000799998816,0.03879999712808058
1476,29520.0,29520.000500000606,0.035099998058285564
1477,29540.0,29540.00100000121,0.03730000025825575
1478,29560.0,29560.000599994964,0.038300000596791506
1479,29580.0,29580.000900001323,0.03879999712808058
1480,29600.0,29600.0006999966,0.04479999915929511
1481,29620.0,29620.000800001435,0.03399999695830047
1482,29640.0,29640.00059999671,0.035400000342633575
1483,29660.0,29660.000600000785,0.03899999865097925
1484,29680.0,29680.000599997584,0.037500001781154424
1485,29700.0,29700.13949999702,0.03970000398112461
1486,29720.0,29720.000599998457,0.03989999822806567
1487,29740.0,29740.00050000177,0.03619999915827066
1488,29760.0,29760.00059999933,0.04079999780515209
1489,29780.0,29780.000499995367,0.052600000344682485
1490,29800.0,29800.000700000965,0.040599996282253414
1491,29820.0,29820.00049999624,0.03460000152699649
1492,29840.0,29840.000600001076,0.03640000068116933
1493,29860.0,29860.000499997113,0.03529999958118424
1494,29880.0,29880.000599994673,0.035400000342633575
1495,29900.0,29900.13380000164,0.03999999898951501
1496,29920.0,29920.000599995547,0.04220000118948519
1497,29940.0,29940.00059999962,0.0337999954354018
1498,29960.0,29960.00059999642,0.03560000186553225
1499,29980.0,29980.000600000494,0.03759999526664615
1500,30000.0,30000.000799998816,0.03979999746661633
1501,30020.0,30020.000600001367,0.034199998481199145
1502,30040.0,30040.00079999969,0.03569999535102397
1503,30060.0,30060.00050000148,0.03989999822806567
1504,30080.0,30080.00059999904,0.040599996282253414
1505,30100.0,30100.02220000024,0.042599996959324926
1506,30120.0,30120.075399994676,0.061700004152953625
1507,30140.0,30140.00059999671,0.03899999865097925
1508,30160.0,30160.000500000024,0.038300000596791506
1509,30180.0,30181.75689999771,0.04320000152802095
1510,30200.0,30200.025999998616,0.06230000144569203
1511,30220.0,30220.000599998457,0.04289999924367294
1512,30240.0,30240.001799997117,0.07950000144774094
1513,30260.0,30260.00109999586,0.05750000127591193
1514,30280.0,30280.00059999613,0.039900005504023284
1515,30300.0,30300.000700000965,0.04369999805931002
1516,30320.0,30320.000899999286,0.03789999755099416
1517,30340.0,30340.000600001076,0.03929999365936965
1518,30360.0,30360.000799999398,0.03930000093532726
1519,30380.0,30380.000599994673,0.03790000482695177
1520,30400.0,30400.012400001287,0.04599999374477193
1521,30420.0,30420.00079999707,0.03979999746661633
1522,30440.0,30440.000700000382,0.040099999750964344
1523,30460.0,30460.00059999642,0.04099999932805076
1524,30480.0,30480.000499999733,0.03899999865097925
1525,30500.0,30500.000799998816,0.04169999738223851
1526,30520.0,30520.000600001367,0.03669999568955973
1527,30540.0,30540.000699998927,0.03740000101970509
1528,30560.0,30560.000699995726,0.03970000398112461
1529,30580.0,30580.0006999998,0.0394000016967766
1530,30600.0,30600.000899998122,0.040099999750964344
1531,30620.0,30620.000599999912,0.03879999712808058
1532,30640.0,30640.00059999671,0.03640000068116933
1533,30660.0,30660.000700001547,0.03819999983534217
1534,30680.0,30680.000599997584,0.03650000144261867
1535,30700.0,30700.019500000053,0.04159999662078917
1536,30720.0,30720.00069999922,0.03979999746661633
1537,30740.0,30740.000699996017,0.03730000025825575
1538,30760.0,30760.00059999933,0.03819999983534217
1539,30780.0,30780.00059999613,0.03730000025825575
1540,30800.0,30800.000600000203,0.03809999907389283
1541,30820.0,30820.058999997855,0.055800002883188426
1542,30840.0,30840.00069999456,0.04780000017490238
1543,30860.0,30860.000599997875,0.03730000025825575
1544,30880.0,30880.000699995435,0.03719999949680641
1545,30900.0,30900.00080000027,0.04069999704370275
1546,30920.0,30920.000599995547,0.04099999932805076
1547,30940.0,30940.00059999962,0.039699996705166996
1548,30960.0,30960.00059999642,0.03790000482695177
1549,30980.0,30980.00079999474,0.037500001781154424
1550,31000.0,31000.000599997293,0.04930000432068482
1551,31020.0,31020.011100001284,0.035599994589574635
1552,31040.0,31040.000499997404,0.03260000084992498
1553,31060.0,31060.000699995726,0.04340000305091962
1554,31080.0,31080.00059999904,0.03550000110408291
1555,31100.0,31100.000499995076,0.03360000118846074
1556,31120.0,31120.00049999915,0.03669999568955973
1557,31140.0,31140.00049999595,0.030399998649954796
1558,31160.0,31160.000600000785,0.03479999577393755
1559,31180.0,31180.000699998345,0.03529999958118424
1560,31200.0,31200.000699995144,0.05140000575920567
1561,31220.0,31220.000499997695,0.032199997804127634
1562,31240.0,31240.000599995255,0.03480000304989517
1563,31260.0,31260.00059999933,0.028800001018680632
1564,31280.0,31280.00059999613,0.037800004065502435
1565,31300.0,31300.00089999521,0.036100005672778934
1566,31320.0,31320.00049999624,0.03529999958118424
1567,31340.0,31340.000600001076,0.029599999834317714
1568,31360.0,31360.000599997875,0.03809999907389283
1569,31380.0,31380.000599994673,0.036100005672778934
1570,31400.0,31400.000599998748,0.03619999915827066
1571,31420.0,31420.000599995547,0.03719999949680641
1572,31440.0,31440.000700000382,0.03659999492811039
1573,31460.0,31460.000499995658,0.03460000152699649
1574,31480.0,31480.00079999474,0.03560000186553225
1575,31500.0,31500.000799998816,0.0368999972124584
1576,31520.0,31520.000600001367,0.036499994166661054
1577,31540.0,31540.000399996643,0.02920000406447798
1578,31560.0,31560.000699995726,0.035400000342633575
1579,31580.0,31580.0006999998,0.037699996028095484
1580,31600.0,31600.000599995838,0.037500001781154424
1581,31620.0,31620.000700000674,0.03869999636663124
1582,31640.0,31640.000699997472,0.04069999704370275
1583,31660.0,31660.000700001547,0.037099998735357076
1584,31680.0,31680.000599997584,0.03650000144261867
1585,31700.0,31700.00060000166,0.041399995097890496
1586,31720.0,31720.000599998457,0.0394000016967766
1587,31740.0,31740.00050000177,0.031299998227041215
1588,31760.0,31760.000800000853,0.03949999518226832
1589,31780.0,31780.00059999613,0.03390000347280875
1590,31800.0,31800.000800001726,0.04199999966658652
1591,31820.0,31820.000699997763,0.03899999865097925
1592,31840.0,31840.000600001076,0.039200000173877925
1593,31860.0,31860.000399996352,0.03510000533424318
1594,31880.0,31880.000599994673,0.025800000003073364
1595,31900.0,31900.000599998748,0.033899996196851134
1596,31920.0,31920.00310000003,0.03989999822806567
1597,31940.0,31940.00059999962,0.03740000101970509
1598,31960.0,31960.00130000175,0.03949999518226832
1599,31980.0,31980.092999998305,0.052900002629030496
1600,32000.0,32000.745099998312,0.06690000009257346
1601,32020.0,32020.000699994853,0.03720000677276403
1602,32040.0,32040.000499997404,0.0351999988197349
1603,32060.0,32060.00050000148,0.036299999919719994
1604,32080.0,32080.75629999803,0.05660000169882551
1605,32100.0,32100.867399996787,0.03850000211969018
1606,32120.0,32123.54359999881,0.03669999568955973
1607,32140.0,32140.000999999756,0.04189999890513718
1608,32160.0,32160.000999996555,0.05329999839887023
1609,32180.0,32180.001699998684,0.0625000029685907
1610,32200.0,32200.000799995905,0.0425000034738332
1611,32220.0,32220.000499997695,0.0320999970426783
1612,32240.0,32240.000599995255,0.04000000626547262
1613,32260.0,32260.000800000853,0.03899999865097925
1614,32280.0,32280.00059999613,0.037099998735357076
1615,32300.0,32300.000700000965,0.03989999822806567
1616,32320.0,32320.000899999286,0.05149999924469739
1617,32340.0,32340.000500000315,0.0368999972124584
1618,32360.0,32360.000599997875,0.04189999890513718
1619,32380.0,32380.000699995435,0.037500001781154424
1620,32400.0,32400.00080000027,0.03840000135824084
1621,32420.0,32420.00079999707,0.03670000296551734
1622,32440.0,32440.00049999886,0.03579999611247331
1623,32460.0,32460.000899998704,0.04079999780515209
1624,32480.0,32480.000700001256,0.02989999484270811
1625,32500.0,32500.000799998816,0.035400000342633575
1626,32520.0,32520.012699998915,0.04959999932907522
1627,32540.0,32540.00079999969,0.03319999814266339
1628,32560.0,32560.000400000717,0.03459999425103888
1629,32580.0,32580.000399997516,0.03190000279573724
1630,32600.0,32600.004899999476,0.037099998735357076
1631,32620.0,32620.00039999839,0.03380000271135941
1632,32640.0,32640.00049999595,0.033700001949910074
1633,32660.0,32660.000600000785,0.03109999670414254
1634,32680.0,32680.00039999606,0.03090000245720148
1635,32700.0,32700.01119999506,0.038700003642588854
1636,32720.0,32720.000499997695,0.03550000110408291
1637,32740.0,32740.001799997117,0.031000003218650818
1638,32760.0,32760.000900001614,0.037099998735357076
1639,32780.0,32780.00059999613,0.029900002118665725
1640,32800.0,32800.00049999944,0.03619999915827066
1641,32820.0,32820.000599997,0.036900004488416016
1642,32840.0,32840.083800001594,0.05419999797595665
1643,32860.0,32860.000599997875,0.035700002626981586
1644,32880.0,32880.504299995664,0.037800004065502435
1645,32900.0,32900.01659999689,0.03790000482695177
1646,32920.0,32920.000499994785,0.03730000025825575
1647,32940.0,32940.000800001144,0.04169999738223851
1648,32960.0,32960.00059999642,0.0411000000895001
1649,32980.0,32980.000700001256,0.040599996282253414
1650,33000.0,33000.000799998816,0.04479999915929511
1651,33020.0,33020.00060000137,0.03999999898951501
1652,33040.0,33040.00079999969,0.046799999836366624
1653,33060.0,33060.00089999725,0.04220000118948519
1654,33080.0,33080.0006999998,0.04169999738223851
1655,33100.0,33100.00089999812,0.04199999966658652
1656,33120.0,33120.00059999991,0.04079999780515209
1657,33140.0,33140.00059999671,0.04150000313529745
1658,33160.0,33160.00070000155,0.041399995097890496
1659,33180.0,33180.00079999911,0.04020000051241368
1660,33200.0,33200.012599998445,0.042100000428035855
1661,33220.0,33220.00059999846,0.037500001781154424
1662,33240.0,33240.00050000177,0.03949999518226832
1663,33260.0,33260.00080000085,0.04079999780515209
1664,33280.0,33280.00059999613,0.039500002458225936
1665,33300.0,33300.00089999521,0.042400002712383866
1666,33320.0,33320.00049999624,0.040700004319660366
1667,33340.0,33340.00069999456,0.042400002712383866
1668,33360.0,33360.00269999931,0.04130000161239877
1669,33380.0,33380.00059999467,0.03620000643422827
1670,33400.0,33400.00099999452,0.04100000660400838
1671,33420.0,33420.00089999783,0.04400000034365803
1672,33440.0,33440.00070000038,0.0351999988197349
1673,33460.0,33460.00049999566,0.036100005672778934
1674,33480.0,33480.000700001256,0.037999998312443495
1675,33500.0,33500.000799998816,0.04189999890513718
1676,33520.0,33520.00069999485,0.03930000093532726
1677,33540.0,33540.00069999893,0.0368999972124584
1678,33560.0,33560.00079999649,0.0408000050811097
1679,33580.0,33580.0006999998,0.036299999919719994
1680,33600.0,33600.03660000075,0.049899994337465614
1681,33620.0,33620.03679999907,0.044699998397845775
1682,33640.0,33640.00059999671,0.043600004573818296
1683,33660.0,33660.00079999503,0.04090000584255904
1684,33680.0,33680.002199995215,0.03970000398112461
1685,33700.0,33700.00169999548,0.041900006181094795
1686,33720.0,33720.00069999922,0.03740000101970509
1687,33740.0,33740.000599995255,0.03529999958118424
1688,33760.0,33760.00080000085,0.03730000025825575
1689,33780.0,33780.00069999689,0.038700003642588854
1690,33800.0,33800.001099996734,0.04140000237384811
1691,33820.0,33820.000599997,0.03590000414988026
1692,33840.0,33840.055000000575,0.040599996282253414
1693,33860.0,33860.00100000092,0.048999994760379195
1694,33880.0,33880.00059999467,0.03670000296551734
1695,33900.0,33900.00090000103,0.04219999391352758
1696,33920.0,33920.00069999631,0.03999999898951501
1697,33940.0,33940.00059999962,0.04130000161239877
1698,33960.0,33960.00059999642,0.0408000050811097
1699,33980.0,33980.00079999474,0.03819999983534217
1700,34000.0,34000.88479999977,0.041399995097890496
1701,34020.0,34023.5285000017,0.06269999721553177
1702,34040.0,34040.275100000144,0.0337999954354018
1703,34060.0,34060.634699999355,0.04289999924367294
1704,34080.0,34080.00170000014,0.07829999958630651
1705,34100.0,34100.00089999812,0.043799998820759356
1706,34120.0,34120.00089999492,0.03760000254260376
1707,34140.0,34140.00069999747,0.03970000398112461
1708,34160.0,34160.00119999808,0.06450000364566222
1709,34180.0,34180.00100000063,0.05389999569160864
1710,34200.0,34200.000699995144,0.04470000567380339
1711,34220.0,34220.00069999922,0.03669999568955973
1712,34240.0,34240.00069999602,0.037800004065502435
1713,34260.0,34260.0009999951,0.04180000541964546
1714,34280.0,34280.0012000007,0.0731999971321784
1715,34300.0,34300.00099999597,0.04569999873638153
1716,34320.0,34320.00069999776,0.042100000428035855
1717,34340.0,34340.00069999456,0.03620000643422827
1718,34360.0,34360.000599997875,0.03719999949680641
1719,34380.0,34380.00059999467,0.03240000660298392
1720,34400.0,34400.00059999875,0.03289999585831538
1721,34420.0,34420.00069999631,0.03590000414988026
1722,34440.0,34440.00059999962,0.030099996365606785
1723,34460.0,34460.00059999642,0.03229999856557697
1724,34480.0,34480.000700001256,0.03060000017285347
1725,34500.0,34500.000699998054,0.040400002035312355
1726,34520.0,34520.00060000137,0.03869999636663124
1727,34540.0,34540.000599998166,0.03779999678954482
1728,34560.0,34560.00079999649,0.03740000101970509
1729,34580.0,34580.00080000056,0.045900000259280205
1730,34600.0,34600.000499995076,0.03860000288113952
1731,34620.0,34620.00059999991,0.03369999467395246
1732,34640.0,34640.00069999747,0.03590000414988026
1733,34660.0,34660.00089999579,0.03740000101970509
1734,34680.0,34680.000599997584,0.03680000372696668
1735,34700.0,34700.01119999506,0.03790000482695177
1736,34720.0,34720.00069999922,0.0337999954354018
1737,34740.0,34740.000599995255,0.03190000279573724
1738,34760.0,34760.00059999933,0.030700000934302807
1739,34780.0,34780.00059999613,0.036900004488416016
1740,34800.0,34800.00099999597,0.03909999941242859
1741,34820.0,34820.000799998525,0.048499998229090124
1742,34840.0,34840.00109999761,0.05819999933009967
1743,34860.0,34860.00090000016,0.05219999729888514
1744,34880.0,34880.00059999467,0.042400002712383866
1745,34900.0,34900.00049999799,0.12440000136848539
1746,34920.0,34920.000499994785,0.03680000372696668
1747,34940.0,34940.000800001144,0.03989999822806567
1748,34960.0,34960.00069999718,0.05480000254465267
1749,34980.0,34980.000700001256,0.043000000005122274
1750,35000.0,35000.00089999958,0.041799998143687844
1751,35020.0,35020.00119999866,0.06739999662386253
1752,35040.0,35040.00119999546,0.06180000491440296
1753,35060.0,35060.00079999649,0.045400003727991134
1754,35080.0,35080.001399997855,0.05270000110613182
1755,35100.0,35100.000499995076,0.034900003811344504
1756,35120.0,35120.00070000067,0.03599999763537198
1757,35140.0,35140.00049999595,0.03700000524986535
1758,35160.0,35160.000600000785,0.04149999585933983
1759,35180.0,35180.0013999964,0.046799999836366624
1760,35200.0,35200.0005000009,0.03669999568955973
1761,35220.0,35220.001499998034,0.06340000254567713
1762,35240.0,35240.0009999983,0.0562999994144775
1763,35260.0,35260.00080000085,0.04479999915929511
1764,35280.0,35280.00069999689,0.03809999907389283
1765,35300.0,35300.000700000965,0.04199999966658652
1766,35320.0,35320.000599997,0.03989999822806567
1767,35340.0,35340.000500000315,0.03879999712808058
1768,35360.0,35360.00149999745,0.044500004150904715
1769,35380.0,35380.00059999467,0.03860000288113952
1770,35400.0,35400.00080000027,0.04479999915929511
1771,35420.0,35420.000499994785,0.04270000499673188
1772,35440.0,35440.00139999844,0.04769999941345304
1773,35460.0,35461.690199997975,0.046799999836366624
1774,35480.0,35481.9181999992,0.04489999992074445
1775,35500.0,35500.000699998054,0.04459999763639644
1776,35520.0,35520.00069999485,0.038700003642588854
1777,35540.0,35540.000599998166,0.03609999839682132
1778,35560.0,35560.10769999557,0.04340000305091962
1779,35580.0,35580.00119999633,0.059300000430084765
1780,35600.0,35600.00089999812,0.044699998397845775
1781,35620.0,35620.00059999991,0.04329999501351267
1782,35640.0,35640.00069999747,0.0427999984822236
1783,35660.0,35660.000999996555,0.045900000259280205
1784,35680.0,35680.000599997584,0.03860000288113952
1785,35700.0,35700.00949999667,0.048300003982149065
1786,35720.0,35720.00079999998,0.04839999746764079
1787,35740.0,35740.00069999602,0.03809999907389283
1788,35760.0,35760.000900001614,0.045599997974932194
1789,35780.0,35780.00079999765,0.04169999738223851
1790,35800.0,35800.000800001726,0.043799998820759356
1791,35820.0,35820.00049999624,0.03819999983534217
1792,35840.0,35840.00069999456,0.03700000524986535
1793,35860.0,35860.000599997875,0.03650000144261867
1794,35880.0,35880.00059999467,0.039900005504023284
1795,35900.0,35900.00080000027,0.0411000000895001
1796,35920.0,35920.03029999614,0.03809999907389283
1797,35940.0,35940.00799999776,0.042400002712383866
1798,35960.0,35960.00079999794,0.042100000428035855
1799,35980.0,35980.000700001256,0.04129999433644116
1800,36000.0,36000.0011000011,0.042299994674976915
1801,36020.0,36020.00069999485,0.039500002458225936
1802,36040.0,36040.00079999969,0.037999998312443495
1803,36060.0,36060.000599994964,0.040400002035312355
1804,36080.0,36080.00080000056,0.043199994252063334
1805,36100.0,36100.85119999712,0.04079999780515209
1806,36120.0,36123.50969999534,0.06060000305296853
1807,36140.0,36140.24729999801,0.03779999678954482
1808,36160.0,36160.06409999682,0.03989999822806567
1809,36180.0,36180.03519999911,0.04479999915929511
1810,36200.0,36200.13839999592,0.050499998906161636
1811,36220.0,36220.52209999674,0.04489999992074445
1812,36240.0,36240.2562999996,0.05099999543745071
1813,36260.0,36260.01220000035,0.039399994420818985
1814,36280.0,36280.31850000116,0.04020000051241368
1815,36300.0,36300.05800000072,0.04329999501351267
1816,36320.0,36322.83820000157,0.0320999970426783
1817,36340.0,36340.24430000136,0.03479999577393755
1818,36360.0,36360.00090000016,0.0320999970426783
1819,36380.0,36380.00050000119,0.03409999771974981
1820,36400.0,36400.00099999452,0.04290000651963055
1821,36420.0,36420.00099999859,0.05160000000614673
1822,36440.0,36440.00070000038,0.041799998143687844
1823,36460.0,36460.00069999718,0.0411000000895001
1824,36480.0,36480.000600000494,0.04020000051241368
1825,36500.0,36500.000699998054,0.03899999865097925
1826,36520.0,36520.00069999485,0.05190000229049474
1827,36540.0,36540.00039999664,0.036600002204068005
1828,36560.0,36560.00089999725,0.040099999750964344
1829,36580.0,36580.0006999998,0.031799994758330286
1830,36600.0,36600.03919999872,0.041799998143687844
1831,36620.0,36620.000800001435,0.030899995181243867
1832,36640.0,36640.00049999595,0.03220000508008525
1833,36660.0,36660.000500000024,0.03189999551977962
1834,36680.0,36680.000699998345,0.03999999898951501
1835,36700.0,36700.00060000166,0.03440000000409782
1836,36720.0,36720.00059999846,0.03239999932702631
1837,36740.0,36740.00069999602,0.03619999915827066
1838,36760.0,36760.00070000009,0.03749999450519681
1839,36780.0,36780.00059999613,0.03529999958118424
1840,36800.0,36800.000700000965,0.03959999594371766
1841,36820.0,36820.00069999776,0.03619999915827066
1842,36840.0,36840.000600001076,0.03819999983534217
1843,36860.0,36860.000599997875,0.03429999924264848
1844,36880.0,36880.00050000119,0.03779999678954482
1845,36900.0,36900.00080000027,0.03949999518226832
1846,36920.0,36920.000499994785,0.02920000406447798
1847,36940.0,36940.000800001144,0.03369999467395246
1848,36960.0,36960.00059999642,0.03550000110408291
1849,36980.0,36980.000999996264,0.03890000516548753
1850,37000.0,37000.00059999729,0.03699999797390774
1851,37020.0,37020.000399999844,0.028099995688535273
1852,37040.0,37040.00100000121,0.0427999984822236
1853,37060.0,37060.000599994964,0.03590000414988026
1854,37080.0,37080.00049999828,0.03860000288113952
1855,37100.0,37100.00059999584,0.03650000144261867
1856,37120.0,37120.00059999991,0.04410000110510737
1857,37140.0,37140.00069999747,0.0368999972124584
1858,37160.0,37160.00079999503,0.03819999983534217
1859,37180.0,37180.00089999987,0.040599996282253414
1860,37200.0,37200.000699995144,0.040700004319660366
1861,37220.0,37220.000499997695,0.03680000372696668
1862,37240.0,37240.000599995255,0.03730000025825575
1863,37260.0,37260.0381999946,0.03890000516548753
1864,37280.0,37280.001099999936,0.04359999729786068
1865,37300.0,37300.000800001726,0.03809999907389283
1866,37320.0,37320.00049999624,0.03609999839682132
1867,37340.0,37340.000600001076,0.040599996282253414
1868,37360.0,37360.000699998636,0.03930000093532726
1869,37380.0,37380.00059999467,0.040700004319660366
1870,37400.0,37400.00059999875,0.04140000237384811
1871,37420.0,37420.000499994785,0.04720000288216397
1872,37440.0,37440.00059999962,0.050199996621813625
1873,37460.0,37460.00059999642,0.03880000440403819
1874,37480.0,37480.000600000494,0.03529999958118424
1875,37500.0,37500.000799998816,0.039500002458225936
1876,37520.0,37520.00069999485,0.03339999966556206
1877,37540.0,37540.000599998166,0.0411000000895001
1878,37560.0,37560.000599994964,0.03890000516548753
1879,37580.0,37580.0006999998,0.03699999797390774
1880,37600.0,37600.00059999584,0.03390000347280875
1881,37620.0,37620.00070000067,0.03429999924264848
1882,37640.0,37640.000899998995,0.046200002543628216
1883,37660.0,37660.000600000785,0.03669999568955973
1884,37680.0,37680.00049999682,0.032800002372823656
1885,37700.0,37700.000699995144,0.040700004319660366
1886,37720.0,37720.016100000066,0.054299998737405986
1887,37740.0,37740.00069999602,0.03999999898951501
1888,37760.0,37760.0020999962,0.04199999966658652
1889,37780.0,37780.00069999689,0.03980000474257395
1890,37800.0,37800.000700000965,0.04079999780515209
1891,37820.0,37821.906500001205,0.05709999823011458
1892,37840.0,37840.22030000051,0.06310000026132911
1893,37860.0,37860.00110000168,0.04339999577496201
1894,37880.0,37880.000699995435,0.03710000601131469
1895,37900.0,37900.00090000103,0.03879999712808058
1896,37920.0,37920.00079999707,0.05850000161444768
1897,37940.0,37940.000800001144,0.038499994843732566
1898,37960.0,37960.00059999642,0.038300000596791506
1899,37980.0,37980.00049999973,0.03789999755099416
1900,38000.0,38000.000799998816,0.040599996282253414
1901,38020.0,38020.00060000137,0.04159999662078917
1902,38040.0,38040.00069999893,0.04459999763639644
1903,38060.0,38060.00050000148,0.03730000025825575
1904,38080.0,38080.00059999904,0.043499996536411345
1905,38100.0,38100.00089999812,0.04289999924367294
1906,38120.0,38120.00059999991,0.035899996873922646
1907,38140.0,38140.00059999671,0.04050000279676169
1908,38160.0,38160.00079999503,0.039200000173877925
1909,38180.0,38180.03450000106,0.037099998735357076
1910,38200.0,38200.000799995905,0.03719999949680641
1911,38220.0,38220.00059999846,0.03809999907389283
1912,38240.0,38240.000599995255,0.036299999919719994
1913,38260.0,38260.00059999933,0.03719999949680641
1914,38280.0,38280.01080000104,0.04289999924367294
1915,38300.0,38300.00049999944,0.03779999678954482
1916,38320.0,38320.00069999776,0.04189999890513718
1917,38340.0,38340.00069999456,0.04890000127488747
1918,38360.0,38360.000699998636,0.04030000127386302
1919,38380.0,38380.00059999467,0.038100006349850446
1920,38400.0,38400.00090000103,0.041799998143687844
1921,38420.0,38420.00069999631,0.03890000516548753
1922,38440.0,38440.24419999914,0.043000000005122274
1923,38460.0,38460.66869999777,0.035099998058285564
1924,38480.0,38481.89999999886,0.040099999750964344
1925,38500.0,38500.02279999899,0.042100000428035855
1926,38520.0,38520.000500000606,0.039699996705166996
1927,38540.0,38540.00079999969,0.03869999636663124
1928,38560.0,38560.000599994964,0.03880000440403819
1929,38580.0,38580.001499998616,0.06040000153006986
1930,38600.0,38600.00079999736,0.040099999750964344
1931,38620.0,38620.00059999991,0.0411000000895001
1932,38640.0,38640.00069999747,0.03970000398112461
1933,38660.0,38660.000600000785,0.03659999492811039
1934,38680.0,38680.000599997584,0.03850000211969018
1935,38700.0,38700.0005000009,0.04579999949783087
1936,38720.0,38720.000499997695,0.038300000596791506
1937,38740.0,38740.00050000177,0.03279999509686604
1938,38760.0,38760.00059999933,0.03409999771974981
1939,38780.0,38780.00059999613,0.03999999898951501
1940,38800.0,38800.000800001726,0.03609999839682132
1941,38820.0,38820.00049999624,0.03609999839682132
1942,38840.0,38840.00069999456,0.0377000033040531
1943,38860.0,38860.00049999711,0.03319999814266339
1944,38880.0,38880.000699995435,0.03670000296551734
1945,38900.0,38900.00059999875,0.03869999636663124
1946,38920.0,38920.00059999555,0.03740000101970509
1947,38940.0,38940.00049999886,0.03840000135824084
1948,38960.0,38960.00049999566,0.03420000575715676
1949,38980.0,38980.00079999474,0.036100005672778934
1950,39000.0,39000.000799998816,0.03470000228844583
1951,39020.0,39020.00060000137,0.035899996873922646
1952,39040.0,39040.00069999893,0.0368999972124584
1953,39060.0,39060.000599994964,0.04130000161239877
1954,39080.0,39080.00059999904,0.037699996028095484
1955,39100.0,39100.0006999966,0.03339999966556206
1956,39120.0,39120.007199999236,0.04269999772077426
1957,39140.0,39140.00049999595,0.029900002118665725
1958,39160.0,39160.00129999884,0.0594000011915341
1959,39180.0,39180.000699998345,0.038300000596791506
1960,39200.0,39200.000699995144,0.040099999750964344
1961,39220.0,39220.000499997695,0.03480000304989517
1962,39240.0,39240.00040000101,0.0337999954354018
1963,39260.0,39260.00059999933,0.037099998735357076
1964,39280.0,39280.00079999765,0.0411000000895001
1965,39300.0,39300.000700000965,0.0385999956051819
1966,39320.0,39320.000599997,0.036600002204068005
1967,39340.0,39340.00450000167,0.046399996790569276
1968,39360.0,39360.000699998636,0.03640000068116933
1969,39380.0,39380.000699995435,0.040400002035312355
1970,39400.0,39400.00049999799,0.03909999941242859
1971,39420.0,39420.000499994785,0.03970000398112461
1972,39440.0,39440.00070000038,0.0385999956051819
1973,39460.0,39460.000899998704,0.049299997044727206
1974,39480.0,39480.000600000494,0.0368999972124584
1975,39500.0,39500.000799998816,0.036299999919719994
1976,39520.0,39520.00069999485,0.04310000076657161
1977,39540.0,39540.000599998166,0.034500000765547156
1978,39560.0,39560.000599994964,0.038100006349850446
1979,39580.0,39580.00059999904,0.03699999797390774
1980,39600.0,39600.00059999584,0.03590000414988026
1981,39620.0,39620.00070000067,0.0337999954354018
1982,39640.0,39640.00069999747,0.03390000347280875
1983,39660.0,39660.000600000785,0.03309999738121405
1984,39680.0,39680.000699998345,0.034199998481199145
1985,39700.0,39700.00530000107,0.041399995097890496
1986,39720.0,39720.00059999846,0.03719999949680641
1987,39740.0,39740.000599995255,0.035200006095692515
1988,39760.0,39760.00080000085,0.03339999966556206
1989,39780.0,39780.00059999613,0.034199998481199145
1990,39800.0,39800.000800001726,0.03579999611247331
1991,39820.0,39820.000599997,0.03730000025825575
1992,39840.0,39840.00069999456,0.04150000313529745
1993,39860.0,39860.00309999508,0.03670000296551734
1994,39880.0,39880.00059999467,0.04060000355821103
1995,39900.0,39900.00069999951,0.033700001949910074
1996,39920.0,39920.00069999631,0.031100003980100155
1997,39940.0,39940.000800001144,0.03779999678954482
1998,39960.0,39960.00059999642,0.03529999958118424
1999,39980.0,39980.000600000494,0.04629999602911994
2000,40000.0,40000.000699998054,0.035700002626981586
2001,40020.0,40020.00060000137,0.03359999391250312
2002,40040.0,40040.000599998166,0.03499999729683623
2003,40060.0,40060.000599994964,0.04130000161239877
2004,40080.0,40080.00059999904,0.035700002626981586
2005,40100.0,40100.0006999966,0.03680000372696668
2006,40120.0,40120.00070000067,0.03479999577393755
2007,40140.0,40140.00069999747,0.03879999712808058
2008,40160.0,40160.000500000024,0.03879999712808058
2009,40180.0,40180.00049999682,0.034900003811344504
2010,40200.0,40200.00119999895,0.03959999594371766
2011,40220.0,40220.00619999744,0.03809999907389283
2012,40240.0,40240.00369999703,0.03979999746661633
2013,40260.0,40260.004600000684,0.04249999619787559
2014,40280.0,40280.00189999875,0.07239999831654131
2015,40300.0,40300.00099999597,0.03860000288113952
2016,40320.0,40320.000599997,0.039500002458225936
2017,40340.0,40340.000600001076,0.03489999653538689
2018,40360.0,40360.000699998636,0.03499999729683623
2019,40380.0,40380.000699995435,0.0411000000895001
2020,40400.0,40400.00069999951,0.03930000093532726
2021,40420.0,40420.000499994785,0.03510000533424318
2022,40440.0,40440.000800001144,0.0385999956051819
2023,40460.0,40460.00069999718,0.03740000101970509
2024,40480.0,40480.000600000494,0.038899997889529914
2025,40500.0,40500.000699998054,0.04020000051241368
2026,40520.0,40520.00069999485,0.039500002458225936
2027,40540.0,40540.000599998166,0.03640000068116933
2028,40560.0,40560.000699995726,0.0411000000895001
2029,40580.0,40580.00099999481,0.039500002458225936
2030,40600.0,40600.0006999966,0.03550000110408291
2031,40620.0,40620.00059999991,0.03529999958118424
2032,40640.0,40640.000899998995,0.04140000237384811
2033,40660.0,40660.000600000785,0.03619999915827066
2034,40680.0,40680.000599997584,0.040899998566601425
2035,40700.0,40700.000699995144,0.04030000127386302
2036,40720.0,40720.00079999998,0.04220000118948519
2037,40740.0,40740.00069999602,0.039900005504023284
2038,40760.0,40760.00070000009,0.03719999949680641
2039,40780.0,40780.00059999613,0.040099999750964344
2040,40800.0,40800.00049999944,0.04159999662078917
2041,40820.0,40820.00069999776,0.04060000355821103
2042,40840.0,40840.000899996085,0.03740000101970509
2043,40860.0,40860.00100000092,0.039200000173877925
2044,40880.0,40880.000699995435,0.038300000596791506
2045,40900.0,40900.189100000716,0.04249999619787559
2046,40920.0,40920.00059999555,0.03740000101970509
2047,40940.0,40940.00059999962,0.03719999949680641
2048,40960.0,40960.00059999642,0.03740000101970509
2049,40980.0,40980.000600000494,0.035099998058285564
2050,41000.0,41000.00059999729,0.03429999924264848
2051,41020.0,41020.000500000606,0.03659999492811039
2052,41040.0,41040.000599998166,0.03380000271135941
2053,41060.0,41060.000599994964,0.03760000254260376
2054,41080.0,41080.0006999998,0.04329999501351267
2055,41100.0,41100.0006999966,0.037500001781154424
2056,41120.0,41120.00149999949,0.03999999898951501
2057,41140.0,41140.0233999957,0.03790000482695177
2058,41160.0,41160.00089999579,0.04150000313529745
2059,41180.0,41180.02549999801,0.04430000262800604
2060,41200.0,41200.000699995144,0.048600006266497076
2061,41220.0,41220.00090000074,0.04329999501351267
2062,41240.0,41240.00079999678,0.050000002374872565
2063,41260.0,41260.00119999662,0.056400000175926834
2064,41280.0,41280.00059999613,0.04579999949783087
2065,41300.0,41300.001199997496,0.050499998906161636
2066,41320.0,41320.000899999286,0.04410000110510737
2067,41340.0,41340.000899996085,0.034500000765547156
2068,41360.0,41360.00090000016,0.039699996705166996
2069,41380.0,41380.000799996196,0.04400000034365803
2070,41400.0,41400.00090000103,0.04479999915929511
2071,41420.0,41420.00099999859,0.045900000259280205
2072,41440.0,41440.00099999539,0.04150000313529745
2073,41460.0,41460.00069999718,0.04430000262800604
2074,41480.0,41480.000600000494,0.0368999972124584
2075,41500.0,41500.00089999958,0.04149999585933983
2076,41520.0,41520.000899996376,0.04810000245925039
2077,41540.0,41540.000499997404,0.027900001441594213
2078,41560.0,41560.000599994964,0.034000004234258085
2079,41580.0,41580.00080000056,0.04189999890513718
2080,41600.0,41600.00059999584,0.039500002458225936
2081,41620.0,41620.001299997966,0.0518000015290454
2082,41640.0,41640.001299994765,0.06010000652167946
2083,41660.0,41660.00079999503,0.04650000482797623
2084,41680.0,41680.00079999911,0.043499996536411345
2085,41700.0,41700.000699995144,0.04640000406652689
2086,41720.0,41720.00069999922,0.04810000245925039
2087,41740.0,41740.000599995255,0.04510000144364312
2088,41760.0,41760.0009999951,0.054100004490464926
2089,41780.0,41780.00079999765,0.05149999924469739
2090,41800.0,41800.001199997496,0.07519999780924991
2091,41820.0,41820.00139999582,0.059300000430084765
2092,41840.0,41840.000999996846,0.06299999949987978
2093,41860.0,41860.00119999517,0.06450000364566222
2094,41880.0,41880.000699995435,0.03890000516548753
2095,41900.0,41900.0012999968,0.055900003644637764
2096,41920.0,41920.001200000115,0.06310000026132911
2097,41940.0,41940.00089999463,0.04810000245925039
2098,41960.0,41960.00069999718,0.052299998060334474
2099,41980.0,41980.0008999955,0.04470000567380339
2100,42000.0,42000.00870000076,0.04629999602911994
2101,42020.0,42020.000899996376,0.047100002120714635
2102,42040.0,42040.00079999969,0.047900000936351717
2103,42060.0,42060.00099999801,0.04829999670619145
2104,42080.0,42080.002499998955,0.04739999712910503
2105,42100.0,42100.0636999961,0.04980000085197389
2106,42120.0,42120.00139999873,0.056400000175926834
2107,42140.0,42140.00079999823,0.0470000013592653
2108,42160.0,42160.00109999732,0.04859999899053946
2109,42180.0,42180.00089999987,0.05080000119050965
2110,42200.0,42200.000799995905,0.05110000347485766
2111,42220.0,42220.00190000108,0.07529999857069924
2112,42240.0,42240.00089999754,0.04430000262800604
2113,42260.0,42260.00070000009,0.046099994506221265
2114,42280.0,42280.00179999799,0.08189999789465219
2115,42300.0,42300.000700000965,0.046799999836366624
2116,42320.0,42320.000799998525,0.04549999721348286
2117,42340.0,42340.00079999532,0.04099999932805076
2118,42360.0,42360.00100000092,0.04289999924367294
2119,42380.0,42380.000699995435,0.04400000034365803
2120,42400.0,42400.00080000027,0.04529999569058418
2121,42420.0,42420.00089999783,0.04340000305091962
2122,42440.0,42440.00109999615,0.04560000525088981
2123,42460.0,42460.00069999718,0.04350000381236896
2124,42480.0,42480.00079999474,0.04350000381236896
2125,42500.0,42500.000799998816,0.049100002797786146
2126,42520.0,42520.0010999979,0.06350000330712646
2127,42540.0,42540.00090000045,0.04310000076657161
2128,42560.0,42560.00079999649,0.04940000508213416
2129,42580.0,42580.00059999904,0.044200001866556704
2130,42600.0,42600.04559999652,0.050000002374872565
2131,42620.0,42620.00109999644,0.048499998229090124
2132,42640.0,42640.00099999976,0.04749999789055437
2133,42660.0,42660.000999996555,0.04650000482797623
2134,42680.0,42680.00119999488,0.045900000259280205
2135,42700.0,42700.000799995905,0.04440000338945538
2136,42720.0,42720.0010000015,0.04329999501351267
2137,42740.0,42740.00089999754,0.04649999755201861
2138,42760.0,42760.00280000153,0.07499999628635123
2139,42780.0,42780.000999999174,0.0594000011915341
2140,42800.0,42800.001199997496,0.052100003813393414
2141,42820.0,42820.000599997,0.03310000465717167
2142,42840.0,42840.00069999456,0.03220000508008525
2143,42860.0,42860.000699998636,0.03409999771974981
2144,42880.0,42880.000799996196,0.04900000203633681
2145,42900.0,42900.02209999511,0.03700000524986535
2146,42920.0,42920.000499994785,0.03470000228844583
2147,42940.0,42940.00049999886,0.030000002880115062
2148,42960.0,42960.00049999566,0.03220000508008525
2149,42980.0,42980.000600000494,0.032999996619764715
2150,43000.0,43000.00059999729,0.03580000338843092
2151,43020.0,43020.000399999844,0.03479999577393755
2152,43040.0,43040.00989999622,0.05619999865302816
2153,43060.0,43060.000599994964,0.03560000186553225
2154,43080.0,43080.001399997855,0.046399996790569276
2155,43100.0,43100.0006999966,0.03740000101970509
2156,43120.0,43120.002799994836,0.038100006349850446
2157,43140.0,43140.00049999595,0.034900003811344504
2158,43160.0,43160.00089999579,0.04230000195093453
2159,43180.0,43180.00119999488,0.05440000677481294
2160,43200.0,43200.000699995144,0.0408000050811097
2161,43220.0,43220.00079999998,0.04030000127386302
2162,43240.0,43240.00109999906,0.03869999636663124
2163,43260.0,43260.00080000085,0.04289999924367294
2164,43280.0,43280.01339999901,0.06320000102277845
2165,43300.0,43300.04629999894,0.042100000428035855
2166,43320.0,43320.00049999624,0.03970000398112461
2167,43340.0,43340.00069999456,0.04130000161239877
2168,43360.0,43360.0007999994,0.040099999750964344
2169,43380.0,43380.000799996196,0.04099999932805076
2170,43400.0,43400.00509999663,0.04140000237384811
2171,43420.0,43420.00069999631,0.03840000135824084
2172,43440.0,43440.00070000038,0.03730000025825575
2173,43460.0,43460.00059999642,0.03930000093532726
2174,43480.0,43480.0008999955,0.03960000321967527
2175,43500.0,43500.000799998816,0.042599996959324926
2176,43520.0,43520.08729999943,0.03479999577393755
2177,43540.0,43540.00069999893,0.03529999958118424
2178,43560.0,43560.118199995486,0.041900006181094795
2179,43580.0,43580.0006999998,0.04189999890513718
2180,43600.0,43600.00059999584,0.03970000398112461
2181,43620.0,43620.00070000067,0.03869999636663124
2182,43640.0,43640.00079999823,0.04510000144364312
2183,43660.0,43660.00070000155,0.04069999704370275
2184,43680.0,43680.00079999911,0.03740000101970509
2185,43700.0,43700.02019999811,0.042400002712383866
2186,43720.0,43720.01359999558,0.044200001866556704
2187,43740.0,43740.000599995255,0.04030000127386302
2188,43760.0,43760.00070000009,0.04220000118948519
2189,43780.0,43780.00069999689,0.04099999932805076
2190,43800.0,43800.02289999538,0.04479999915929511
2191,43820.0,43820.000799998525,0.045000000682193786
2192,43840.0,43840.000899996085,0.03860000288113952
2193,43860.0,43860.0007999994,0.04199999966658652
2194,43880.0,43880.00059999467,0.0391000066883862
2195,43900.0,43900.00799999689,0.04369999805931002
2196,43920.0,43920.00089999783,0.04569999873638153
2197,43940.0,43940.000800001144,0.0486999997519888
2198,43960.0,43960.00079999794,0.042400002712383866
2199,43980.0,43980.000999996264,0.03860000288113952
2200,44000.0,44000.00089999958,0.04130000161239877
2201,44020.0,44020.00069999485,0.03800000558840111
2202,44040.0,44040.000599998166,0.03869999636663124
2203,44060.0,44060.000599994964,0.03880000440403819
2204,44080.0,44080.00059999904,0.03930000093532726
2205,44100.0,44100.0006999966,0.0427999984822236
2206,44120.0,44120.00070000067,0.0411000000895001
2207,44140.0,44140.00059999671,0.03880000440403819
2208,44160.0,44160.00070000155,0.043099993490614
2209,44180.0,44180.000699998345,0.039500002458225936
2210,44200.0,44200.00099999743,0.044200001866556704
2211,44220.0,44220.00059999846,0.0427999984822236
2212,44240.0,44240.23809999926,0.044200001866556704
2213,44260.0,44260.000900001614,0.04199999966658652
2214,44280.0,44280.00069999689,0.040400002035312355
2215,44300.0,44300.00089999521,0.04690000059781596
2216,44320.0,44320.000799998525,0.039699996705166996
2217,44340.0,44340.000600001076,0.03999999898951501
2218,44360.0,44360.000699998636,0.0394000016967766
2219,44380.0,44380.000699995435,0.03680000372696668
2220,44400.0,44400.0257000007,0.04169999738223851
2221,44420.0,44420.00079999707,0.0377000033040531
2222,44440.0,44440.00049999886,0.03789999755099416
2223,44460.0,44460.00069999718,0.042100000428035855
2224,44480.0,44480.000600000494,0.036299999919719994
2225,44500.0,44500.000699998054,0.0425000034738332
2226,44520.0,44520.00060000137,0.0368999972124584
2227,44540.0,44540.000599998166,0.03640000068116933
2228,44560.0,44560.000599994964,0.036900004488416016
2229,44580.0,44580.00049999828,0.02600000152597204
2230,44600.0,44600.000499995076,0.03730000025825575
2231,44620.0,44620.00059999991,0.03550000110408291
2232,44640.0,44640.00059999671,0.03470000228844583
2233,44660.0,44660.000600000785,0.03730000025825575
2234,44680.0,44680.000599997584,0.03609999839682132
2235,44700.0,44700.00060000166,0.037999998312443495
2236,44720.0,44720.00059999846,0.036299999919719994
2237,44740.0,44740.00050000177,0.03279999509686604
2238,44760.0,44760.00059999933,0.036600002204068005
2239,44780.0,44780.00059999613,0.030300005164463073
2240,44800.0,44800.000700000965,0.03279999509686604
2241,44820.0,44820.000599997,0.0335000004270114
2242,44840.0,44840.01939999871,0.035099998058285564
2243,44860.0,44860.00049999711,0.03680000372696668
2244,44880.0,44880.0013,0.05660000169882551
2245,44900.0,44900.000399997225,0.03730000025825575
2246,44920.0,44920.00079999707,0.03300000389572233
2247,44940.0,44940.000800001144,0.025999994250014424
2248,44960.0,44960.00059999642,0.03339999966556206
2249,44980.0,44980.000700001256,0.03739999374374747
2250,45000.0,45000.001199994585,0.04090000584255904
2251,45020.0,45020.00060000137,0.03819999983534217
2252,45040.0,45040.000599998166,0.03529999958118424
2253,45060.0,45060.00099999801,0.04030000127386302
2254,45080.0,45080.012499995064,0.045700006012339145
2255,45100.0,45100.000499995076,0.0394000016967766
2256,45120.0,45120.001199997205,0.05319999763742089
2257,45140.0,45140.00159999705,0.07110000296961516
2258,45160.0,45160.0013999996,0.06459999713115394
2259,45180.0,45180.00129999564,0.05860000237589702
2260,45200.0,45200.00169999548,0.07140000525396317
2261,45220.0,45220.001999994565,0.09810000483412296
2262,45240.0,45240.00179999712,0.07560000085504726
2263,45260.0,45260.00149999891,0.06539999594679102
2264,45280.0,45280.00079999765,0.04350000381236896
2265,45300.0,45300.000800001726,0.04209999315207824
2266,45320.0,45320.000599997,0.03819999983534217
2267,45340.0,45340.000600001076,0.03869999636663124
2268,45360.0,45360.000699998636,0.03860000288113952
2269,45380.0,45380.000699995435,0.04020000051241368
2270,45400.0,45400.00069999951,0.03949999518226832
2271,45420.0,45420.020799996564,0.0427999984822236
2272,45440.0,45440.00089999463,0.05830000009154901
2273,45460.0,45460.00120000099,0.06709999433951452
2274,45480.0,45480.00139999931,0.048800000513438135
2275,45500.0,45500.00129999535,0.08879999950295314
2276,45520.0,45520.00069999485,0.04400000034365803
2277,45540.0,45540.000499997404,0.03680000372696668
2278,45560.0,45560.00089999725,0.03670000296551734
2279,45580.0,45580.00099999481,0.0501000031363219
2280,45600.0,45600.01460000058,0.042299994674976915
2281,45620.0,45620.00070000067,0.04459999763639644
2282,45640.0,45640.00069999747,0.040400002035312355
2283,45660.0,45660.00070000155,0.04249999619787559
2284,45680.0,45681.85249999806,0.058999998145736754
2285,45700.0,45700.47340000019,0.03819999983534217
2286,45720.0,45723.52200000023,0.05059999966761097
2287,45740.0,45740.00149999483,0.038100006349850446
2288,45760.0,45760.00080000085,0.04400000034365803
2289,45780.0,45780.00059999613,0.03930000093532726
2290,45800.0,45800.00129999826,0.04890000127488747
2291,45820.0,45820.00069999776,0.0368999972124584
2292,45840.0,45840.00069999456,0.039900005504023284
2293,45860.0,45860.000699998636,0.04520000220509246
2294,45880.0,45880.000699995435,0.03740000101970509
2295,45900.0,45900.00069999951,0.0411000000895001
2296,45920.0,45920.00140000164,0.05160000000614673
2297,45940.0,45940.00059999962,0.040599996282253414
2298,45960.0,45960.00059999642,0.040099999750964344
2299,45980.0,45980.15999999916,0.04949999856762588
2300,46000.0,46000.00059999729,0.04099999932805076
2301,46020.0,46020.00060000137,0.04069999704370275
2302,46040.0,46040.00129999622,0.05950000195298344
2303,46060.0,46060.000699995726,0.038300000596791506
2304,46080.0,46080.0006999998,0.04510000144364312
2305,46100.0,46100.00059999584,0.03680000372696668
2306,46120.0,46120.00089999492,0.04470000567380339
2307,46140.0,46140.00059999671,0.041799998143687844
2308,46160.0,46160.00089999579,0.04030000127386302
2309,46180.0,46180.000699998345,0.044200001866556704
2310,46200.0,46200.000799995905,0.04610000178217888
2311,46220.0,46220.00059999846,0.043799998820759356
2312,46240.0,46240.000599995255,0.04099999932805076
2313,46260.0,46260.0009999951,0.040700004319660366
2314,46280.0,46280.00079999765,0.04130000161239877
2315,46300.0,46300.00089999521,0.04290000651963055
2316,46320.0,46320.00049999624,0.041200000850949436
2317,46340.0,46340.02899999905,0.04249999619787559
2318,46360.0,46360.000599997875,0.04050000279676169
2319,46380.0,46380.00050000119,0.03809999907389283
2320,46400.0,46400.00080000027,0.043499996536411345
2321,46420.0,46420.01029999665,0.04650000482797623
2322,46440.0,46440.00070000038,0.040899998566601425
2323,46460.0,46460.00059999642,0.03860000288113952
2324,46480.0,46480.000700001256,0.03779999678954482
2325,46500.0,46500.00089999958,0.04690000059781596
2326,46520.0,46520.000799995614,0.038300000596791506
2327,46540.0,46540.00069999893,0.04189999890513718
2328,46560.0,46560.000599994964,0.03529999958118424
2329,46580.0,46580.00059999904,0.03429999924264848
2330,46600.0,46600.000499995076,0.03650000144261867
2331,46620.0,46620.00070000067,0.03319999814266339
2332,46640.0,46640.00049999595,0.03470000228844583
2333,46660.0,46660.00070000155,0.034699995012488216
2334,46680.0,46680.000599997584,0.038700003642588854
2335,46700.0,46700.00060000166,0.03749999450519681
2336,46720.0,46720.00059999846,0.03489999653538689
2337,46740.0,46740.000599995255,0.04470000567380339
2338,46760.0,46760.00070000009,0.03740000101970509
2339,46780.0,46780.00059999613,0.03580000338843092
2340,46800.0,46800.000700000965,0.03739999374374747
2341,46820.0,46820.00049999624,0.03740000101970509
2342,46840.0,46840.00069999456,0.03890000516548753
2343,46860.0,46860.00149999745,0.03960000321967527
2344,46880.0,46880.00050000119,0.0351999988197349
2345,46900.0,46900.00059999875,0.03740000101970509
2346,46920.0,46920.00069999631,0.03740000101970509
2347,46940.0,46940.00070000038,0.03599999763537198
2348,46960.0,46960.00059999642,0.033700001949910074
2349,46980.0,46980.000600000494,0.03669999568955973
2350,47000.0,47000.00059999729,0.03480000304989517
2351,47020.0,47020.00060000137,0.035400000342633575
2352,47040.0,47040.00069999893,0.03289999585831538
2353,47060.0,47060.000699995726,0.03760000254260376
2354,47080.0,47080.00049999828,0.03809999907389283
2355,47100.0,47100.00059999584,0.03719999949680641
2356,47120.0,47120.00059999991,0.043799998820759356
2357,47140.0,47140.00059999671,0.0351999988197349
2358,47160.0,47160.000600000785,0.039200000173877925
2359,47180.0,47180.00049999682,0.04079999780515209
2360,47200.0,47200.00089999667,0.04220000118948519
2361,47220.0,47220.02290000091,0.043000000005122274
2362,47240.0,47240.00069999602,0.03470000228844583
2363,47260.0,47260.00070000009,0.03819999983534217
2364,47280.0,47280.00059999613,0.03609999839682132
2365,47300.0,47300.0006000002,0.04159999662078917
2366,47320.0,47320.00049999624,0.04189999890513718
2367,47340.0,47340.00069999456,0.03580000338843092
2368,47360.0,47360.00110000168,0.04839999746764079
2369,47380.0,47380.11610000103,0.04039999475935474
2370,47400.0,47400.00059999875,0.03850000211969018
2371,47420.0,47420.000499994785,0.03590000414988026
2372,47440.0,47440.00059999962,0.03659999492811039
2373,47460.0,47460.00059999642,0.03640000068116933
2374,47480.0,47480.000700001256,0.03449999348958954
2375,47500.0,47500.00049999653,0.040099999750964344
2376,47520.0,47520.00060000137,0.038899997889529914
2377,47540.0,47540.00079999969,0.0337999954354018
2378,47560.0,47560.000599994964,0.03580000338843092
2379,47580.0,47580.00109999557,0.040400002035312355
2380,47600.0,47600.000499995076,0.04030000127386302
2381,47620.0,47620.00049999915,0.03840000135824084
2382,47640.0,47640.00069999747,0.038899997889529914
2383,47660.0,47660.000600000785,0.03779999678954482
2384,47680.0,47680.000599997584,0.04060000355821103
2385,47700.0,47700.06419999845,0.05509999755304307
2386,47720.0,47720.00059999846,0.03899999865097925
2387,47740.0,47740.000599995255,0.039900005504023284
2388,47760.0,47761.09219999489,0.044800006435252726
2389,47780.0,47780.00079999765,0.04050000279676169
2390,47800.0,47800.000800001726,0.04049999552080408
2391,47820.0,47820.01599999785,0.039699996705166996
2392,47840.0,47840.000600001076,0.035599994589574635
2393,47860.0,47860.94839999714,0.037800004065502435
2394,47880.0,47880.068599995866,0.03460000152699649
2395,47900.0,47901.13869999914,0.03170000127283856
2396,47920.0,47920.010800000455,0.0335000004270114
2397,47940.0,47940.00059999962,0.042100000428035855
2398,47960.0,47960.00059999642,0.03809999907389283
2399,47980.0,47980.00129999855,0.05219999729888514
2400,48000.0,48000.00059999729,0.04099999932805076
2401,48020.0,48020.000799995614,0.03999999898951501
2402,48040.0,48040.000599998166,0.038300000596791506
2403,48060.0,48060.00099999801,0.04050000279676169
2404,48080.0,48080.00059999904,0.040899998566601425
2405,48100.0,48100.00089999812,0.03909999941242859
2406,48120.0,48120.00070000067,0.03989999822806567
2407,48140.0,48140.00069999747,0.03699999797390774
2408,48160.0,48160.00070000155,0.0411000000895001
2409,48180.0,48180.00079999911,0.03789999755099416
2410,48200.0,48200.01760000014,0.04020000051241368
2411,48220.0,48220.00079999998,0.03999999898951501
2412,48240.0,48240.01560000033,0.03659999492811039
2413,48260.0,48260.00059999933,0.037099998735357076
2414,48280.0,48280.00049999537,0.03670000296551734
2415,48300.0,48300.00609999843,0.041200000850949436
2416,48320.0,48320.000899999286,0.08579999848734587
2417,48340.0,48340.000500000315,0.03749999450519681
2418,48360.0,48360.000699998636,0.036799996451009065
2419,48380.0,48380.000699995435,0.04199999966658652
2420,48400.0,48400.031400000444,0.04149999585933983
2421,48420.0,48420.00079999707,0.038899997889529914
2422,48440.0,48440.000800001144,0.03759999526664615
2423,48460.0,48460.000899998704,0.050199996621813625
2424,48480.0,48480.000600000494,0.03930000093532726
2425,48500.0,48500.000699998054,0.039500002458225936
2426,48520.0,48520.00069999485,0.037800004065502435
2427,48540.0,48540.00069999893,0.03930000093532726
2428,48560.0,48560.00050000148,0.039699996705166996
2429,48580.0,48580.00059999904,0.038300000596791506
2430,48600.0,48600.00059999584,0.04410000110510737
2431,48620.0,48620.00089999492,0.04489999992074445
2432,48640.0,48640.000899998995,0.043000000005122274
2433,48660.0,48660.02640000079,0.036299999919719994
2434,48680.0,48680.000699998345,0.03719999949680641
2435,48700.0,48700.000699995144,0.039000005926936865
2436,48720.0,48720.00059999846,0.03360000118846074
2437,48740.0,48740.000599995255,0.03460000152699649
2438,48760.0,48760.00059999933,0.037999998312443495
2439,48780.0,48780.00059999613,0.03360000118846074
2440,48800.0,48800.000700000965,0.03609999839682132
2441,48820.0,48820.000599997,0.034500000765547156
2442,48840.0,48840.000600001076,0.04039999475935474
2443,48860.0,48860.01709999982,0.04149999585933983
2444,48880.0,48880.00050000119,0.03869999636663124
2445,48900.0,48900.00069999951,0.03989999822806567
2446,48920.0,48920.00059999555,0.03909999941242859
2447,48940.0,48940.00070000038,0.04039999475935474
2448,48960.0,48960.00079999794,0.03999999898951501
2449,48980.0,48980.0008999955,0.040400002035312355
2450,49000.0,49000.000699998054,0.04230000195093453
2451,49020.0,49020.00069999485,0.04470000567380339
2452,49040.0,49040.000599998166,0.03850000211969018
2453,49060.0,49060.000599994964,0.03700000524986535
2454,49080.0,49080.00059999904,0.0368999972124584
2455,49100.0,49100.00089999812,0.03979999746661633
2456,49120.0,49120.00099999568,0.041200000850949436
2457,49140.0,49140.00079999823,0.043300002289470285
2458,49160.0,49160.000600000785,0.04049999552080408
2459,49180.0,49180.000699998345,0.03879999712808058
2460,49200.0,49200.000799995905,0.04030000127386302
2461,49220.0,49220.00059999846,0.03960000321967527
2462,49240.0,49240.00089999754,0.03550000110408291
2463,49260.0,49260.00049999857,0.03499999729683623
2464,49280.0,49280.00079999765,0.03699999797390774
2465,49300.0,49300.0006000002,0.03809999907389283
2466,49320.0,49320.000599997,0.03989999822806567
2467,49340.0,49340.000500000315,0.03599999763537198
2468,49360.0,49360.000599997875,0.03879999712808058
2469,49380.0,49380.0013,0.06489999941550195
2470,49400.0,49400.00069999951,0.04159999662078917
2471,49420.0,49420.00069999631,0.04180000541964546
2472,49440.0,49440.842600000906,0.04329999501351267
2473,49460.0,49460.00059999642,0.04099999932805076
2474,49480.0,49480.000600000494,0.03529999958118424
2475,49500.0,49500.00059999729,0.03899999865097925
2476,49520.0,49520.00069999485,0.041900006181094795
2477,49540.0,49540.00079999969,0.04199999966658652
2478,49560.0,49560.00050000148,0.0337999954354018
2479,49580.0,49580.00049999828,0.03319999814266339
2480,49600.0,49600.000499995076,0.034900003811344504
2481,49620.0,49620.00070000067,0.0337999954354018
2482,49640.0,49640.00079999823,0.06289999873843044
2483,49660.0,49660.000600000785,0.033299998904112726
2484,49680.0,49680.00049999682,0.031100003980100155
2485,49700.0,49700.000699995144,0.03790000482695177
2486,49720.0,49720.00059999846,0.03869999636663124
2487,49740.0,49740.00069999602,0.0351999988197349
2488,49760.0,49760.00070000009,0.03719999949680641
2489,49780.0,49780.00049999537,0.035700002626981586
2490,49800.0,49800.00989999826,0.039200000173877925
2491,49820.0,49820.00049999624,0.03819999983534217
2492,49840.0,49840.000600001076,0.03909999941242859
2493,49860.0,49860.000599997875,0.03640000068116933
2494,49880.0,49880.00050000119,0.035599994589574635
2495,49900.0,49900.00069999951,0.03879999712808058
2496,49920.0,49920.00059999555,0.03560000186553225
2497,49940.0,49940.00089999463,0.03890000516548753
2498,49960.0,49960.00279999862,0.03860000288113952
2499,49980.0,49980.000700001256,0.04739999712910503
2500,50000.0,50000.000799998816,0.03930000093532726
2501,50020.0,50020.000799995614,0.038300000596791506
2502,50040.0,50040.00069999893,0.03779999678954482
2503,50060.0,50060.000699995726,0.0360000049113296
2504,50080.0,50080.0006999998,0.03339999966556206
2505,50100.0,50100.0006999966,0.03719999949680641
2506,50120.0,50120.00059999991,0.036799996451009065
2507,50140.0,50140.00059999671,0.04400000034365803
2508,50160.0,50160.00459999486,0.039500002458225936
2509,50180.0,50180.000699998345,0.04140000237384811
2510,50200.0,50200.01200000115,0.039399994420818985
2511,50220.0,50220.00069999922,0.04359999729786068
2512,50240.0,50240.00079999678,0.03989999822806567
2513,50260.0,50260.00080000085,0.039699996705166996
2514,50280.0,50280.088200001046,0.0461999952676706
2515,50300.0,50300.00879999716,0.04320000152802095
2516,50320.0,50320.90120000066,0.08439999510301277
2517,50340.0,50340.20449999662,0.03999999898951501
2518,50360.0,50360.00159999821,0.04169999738223851
2519,50380.0,50380.000699995435,0.04199999966658652
2520,50400.0,50400.00069999951,0.03759999526664615
2521,50420.0,50420.00059999555,0.052100003813393414
2522,50440.0,50440.00070000038,0.03959999594371766
2523,50460.0,50460.00069999718,0.035700002626981586
2524,50480.0,50480.00079999474,0.042400002712383866
2525,50500.0,50500.00089999958,0.044200001866556704
2526,50520.0,50520.000399999844,0.04239999543642625
2527,50540.0,50540.08819999581,0.04340000305091962
2528,50560.0,50560.00050000148,0.040899998566601425
2529,50580.0,50580.00080000056,0.04099999932805076
2530,50600.0,50600.00079999736,0.041600003896746784
2531,50620.0,50620.00059999991,0.042599996959324926
2532,50640.0,50640.00069999747,0.9581999984220602
2533,50660.0,50660.000600000785,0.039200000173877925
2534,50680.0,50680.00049999682,0.03529999958118424
2535,50700.0,50700.0005000009,0.04099999932805076
2536,50720.0,50720.00079999998,0.04030000127386302
2537,50740.0,50740.00069999602,0.04099999932805076
2538,50760.0,50760.00070000009,0.04369999805931002
2539,50780.0,50780.21209999861,0.03599999763537198
2540,50800.0,50800.000700000965,0.03929999365936965
2541,50820.0,50820.003100001486,0.04369999805931002
2542,50840.0,50840.000899996085,0.042400002712383866
2543,50860.0,50860.000699998636,0.04069999704370275
2544,50880.0,50880.000699995435,0.03809999907389283
2545,50900.0,50900.00059999875,0.0411000000895001
2546,50920.0,50921.90899999696,0.045000000682193786
2547,50940.0,50940.03359999624,0.04640000406652689
2548,50960.0,50960.64230000047,0.03550000110408291
2549,50980.0,50980.00079999474,0.036299999919719994
2550,51000.0,51000.00100000034,0.04429999535204843
2551,51020.0,51020.00069999485,0.03819999983534217
2552,51040.0,51040.00079999969,0.03899999865097925
2553,51060.0,51060.000699995726,0.03470000228844583
2554,51080.0,51080.00059999904,0.039200000173877925
2555,51100.0,51100.00059999584,0.04230000195093453
2556,51120.0,51120.00070000067,0.03869999636663124
2557,51140.0,51140.00069999747,0.04669999907491729
2558,51160.0,51160.00079999503,0.04020000051241368
2559,51180.0,51180.000699998345,0.039500002458225936
2560,51200.0,51200.000699995144,0.039900005504023284
2561,51220.0,51220.000399996934,0.028700000257231295
2562,51240.0,51240.000599995255,0.036600002204068005
2563,51260.0,51260.00059999933,0.036799996451009065
2564,51280.0,51280.00049999537,0.0394000016967766
2565,51300.0,51300.00089999521,0.04180000541964546
2566,51320.0,51320.000599997,0.03930000093532726
2567,51340.0,51340.000500000315,0.03809999907389283
2568,51360.0,51360.00049999711,0.03760000254260376
2569,51380.0,51380.00059999467,0.0360000049113296
2570,51400.0,51400.00109999528,0.039000005926936865
2571,51420.0,51420.00059999555,0.035400000342633575
2572,51440.0,51440.00059999962,0.036299999919719994
2573,51460.0,51460.00059999642,0.03730000025825575
2574,51480.0,51480.000700001256,0.037999998312443495
2575,51500.0,51500.000699998054,0.036799996451009065
2576,51520.0,51520.00069999485,0.036900004488416016
2577,51540.0,51540.00079999969,0.0368999972124584
2578,51560.0,51560.000699995726,0.036100005672778934
2579,51580.0,51580.000399997516,0.028100002964492887
2580,51600.0,51600.00059999584,0.03440000000409782
2581,51620.0,51620.00049999915,0.0261999957729131
2582,51640.0,51640.00059999671,0.033700001949910074
2583,51660.0,51660.05839999707,0.07999999797903001
2584,51680.0,51680.000699998345,0.031299998227041215
2585,51700.0,51700.000400000135,0.035599994589574635
2586,51720.0,51720.000499997695,0.03380000271135941
2587,51740.0,51740.00069999602,0.03300000389572233
2588,51760.0,51760.00070000009,0.037699996028095484
2589,51780.0,51780.00069999689,0.03609999839682132
2590,51800.0,51800.000700000965,0.03869999636663124
2591,51820.0,51820.00049999624,0.03609999839682132
2592,51840.0,51840.000600001076,0.03779999678954482
2593,51860.0,51860.00529999728,0.03930000093532726
2594,51880.0,51880.00059999467,0.038300000596791506
2595,51900.0,51900.00090000103,0.03899999865097925
2596,51920.0,51920.00069999631,0.030700000934302807
2597,51940.0,51940.000800001144,0.037099998735357076
2598,51960.0,51960.00059999642,0.0377000033040531
2599,51980.0,51980.000700001256,0.036499994166661054
2600,52000.0,52000.007099995855,0.04510000144364312
2601,52020.0,52020.01439999731,0.04020000051241368
2602,52040.0,52040.00459999952,0.03930000093532726
2603,52060.0,52060.04229999962,0.05869999586138874
2604,52080.0,52080.00080000056,0.039699996705166996
2605,52100.0,52100.001099999645,0.038899997889529914
2606,52120.0,52120.000800001435,0.03839999408228323
2607,52140.0,52140.00059999671,0.03699999797390774
2608,52160.0,52160.032499996305,0.039500002458225936
2609,52180.0,52180.00049999682,0.0351999988197349
2610,52200.0,52200.000799995905,0.04150000313529745
2611,52220.0,52220.00059999846,0.035899996873922646
2612,52240.0,52240.00079999678,0.03440000000409782
2613,52260.0,52260.00070000009,0.035899996873922646
2614,52280.0,52280.00069999689,0.038700003642588854
2615,52300.0,52300.000800001726,0.043999993067700416
2616,52320.0,52320.000599997,0.042400002712383866
2617,52340.0,52340.00069999456,0.04030000127386302
2618,52360.0,52360.000599997875,0.03809999907389283
2619,52380.0,52380.00050000119,0.02849999873433262
2620,52400.0,52400.00159999909,0.03899999865097925
2621,52420.0,52420.00059999555,0.030000002880115062
2622,52440.0,52440.00089999463,0.03970000398112461
2623,52460.0,52460.0003999949,0.029400005587376654
2624,52480.0,52480.00079999474,0.03510000533424318
2625,52500.0,52500.000799998816,0.04159999662078917
2626,52520.0,52520.000399999844,0.03740000101970509
2627,52540.0,52540.000599998166,0.040400002035312355
2628,52560.0,52560.00040000072,0.035400000342633575
2629,52580.0,52580.00049999828,0.0320999970426783
2630,52600.0,52600.00059999584,0.03429999924264848
2631,52620.0,52620.00059999991,0.025699999241624027
2632,52640.0,52640.00059999671,0.030499999411404133
2633,52660.0,52660.000600000785,0.036299999919719994
2634,52680.0,52680.000599997584,0.037099998735357076
2635,52700.0,52700.01459999912,0.039500002458225936
2636,52720.0,52720.000499997695,0.03599999763537198
2637,52740.0,52740.00079999678,0.03429999924264848
2638,52760.0,52760.04190000094,0.03809999907389283
2639,52780.0,52780.00079999765,0.0453000029665418
2640,52800.0,52800.000700000965,0.03809999907389283
2641,52820.0,52820.000799998525,0.04020000051241368
2642,52840.0,52840.02589999727,0.0394000016967766
2643,52860.0,52860.00100000092,0.050199996621813625
2644,52880.0,52880.00089999696,0.04630000330507755
2645,52900.0,52900.00090000103,0.04979999357601628
2646,52920.0,52920.00079999707,0.060200000007171184
2647,52940.0,52940.00689999666,0.045599997974932194
2648,52960.0,52960.000999999465,0.055500000598840415
2649,52980.0,52980.000999996264,0.047599998652003706
2650,53000.0,53000.000699998054,0.049100002797786146
2651,53020.0,53020.000899996376,0.0503999981447123
2652,53040.0,53040.00090000045,0.05819999933009967
2653,53060.0,53060.00109999877,0.06500000017695129
2654,53080.0,53080.00119999633,0.058800003898795694
2655,53100.0,53100.001099999645,0.048800000513438135
2656,53120.0,53120.00109999644,0.057600002037361264
2657,53140.0,53140.000899998995,0.05830000009154901
2658,53160.0,53160.00129999884,0.05570000212173909
2659,53180.0,53180.00079999911,0.050900001951958984
2660,53200.0,53200.00089999667,0.05149999924469739
2661,53220.0,53220.00079999998,0.047900000936351717
2662,53240.0,53240.00069999602,0.039900005504023284
2663,53260.0,53260.0009999951,0.0518000015290454
2664,53280.0,53280.00069999689,0.04959999932907522
2665,53300.0,53300.030099999276,0.04980000085197389
2666,53320.0,53320.000899999286,0.04410000110510737
2667,53340.0,53340.000899996085,0.04340000305091962
2668,53360.0,53360.00090000016,0.04769999941345304
2669,53380.0,53380.00089999696,0.0411000000895001
2670,53400.0,53400.049999996554,0.0503999981447123
2671,53420.0,53420.04919999454,0.0470000013592653
2672,53440.0,53440.00089999463,0.04550000448944047
2673,53460.0,53460.00079999794,0.042599996959324926
2674,53480.0,53480.0008999955,0.0484000047435984
2675,53500.0,53500.0011000011,0.053099996875971556
2676,53520.0,53520.000799995614,0.04900000203633681
2677,53540.0,53540.0010999947,0.06100000609876588
2678,53560.0,53560.00089999725,0.04749999789055437
2679,53580.0,53580.00119999633,0.0501000031363219
2680,53600.0,53600.001099999645,0.05299999611452222
2681,53620.0,53620.00109999644,0.052100003813393414
2682,53640.0,53640.000899998995,0.04140000237384811
2683,53660.0,53660.000999996555,0.05200000305194408
2684,53680.0,53680.00089999987,0.049299997044727206
2685,53700.0,53700.000799995905,0.04260000423528254
2686,53720.0,53720.00079999998,0.03139999898849055
2687,53740.0,53740.00079999678,0.04050000279676169
2688,53760.0,53760.00070000009,0.0368999972124584
2689,53780.0,53780.00089999841,0.04859999899053946
2690,53800.0,53800.00089999521,0.04640000406652689
2691,53820.0,53820.00100000005,0.04459999763639644
2692,53840.0,53840.05890000117,0.05959999543847516
2693,53860.0,53860.00090000016,0.04769999941345304
2694,53880.0,53880.01019999501,0.037800004065502435
2695,53900.0,53900.00080000027,0.04220000118948519
2696,53920.0,53920.00059999555,0.03850000211969018
2697,53940.0,53940.000800001144,0.039200000173877925
2698,53960.0,53960.00059999642,0.03930000093532726
2699,53980.0,53980.000600000494,0.039399994420818985
2700,54000.0,54000.000699998054,0.04230000195093453
2701,54020.0,54020.000500000606,0.037699996028095484
2702,54040.0,54040.00079999969,0.04410000110510737
2703,54060.0,54060.000599994964,0.0411000000895001
2704,54080.0,54080.00049999828,0.03909999941242859
2705,54100.0,54100.0006999966,0.038700003642588854
2706,54120.0,54120.00049999915,0.03149999974993989
2707,54140.0,54140.00059999671,0.03670000296551734
2708,54160.0,54160.000500000024,0.034500000765547156
2709,54180.0,54180.00909999682,0.03760000254260376
2710,54200.0,54200.00089999667,0.042400002712383866
2711,54220.0,54220.000499997695,0.03760000254260376
2712,54240.0,54240.00069999602,0.037800004065502435
2713,54260.0,54260.00070000009,0.04220000118948519
2714,54280.0,54280.00059999613,0.03999999898951501
2715,54300.0,54300.00139999902,0.043499996536411345
2716,54320.0,54320.03529999929,0.05199999577598646
2717,54340.0,54340.00069999456,0.04030000127386302
2718,54360.0,54360.00090000016,0.03930000093532726
2719,54380.0,54380.000699995435,0.04000000626547262
2720,54400.0,54400.00099999452,0.04410000110510737
2721,54420.0,54420.00059999555,0.04090000584255904
2722,54440.0,54440.000800001144,0.037099998735357076
2723,54460.0,54460.00059999642,0.039500002458225936
2724,54480.0,54480.000600000494,0.03809999907389283
2725,54500.0,54500.000699998054,0.039500002458225936
2726,54520.0,54520.000500000606,0.03569999535102397
2727,54540.0,54540.000599998166,0.04669999907491729
2728,54560.0,54560.000599994964,0.03930000093532726
2729,54580.0,54580.00119999633,0.04430000262800604
2730,54600.0,54600.01509999711,0.054100004490464926
2731,54620.0,54620.000800001435,0.03109999670414254
2732,54640.0,54640.00069999747,0.028700000257231295
2733,54660.0,54660.000500000024,0.029800001357216388
2734,54680.0,54680.000699998345,0.03599999763537198
2735,54700.0,54700.0005000009,0.03529999958118424
2736,54720.0,54720.00059999846,0.03309999738121405
2737,54740.0,54740.000599995255,0.034000004234258085
2738,54760.0,54760.0181999951,0.08660000457894057
2739,54780.0,54780.05319999647,0.03190000279573724
2740,54800.0,54800.0006000002,0.0351999988197349
2741,54820.0,54820.00049999624,0.03819999983534217
2742,54840.0,54840.000600001076,0.03429999924264848
2743,54860.0,54860.00049999711,0.03740000101970509
2744,54880.0,54880.00059999467,0.035200006095692515
2745,54900.0,54900.071899995964,0.04180000541964546
2746,54920.0,54920.000499994785,0.03440000000409782
2747,54940.0,54940.00049999886,0.029299997549969703
2748,54960.0,54960.00059999642,0.04060000355821103
2749,54980.0,54980.000600000494,0.03759999526664615
2750,55000.0,55000.00049999653,0.028399997972883284
2751,55020.0,55020.000500000606,0.03239999932702631
2752,55040.0,55040.00079999969,0.03279999509686604
2753,55060.0,55060.000599994964,0.027900001441594213
2754,55080.0,55080.0006999998,0.03659999492811039
2755,55100.0,55100.000499995076,0.038700003642588854
2756,55120.0,55120.00059999991,0.03489999653538689
2757,55140.0,55140.00049999595,0.03470000228844583
2758,55160.0,55160.00079999503,0.0377000033040531
2759,55180.0,55180.000699998345,0.0377000033040531
2760,55200.0,55200.00060000166,0.03779999678954482
2761,55220.0,55220.000499997695,0.03899999865097925
2762,55240.0,55240.00069999602,0.03850000211969018
2763,55260.0,55260.00070000009,0.045599997974932194
2764,55280.0,55280.00089999841,0.03789999755099416
2765,55300.0,55300.000800001726,0.04219999391352758
2766,55320.0,55320.000599997,0.03980000474257395
2767,55340.0,55340.000899996085,0.03719999949680641
2768,55360.0,55360.000599997875,0.03319999814266339
2769,55380.0,55380.00050000119,0.03619999915827066
2770,55400.0,55400.00059999875,0.043300002289470285
2771,55420.0,55420.00069999631,0.0360000049113296
2772,55440.0,55440.00070000038,0.035599994589574635
2773,55460.0,55460.00059999642,0.037800004065502435
2774,55480.0,55480.0008999955,0.03090000245720148
2775,55500.0,55500.00049999653,0.034199998481199145
2776,55520.0,55520.00069999485,0.04370000533526763
2777,55540.0,55540.00079999969,0.04079999780515209
2778,55560.0,55560.000599994964,0.03650000144261867
2779,55580.0,55580.00080000056,0.04079999780515209
2780,55600.0,55600.028199994995,0.04850000550504774
2781,55620.0,55620.00089999492,0.036900004488416016
2782,55640.0,55640.00059999671,0.0360000049113296
2783,55660.0,55660.00089999579,0.03800000558840111
2784,55680.0,55680.000699998345,0.03930000093532726
2785,55700.0,55700.00060000166,0.038899997889529914
2786,55720.0,55721.928399994795,0.06730000313837081
2787,55740.0,55740.155499996035,0.04470000567380339
2788,55760.0,55760.00569999451,0.05980000423733145
2789,55780.0,55780.00130000146,0.054799995268695056
2790,55800.0,55800.00099999597,0.04289999924367294
2791,55820.0,55820.00069999776,0.042100000428035855
2792,55840.0,55840.000500000315,0.035099998058285564
2793,55860.0,55860.000699998636,0.037099998735357076
2794,55880.0,55880.00050000119,0.03639999340521172
2795,55900.0,55900.00069999951,0.03930000093532726
2796,55920.0,55920.00069999631,0.042100000428035855
2797,55940.0,55940.00070000038,0.03659999492811039
2798,55960.0,55960.00079999794,0.045000000682193786
2799,55980.0,55980.00179999508,0.08350000280188397
2800,56000.0,56000.00100000034,0.055500000598840415
2801,56020.0,56020.001500000944,0.08169999637175351
2802,56040.0,56040.00139999698,0.06540000322274864
2803,56060.0,56060.00119999953,0.05909999890718609
2804,56080.0,56080.00119999633,0.06760000542271882
2805,56100.0,56100.001200000406,0.05099999543745071
2806,56120.0,56120.00089999492,0.04400000034365803
2807,56140.0,56140.00099999976,0.04239999543642625
2808,56160.0,56160.000600000785,0.0402999939979054
2809,56180.0,56180.001799999445,0.04600000102072954
2810,56200.0,56200.00060000166,0.040599996282253414
2811,56220.0,56220.00059999846,0.04220000118948519
2812,56240.0,56240.00069999602,0.04170000465819612
2813,56260.0,56260.00119999662,0.040700004319660366
2814,56280.0,56280.00059999613,0.036900004488416016
2815,56300.0,56300.156099998276,0.04410000110510737
2816,56320.0,56320.008199996664,0.0501000031363219
2817,56340.0,56340.000600001076,0.03949999518226832
2818,56360.0,56360.000599997875,0.03680000372696668
2819,56380.0,56380.000699995435,0.03840000135824084
2820,56400.0,56400.84370000113,0.04569999873638153
2821,56420.0,56423.55349999707,0.048800000513438135
2822,56440.0,56440.000800001144,0.03579999611247331
2823,56460.0,56460.000999999465,0.042599996959324926
2824,56480.0,56480.000600000494,0.03989999822806567
2825,56500.0,56500.000799998816,0.04140000237384811
2826,56520.0,56520.00129999942,0.046399996790569276
2827,56540.0,56540.000599998166,0.040099999750964344
2828,56560.0,56560.000699995726,0.03760000254260376
2829,56580.0,56580.0006999998,0.03979999746661633
2830,56600.0,56600.0006999966,0.047900000936351717
2831,56620.0,56620.00089999492,0.041200000850949436
2832,56640.0,56640.00069999747,0.03999999898951501
2833,56660.0,56660.00109999732,0.04430000262800604
2834,56680.0,56680.00079999911,0.04069999704370275
2835,56700.0,56700.001500001235,0.04959999932907522
2836,56720.0,56720.00059999846,0.04169999738223851
2837,56740.0,56740.000599995255,0.04020000051241368
2838,56760.0,56760.0009999951,0.04440000338945538
2839,56780.0,56780.00069999689,0.0470000013592653
2840,56800.0,56800.0006000002,0.03869999636663124
2841,56820.0,56820.000599997,0.032800002372823656
2842,56840.0,56840.000500000315,0.030899995181243867
2843,56860.0,56860.00819999754,0.03979999746661633
2844,56880.0,56880.00109999848,0.06230000144569203
2845,56900.0,56900.00069999951,0.04130000161239877
2846,56920.0,56920.00069999631,0.04320000152802095
2847,56940.0,56940.00049999886,0.03909999941242859
2848,56960.0,56960.00069999718,0.03880000440403819
2849,56980.0,56980.000700001256,0.03869999636663124
2850,57000.0,57000.000699998054,0.038899997889529914
2851,57020.0,57020.00879999832,0.0377000033040531
2852,57040.0,57040.000499997404,0.03730000025825575
2853,57060.0,57060.000599994964,0.03480000304989517
2854,57080.0,57080.0006999998,0.04269999772077426
2855,57100.0,57100.0081999955,0.04270000499673188
2856,57120.0,57120.00070000067,0.03199999628122896
2857,57140.0,57140.00659999874,0.03529999958118424
2858,57160.0,57160.00070000155,0.034699995012488216
2859,57180.0,57180.00079999911,0.03789999755099416
2860,57200.0,57200.0579999949,0.04050000279676169
2861,57220.0,57220.00059999846,0.04130000161239877
2862,57240.0,57240.000599995255,0.03620000643422827
2863,57260.0,57260.00639999984,0.03979999746661633
2864,57280.0,57280.00069999689,0.03850000211969018
2865,57300.0,57300.000800001726,0.03929999365936965
2866,57320.0,57320.00049999624,0.03609999839682132
2867,57340.0,57340.00039999955,0.03599999763537198
2868,57360.0,57360.00090000016,0.04739999712910503
2869,57380.0,57380.00059999467,0.03680000372696668
2870,57400.0,57400.00090000103,0.04479999915929511
2871,57420.0,57420.00069999631,0.040899998566601425
2872,57440.0,57440.000800001144,0.039399994420818985
2873,57460.0,57460.00069999718,0.04079999780515209
2874,57480.0,57480.00049999973,0.03579999611247331
2875,57500.0,57500.000699998054,0.03999999898951501
2876,57520.0,57520.000500000606,0.0402999939979054
2877,57540.0,57540.000499997404,0.03550000110408291
2878,57560.0,57560.000599994964,0.041600003896746784
2879,57580.0,57580.00080000056,0.049299997044727206
2880,57600.0,57600.00079999736,0.03850000211969018
2881,57620.0,57620.00070000067,0.037699996028095484
2882,57640.0,57640.00049999595,0.03860000288113952
2883,57660.0,57660.000500000024,0.03369999467395246
2884,57680.0,57680.000599997584,0.03599999763537198
2885,57700.0,57700.00060000166,0.03779999678954482
2886,57720.0,57720.00059999846,0.03550000110408291
2887,57740.0,57740.00050000177,0.035599994589574635
2888,57760.0,57760.00049999857,0.0368999972124584
2889,57780.0,57780.00049999537,0.03410000499570742
2890,57800.0,57800.000800001726,0.03959999594371766
2891,57820.0,57820.00039999548,0.032500000088475645
2892,57840.0,57840.000500000315,0.035599994589574635
2893,57860.0,57860.000599997875,0.03190000279573724
2894,57880.0,57880.00089999696,0.05419999797595665
2895,57900.0,57900.00059999875,0.03989999822806567
2896,57920.0,57920.04810000071,0.036499994166661054
2897,57940.0,57940.00070000038,0.03979999746661633
2898,57960.0,57960.00069999718,0.04140000237384811
2899,57980.0,57980.000600000494,0.03759999526664615
2900,58000.0,58000.016799996956,0.07159999950090423
2901,58020.0,58020.00060000137,0.03999999898951501
2902,58040.0,58040.00079999969,0.0394000016967766
2903,58060.0,58060.000699995726,0.04030000127386302
2904,58080.0,58080.00059999904,0.04079999780515209
2905,58100.0,58100.00059999584,0.03840000135824084
2906,58120.0,58120.00059999991,0.035899996873922646
2907,58140.0,58140.00059999671,0.038300000596791506
2908,58160.0,58160.00070000155,0.03879999712808058
2909,58180.0,58180.00049999682,0.04150000313529745
2910,58200.0,58200.00099999743,0.048499998229090124
2911,58220.0,58220.00059999846,0.0411000000895001
2912,58240.0,58240.000599995255,0.03640000068116933
2913,58260.0,58260.0009999951,0.04220000118948519
2914,58280.0,58280.00059999613,0.0377000033040531
2915,58300.0,58300.00099999597,0.04180000541964546
2916,58320.0,58320.000799998525,0.04020000051241368
2917,58340.0,58340.008999999554,0.039699996705166996
2918,58360.0,58360.00090000016,0.0411000000895001
2919,58380.0,58380.00050000119,0.039699996705166996
2920,58400.0,58400.00090000103,0.040099999750964344
2921,58420.0,58420.00059999555,0.03880000440403819
2922,58440.0,58440.000800001144,0.03819999983534217
2923,58460.0,58460.00059999642,0.03850000211969018
2924,58480.0,58480.00079999474,0.038100006349850446
2925,58500.0,58500.00680000085,0.04219999391352758
2926,58520.0,58520.000899996376,0.04579999949783087
2927,58540.0,58540.00039999664,0.03650000144261867
2928,58560.0,58560.00079999649,0.03890000516548753
2929,58580.0,58580.0006999998,0.03930000093532726
2930,58600.0,58600.00059999584,0.04270000499673188
2931,58620.0,58620.00070000067,0.03749999450519681
2932,58640.0,58640.00069999747,0.03850000211969018
2933,58660.0,58660.000600000785,0.03669999568955973
2934,58680.0,58680.00049999682,0.03730000025825575
2935,58700.0,58700.000799995905,0.04050000279676169
2936,58720.0,58720.00090000074,0.039200000173877925
2937,58740.0,58740.00050000177,0.036799996451009065
2938,58760.0,58760.00070000009,0.04030000127386302
2939,58780.0,58780.00049999537,0.03740000101970509
2940,58800.0,58800.00049999944,0.037099998735357076
2941,58820.0,58820.000599997,0.09169999975711107
2942,58840.0,58840.000500000315,0.03109999670414254
2943,58860.0,58860.000599997875,0.03390000347280875
2944,58880.0,58880.00059999467,0.038300000596791506
2945,58900.0,58900.00059999875,0.03840000135824084
2946,58920.0,58920.00059999555,0.0377000033040531
2947,58940.0,58940.00049999886,0.03789999755099416
2948,58960.0,58960.00079999794,0.03529999958118424
2949,58980.0,58980.00049999973,0.03499999729683623
2950,59000.0,59000.000799998816,0.04169999738223851
2951,59020.0,59020.000500000606,0.035899996873922646
2952,59040.0,59040.00079999969,0.039699996705166996
2953,59060.0,59060.000699995726,0.035400000342633575
2954,59080.0,59080.00059999904,0.03869999636663124
2955,59100.0,59100.000499995076,0.03480000304989517
2956,59120.0,59120.00070000067,0.03759999526664615
2957,59140.0,59140.00069999747,0.033700001949910074
2958,59160.0,59160.00079999503,0.03790000482695177
2959,59180.0,59180.000599997584,0.03850000211969018
2960,59200.0,59200.000699995144,0.03740000101970509
2961,59220.0,59220.000499997695,0.035400000342633575
2962,59240.0,59240.001199999824,0.059799996961373836
2963,59260.0,59260.000900001614,0.0351999988197349
2964,59280.0,59280.00069999689,0.0377000033040531
2965,59300.0,59300.0006000002,0.03819999983534217
2966,59320.0,59320.00049999624,0.0318000020342879
2967,59340.0,59340.000500000315,0.029499999072868377
2968,59360.0,59360.000599997875,0.0351999988197349
2969,59380.0,59380.000699995435,0.03580000338843092
2970,59400.0,59400.00059999875,0.03979999746661633
2971,59420.0,59420.00079999707,0.03999999898951501
2972,59440.0,59440.00089999463,0.04050000279676169
2973,59460.0,59460.00069999718,0.04020000051241368
2974,59480.0,59480.00049999973,0.03809999907389283
2975,59500.0,59500.000699998054,0.04030000127386302
2976,59520.0,59520.00069999485,0.03480000304989517
2977,59540.0,59540.00069999893,0.03360000118846074
2978,59560.0,59560.00079999649,0.03680000372696668
2979,59580.0,59580.00080000056,0.03809999907389283
2980,59600.0,59600.00079999736,0.037800004065502435
2981,59620.0,59620.00039999839,0.03699999797390774
2982,59640.0,59640.00049999595,0.04230000195093453
2983,59660.0,59660.00070000155,0.032699994335416704
2984,59680.0,59680.00049999682,0.03609999839682132
2985,59700.0,59700.0005000009,0.035400000342633575
2986,59720.0,59720.012699996005,0.03670000296551734
2987,59740.0,59740.00339999475,0.031600000511389226
2988,59760.0,59760.00049999857,0.037699996028095484
2989,59780.0,59780.00069999689,0.03699999797390774
2990,59800.0,59800.0006000002,0.03699999797390774
2991,59820.0,59820.000599997,0.03560000186553225
2992,59840.0,59840.000600001076,0.03789999755099416
2993,59860.0,59860.000599997875,0.03529999958118424
2994,59880.0,59880.00059999467,0.0315000070258975
2995,59900.0,59900.00069999951,0.04249999619787559
2996,59920.0,59920.02259999572,0.03700000524986535
2997,59940.0,59940.00049999886,0.03380000271135941
2998,59960.0,59960.00069999718,0.04140000237384811
2999,59980.0,59980.000600000494,0.03740000101970509
