split,speaker,noise,noise_group,snr_target_db,candidate_id,family,method,input_snr_db,output_snr_db,snr_improvement_db,input_si_sdr_db,output_si_sdr_db,si_sdr_improvement_db,processing_ms,rtf
validation,jackson,dkitchen_ch01_seg01,DKITCHEN,-5,noisy,baseline,noisy,-5.0000000659799575,-5.0000000659799575,0.0,-5.034089121094766,-5.034089121094766,0.0,0.022600000193051528,7.533333397683843e-06
validation,jackson,dkitchen_ch01_seg01,DKITCHEN,-5,stft_subtraction_default_initial,stft_subtraction_default,stft_subtraction,-5.0000000659799575,0.8200722397447157,5.820072305724673,-5.034089121094766,-2.561142613070925,2.472946508023841,9.102499999926295,0.0030341666666420983
validation,jackson,dkitchen_ch01_seg01,DKITCHEN,-5,stft_wiener_default_initial,stft_wiener_default,stft_wiener,-5.0000000659799575,-2.0741258603597506,2.925874205620207,-5.034089121094766,-4.349904023816681,0.6841850972780854,6.101599999965401,0.002033866666655134
validation,jackson,dkitchen_ch01_seg01,DKITCHEN,-5,wavelet_default_db4_l5_soft,wavelet_default,wavelet_soft,-5.0000000659799575,-4.991641723996816,0.00835834198314167,-5.034089121094766,-10.63020096086278,-5.596111839768014,1.6596999998910178,0.000553233333297006
validation,jackson,dkitchen_ch01_seg01,DKITCHEN,-5,sub_n512_h160_low_energy_q0.35_a1.5_f0.02,stft_subtraction,stft_subtraction,-5.0000000659799575,0.12022022607725133,5.120220292057208,-5.034089121094766,-2.8399039609143446,2.1941851601804214,12.510000000020227,0.004170000000006742
validation,jackson,dkitchen_ch01_seg01,DKITCHEN,-5,wiener_n512_h160_low_energy_q0.35_f0.05,stft_wiener,stft_wiener,-5.0000000659799575,-3.2086119576659473,1.7913881083140102,-5.034089121094766,-4.720423392873778,0.3136657282209878,5.079600000044593,0.0016932000000148644
validation,jackson,dkitchen_ch01_seg01,DKITCHEN,-5,wavelet_sym4_l3_hard_global_s0.5,wavelet,wavelet_soft,-5.0000000659799575,-4.603709683008202,0.39629038297175523,-5.034089121094766,-4.954110123890983,0.07997899720378321,1.4493000001039036,0.00048310000003463455
validation,jackson,dkitchen_ch01_seg01,DKITCHEN,0,noisy,baseline,noisy,-1.358638013928369e-07,-1.358638013928369e-07,0.0,-0.019142349265651327,-0.019142349265651327,0.0,0.01950000000761065,6.500000002536884e-06
validation,jackson,dkitchen_ch01_seg01,DKITCHEN,0,stft_subtraction_default_initial,stft_subtraction_default,stft_subtraction,-1.358638013928369e-07,3.972398355013997,3.9723984908777985,-0.019142349265651327,1.7669925975788758,1.7861349468445271,10.458200000130091,0.0034860666667100304
validation,jackson,dkitchen_ch01_seg01,DKITCHEN,0,stft_wiener_default_initial,stft_wiener_default,stft_wiener,-1.358638013928369e-07,2.262555473538201,2.2625556094020025,-0.019142349265651327,0.3254907269340502,0.3446330761997015,5.23509999993621,0.00174503333331207
validation,jackson,dkitchen_ch01_seg01,DKITCHEN,0,wavelet_default_db4_l5_soft,wavelet_default,wavelet_soft,-1.358638013928369e-07,-0.3523045808270916,-0.3523044449632902,-0.019142349265651327,-3.4545284122893523,-3.4353860630237008,1.6049999999268039,0.0005349999999756013
validation,jackson,dkitchen_ch01_seg01,DKITCHEN,0,sub_n512_h160_low_energy_q0.35_a1.5_f0.02,stft_subtraction,stft_subtraction,-1.358638013928369e-07,4.924818696834463,4.924818832698264,-0.019142349265651327,3.3371049191460878,3.3562472684117393,11.211100000082297,0.0037370333333607655
validation,jackson,dkitchen_ch01_seg01,DKITCHEN,0,wiener_n512_h160_low_energy_q0.35_f0.05,stft_wiener,stft_wiener,-1.358638013928369e-07,2.0017720204331755,2.001772156296977,-0.019142349265651327,1.076513976615857,1.0956563258815082,4.2516999999406835,0.0014172333333135612
validation,jackson,dkitchen_ch01_seg01,DKITCHEN,0,wavelet_sym4_l3_hard_global_s0.5,wavelet,wavelet_soft,-1.358638013928369e-07,0.3522066474032344,0.35220678326703575,-0.019142349265651327,0.17058641374610378,0.18972876301175512,1.3469000000441156,0.00044896666668137186
validation,jackson,dkitchen_ch01_seg01,DKITCHEN,5,noisy,baseline,noisy,4.999999650816238,4.999999650816238,0.0,4.989251383679722,4.989251383679722,0.0,0.018599999975776882,6.199999991925627e-06
validation,jackson,dkitchen_ch01_seg01,DKITCHEN,5,stft_subtraction_default_initial,stft_subtraction_default,stft_subtraction,4.999999650816238,5.78009315404651,0.7800935032302716,4.989251383679722,4.934271426412972,-0.05497995726674976,9.52459999984967,0.003174866666616557
validation,jackson,dkitchen_ch01_seg01,DKITCHEN,5,stft_wiener_default_initial,stft_wiener_default,stft_wiener,4.999999650816238,5.658246586964256,0.6582469361480179,4.989251383679722,4.3141228774117115,-0.6751285062680106,5.013299999973242,0.0016710999999910807
validation,jackson,dkitchen_ch01_seg01,DKITCHEN,5,wavelet_default_db4_l5_soft,wavelet_default,wavelet_soft,4.999999650816238,4.197402670709462,-0.8025969801067765,4.989251383679722,2.6493609317503104,-2.3398904519294117,1.828700000032768,0.0006095666666775893
validation,jackson,dkitchen_ch01_seg01,DKITCHEN,5,sub_n512_h160_low_energy_q0.35_a1.5_f0.02,stft_subtraction,stft_subtraction,4.999999650816238,8.969283793181921,3.969284142365683,4.989251383679722,8.747977851157886,3.758726467478164,9.214299999939612,0.003071433333313204
validation,jackson,dkitchen_ch01_seg01,DKITCHEN,5,wiener_n512_h160_low_energy_q0.35_f0.05,stft_wiener,stft_wiener,4.999999650816238,7.204043416112643,2.2040437652964053,4.989251383679722,6.644992480009156,1.6557410963294341,5.65310000001773,0.0018843666666725767
validation,jackson,dkitchen_ch01_seg01,DKITCHEN,5,wavelet_sym4_l3_hard_global_s0.5,wavelet,wavelet_soft,4.999999650816238,5.292309175649443,0.2923095248332048,4.989251383679722,5.204418578281153,0.21516719460143108,1.3943000001290784,0.0004647666667096928
validation,jackson,dkitchen_ch01_seg01,DKITCHEN,10,noisy,baseline,noisy,9.999999906933843,9.999999906933843,0.0,9.993968339155076,9.993968339155076,0.0,0.019699999938893598,6.5666666462978656e-06
validation,jackson,dkitchen_ch01_seg01,DKITCHEN,10,stft_subtraction_default_initial,stft_subtraction_default,stft_subtraction,9.999999906933843,6.5653364413984665,-3.434663465535376,9.993968339155076,6.690836115251614,-3.3031322239034626,8.454300000039439,0.002818100000013146
validation,jackson,dkitchen_ch01_seg01,DKITCHEN,10,stft_wiener_default_initial,stft_wiener_default,stft_wiener,9.999999906933843,7.701088788713037,-2.298911118220806,9.993968339155076,7.0901092873763325,-2.9038590517787437,4.733600000008664,0.0015778666666695547
validation,jackson,dkitchen_ch01_seg01,DKITCHEN,10,wavelet_default_db4_l5_soft,wavelet_default,wavelet_soft,9.999999906933843,8.627888996698212,-1.3721109102356301,9.993968339155076,7.987395099692094,-2.0065732394629823,1.072200000180601,0.0003574000000602003
validation,jackson,dkitchen_ch01_seg01,DKITCHEN,10,sub_n512_h160_low_energy_q0.35_a1.5_f0.02,stft_subtraction,stft_subtraction,9.999999906933843,11.646468518396155,1.6464686114623124,9.993968339155076,12.54954376609968,2.5555754269446034,10.056300000087504,0.003352100000029168
validation,jackson,dkitchen_ch01_seg01,DKITCHEN,10,wiener_n512_h160_low_energy_q0.35_f0.05,stft_wiener,stft_wiener,9.999999906933843,12.088328622394666,2.0883287154608237,9.993968339155076,11.811646228361,1.8176778892059247,4.950799999960509,0.001650266666653503
validation,jackson,dkitchen_ch01_seg01,DKITCHEN,10,wavelet_sym4_l3_hard_global_s0.5,wavelet,wavelet_soft,9.999999906933843,10.217146682113373,0.21714677517953085,9.993968339155076,10.176289953476068,0.18232161432099225,1.5083999999205844,0.0005027999999735281
validation,jackson,dkitchen_ch01_seg02,DKITCHEN,-5,noisy,baseline,noisy,-4.999999673230314,-4.999999673230314,0.0,-5.016830452245448,-5.016830452245448,0.0,0.018299999965165625,6.099999988388542e-06
validation,jackson,dkitchen_ch01_seg02,DKITCHEN,-5,stft_subtraction_default_initial,stft_subtraction_default,stft_subtraction,-4.999999673230314,4.427897278328747,9.427896951559061,-5.016830452245448,2.5113011114845616,7.5281315637300095,11.454499999899781,0.0038181666666332603
validation,jackson,dkitchen_ch01_seg02,DKITCHEN,-5,stft_wiener_default_initial,stft_wiener_default,stft_wiener,-4.999999673230314,1.8344269770306085,6.834426650260923,-5.016830452245448,-0.20583947025318705,4.810990981992261,7.8622000000905246,0.0026207333333635083
validation,jackson,dkitchen_ch01_seg02,DKITCHEN,-5,wavelet_default_db4_l5_soft,wavelet_default,wavelet_soft,-4.999999673230314,-5.002011350106913,-0.002011676876598756,-5.016830452245448,-10.523315136532442,-5.506484684286995,1.7187000000831176,0.0005729000000277059
validation,jackson,dkitchen_ch01_seg02,DKITCHEN,-5,sub_n512_h160_low_energy_q0.35_a1.5_f0.02,stft_subtraction,stft_subtraction,-4.999999673230314,0.8175225340930026,5.817522207323316,-5.016830452245448,-2.7032040168550173,2.3136264353904306,12.644499999851178,0.0042148333332837256
validation,jackson,dkitchen_ch01_seg02,DKITCHEN,-5,wiener_n512_h160_low_energy_q0.35_f0.05,stft_wiener,stft_wiener,-4.999999673230314,-2.812193218926753,2.187806454303561,-5.016830452245448,-4.802054729471214,0.21477572277423373,9.424399999943489,0.0031414666666478297
validation,jackson,dkitchen_ch01_seg02,DKITCHEN,-5,wavelet_sym4_l3_hard_global_s0.5,wavelet,wavelet_soft,-4.999999673230314,-4.60995283828248,0.3900468349478343,-5.016830452245448,-4.935998137104701,0.08083231514074729,1.2292999999772292,0.0004097666666590764
validation,jackson,dkitchen_ch01_seg02,DKITCHEN,0,noisy,baseline,noisy,8.926049463128595e-08,8.926049463128595e-08,0.0,-0.009415215336876831,-0.009415215336876831,0.0,0.02380000000812288,7.93333333604096e-06
validation,jackson,dkitchen_ch01_seg02,DKITCHEN,0,stft_subtraction_default_initial,stft_subtraction_default,stft_subtraction,8.926049463128595e-08,5.939706332291479,5.939706243030984,-0.009415215336876831,5.390153811837792,5.399569027174669,10.539299999891227,0.0035130999999637424
validation,jackson,dkitchen_ch01_seg02,DKITCHEN,0,stft_wiener_default_initial,stft_wiener_default,stft_wiener,8.926049463128595e-08,5.350773194857514,5.350773105597019,-0.009415215336876831,3.9221634352421253,3.9315786505790022,5.182999999988169,0.0017276666666627232
validation,jackson,dkitchen_ch01_seg02,DKITCHEN,0,wavelet_default_db4_l5_soft,wavelet_default,wavelet_soft,8.926049463128595e-08,-0.35599487979915956,-0.35599496905965416,-0.009415215336876831,-3.408360168099462,-3.398944952762585,1.962000000048647,0.0006540000000162157
validation,jackson,dkitchen_ch01_seg02,DKITCHEN,0,sub_n512_h160_low_energy_q0.35_a1.5_f0.02,stft_subtraction,stft_subtraction,8.926049463128595e-08,5.541810014640881,5.541809925380386,-0.009415215336876831,4.134996316341847,4.144411531678724,11.772399999927075,0.003924133333309025
validation,jackson,dkitchen_ch01_seg02,DKITCHEN,0,wiener_n512_h160_low_energy_q0.35_f0.05,stft_wiener,stft_wiener,8.926049463128595e-08,2.6627970504287357,2.662796961168241,-0.009415215336876831,1.5870347300921308,1.5964499454290075,7.102099999883649,0.0023673666666278828
validation,jackson,dkitchen_ch01_seg02,DKITCHEN,0,wavelet_sym4_l3_hard_global_s0.5,wavelet,wavelet_soft,8.926049463128595e-08,0.34504726130445795,0.34504717204396335,-0.009415215336876831,0.1718687129811319,0.18128392831800874,1.4856000000236236,0.0004952000000078746
validation,jackson,dkitchen_ch01_seg02,DKITCHEN,5,noisy,baseline,noisy,5.000000245111636,5.000000245111636,0.0,4.994752183499897,4.994752183499897,0.0,0.022900000203662785,7.633333401220929e-06
validation,jackson,dkitchen_ch01_seg02,DKITCHEN,5,stft_subtraction_default_initial,stft_subtraction_default,stft_subtraction,5.000000245111636,6.591150096765121,1.5911498516534852,4.994752183499897,6.874938614816706,1.880186431316809,9.159399999816742,0.0030531333332722474
validation,jackson,dkitchen_ch01_seg02,DKITCHEN,5,stft_wiener_default_initial,stft_wiener_default,stft_wiener,5.000000245111636,7.531797563099538,2.531797317987902,4.994752183499897,6.849643046038992,1.8548908625390945,5.5981999998948595,0.00186606666663162
validation,jackson,dkitchen_ch01_seg02,DKITCHEN,5,wavelet_default_db4_l5_soft,wavelet_default,wavelet_soft,5.000000245111636,4.211069214989296,-0.78893103012234,4.994752183499897,2.686889325608216,-2.3078628578916813,1.9816999999875407,0.0006605666666625135
validation,jackson,dkitchen_ch01_seg02,DKITCHEN,5,sub_n512_h160_low_energy_q0.35_a1.5_f0.02,stft_subtraction,stft_subtraction,5.000000245111636,9.414170236576238,4.414169991464602,4.994752183499897,9.701568522443097,4.7068163389432,11.069099999986065,0.003689699999995355
validation,jackson,dkitchen_ch01_seg02,DKITCHEN,5,wiener_n512_h160_low_energy_q0.35_f0.05,stft_wiener,stft_wiener,5.000000245111636,8.050621621814397,3.050621376702761,4.994752183499897,7.4956136656998265,2.5008614821999293,5.6450000001859735,0.001881666666728658
validation,jackson,dkitchen_ch01_seg02,DKITCHEN,5,wavelet_sym4_l3_hard_global_s0.5,wavelet,wavelet_soft,5.000000245111636,5.28724494510784,0.2872446999962044,4.994752183499897,5.2057318928651695,0.21097970936527233,1.581199999918681,0.0005270666666395604
validation,jackson,dkitchen_ch01_seg02,DKITCHEN,10,noisy,baseline,noisy,9.999999961421718,9.999999961421718,0.0,9.997094439174093,9.997094439174093,0.0,0.024400000029345392,8.133333343115131e-06
validation,jackson,dkitchen_ch01_seg02,DKITCHEN,10,stft_subtraction_default_initial,stft_subtraction_default,stft_subtraction,9.999999961421718,6.839881230778001,-3.160118730643717,9.997094439174093,7.4770943527764775,-2.5200000863976157,12.90770000014163,0.004302566666713877
validation,jackson,dkitchen_ch01_seg02,DKITCHEN,10,stft_wiener_default_initial,stft_wiener_default,stft_wiener,9.999999961421718,8.538027208756805,-1.461972752664913,9.997094439174093,8.407709216890451,-1.5893852222836422,7.114700000101948,0.0023715666667006494
validation,jackson,dkitchen_ch01_seg02,DKITCHEN,10,wavelet_default_db4_l5_soft,wavelet_default,wavelet_soft,9.999999961421718,8.656846463322216,-1.3431534980995021,9.997094439174093,8.021484258633238,-1.9756101805408548,1.6233000001193432,0.0005411000000397811
validation,jackson,dkitchen_ch01_seg02,DKITCHEN,10,sub_n512_h160_low_energy_q0.35_a1.5_f0.02,stft_subtraction,stft_subtraction,9.999999961421718,11.883714205093469,1.8837142436717507,9.997094439174093,13.114146857054276,3.117052417880183,12.017100000093706,0.0040057000000312355
validation,jackson,dkitchen_ch01_seg02,DKITCHEN,10,wiener_n512_h160_low_energy_q0.35_f0.05,stft_wiener,stft_wiener,9.999999961421718,12.98846765465858,2.9884676932368617,9.997094439174093,12.775589501952238,2.778495062778145,8.823099999972328,0.002941033333324109
validation,jackson,dkitchen_ch01_seg02,DKITCHEN,10,wavelet_sym4_l3_hard_global_s0.5,wavelet,wavelet_soft,9.999999961421718,10.206661686183221,0.2066617247615028,9.997094439174093,10.168943451451879,0.17184901227778582,1.614800000197647,0.000538266666732549
validation,jackson,dkitchen_ch01_seg03,DKITCHEN,-5,noisy,baseline,noisy,-4.999999601441752,-4.999999601441752,0.0,-4.996033177208246,-4.996033177208246,0.0,0.02029999996011611,6.766666653372037e-06
validation,jackson,dkitchen_ch01_seg03,DKITCHEN,-5,stft_subtraction_default_initial,stft_subtraction_default,stft_subtraction,-4.999999601441752,4.233054615910164,9.233054217351917,-4.996033177208246,2.1769583280857256,7.172991505293972,12.359300000071016,0.004119766666690339
validation,jackson,dkitchen_ch01_seg03,DKITCHEN,-5,stft_wiener_default_initial,stft_wiener_default,stft_wiener,-4.999999601441752,1.9320582461191227,6.932057847560875,-4.996033177208246,-0.05249950362948269,4.943533673578763,7.525799999939409,0.0025085999999798028
validation,jackson,dkitchen_ch01_seg03,DKITCHEN,-5,wavelet_default_db4_l5_soft,wavelet_default,wavelet_soft,-4.999999601441752,-4.996977991946051,0.003021609495701405,-4.996033177208246,-10.489699535114454,-5.493666357906208,1.756500000055894,0.0005855000000186313
validation,jackson,dkitchen_ch01_seg03,DKITCHEN,-5,sub_n512_h160_low_energy_q0.35_a1.5_f0.02,stft_subtraction,stft_subtraction,-4.999999601441752,1.582909686222675,6.582909287664427,-4.996033177208246,-1.6466431052436636,3.3493900719645824,13.751499999898442,0.004583833333299481
validation,jackson,dkitchen_ch01_seg03,DKITCHEN,-5,wiener_n512_h160_low_energy_q0.35_f0.05,stft_wiener,stft_wiener,-4.999999601441752,-2.400321206541668,2.599678394900084,-4.996033177208246,-4.334598550454184,0.6614346267540618,7.067699999879551,0.0023558999999598504
validation,jackson,dkitchen_ch01_seg03,DKITCHEN,-5,wavelet_sym4_l3_hard_global_s0.5,wavelet,wavelet_soft,-4.999999601441752,-4.609523893405788,0.39047570803596443,-4.996033177208246,-4.916035348866391,0.0799978283418552,1.7692999999781023,0.0005897666666593674
validation,jackson,dkitchen_ch01_seg03,DKITCHEN,0,noisy,baseline,noisy,-4.307004087580629e-07,-4.307004087580629e-07,0.0,0.0025998977736328916,0.0025998977736328916,0.0,0.022400000034394907,7.466666678131635e-06
validation,jackson,dkitchen_ch01_seg03,DKITCHEN,0,stft_subtraction_default_initial,stft_subtraction_default,stft_subtraction,-4.307004087580629e-07,5.878154905771774,5.878155336472183,0.0025998977736328916,5.192304766378121,5.189704868604488,11.944699999958175,0.003981566666652725
validation,jackson,dkitchen_ch01_seg03,DKITCHEN,0,stft_wiener_default_initial,stft_wiener_default,stft_wiener,-4.307004087580629e-07,5.421719182974698,5.421719613675107,0.0025998977736328916,4.015870466966226,4.013270569192593,7.038199999897188,0.002346066666632396
validation,jackson,dkitchen_ch01_seg03,DKITCHEN,0,wavelet_default_db4_l5_soft,wavelet_default,wavelet_soft,-4.307004087580629e-07,-0.34663122475936,-0.3466307940589512,0.0025998977736328916,-3.3794656344537137,-3.3820655322273465,2.331400000002759,0.000777133333334253
validation,jackson,dkitchen_ch01_seg03,DKITCHEN,0,sub_n512_h160_low_energy_q0.35_a1.5_f0.02,stft_subtraction,stft_subtraction,-4.307004087580629e-07,6.077453674526051,6.07745410522646,0.0025998977736328916,4.935371188671221,4.932771290897588,14.582199999949808,0.0048607333333166025
validation,jackson,dkitchen_ch01_seg03,DKITCHEN,0,wiener_n512_h160_low_energy_q0.35_f0.05,stft_wiener,stft_wiener,-4.307004087580629e-07,2.9487921299930866,2.9487925606934953,0.0025998977736328916,1.8648583854709764,1.8622584876973436,7.506900000180394,0.0025023000000601314
validation,jackson,dkitchen_ch01_seg03,DKITCHEN,0,wavelet_sym4_l3_hard_global_s0.5,wavelet,wavelet_soft,-4.307004087580629e-07,0.347211718178413,0.3472121488788218,0.0025998977736328916,0.18843986939974172,0.18583997162610882,1.6890999997940526,0.0005630333332646842
validation,jackson,dkitchen_ch01_seg03,DKITCHEN,5,noisy,baseline,noisy,4.999999707197212,4.999999707197212,0.0,5.0018317255735525,5.0018317255735525,0.0,0.0560999999379419,1.869999997931397e-05
validation,jackson,dkitchen_ch01_seg03,DKITCHEN,5,stft_subtraction_default_initial,stft_subtraction_default,stft_subtraction,4.999999707197212,6.5861581813396715,1.5861584741424597,5.0018317255735525,6.803483500047554,1.801651774474002,13.954000000012456,0.004651333333337486
validation,jackson,dkitchen_ch01_seg03,DKITCHEN,5,stft_wiener_default_initial,stft_wiener_default,stft_wiener,4.999999707197212,7.57271021661874,2.572710509421528,5.0018317255735525,6.903768170082679,1.9019364445091265,6.898500000033891,0.0022995000000112973
validation,jackson,dkitchen_ch01_seg03,DKITCHEN,5,wavelet_default_db4_l5_soft,wavelet_default,wavelet_soft,4.999999707197212,4.227225796683779,-0.7727739105134326,5.0018317255735525,2.7152698312592727,-2.28656189431428,1.6076000001703505,0.0005358666667234502
validation,jackson,dkitchen_ch01_seg03,DKITCHEN,5,sub_n512_h160_low_energy_q0.35_a1.5_f0.02,stft_subtraction,stft_subtraction,4.999999707197212,10.201172864907765,5.201173157710553,5.0018317255735525,10.67588935195225,5.674057626378698,13.170899999977337,0.004390299999992446
validation,jackson,dkitchen_ch01_seg03,DKITCHEN,5,wiener_n512_h160_low_energy_q0.35_f0.05,stft_wiener,stft_wiener,4.999999707197212,8.631813516561479,3.6318138093642673,5.0018317255735525,8.14753102203505,3.1456992964614976,7.56520000004457,0.0025217333333481897
validation,jackson,dkitchen_ch01_seg03,DKITCHEN,5,wavelet_sym4_l3_hard_global_s0.5,wavelet,wavelet_soft,4.999999707197212,5.287046838904615,0.2870471317074035,5.0018317255735525,5.211012698540941,0.20918097296738836,1.7402999999376334,0.0005800999999792111
validation,jackson,dkitchen_ch01_seg03,DKITCHEN,10,noisy,baseline,noisy,10.000000355147929,10.000000355147929,0.0,10.001400294335113,10.001400294335113,0.0,0.03370000013092067,1.1233333376973556e-05
validation,jackson,dkitchen_ch01_seg03,DKITCHEN,10,stft_subtraction_default_initial,stft_subtraction_default,stft_subtraction,10.000000355147929,6.848043612656807,-3.151956742491122,10.001400294335113,7.463170678928398,-2.538229615406715,13.97210000004634,0.004657366666682113
validation,jackson,dkitchen_ch01_seg03,DKITCHEN,10,stft_wiener_default_initial,stft_wiener_default,stft_wiener,10.000000355147929,8.559215784700788,-1.440784570447141,10.001400294335113,8.436677959931188,-1.5647223344039247,6.54949999989185,0.002183166666630617
validation,jackson,dkitchen_ch01_seg03,DKITCHEN,10,wavelet_default_db4_l5_soft,wavelet_default,wavelet_soft,10.000000355147929,8.680262810873549,-1.3197375442743802,10.001400294335113,8.049400294948716,-1.9519999993863966,2.1695999998883053,0.0007231999999627684
validation,jackson,dkitchen_ch01_seg03,DKITCHEN,10,sub_n512_h160_low_energy_q0.35_a1.5_f0.02,stft_subtraction,stft_subtraction,10.000000355147929,12.048072074337648,2.0480717191897195,10.001400294335113,13.290077729137952,3.288677434802839,13.636299999916446,0.004545433333305482
validation,jackson,dkitchen_ch01_seg03,DKITCHEN,10,wiener_n512_h160_low_energy_q0.35_f0.05,stft_wiener,stft_wiener,10.000000355147929,13.133915014221625,3.133914659073696,10.001400294335113,12.929470200694162,2.928069906359049,7.008699999914825,0.0023362333333049414
validation,jackson,dkitchen_ch01_seg03,DKITCHEN,10,wavelet_sym4_l3_hard_global_s0.5,wavelet,wavelet_soft,10.000000355147929,10.215026050106818,0.21502569495888935,10.001400294335113,10.182273538301008,0.18087324396589466,1.0968000001412292,0.00036560000004707643
validation,jackson,ooffice_ch01_seg01,OOFFICE,-5,noisy,baseline,noisy,-4.999999920085023,-4.999999920085023,0.0,-5.002601400457255,-5.002601400457255,0.0,0.022499999886349542,7.499999962116514e-06
validation,jackson,ooffice_ch01_seg01,OOFFICE,-5,stft_subtraction_default_initial,stft_subtraction_default,stft_subtraction,-4.999999920085023,-1.8881447903220963,3.111855129762927,-5.002601400457255,-5.51653429821978,-0.5139328977625244,9.766900000158785,0.0032556333333862617
validation,jackson,ooffice_ch01_seg01,OOFFICE,-5,stft_wiener_default_initial,stft_wiener_default,stft_wiener,-4.999999920085023,-3.3122569702294102,1.687742949855613,-5.002601400457255,-5.534797694283963,-0.5321962938267077,4.929400000037276,0.0016431333333457587
validation,jackson,ooffice_ch01_seg01,OOFFICE,-5,wavelet_default_db4_l5_soft,wavelet_default,wavelet_soft,-4.999999920085023,-5.00787953714349,-0.007879617058466515,-5.002601400457255,-5.449792857573247,-0.4471914571159914,1.467300000058458,0.000489100000019486
validation,jackson,ooffice_ch01_seg01,OOFFICE,-5,sub_n512_h160_low_energy_q0.35_a1.5_f0.02,stft_subtraction,stft_subtraction,-4.999999920085023,-2.5802711728890326,2.4197287471959905,-5.002601400457255,-5.974902082704059,-0.9723006822468037,9.86560000001191,0.0032885333333373032
validation,jackson,ooffice_ch01_seg01,OOFFICE,-5,wiener_n512_h160_low_energy_q0.35_f0.05,stft_wiener,stft_wiener,-4.999999920085023,-4.275346391582229,0.7246535285027944,-5.002601400457255,-5.851028834958151,-0.8484274345008957,5.6965999999647465,0.0018988666666549154
validation,jackson,ooffice_ch01_seg01,OOFFICE,-5,wavelet_sym4_l3_hard_global_s0.5,wavelet,wavelet_soft,-4.999999920085023,-4.999670679005631,0.0003292410793918066,-5.002601400457255,-5.007115796789749,-0.004514396332493398,1.8758000001071196,0.0006252666667023732
validation,jackson,ooffice_ch01_seg01,OOFFICE,0,noisy,baseline,noisy,8.499012771670105e-08,8.499012771670105e-08,0.0,-0.001230302761457045,-0.001230302761457045,0.0,0.018799999907059828,6.266666635686609e-06
validation,jackson,ooffice_ch01_seg01,OOFFICE,0,stft_subtraction_default_initial,stft_subtraction_default,stft_subtraction,8.499012771670105e-08,2.097978439454773,2.097978354464645,-0.001230302761457045,-0.8062909250250505,-0.8050606222635934,10.828500000116037,0.003609500000038679
validation,jackson,ooffice_ch01_seg01,OOFFICE,0,stft_wiener_default_initial,stft_wiener_default,stft_wiener,8.499012771670105e-08,1.2010683376071114,1.2010682526169836,-0.001230302761457045,-0.7959825426800081,-0.794752239918551,6.8905000000540895,0.0022968333333513633
validation,jackson,ooffice_ch01_seg01,OOFFICE,0,wavelet_default_db4_l5_soft,wavelet_default,wavelet_soft,8.499012771670105e-08,-0.01938143705692054,-0.019381522047048256,-0.001230302761457045,-0.31869475645277123,-0.3174644536913142,2.0322000000305707,0.0006774000000101902
validation,jackson,ooffice_ch01_seg01,OOFFICE,0,sub_n512_h160_low_energy_q0.35_a1.5_f0.02,stft_subtraction,stft_subtraction,8.499012771670105e-08,2.3654922807075143,2.3654921957173864,-0.001230302761457045,0.23940122478200304,0.2406315275434601,12.56850000004306,0.004189500000014353
validation,jackson,ooffice_ch01_seg01,OOFFICE,0,wiener_n512_h160_low_energy_q0.35_f0.05,stft_wiener,stft_wiener,8.499012771670105e-08,0.8812923691632589,0.8812922841731312,-0.001230302761457045,-0.08057878871065412,-0.07934848594919708,9.346300000061092,0.0031154333333536974
validation,jackson,ooffice_ch01_seg01,OOFFICE,0,wavelet_sym4_l3_hard_global_s0.5,wavelet,wavelet_soft,8.499012771670105e-08,-0.00023968170603577048,-0.0002397666961634872,-0.001230302761457045,-0.004198529650032087,-0.0029682268885750417,1.65130000004865,0.00055043333334955
validation,jackson,ooffice_ch01_seg01,OOFFICE,5,noisy,baseline,noisy,5.000000162923479,5.000000162923479,0.0,4.999540701202706,4.999540701202706,0.0,0.023099999907572055,7.699999969190685e-06
validation,jackson,ooffice_ch01_seg01,OOFFICE,5,stft_subtraction_default_initial,stft_subtraction_default,stft_subtraction,5.000000162923479,4.851068881015933,-0.14893128190754634,4.999540701202706,3.1789740575899645,-1.8205666436127417,12.231100000008155,0.004077033333336051
validation,jackson,ooffice_ch01_seg01,OOFFICE,5,stft_wiener_default_initial,stft_wiener_default,stft_wiener,5.000000162923479,4.929753326249497,-0.07024683667398257,4.999540701202706,3.42334634822171,-1.576194352980996,6.17340000007971,0.0020578000000265697
validation,jackson,ooffice_ch01_seg01,OOFFICE,5,wavelet_default_db4_l5_soft,wavelet_default,wavelet_soft,5.000000162923479,4.957555244494404,-0.04244491842907472,4.999540701202706,4.746822587261507,-0.25271811394119936,1.5780000001086592,0.0005260000000362197
validation,jackson,ooffice_ch01_seg01,OOFFICE,5,sub_n512_h160_low_energy_q0.35_a1.5_f0.02,stft_subtraction,stft_subtraction,5.000000162923479,6.976174592353046,1.976174429429567,4.999540701202706,6.004328742225359,1.0047880410226524,11.677500000132568,0.003892500000044189
validation,jackson,ooffice_ch01_seg01,OOFFICE,5,wiener_n512_h160_low_energy_q0.35_f0.05,stft_wiener,stft_wiener,5.000000162923479,6.066152919881988,1.066152756958509,4.999540701202706,5.495281044888105,0.4957403436853989,4.756199999974342,0.0015853999999914474
validation,jackson,ooffice_ch01_seg01,OOFFICE,5,wavelet_sym4_l3_hard_global_s0.5,wavelet,wavelet_soft,5.000000162923479,4.998570986509627,-0.0014291764138523178,4.999540701202706,4.99648190963405,-0.003058791568656183,1.769500000136759,0.0005898333333789196
validation,jackson,ooffice_ch01_seg01,OOFFICE,10,noisy,baseline,noisy,9.999999730100779,9.999999730100779,0.0,9.999973774316352,9.999973774316352,0.0,0.02109999991262157,7.03333330420719e-06
validation,jackson,ooffice_ch01_seg01,OOFFICE,10,stft_subtraction_default_initial,stft_subtraction_default,stft_subtraction,9.999999730100779,6.237549944062106,-3.7624497860386725,9.999973774316352,5.8620196372333275,-4.137954137083025,11.966600000050676,0.003988866666683559
validation,jackson,ooffice_ch01_seg01,OOFFICE,10,stft_wiener_default_initial,stft_wiener_default,stft_wiener,9.999999730100779,7.359105240550296,-2.640894489550483,9.999973774316352,6.585649174957252,-3.4143245993591,6.993499999907726,0.0023311666666359088
validation,jackson,ooffice_ch01_seg01,OOFFICE,10,wavelet_default_db4_l5_soft,wavelet_default,wavelet_soft,9.999999730100779,9.90095680227531,-0.09904292782546875,9.999973774316352,9.744344587310302,-0.25562918700605053,1.4399000001503737,0.0004799666667167912
validation,jackson,ooffice_ch01_seg01,OOFFICE,10,sub_n512_h160_low_energy_q0.35_a1.5_f0.02,stft_subtraction,stft_subtraction,9.999999730100779,10.216050802206508,0.2160510721057296,9.999973774316352,10.279633220941871,0.27965944662551934,13.173100000130944,0.004391033333376981
validation,jackson,ooffice_ch01_seg01,OOFFICE,10,wiener_n512_h160_low_energy_q0.35_f0.05,stft_wiener,stft_wiener,9.999999730100779,10.761783383139708,0.761783653038929,9.999973774316352,10.411344957009332,0.4113711826929798,5.9352999999191525,0.001978433333306384
validation,jackson,ooffice_ch01_seg01,OOFFICE,10,wavelet_sym4_l3_hard_global_s0.5,wavelet,wavelet_soft,9.999999730100779,9.995893548585618,-0.004106181515160401,9.999973774316352,9.994800388242787,-0.0051733860735652115,1.1678000000756583,0.0003892666666918861
validation,jackson,ooffice_ch01_seg02,OOFFICE,-5,noisy,baseline,noisy,-4.999999789904707,-4.999999789904707,0.0,-4.980316864503484,-4.980316864503484,0.0,0.018400000044493936,6.133333348164645e-06
validation,jackson,ooffice_ch01_seg02,OOFFICE,-5,stft_subtraction_default_initial,stft_subtraction_default,stft_subtraction,-4.999999789904707,4.566413814664918,9.566413604569625,-4.980316864503484,2.7215013057926414,7.701818170296125,11.242900000070222,0.0037476333333567404
validation,jackson,ooffice_ch01_seg02,OOFFICE,-5,stft_wiener_default_initial,stft_wiener_default,stft_wiener,-4.999999789904707,2.7031963566443773,7.703196146549084,-4.980316864503484,0.811518926854714,5.791835791358198,6.335300000046118,0.002111766666682039
validation,jackson,ooffice_ch01_seg02,OOFFICE,-5,wavelet_default_db4_l5_soft,wavelet_default,wavelet_soft,-4.999999789904707,-5.008356519856479,-0.008356729951771946,-4.980316864503484,-5.463787892126033,-0.48347102762254934,2.9631999998400715,0.0009877333332800238
validation,jackson,ooffice_ch01_seg02,OOFFICE,-5,sub_n512_h160_low_energy_q0.35_a1.5_f0.02,stft_subtraction,stft_subtraction,-4.999999789904707,-0.3518278843432665,4.6481719055614406,-4.980316864503484,-3.695245838744421,1.2850710257590632,14.928800000006959,0.0049762666666689865
validation,jackson,ooffice_ch01_seg02,OOFFICE,-5,wiener_n512_h160_low_energy_q0.35_f0.05,stft_wiener,stft_wiener,-4.999999789904707,-3.43967608665791,1.5603237032467967,-4.980316864503484,-5.204268812196403,-0.22395194769291926,6.462199999987206,0.002154066666662402
validation,jackson,ooffice_ch01_seg02,OOFFICE,-5,wavelet_sym4_l3_hard_global_s0.5,wavelet,wavelet_soft,-4.999999789904707,-4.999566395075779,0.00043339482892790215,-4.980316864503484,-4.985590533100666,-0.005273668597181924,1.785600000175691,0.0005952000000585637
validation,jackson,ooffice_ch01_seg02,OOFFICE,0,noisy,baseline,noisy,3.518146332247456e-07,3.518146332247456e-07,0.0,0.011449558319309935,0.011449558319309935,0.0,0.02239999980702123,7.4666666023404105e-06
validation,jackson,ooffice_ch01_seg02,OOFFICE,0,stft_subtraction_default_initial,stft_subtraction_default,stft_subtraction,3.518146332247456e-07,6.050735299079949,6.050734947265315,0.011449558319309935,5.509756902590701,5.4983073442713915,12.341799999830982,0.004113933333276994
validation,jackson,ooffice_ch01_seg02,OOFFICE,0,stft_wiener_default_initial,stft_wiener_default,stft_wiener,3.518146332247456e-07,5.932255090494478,5.932254738679845,0.011449558319309935,4.66196116560535,4.65051160728604,6.319700000176454,0.0021065666667254845
validation,jackson,ooffice_ch01_seg02,OOFFICE,0,wavelet_default_db4_l5_soft,wavelet_default,wavelet_soft,3.518146332247456e-07,-0.020724930636917993,-0.020725282451551218,0.011449558319309935,-0.3284483496486402,-0.33989790796795016,2.2314999998798157,0.000743833333293272
validation,jackson,ooffice_ch01_seg02,OOFFICE,0,sub_n512_h160_low_energy_q0.35_a1.5_f0.02,stft_subtraction,stft_subtraction,3.518146332247456e-07,4.206275193390826,4.206274841576192,0.011449558319309935,2.284643617944151,2.2731940596248412,14.063699999951496,0.0046878999999838316
validation,jackson,ooffice_ch01_seg02,OOFFICE,0,wiener_n512_h160_low_energy_q0.35_f0.05,stft_wiener,stft_wiener,3.518146332247456e-07,1.664716597562411,1.6647162457477778,0.011449558319309935,0.4952719042553868,0.48382234593607687,8.289099999956306,0.0027630333333187687
validation,jackson,ooffice_ch01_seg02,OOFFICE,0,wavelet_sym4_l3_hard_global_s0.5,wavelet,wavelet_soft,3.518146332247456e-07,-0.0001697647693824193,-0.00017011658401564405,0.011449558319309935,0.00814270054025462,-0.003306857779055315,2.0603000000392058,0.0006867666666797353
validation,jackson,ooffice_ch01_seg02,OOFFICE,5,noisy,baseline,noisy,5.000000298268683,5.000000298268683,0.0,5.006815907927188,5.006815907927188,0.0,0.02390000008745119,7.966666695817063e-06
validation,jackson,ooffice_ch01_seg02,OOFFICE,5,stft_subtraction_default_initial,stft_subtraction_default,stft_subtraction,5.000000298268683,6.66285783969105,1.6628575414223672,5.006815907927188,6.938129211917193,1.931313303990005,14.712000000145053,0.0049040000000483515
validation,jackson,ooffice_ch01_seg02,OOFFICE,5,stft_wiener_default_initial,stft_wiener_default,stft_wiener,5.000000298268683,7.818973477478118,2.8189731792094355,5.006815907927188,7.270521922469955,2.263706014542767,5.629500000168264,0.0018765000000560879
validation,jackson,ooffice_ch01_seg02,OOFFICE,5,wavelet_default_db4_l5_soft,wavelet_default,wavelet_soft,5.000000298268683,4.953485266491442,-0.0465150317772407,5.006815907927188,4.734402745900056,-0.2724131620271324,2.1183000001201435,0.0007061000000400478
validation,jackson,ooffice_ch01_seg02,OOFFICE,5,sub_n512_h160_low_energy_q0.35_a1.5_f0.02,stft_subtraction,stft_subtraction,5.000000298268683,8.470446427601882,3.470446129333199,5.006815907927188,8.239450201912948,3.23263429398576,11.34660000002441,0.0037822000000081366
validation,jackson,ooffice_ch01_seg02,OOFFICE,5,wiener_n512_h160_low_energy_q0.35_f0.05,stft_wiener,stft_wiener,5.000000298268683,7.000785914221731,2.000785615953048,5.006815907927188,6.3408374290704606,1.3340215211432724,6.7542000001594715,0.0022514000000531573
validation,jackson,ooffice_ch01_seg02,OOFFICE,5,wavelet_sym4_l3_hard_global_s0.5,wavelet,wavelet_soft,5.000000298268683,4.998606829367826,-0.001393468900857009,5.006815907927188,5.003574137816429,-0.0032417701107592123,1.941199999919263,0.0006470666666397543
validation,jackson,ooffice_ch01_seg02,OOFFICE,10,noisy,baseline,noisy,10.000000174942144,10.000000174942144,0.0,10.004209036643124,10.004209036643124,0.0,0.022999999828243745,7.666666609414582e-06
validation,jackson,ooffice_ch01_seg02,OOFFICE,10,stft_subtraction_default_initial,stft_subtraction_default,stft_subtraction,10.000000174942144,6.880131849381161,-3.119868325560983,10.004209036643124,7.508703089823806,-2.4955059468193177,14.865600000121049,0.0049552000000403496
validation,jackson,ooffice_ch01_seg02,OOFFICE,10,stft_wiener_default_initial,stft_wiener_default,stft_wiener,10.000000174942144,8.64806216521321,-1.3519380097289346,10.004209036643124,8.585942225066455,-1.4182668115766681,7.514499999842883,0.002504833333280961
validation,jackson,ooffice_ch01_seg02,OOFFICE,10,wavelet_default_db4_l5_soft,wavelet_default,wavelet_soft,10.000000174942144,9.893559941431402,-0.10644023351074239,10.004209036643124,9.73264805842228,-0.2715609782208439,1.9651000000067143,0.0006550333333355715
validation,jackson,ooffice_ch01_seg02,OOFFICE,10,sub_n512_h160_low_energy_q0.35_a1.5_f0.02,stft_subtraction,stft_subtraction,10.000000174942144,11.817130771029909,1.8171305960877646,10.004209036643124,12.91193955243263,2.907730515789506,12.874300000021321,0.00429143333334044
validation,jackson,ooffice_ch01_seg02,OOFFICE,10,wiener_n512_h160_low_energy_q0.35_f0.05,stft_wiener,stft_wiener,10.000000174942144,12.444350621210702,2.444350446268558,10.004209036643124,12.191791684258032,2.1875826476149083,6.972200000063822,0.0023240666666879406
validation,jackson,ooffice_ch01_seg02,OOFFICE,10,wavelet_sym4_l3_hard_global_s0.5,wavelet,wavelet_soft,10.000000174942144,9.995742229645275,-0.004257945296869181,10.004209036643124,9.998740735054703,-0.005468301588420488,1.6944999999850552,0.0005648333333283517
validation,jackson,ooffice_ch01_seg03,OOFFICE,-5,noisy,baseline,noisy,-4.999999778544121,-4.999999778544121,0.0,-4.991367490681053,-4.991367490681053,0.0,0.02170000016121776,7.2333333870725864e-06
validation,jackson,ooffice_ch01_seg03,OOFFICE,-5,stft_subtraction_default_initial,stft_subtraction_default,stft_subtraction,-4.999999778544121,2.888239500160772,7.8882392787048925,-4.991367490681053,0.20315266194390497,5.194520152624958,12.614700000085577,0.004204900000028526
validation,jackson,ooffice_ch01_seg03,OOFFICE,-5,stft_wiener_default_initial,stft_wiener_default,stft_wiener,-4.999999778544121,0.5199826676926488,5.519982446236769,-4.991367490681053,-1.5548693230743962,3.4364981676066564,6.849399999964589,0.00228313333332153
validation,jackson,ooffice_ch01_seg03,OOFFICE,-5,wavelet_default_db4_l5_soft,wavelet_default,wavelet_soft,-4.999999778544121,-5.008447473122622,-0.008447694578501697,-4.991367490681053,-5.503603252601565,-0.512235761920512,1.8640999999206542,0.0006213666666402181
validation,jackson,ooffice_ch01_seg03,OOFFICE,-5,sub_n512_h160_low_energy_q0.35_a1.5_f0.02,stft_subtraction,stft_subtraction,-4.999999778544121,0.3075222141250103,5.307521992669131,-4.991367490681053,-3.4654290552728173,1.5259384354082353,11.871100000007573,0.003957033333335858
validation,jackson,ooffice_ch01_seg03,OOFFICE,-5,wiener_n512_h160_low_energy_q0.35_f0.05,stft_wiener,stft_wiener,-4.999999778544121,-3.0271172155486332,1.9728825629954874,-4.991367490681053,-5.166072807147279,-0.174705316466226,7.27469999992536,0.00242489999997512
validation,jackson,ooffice_ch01_seg03,OOFFICE,-5,wavelet_sym4_l3_hard_global_s0.5,wavelet,wavelet_soft,-4.999999778544121,-4.999309156751935,0.0006906217921853752,-4.991367490681053,-4.997014328638864,-0.005646837957811179,1.6794999999092397,0.0005598333333030799
validation,jackson,ooffice_ch01_seg03,OOFFICE,0,noisy,baseline,noisy,5.968564889302796e-08,5.968564889302796e-08,0.0,0.0050507593263747095,0.0050507593263747095,0.0,0.024100000018734136,8.033333339578045e-06
validation,jackson,ooffice_ch01_seg03,OOFFICE,0,stft_subtraction_default_initial,stft_subtraction_default,stft_subtraction,5.968564889302796e-08,5.24262127483675,5.2426212151511,0.0050507593263747095,3.8755560721589184,3.8705053128325435,13.813999999911175,0.004604666666637058
validation,jackson,ooffice_ch01_seg03,OOFFICE,0,stft_wiener_default_initial,stft_wiener_default,stft_wiener,5.968564889302796e-08,4.389217922576201,4.389217862890551,0.0050507593263747095,2.771562739801885,2.76651198047551,7.0706999999856635,0.002356899999995221
validation,jackson,ooffice_ch01_seg03,OOFFICE,0,wavelet_default_db4_l5_soft,wavelet_default,wavelet_soft,5.968564889302796e-08,-0.021651340056228277,-0.02165139974187717,0.0050507593263747095,-0.34929478980181694,-0.35434554912819166,1.349299999901632,0.0004497666666338773
validation,jackson,ooffice_ch01_seg03,OOFFICE,0,sub_n512_h160_low_energy_q0.35_a1.5_f0.02,stft_subtraction,stft_subtraction,5.968564889302796e-08,5.393925262420405,5.3939252027347555,0.0050507593263747095,3.915533255718614,3.9104824963922393,12.63440000002447,0.0042114666666748235
validation,jackson,ooffice_ch01_seg03,OOFFICE,0,wiener_n512_h160_low_energy_q0.35_f0.05,stft_wiener,stft_wiener,5.968564889302796e-08,2.455621497093344,2.4556214374076952,0.0050507593263747095,1.3487914833946966,1.343740724068322,7.361400000036156,0.002453800000012052
validation,jackson,ooffice_ch01_seg03,OOFFICE,0,wavelet_sym4_l3_hard_global_s0.5,wavelet,wavelet_soft,5.968564889302796e-08,-2.8238434510937443e-05,-2.8298120159830473e-05,0.0050507593263747095,0.0016565360112391898,-0.0033942233151355197,1.8917999998393498,0.0006305999999464499
validation,jackson,ooffice_ch01_seg03,OOFFICE,5,noisy,baseline,noisy,4.999999909686139,4.999999909686139,0.0,5.0030358842280584,5.0030358842280584,0.0,0.018999999838342774,6.333333279447591e-06
validation,jackson,ooffice_ch01_seg03,OOFFICE,5,stft_subtraction_default_initial,stft_subtraction_default,stft_subtraction,4.999999909686139,6.358298610282713,1.358298700596574,5.0030358842280584,6.161480329340559,1.1584444451125009,11.21530000000348,0.0037384333333344935
validation,jackson,ooffice_ch01_seg03,OOFFICE,5,stft_wiener_default_initial,stft_wiener_default,stft_wiener,4.999999909686139,7.016819052068741,2.0168191423826025,5.0030358842280584,6.105393182616195,1.102357298388137,5.063300000074378,0.0016877666666914592
validation,jackson,ooffice_ch01_seg03,OOFFICE,5,wavelet_default_db4_l5_soft,wavelet_default,wavelet_soft,4.999999909686139,4.9534596413914125,-0.04654026829472624,5.0030358842280584,4.729292403623344,-0.27374348060471476,2.046000000063941,0.0006820000000213137
validation,jackson,ooffice_ch01_seg03,OOFFICE,5,sub_n512_h160_low_energy_q0.35_a1.5_f0.02,stft_subtraction,stft_subtraction,4.999999909686139,9.097357674802256,4.097357765116117,5.0030358842280584,9.26981507519952,4.266779190971462,12.751299999990806,0.004250433333330268
validation,jackson,ooffice_ch01_seg03,OOFFICE,5,wiener_n512_h160_low_energy_q0.35_f0.05,stft_wiener,stft_wiener,4.999999909686139,7.707663255813698,2.7076633461275597,5.0030358842280584,7.105845991473454,2.1028101072453955,6.4289000001735985,0.002142966666724533
validation,jackson,ooffice_ch01_seg03,OOFFICE,5,wavelet_sym4_l3_hard_global_s0.5,wavelet,wavelet_soft,4.999999909686139,4.998715367562202,-0.001284542123936916,5.0030358842280584,4.999915150053983,-0.0031207341740753236,1.2824000000364322,0.0004274666666788107
validation,jackson,ooffice_ch01_seg03,OOFFICE,10,noisy,baseline,noisy,9.999999886547332,9.999999886547332,0.0,10.001902695988612,10.001902695988612,0.0,0.025400000140507473,8.466666713502491e-06
validation,jackson,ooffice_ch01_seg03,OOFFICE,10,stft_subtraction_default_initial,stft_subtraction_default,stft_subtraction,9.999999886547332,6.78017467334166,-3.219825213205672,10.001902695988612,7.223160136382681,-2.7787425596059308,11.492999999973108,0.003830999999991036
validation,jackson,ooffice_ch01_seg03,OOFFICE,10,stft_wiener_default_initial,stft_wiener_default,stft_wiener,9.999999886547332,8.337339998471172,-1.6626598880761598,10.001902695988612,8.06692244819794,-1.9349802477906728,7.728699999915989,0.0025762333333053298
validation,jackson,ooffice_ch01_seg03,OOFFICE,10,wavelet_default_db4_l5_soft,wavelet_default,wavelet_soft,9.999999886547332,9.898140177507402,-0.10185970903993002,10.001902695988612,9.738763770673009,-0.26313892531560334,1.8724999999903957,0.0006241666666634652
validation,jackson,ooffice_ch01_seg03,OOFFICE,10,sub_n512_h160_low_energy_q0.35_a1.5_f0.02,stft_subtraction,stft_subtraction,9.999999886547332,11.803501189611517,1.8035013030641842,10.001902695988612,12.988167636921428,2.9862649409328164,10.44369999999617,0.0034812333333320566
validation,jackson,ooffice_ch01_seg03,OOFFICE,10,wiener_n512_h160_low_energy_q0.35_f0.05,stft_wiener,stft_wiener,9.999999886547332,12.879785746030795,2.879785859483462,10.001902695988612,12.658788819035646,2.656886123047034,6.612800000084462,0.0022042666666948207
validation,jackson,ooffice_ch01_seg03,OOFFICE,10,wavelet_sym4_l3_hard_global_s0.5,wavelet,wavelet_soft,9.999999886547332,9.995939991414534,-0.004059895132797919,10.001902695988612,9.99671767113049,-0.005185024858121778,1.218399999970643,0.0004061333333235477
validation,nicolas,dkitchen_ch01_seg01,DKITCHEN,-5,noisy,baseline,noisy,-4.999999559819256,-4.999999559819256,0.0,-5.095443529689923,-5.095443529689923,0.0,0.022800000124334474,7.600000041444825e-06
validation,nicolas,dkitchen_ch01_seg01,DKITCHEN,-5,stft_subtraction_default_initial,stft_subtraction_default,stft_subtraction,-4.999999559819256,0.5866150249837324,5.586614584802988,-5.095443529689923,-3.4518336360352504,1.643609893654673,9.921200000007957,0.003307066666669319
validation,nicolas,dkitchen_ch01_seg01,DKITCHEN,-5,stft_wiener_default_initial,stft_wiener_default,stft_wiener,-4.999999559819256,-2.211206385959377,2.7887931738598786,-5.095443529689923,-5.650744805450039,-0.5553012757601152,5.370100000163802,0.0017900333333879341
validation,nicolas,dkitchen_ch01_seg01,DKITCHEN,-5,wavelet_default_db4_l5_soft,wavelet_default,wavelet_soft,-4.999999559819256,-4.842456708863182,0.1575428509560739,-5.095443529689923,-8.94661614219336,-3.8511726125034365,1.9184000000223023,0.0006394666666741008
validation,nicolas,dkitchen_ch01_seg01,DKITCHEN,-5,sub_n512_h160_low_energy_q0.35_a1.5_f0.02,stft_subtraction,stft_subtraction,-4.999999559819256,0.7279588243621171,5.727958384181373,-5.095443529689923,-1.606150895785009,3.489292633904914,9.92420000011407,0.00330806666670469
validation,nicolas,dkitchen_ch01_seg01,DKITCHEN,-5,wiener_n512_h160_low_energy_q0.35_f0.05,stft_wiener,stft_wiener,-4.999999559819256,-2.940227048587616,2.05977251123164,-5.095443529689923,-4.2183383035958455,0.8771052260940779,5.7044000000132655,0.0019014666666710884
validation,nicolas,dkitchen_ch01_seg01,DKITCHEN,-5,wavelet_sym4_l3_hard_global_s0.5,wavelet,wavelet_soft,-4.999999559819256,-4.582762486785185,0.4172370730340704,-5.095443529689923,-4.88750268175576,0.20794084793416356,2.127299999983734,0.000709099999994578
validation,nicolas,dkitchen_ch01_seg01,DKITCHEN,0,noisy,baseline,noisy,3.067089591395378e-08,3.067089591395378e-08,0.0,-0.07977678020225033,-0.07977678020225033,0.0,0.01950000000761065,6.500000002536884e-06
validation,nicolas,dkitchen_ch01_seg01,DKITCHEN,0,stft_subtraction_default_initial,stft_subtraction_default,stft_subtraction,3.067089591395378e-08,3.4406866895501036,3.4406866588792075,-0.07977678020225033,0.7835933484674729,0.8633701286697232,12.151599999924656,0.004050533333308219
validation,nicolas,dkitchen_ch01_seg01,DKITCHEN,0,stft_wiener_default_initial,stft_wiener_default,stft_wiener,3.067089591395378e-08,1.8590369320084201,1.8590369013375243,-0.07977678020225033,-1.0079439117503444,-0.928167131548094,6.905899999992471,0.002301966666664157
validation,nicolas,dkitchen_ch01_seg01,DKITCHEN,0,wavelet_default_db4_l5_soft,wavelet_default,wavelet_soft,3.067089591395378e-08,-0.10190655520533196,-0.10190658587622788,-0.07977678020225033,-2.4713138899407516,-2.3915371097385014,2.1017999999912718,0.0007005999999970906
validation,nicolas,dkitchen_ch01_seg01,DKITCHEN,0,sub_n512_h160_low_energy_q0.35_a1.5_f0.02,stft_subtraction,stft_subtraction,3.067089591395378e-08,5.927545943808884,5.927545913137988,-0.07977678020225033,4.749254276465566,4.829031056667816,13.888100000031045,0.004629366666677015
validation,nicolas,dkitchen_ch01_seg01,DKITCHEN,0,wiener_n512_h160_low_energy_q0.35_f0.05,stft_wiener,stft_wiener,3.067089591395378e-08,2.3822863163070047,2.3822862856361087,-0.07977678020225033,1.6086881890425733,1.6884649692448237,7.802600000104576,0.0026008666667015254
validation,nicolas,dkitchen_ch01_seg01,DKITCHEN,0,wavelet_sym4_l3_hard_global_s0.5,wavelet,wavelet_soft,3.067089591395378e-08,0.3762461877525305,0.37624615708163456,-0.07977678020225033,0.1602588886091699,0.24003566881142024,1.7036000001553475,0.0005678666667184492
validation,nicolas,dkitchen_ch01_seg01,DKITCHEN,5,noisy,baseline,noisy,4.999999676136969,4.999999676136969,0.0,4.929020759740169,4.929020759740169,0.0,0.033699999903546995,1.1233333301182332e-05
validation,nicolas,dkitchen_ch01_seg01,DKITCHEN,5,stft_subtraction_default_initial,stft_subtraction_default,stft_subtraction,4.999999676136969,4.9260656201702675,-0.07393405596670188,4.929020759740169,3.7764344286132263,-1.1525863311269426,10.725600000114355,0.003575200000038118
validation,nicolas,dkitchen_ch01_seg01,DKITCHEN,5,stft_wiener_default_initial,stft_wiener_default,stft_wiener,4.999999676136969,4.756256073109797,-0.24374360302717246,4.929020759740169,2.923036852486564,-2.0059839072536048,7.936800000152289,0.002645600000050763
validation,nicolas,dkitchen_ch01_seg01,DKITCHEN,5,wavelet_default_db4_l5_soft,wavelet_default,wavelet_soft,4.999999676136969,4.523708992359448,-0.4762906837775214,4.929020759740169,3.230473683019259,-1.69854707672091,1.5239000001656677,0.0005079666667218893
validation,nicolas,dkitchen_ch01_seg01,DKITCHEN,5,sub_n512_h160_low_energy_q0.35_a1.5_f0.02,stft_subtraction,stft_subtraction,4.999999676136969,10.525810083288649,5.525810407151679,4.929020759740169,10.468617790117538,5.539597030377369,12.468799999851399,0.004156266666617133
validation,nicolas,dkitchen_ch01_seg01,DKITCHEN,5,wiener_n512_h160_low_energy_q0.35_f0.05,stft_wiener,stft_wiener,4.999999676136969,7.758654371677046,2.758654695540077,4.929020759740169,7.347809948954645,2.4187891892144764,6.063100000119448,0.002021033333373149
validation,nicolas,dkitchen_ch01_seg01,DKITCHEN,5,wavelet_sym4_l3_hard_global_s0.5,wavelet,wavelet_soft,4.999999676136969,5.2895650042582,0.28956532812123026,4.929020759740169,5.134112533107407,0.20509177336723816,2.381400000103895,0.0007938000000346316
validation,nicolas,dkitchen_ch01_seg01,DKITCHEN,10,noisy,baseline,noisy,10.000000034196626,10.000000034196626,0.0,9.933964624359753,9.933964624359753,0.0,0.024500000108673703,8.166666702891234e-06
validation,nicolas,dkitchen_ch01_seg01,DKITCHEN,10,stft_subtraction_default_initial,stft_subtraction_default,stft_subtraction,10.000000034196626,5.516995651827595,-4.483004382369031,9.933964624359753,5.389418314436889,-4.544546309922864,13.193300000011732,0.004397766666670577
validation,nicolas,dkitchen_ch01_seg01,DKITCHEN,10,stft_wiener_default_initial,stft_wiener_default,stft_wiener,10.000000034196626,6.237752963999234,-3.7622470701973922,9.933964624359753,5.528796812302705,-4.405167812057048,8.594599999923958,0.002864866666641319
validation,nicolas,dkitchen_ch01_seg01,DKITCHEN,10,wavelet_default_db4_l5_soft,wavelet_default,wavelet_soft,10.000000034196626,8.91531340244638,-1.0846866317502464,9.933964624359753,8.270025406966875,-1.663939217392878,1.3824000000113301,0.0004608000000037767
validation,nicolas,dkitchen_ch01_seg01,DKITCHEN,10,sub_n512_h160_low_energy_q0.35_a1.5_f0.02,stft_subtraction,stft_subtraction,10.000000034196626,13.710914102221881,3.7109140680252555,9.933964624359753,14.847826026258875,4.913861401899123,12.711300000091796,0.0042371000000305985
validation,nicolas,dkitchen_ch01_seg01,DKITCHEN,10,wiener_n512_h160_low_energy_q0.35_f0.05,stft_wiener,stft_wiener,10.000000034196626,12.822195130096869,2.822195095900243,9.933964624359753,12.694508089824286,2.760543465464533,6.737100000009377,0.0022457000000031258
validation,nicolas,dkitchen_ch01_seg01,DKITCHEN,10,wavelet_sym4_l3_hard_global_s0.5,wavelet,wavelet_soft,10.000000034196626,10.145950513087438,0.14595047889081236,9.933964624359753,10.031204633762043,0.09724000940228983,1.2358999999833031,0.00041196666666110104
validation,nicolas,dkitchen_ch01_seg02,DKITCHEN,-5,noisy,baseline,noisy,-4.999999570921227,-4.999999570921227,0.0,-5.019603535776039,-5.019603535776039,0.0,0.023300000066228677,7.766666688742893e-06
validation,nicolas,dkitchen_ch01_seg02,DKITCHEN,-5,stft_subtraction_default_initial,stft_subtraction_default,stft_subtraction,-4.999999570921227,3.742483282464331,8.742482853385557,-5.019603535776039,1.4517885634756713,6.47139209925171,11.484999999993306,0.003828333333331102
validation,nicolas,dkitchen_ch01_seg02,DKITCHEN,-5,stft_wiener_default_initial,stft_wiener_default,stft_wiener,-4.999999570921227,1.3923621784198505,6.392361749341077,-5.019603535776039,-1.5563759363715741,3.4632275994044646,7.4904000000515225,0.002496800000017174
validation,nicolas,dkitchen_ch01_seg02,DKITCHEN,-5,wavelet_default_db4_l5_soft,wavelet_default,wavelet_soft,-4.999999570921227,-4.854479286276113,0.14552028464511402,-5.019603535776039,-8.803959851355675,-3.784356315579636,2.679499999885593,0.000893166666628531
validation,nicolas,dkitchen_ch01_seg02,DKITCHEN,-5,sub_n512_h160_low_energy_q0.35_a1.5_f0.02,stft_subtraction,stft_subtraction,-4.999999570921227,1.2299913433627383,6.229990914283965,-5.019603535776039,-0.9694359510016375,4.050167584774401,10.476300000163974,0.003492100000054658
validation,nicolas,dkitchen_ch01_seg02,DKITCHEN,-5,wiener_n512_h160_low_energy_q0.35_f0.05,stft_wiener,stft_wiener,-4.999999570921227,-2.821884004641933,2.1781155662792937,-5.019603535776039,-3.875284076619274,1.1443194591567645,5.343299999822193,0.001781099999940731
validation,nicolas,dkitchen_ch01_seg02,DKITCHEN,-5,wavelet_sym4_l3_hard_global_s0.5,wavelet,wavelet_soft,-4.999999570921227,-4.590544192770143,0.40945537815108324,-5.019603535776039,-4.818277977702198,0.20132555807384112,1.5047999997932493,0.0005015999999310831
validation,nicolas,dkitchen_ch01_seg02,DKITCHEN,0,noisy,baseline,noisy,3.6915926185870805e-07,3.6915926185870805e-07,0.0,-0.03708008346515872,-0.03708008346515872,0.0,0.02230000018244027,7.433333394146757e-06
validation,nicolas,dkitchen_ch01_seg02,DKITCHEN,0,stft_subtraction_default_initial,stft_subtraction_default,stft_subtraction,3.6915926185870805e-07,4.942927573882295,4.942927204723032,-0.03708008346515872,4.0841619361706165,4.121242019635775,9.824700000081066,0.003274900000027022
validation,nicolas,dkitchen_ch01_seg02,DKITCHEN,0,stft_wiener_default_initial,stft_wiener_default,stft_wiener,3.6915926185870805e-07,4.343397752065707,4.343397382906445,-0.03708008346515872,2.3788639287881743,2.415944012253333,7.681099999899743,0.002560366666633248
validation,nicolas,dkitchen_ch01_seg02,DKITCHEN,0,wavelet_default_db4_l5_soft,wavelet_default,wavelet_soft,3.6915926185870805e-07,-0.10432722651818743,-0.10432759567744929,-0.03708008346515872,-2.396733875911083,-2.359653792445924,2.241299999923285,0.0007470999999744284
validation,nicolas,dkitchen_ch01_seg02,DKITCHEN,0,sub_n512_h160_low_energy_q0.35_a1.5_f0.02,stft_subtraction,stft_subtraction,3.6915926185870805e-07,6.283362708273428,6.2833623391141655,-0.03708008346515872,5.1947829979756825,5.231863081440841,13.17749999998341,0.00439249999999447
validation,nicolas,dkitchen_ch01_seg02,DKITCHEN,0,wiener_n512_h160_low_energy_q0.35_f0.05,stft_wiener,stft_wiener,3.6915926185870805e-07,2.5252464518137336,2.525246082654472,-0.03708008346515872,1.8455196482671599,1.8825997317323186,6.012400000145135,0.0020041333333817115
validation,nicolas,dkitchen_ch01_seg02,DKITCHEN,0,wavelet_sym4_l3_hard_global_s0.5,wavelet,wavelet_soft,3.6915926185870805e-07,0.36706688830594075,0.36706651914667887,-0.03708008346515872,0.19637724538333728,0.23345732884849602,1.4175999999679334,0.00047253333332264447
validation,nicolas,dkitchen_ch01_seg02,DKITCHEN,5,noisy,baseline,noisy,4.999999817737326,4.999999817737326,0.0,4.95307614721172,4.95307614721172,0.0,0.02119999999194988,7.066666663983294e-06
validation,nicolas,dkitchen_ch01_seg02,DKITCHEN,5,stft_subtraction_default_initial,stft_subtraction_default,stft_subtraction,4.999999817737326,5.423091628713475,0.4230918109761497,4.95307614721172,5.3820177062680274,0.42894155905630704,9.124599999950078,0.0030415333333166927
validation,nicolas,dkitchen_ch01_seg02,DKITCHEN,5,stft_wiener_default_initial,stft_wiener_default,stft_wiener,4.999999817737326,5.920183869865946,0.9201840521286204,4.95307614721172,5.037273269082455,0.08419712187073447,8.159900000009657,0.0027199666666698854
validation,nicolas,dkitchen_ch01_seg02,DKITCHEN,5,wavelet_default_db4_l5_soft,wavelet_default,wavelet_soft,4.999999817737326,4.535035445691208,-0.4649643720461176,4.95307614721172,3.277135714234899,-1.6759404329768213,3.1168000000434404,0.0010389333333478135
validation,nicolas,dkitchen_ch01_seg02,DKITCHEN,5,sub_n512_h160_low_energy_q0.35_a1.5_f0.02,stft_subtraction,stft_subtraction,4.999999817737326,10.424095961845328,5.4240961441080024,4.95307614721172,10.474620627391932,5.521544480180212,11.25369999999748,0.003751233333332493
validation,nicolas,dkitchen_ch01_seg02,DKITCHEN,5,wiener_n512_h160_low_energy_q0.35_f0.05,stft_wiener,stft_wiener,4.999999817737326,7.795890379659735,2.795890561922409,4.95307614721172,7.37937728097748,2.42630113376576,5.106699999942066,0.001702233333314022
validation,nicolas,dkitchen_ch01_seg02,DKITCHEN,5,wavelet_sym4_l3_hard_global_s0.5,wavelet,wavelet_soft,4.999999817737326,5.281658956603041,0.2816591388657157,4.95307614721172,5.151101549459881,0.19802540224816045,1.7300000001796434,0.0005766666667265478
validation,nicolas,dkitchen_ch01_seg02,DKITCHEN,10,noisy,baseline,noisy,10.000000289894198,10.000000289894198,0.0,9.947536465796073,9.947536465796073,0.0,0.02199999994445534,7.3333333148184465e-06
validation,nicolas,dkitchen_ch01_seg02,DKITCHEN,10,stft_subtraction_default_initial,stft_subtraction_default,stft_subtraction,10.000000289894198,5.597146635785469,-4.402853654108728,9.947536465796073,5.894382939420839,-4.053153526375234,10.6677999999647,0.003555933333321567
validation,nicolas,dkitchen_ch01_seg02,DKITCHEN,10,stft_wiener_default_initial,stft_wiener_default,stft_wiener,10.000000289894198,6.5514638921095125,-3.448536397784685,9.947536465796073,6.361733160302705,-3.585803305493368,6.639099999802056,0.002213033333267352
validation,nicolas,dkitchen_ch01_seg02,DKITCHEN,10,wavelet_default_db4_l5_soft,wavelet_default,wavelet_soft,10.000000289894198,8.922986730417831,-1.0770135594763666,9.947536465796073,8.283352133092148,-1.6641843327039254,1.9563999999263615,0.0006521333333087872
validation,nicolas,dkitchen_ch01_seg02,DKITCHEN,10,sub_n512_h160_low_energy_q0.35_a1.5_f0.02,stft_subtraction,stft_subtraction,10.000000289894198,13.704102135311299,3.7041018454171013,9.947536465796073,15.011218955349646,5.063682489553573,9.70380000012483,0.0032346000000416097
validation,nicolas,dkitchen_ch01_seg02,DKITCHEN,10,wiener_n512_h160_low_energy_q0.35_f0.05,stft_wiener,stft_wiener,10.000000289894198,13.066093592238868,3.0660933023446706,9.947536465796073,12.962420118715368,3.014883652919295,7.092000000056942,0.0023640000000189807
validation,nicolas,dkitchen_ch01_seg02,DKITCHEN,10,wavelet_sym4_l3_hard_global_s0.5,wavelet,wavelet_soft,10.000000289894198,10.139928939225587,0.13992864933138982,9.947536465796073,10.039493897837506,0.0919574320414327,1.7795000001115113,0.0005931666667038371
validation,nicolas,dkitchen_ch01_seg03,DKITCHEN,-5,noisy,baseline,noisy,-5.000000068811023,-5.000000068811023,0.0,-5.012170925579527,-5.012170925579527,0.0,0.022199999875738285,7.3999999585794285e-06
validation,nicolas,dkitchen_ch01_seg03,DKITCHEN,-5,stft_subtraction_default_initial,stft_subtraction_default,stft_subtraction,-5.000000068811023,3.582474539244871,8.582474608055893,-5.012170925579527,1.0926255763517139,6.104796501931241,12.848300000086965,0.004282766666695655
validation,nicolas,dkitchen_ch01_seg03,DKITCHEN,-5,stft_wiener_default_initial,stft_wiener_default,stft_wiener,-5.000000068811023,1.5046374475891824,6.504637516400205,-5.012170925579527,-1.3910798452131066,3.6210910803664205,4.840099999910308,0.0016133666666367692
validation,nicolas,dkitchen_ch01_seg03,DKITCHEN,-5,wavelet_default_db4_l5_soft,wavelet_default,wavelet_soft,-5.000000068811023,-4.855101604030879,0.14489846478014368,-5.012170925579527,-8.775451732240134,-3.7632808066606067,2.17930000007982,0.0007264333333599401
validation,nicolas,dkitchen_ch01_seg03,DKITCHEN,-5,sub_n512_h160_low_energy_q0.35_a1.5_f0.02,stft_subtraction,stft_subtraction,-5.000000068811023,1.9981791632192438,6.9981792320302665,-5.012170925579527,0.18985941223592098,5.202030337815448,9.640600000011545,0.003213533333337182
validation,nicolas,dkitchen_ch01_seg03,DKITCHEN,-5,wiener_n512_h160_low_energy_q0.35_f0.05,stft_wiener,stft_wiener,-5.000000068811023,-2.463966812483536,2.5360332563274866,-5.012170925579527,-3.3364542299952844,1.6757166955842426,5.092199999808145,0.0016973999999360483
validation,nicolas,dkitchen_ch01_seg03,DKITCHEN,-5,wavelet_sym4_l3_hard_global_s0.5,wavelet,wavelet_soft,-5.000000068811023,-4.59039126797364,0.4096088008373826,-5.012170925579527,-4.812089932936293,0.2000809926432341,1.1474999998881685,0.0003824999999627228
validation,nicolas,dkitchen_ch01_seg03,DKITCHEN,0,noisy,baseline,noisy,-3.6094628475448817e-07,-3.6094628475448817e-07,0.0,-0.03256145118991261,-0.03256145118991261,0.0,0.018400000044493936,6.133333348164645e-06
validation,nicolas,dkitchen_ch01_seg03,DKITCHEN,0,stft_subtraction_default_initial,stft_subtraction_default,stft_subtraction,-3.6094628475448817e-07,4.915489992326613,4.915490353272897,-0.03256145118991261,3.8934869049759184,3.9260483561658313,12.00979999998708,0.00400326666666236
validation,nicolas,dkitchen_ch01_seg03,DKITCHEN,0,stft_wiener_default_initial,stft_wiener_default,stft_wiener,-3.6094628475448817e-07,4.435909399037588,4.435909759983873,-0.03256145118991261,2.4852838746590535,2.5178453258489664,8.126299999958064,0.002708766666652688
validation,nicolas,dkitchen_ch01_seg03,DKITCHEN,0,wavelet_default_db4_l5_soft,wavelet_default,wavelet_soft,-3.6094628475448817e-07,-0.10758890098900911,-0.10758854004272436,-0.03256145118991261,-2.3903422032535193,-2.3577807520636065,1.3512000000446278,0.00045040000001487596
validation,nicolas,dkitchen_ch01_seg03,DKITCHEN,0,sub_n512_h160_low_energy_q0.35_a1.5_f0.02,stft_subtraction,stft_subtraction,-3.6094628475448817e-07,6.796296166900638,6.7962965278469225,-0.03256145118991261,5.824182275835148,5.85674372702506,11.023700000123426,0.003674566666707809
validation,nicolas,dkitchen_ch01_seg03,DKITCHEN,0,wiener_n512_h160_low_energy_q0.35_f0.05,stft_wiener,stft_wiener,-3.6094628475448817e-07,2.71780145003432,2.717801810980605,-0.03256145118991261,2.1415523690147245,2.1741138202046373,6.548100000145496,0.0021827000000484986
validation,nicolas,dkitchen_ch01_seg03,DKITCHEN,0,wavelet_sym4_l3_hard_global_s0.5,wavelet,wavelet_soft,-3.6094628475448817e-07,0.3690618352365039,0.3690621961827886,-0.03256145118991261,0.20507613403999755,0.23763758522991016,1.9663000000491593,0.0006554333333497198
validation,nicolas,dkitchen_ch01_seg03,DKITCHEN,5,noisy,baseline,noisy,4.999999722454146,4.999999722454146,0.0,4.95595128994736,4.95595128994736,0.0,0.024400000029345392,8.133333343115131e-06
validation,nicolas,dkitchen_ch01_seg03,DKITCHEN,5,stft_subtraction_default_initial,stft_subtraction_default,stft_subtraction,4.999999722454146,5.442220176601281,0.44222045414713484,4.95595128994736,5.32814100948404,0.3721897195366797,14.370599999892875,0.004790199999964291
validation,nicolas,dkitchen_ch01_seg03,DKITCHEN,5,stft_wiener_default_initial,stft_wiener_default,stft_wiener,4.999999722454146,5.978543232044702,0.9785435095905557,4.95595128994736,5.091059080383301,0.13510779043594123,6.332500000098662,0.002110833333366221
validation,nicolas,dkitchen_ch01_seg03,DKITCHEN,5,wavelet_default_db4_l5_soft,wavelet_default,wavelet_soft,4.999999722454146,4.533260821878491,-0.46673890057565526,4.95595128994736,3.2808771760314404,-1.6750741139159198,1.4901999998073734,0.0004967333332691245
validation,nicolas,dkitchen_ch01_seg03,DKITCHEN,5,sub_n512_h160_low_energy_q0.35_a1.5_f0.02,stft_subtraction,stft_subtraction,4.999999722454146,10.692109567834002,5.692109845379856,4.95595128994736,10.576538631524596,5.620587341577235,11.470200000076147,0.0038234000000253823
validation,nicolas,dkitchen_ch01_seg03,DKITCHEN,5,wiener_n512_h160_low_energy_q0.35_f0.05,stft_wiener,stft_wiener,4.999999722454146,7.808841112131299,2.808841389677153,4.95595128994736,7.412410418303521,2.456459128356161,8.239000000003216,0.0027463333333344053
validation,nicolas,dkitchen_ch01_seg03,DKITCHEN,5,wavelet_sym4_l3_hard_global_s0.5,wavelet,wavelet_soft,4.999999722454146,5.282156120227156,0.2821563977730097,4.95595128994736,5.1540253023505755,0.19807401240321543,1.7897000000175467,0.0005965666666725156
validation,nicolas,dkitchen_ch01_seg03,DKITCHEN,10,noisy,baseline,noisy,9.999999825605315,9.999999825605315,0.0,9.949484900973895,9.949484900973895,0.0,0.02380000000812288,7.93333333604096e-06
validation,nicolas,dkitchen_ch01_seg03,DKITCHEN,10,stft_subtraction_default_initial,stft_subtraction_default,stft_subtraction,9.999999825605315,5.61649707867165,-4.383502746933664,9.949484900973895,5.90579177121148,-4.043693129762414,13.781000000108179,0.004593666666702727
validation,nicolas,dkitchen_ch01_seg03,DKITCHEN,10,stft_wiener_default_initial,stft_wiener_default,stft_wiener,9.999999825605315,6.57276187067259,-3.4272379549327248,9.949484900973895,6.370942734125259,-3.578542166848636,8.109399999966627,0.0027031333333222087
validation,nicolas,dkitchen_ch01_seg03,DKITCHEN,10,wavelet_default_db4_l5_soft,wavelet_default,wavelet_soft,9.999999825605315,8.931531543751323,-1.068468281853992,9.949484900973895,8.294986665217184,-1.6544982357567104,2.201400000103604,0.0007338000000345346
validation,nicolas,dkitchen_ch01_seg03,DKITCHEN,10,sub_n512_h160_low_energy_q0.35_a1.5_f0.02,stft_subtraction,stft_subtraction,9.999999825605315,13.977447652477244,3.977447826871929,9.949484900973895,15.05167032525234,5.102185424278446,12.637000000040643,0.004212333333346881
validation,nicolas,dkitchen_ch01_seg03,DKITCHEN,10,wiener_n512_h160_low_energy_q0.35_f0.05,stft_wiener,stft_wiener,9.999999825605315,13.106673294622588,3.1066734690172737,9.949484900973895,12.936531637194648,2.987046736220753,8.333399999855828,0.002777799999951943
validation,nicolas,dkitchen_ch01_seg03,DKITCHEN,10,wavelet_sym4_l3_hard_global_s0.5,wavelet,wavelet_soft,9.999999825605315,10.13949976008692,0.1394999344816057,9.949484900973895,10.040215057900925,0.09073015692703024,1.365900000109832,0.0004553000000366107
validation,nicolas,ooffice_ch01_seg01,OOFFICE,-5,noisy,baseline,noisy,-4.999999608989044,-4.999999608989044,0.0,-5.02474271108081,-5.02474271108081,0.0,0.022599999965677853,7.533333321892617e-06
validation,nicolas,ooffice_ch01_seg01,OOFFICE,-5,stft_subtraction_default_initial,stft_subtraction_default,stft_subtraction,-4.999999608989044,-2.0546374121106012,2.9453621968784427,-5.02474271108081,-6.449799505262969,-1.4250567941821588,11.793299999908413,0.003931099999969471
validation,nicolas,ooffice_ch01_seg01,OOFFICE,-5,stft_wiener_default_initial,stft_wiener_default,stft_wiener,-4.999999608989044,-3.44307935701761,1.5569202519714338,-5.02474271108081,-6.837903768826709,-1.8131610577458988,7.744900000034249,0.0025816333333447497
validation,nicolas,ooffice_ch01_seg01,OOFFICE,-5,wavelet_default_db4_l5_soft,wavelet_default,wavelet_soft,-4.999999608989044,-5.015261325839797,-0.015261716850752727,-5.02474271108081,-5.543369787597403,-0.5186270765165926,1.5474000001631794,0.0005158000000543931
validation,nicolas,ooffice_ch01_seg01,OOFFICE,-5,sub_n512_h160_low_energy_q0.35_a1.5_f0.02,stft_subtraction,stft_subtraction,-4.999999608989044,-2.4540007479581836,2.5459988610308604,-5.02474271108081,-4.434354513247001,0.5903881978338088,14.421599999877799,0.004807199999959266
validation,nicolas,ooffice_ch01_seg01,OOFFICE,-5,wiener_n512_h160_low_energy_q0.35_f0.05,stft_wiener,stft_wiener,-4.999999608989044,-4.265509911902028,0.7344896970870156,-5.02474271108081,-5.098036344671374,-0.07329363359056362,7.0588999999472435,0.002352966666649081
validation,nicolas,ooffice_ch01_seg01,OOFFICE,-5,wavelet_sym4_l3_hard_global_s0.5,wavelet,wavelet_soft,-4.999999608989044,-5.000942929089471,-0.0009433201004274139,-5.02474271108081,-5.040207118135726,-0.015464407054915696,1.8240000001696899,0.0006080000000565633
validation,nicolas,ooffice_ch01_seg01,OOFFICE,0,noisy,baseline,noisy,2.5264439344584746e-07,2.5264439344584746e-07,0.0,-0.03978996558462864,-0.03978996558462864,0.0,0.0380000001314329,1.2666666710477633e-05
validation,nicolas,ooffice_ch01_seg01,OOFFICE,0,stft_subtraction_default_initial,stft_subtraction_default,stft_subtraction,2.5264439344584746e-07,1.6729925910220467,1.6729923383776533,-0.03978996558462864,-1.8702642373619105,-1.830474271777282,12.491799999907016,0.004163933333302339
validation,nicolas,ooffice_ch01_seg01,OOFFICE,0,stft_wiener_default_initial,stft_wiener_default,stft_wiener,2.5264439344584746e-07,0.802261278329153,0.8022610256847595,-0.03978996558462864,-2.216896792101836,-2.1771068265172073,6.187299999965035,0.0020624333333216782
validation,nicolas,ooffice_ch01_seg01,OOFFICE,0,wavelet_default_db4_l5_soft,wavelet_default,wavelet_soft,2.5264439344584746e-07,-0.054512135798396213,-0.05451238844278966,-0.03978996558462864,-0.5302551523678332,-0.4904651867832045,2.4791999999251857,0.0008263999999750619
validation,nicolas,ooffice_ch01_seg01,OOFFICE,0,sub_n512_h160_low_energy_q0.35_a1.5_f0.02,stft_subtraction,stft_subtraction,2.5264439344584746e-07,2.5525716212639296,2.552571368619536,-0.03978996558462864,1.2314718391454629,1.2712618047300914,62.92150000012953,0.020973833333376508
validation,nicolas,ooffice_ch01_seg01,OOFFICE,0,wiener_n512_h160_low_energy_q0.35_f0.05,stft_wiener,stft_wiener,2.5264439344584746e-07,0.8258788103344673,0.8258785576900739,-0.03978996558462864,0.2784448250120702,0.31823479059669885,14.017499999908978,0.004672499999969659
validation,nicolas,ooffice_ch01_seg01,OOFFICE,0,wavelet_sym4_l3_hard_global_s0.5,wavelet,wavelet_soft,2.5264439344584746e-07,-0.003905138276389945,-0.003905390920783391,-0.03978996558462864,-0.05460822476092643,-0.01481825917629779,1.2354999998933636,0.0004118333332977879
validation,nicolas,ooffice_ch01_seg01,OOFFICE,5,noisy,baseline,noisy,4.99999979379658,4.99999979379658,0.0,4.95173649784374,4.95173649784374,0.0,0.035499999967214535,1.1833333322404846e-05
validation,nicolas,ooffice_ch01_seg01,OOFFICE,5,stft_subtraction_default_initial,stft_subtraction_default,stft_subtraction,4.99999979379658,4.0857820527338955,-0.9142177410626848,4.95173649784374,1.9849065016504857,-2.9668299961932543,27.792900000122245,0.009264300000040748
validation,nicolas,ooffice_ch01_seg01,OOFFICE,5,stft_wiener_default_initial,stft_wiener_default,stft_wiener,4.99999979379658,4.013504576060818,-0.9864952177357624,4.95173649784374,1.8439032811102445,-3.1078332167334954,8.20760000010523,0.0027358666667017437
validation,nicolas,ooffice_ch01_seg01,OOFFICE,5,wavelet_default_db4_l5_soft,wavelet_default,wavelet_soft,4.99999979379658,4.82596430976156,-0.17403548403502,4.95173649784374,4.383295571185406,-0.5684409266583339,3.0638999999155203,0.0010212999999718402
validation,nicolas,ooffice_ch01_seg01,OOFFICE,5,sub_n512_h160_low_energy_q0.35_a1.5_f0.02,stft_subtraction,stft_subtraction,4.99999979379658,7.296068019043086,2.296068225246506,4.95173649784374,6.546965577901153,1.595229080057413,15.955299999859562,0.005318433333286521
validation,nicolas,ooffice_ch01_seg01,OOFFICE,5,wiener_n512_h160_low_energy_q0.35_f0.05,stft_wiener,stft_wiener,4.99999979379658,5.892315560279451,0.8923157664828709,4.95173649784374,5.512491170254174,0.5607546724104342,8.194199999934426,0.002731399999978142
validation,nicolas,ooffice_ch01_seg01,OOFFICE,5,wavelet_sym4_l3_hard_global_s0.5,wavelet,wavelet_soft,4.99999979379658,4.987465054861115,-0.012534738935465306,4.95173649784374,4.930035064541883,-0.02170143330185681,2.1064000000023952,0.0007021333333341317
validation,nicolas,ooffice_ch01_seg01,OOFFICE,10,noisy,baseline,noisy,9.999999810760574,9.999999810760574,0.0,9.946968122451818,9.946968122451818,0.0,0.02429999995001708,8.099999983339027e-06
validation,nicolas,ooffice_ch01_seg01,OOFFICE,10,stft_subtraction_default_initial,stft_subtraction_default,stft_subtraction,9.999999810760574,5.197105164714779,-4.802894646045795,9.946968122451818,4.521323075280625,-5.425645047171193,14.004300000124204,0.0046681000000414015
validation,nicolas,ooffice_ch01_seg01,OOFFICE,10,stft_wiener_default_initial,stft_wiener_default,stft_wiener,9.999999810760574,5.82697239752204,-4.173027413238534,9.946968122451818,4.779951589131069,-5.167016533320749,7.724199999984194,0.0025747333333280644
validation,nicolas,ooffice_ch01_seg01,OOFFICE,10,wavelet_default_db4_l5_soft,wavelet_default,wavelet_soft,9.999999810760574,9.468587630460847,-0.5314121802997267,9.946968122451818,9.08129590192369,-0.8656722205281273,1.5748000000712636,0.0005249333333570879
validation,nicolas,ooffice_ch01_seg01,OOFFICE,10,sub_n512_h160_low_energy_q0.35_a1.5_f0.02,stft_subtraction,stft_subtraction,9.999999810760574,11.375960674949186,1.3759608641886114,9.946968122451818,11.447059785387303,1.5000916629354855,11.01210000001629,0.00367070000000543
validation,nicolas,ooffice_ch01_seg01,OOFFICE,10,wiener_n512_h160_low_energy_q0.35_f0.05,stft_wiener,stft_wiener,9.999999810760574,10.80080165673402,0.8008018459734458,9.946968122451818,10.624370804588725,0.6774026821369077,7.062099999984639,0.002354033333328213
validation,nicolas,ooffice_ch01_seg01,OOFFICE,10,wavelet_sym4_l3_hard_global_s0.5,wavelet,wavelet_soft,9.999999810760574,9.960426565797361,-0.03957324496321313,9.946968122451818,9.898900488740459,-0.04806763371135858,2.096899999969537,0.0006989666666565123
validation,nicolas,ooffice_ch01_seg02,OOFFICE,-5,noisy,baseline,noisy,-4.999999834404311,-4.999999834404311,0.0,-4.984835623766722,-4.984835623766722,0.0,0.020500000118772732,6.833333372924244e-06
validation,nicolas,ooffice_ch01_seg02,OOFFICE,-5,stft_subtraction_default_initial,stft_subtraction_default,stft_subtraction,-4.999999834404311,3.885302084206546,8.885301918610857,-4.984835623766722,1.655070075207822,6.639905698974545,11.708699999871897,0.003902899999957299
validation,nicolas,ooffice_ch01_seg02,OOFFICE,-5,stft_wiener_default_initial,stft_wiener_default,stft_wiener,-4.999999834404311,2.0878835334247094,7.08788336782902,-4.984835623766722,-0.6852480009616271,4.299587622805095,6.959000000051674,0.0023196666666838914
validation,nicolas,ooffice_ch01_seg02,OOFFICE,-5,wavelet_default_db4_l5_soft,wavelet_default,wavelet_soft,-4.999999834404311,-5.013383145913101,-0.013383311508790463,-4.984835623766722,-5.50130934207618,-0.5164737183094577,2.050900000085676,0.0006836333333618919
validation,nicolas,ooffice_ch01_seg02,OOFFICE,-5,sub_n512_h160_low_energy_q0.35_a1.5_f0.02,stft_subtraction,stft_subtraction,-4.999999834404311,-0.4021295243632821,4.597870310041029,-4.984835623766722,-2.646082374624804,2.3387532491419183,9.863400000085676,0.0032878000000285588
validation,nicolas,ooffice_ch01_seg02,OOFFICE,-5,wiener_n512_h160_low_energy_q0.35_f0.05,stft_wiener,stft_wiener,-4.999999834404311,-3.5860357750125944,1.4139640593917164,-4.984835623766722,-4.680322021798831,0.30451360196789157,5.3003000000444445,0.0017667666666814814
validation,nicolas,ooffice_ch01_seg02,OOFFICE,-5,wavelet_sym4_l3_hard_global_s0.5,wavelet,wavelet_soft,-4.999999834404311,-5.0007359360465475,-0.0007361016422366973,-4.984835623766722,-4.999454710046509,-0.014619086279786586,1.7556000000240601,0.0005852000000080201
validation,nicolas,ooffice_ch01_seg02,OOFFICE,0,noisy,baseline,noisy,1.9750509680686254e-07,1.9750509680686254e-07,0.0,-0.01711338718045912,-0.01711338718045912,0.0,0.019199999996999395,6.399999998999799e-06
validation,nicolas,ooffice_ch01_seg02,OOFFICE,0,stft_subtraction_default_initial,stft_subtraction_default,stft_subtraction,1.9750509680686254e-07,5.048444535073855,5.048444337568759,-0.01711338718045912,4.184614684106041,4.2017280712865,10.52920000006452,0.00350973333335484
validation,nicolas,ooffice_ch01_seg02,OOFFICE,0,stft_wiener_default_initial,stft_wiener_default,stft_wiener,1.9750509680686254e-07,4.713969961830165,4.713969764325069,-0.01711338718045912,2.932114893777843,2.949228280958302,6.379500000093685,0.0021265000000312284
validation,nicolas,ooffice_ch01_seg02,OOFFICE,0,wavelet_default_db4_l5_soft,wavelet_default,wavelet_soft,1.9750509680686254e-07,-0.051494970812392,-0.05149516831748881,-0.01711338718045912,-0.5030649269910891,-0.48595153981062994,1.5267999999650783,0.0005089333333216928
validation,nicolas,ooffice_ch01_seg02,OOFFICE,0,sub_n512_h160_low_energy_q0.35_a1.5_f0.02,stft_subtraction,stft_subtraction,1.9750509680686254e-07,5.023787000586388,5.0237868030812916,-0.01711338718045912,3.799251017267063,3.816364404447522,10.425499999882959,0.003475166666627653
validation,nicolas,ooffice_ch01_seg02,OOFFICE,0,wiener_n512_h160_low_energy_q0.35_f0.05,stft_wiener,stft_wiener,1.9750509680686254e-07,1.813120651104028,1.8131204535989314,-0.01711338718045912,1.190067574150392,1.2071809613308513,5.524600000171631,0.0018415333333905437
validation,nicolas,ooffice_ch01_seg02,OOFFICE,0,wavelet_sym4_l3_hard_global_s0.5,wavelet,wavelet_soft,1.9750509680686254e-07,-0.003560048526376031,-0.0035602460314728378,-0.01711338718045912,-0.031022017137034494,-0.013908629956575373,1.6006999999262916,0.0005335666666420972
validation,nicolas,ooffice_ch01_seg02,OOFFICE,5,noisy,baseline,noisy,5.000000091487272,5.000000091487272,0.0,4.964682560655332,4.964682560655332,0.0,0.019699999938893598,6.5666666462978656e-06
validation,nicolas,ooffice_ch01_seg02,OOFFICE,5,stft_subtraction_default_initial,stft_subtraction_default,stft_subtraction,5.000000091487272,5.484511460363963,0.48451136887669133,4.964682560655332,5.419882106715259,0.4551995460599274,9.087200000067241,0.0030290666666890806
validation,nicolas,ooffice_ch01_seg02,OOFFICE,5,stft_wiener_default_initial,stft_wiener_default,stft_wiener,5.000000091487272,6.042639161886486,1.0426390703992139,4.964682560655332,5.2479366818341,0.2832541211787678,4.807299999811221,0.001602433333270407
validation,nicolas,ooffice_ch01_seg02,OOFFICE,5,wavelet_default_db4_l5_soft,wavelet_default,wavelet_soft,5.000000091487272,4.830845415468369,-0.16915467601890288,4.964682560655332,4.401693965179083,-0.5629885954762486,1.382799999873896,0.00046093333329129865
validation,nicolas,ooffice_ch01_seg02,OOFFICE,5,sub_n512_h160_low_energy_q0.35_a1.5_f0.02,stft_subtraction,stft_subtraction,5.000000091487272,9.614276495431378,4.614276403944106,4.964682560655332,9.258853319526818,4.294170758871486,9.787700000060795,0.0032625666666869315
validation,nicolas,ooffice_ch01_seg02,OOFFICE,5,wiener_n512_h160_low_energy_q0.35_f0.05,stft_wiener,stft_wiener,5.000000091487272,6.97689626563045,1.976896174143178,4.964682560655332,6.586517154098591,1.6218345934432596,6.232599999975719,0.0020775333333252397
validation,nicolas,ooffice_ch01_seg02,OOFFICE,5,wavelet_sym4_l3_hard_global_s0.5,wavelet,wavelet_soft,5.000000091487272,4.988358791670744,-0.011641299816528061,4.964682560655332,4.9443787896187565,-0.020303771036575213,1.6026999999212421,0.0005342333333070807
validation,nicolas,ooffice_ch01_seg02,OOFFICE,10,noisy,baseline,noisy,10.00000018108852,10.00000018108852,0.0,9.95442902661518,9.95442902661518,0.0,0.019099999917671084,6.366666639223695e-06
validation,nicolas,ooffice_ch01_seg02,OOFFICE,10,stft_subtraction_default_initial,stft_subtraction_default,stft_subtraction,10.00000018108852,5.6246165700506765,-4.375383611037844,9.95442902661518,5.903988756976424,-4.050440269638757,10.935499999959575,0.0036451666666531914
validation,nicolas,ooffice_ch01_seg02,OOFFICE,10,stft_wiener_default_initial,stft_wiener_default,stft_wiener,10.00000018108852,6.559424552817529,-3.4405756282709916,9.95442902661518,6.35934001844121,-3.5950890081739706,5.114600000069913,0.001704866666689971
validation,nicolas,ooffice_ch01_seg02,OOFFICE,10,wavelet_default_db4_l5_soft,wavelet_default,wavelet_soft,10.00000018108852,9.47951071455422,-0.5204894665343005,9.95442902661518,9.09948768697173,-0.8549413396434513,1.5442000001257838,0.0005147333333752613
validation,nicolas,ooffice_ch01_seg02,OOFFICE,10,sub_n512_h160_low_energy_q0.35_a1.5_f0.02,stft_subtraction,stft_subtraction,10.00000018108852,13.593725471897056,3.5937252908085355,9.95442902661518,14.37926034180498,4.424831315189799,9.894399999893722,0.003298133333297907
validation,nicolas,ooffice_ch01_seg02,OOFFICE,10,wiener_n512_h160_low_energy_q0.35_f0.05,stft_wiener,stft_wiener,10.00000018108852,12.29374661231861,2.2937464312300904,9.95442902661518,12.152775394315082,2.1983463676999015,4.795100000137609,0.0015983666667125362
validation,nicolas,ooffice_ch01_seg02,OOFFICE,10,wavelet_sym4_l3_hard_global_s0.5,wavelet,wavelet_soft,10.00000018108852,9.961619986334597,-0.03838019475392329,9.95442902661518,9.907747283027437,-0.046681743587743796,1.1712000000443368,0.0003904000000147789
validation,nicolas,ooffice_ch01_seg03,OOFFICE,-5,noisy,baseline,noisy,-4.999999821317288,-4.999999821317288,0.0,-4.999818245461091,-4.999818245461091,0.0,0.01900000006571645,6.333333355238817e-06
validation,nicolas,ooffice_ch01_seg03,OOFFICE,-5,stft_subtraction_default_initial,stft_subtraction_default,stft_subtraction,-4.999999821317288,2.4351223762260257,7.435122197543313,-4.999818245461091,-0.7739536456872256,4.225864599773866,10.512699999935649,0.0035042333333118827
validation,nicolas,ooffice_ch01_seg03,OOFFICE,-5,stft_wiener_default_initial,stft_wiener_default,stft_wiener,-4.999999821317288,0.1803901396161711,5.180389960933459,-4.999818245461091,-2.920661305770778,2.079156939690313,6.3070999999581545,0.0021023666666527183
validation,nicolas,ooffice_ch01_seg03,OOFFICE,-5,wavelet_default_db4_l5_soft,wavelet_default,wavelet_soft,-4.999999821317288,-5.011857497557441,-0.01185767624015277,-4.999818245461091,-5.521403060143496,-0.5215848146824049,1.474999999800275,0.0004916666666000916
validation,nicolas,ooffice_ch01_seg03,OOFFICE,-5,sub_n512_h160_low_energy_q0.35_a1.5_f0.02,stft_subtraction,stft_subtraction,-4.999999821317288,0.6982598473906082,5.698259668707896,-4.999818245461091,-1.5552920846645701,3.4445261607965207,10.914199999888297,0.0036380666666294323
validation,nicolas,ooffice_ch01_seg03,OOFFICE,-5,wiener_n512_h160_low_energy_q0.35_f0.05,stft_wiener,stft_wiener,-4.999999821317288,-3.0559000479964245,1.9440997733208634,-4.999818245461091,-4.164843350963022,0.8349748944980693,6.442999999990207,0.0021476666666634023
validation,nicolas,ooffice_ch01_seg03,OOFFICE,-5,wavelet_sym4_l3_hard_global_s0.5,wavelet,wavelet_soft,-4.999999821317288,-5.000496602977385,-0.0004967816600975894,-4.999818245461091,-5.014792039405318,-0.014973793944227154,1.277799999797935,0.0004259333332659783
validation,nicolas,ooffice_ch01_seg03,OOFFICE,0,noisy,baseline,noisy,1.9228891187553323e-07,1.9228891187553323e-07,0.0,-0.025759512722096086,-0.025759512722096086,0.0,0.01910000014504476,6.36666671501492e-06
validation,nicolas,ooffice_ch01_seg03,OOFFICE,0,stft_subtraction_default_initial,stft_subtraction_default,stft_subtraction,1.9228891187553323e-07,4.433285159188748,4.433284966899836,-0.025759512722096086,2.6900394096308906,2.715798922352987,10.02680000010514,0.0033422666667017134
validation,nicolas,ooffice_ch01_seg03,OOFFICE,0,stft_wiener_default_initial,stft_wiener_default,stft_wiener,1.9228891187553323e-07,3.570107067521189,3.570106875232277,-0.025759512722096086,1.2354829309526216,1.2612424436747176,6.406199999901219,0.0021353999999670728
validation,nicolas,ooffice_ch01_seg03,OOFFICE,0,wavelet_default_db4_l5_soft,wavelet_default,wavelet_soft,1.9228891187553323e-07,-0.0501953852872211,-0.05019557757613298,-0.025759512722096086,-0.5112406165030069,-0.4854811037809108,1.9990000000689179,0.000666333333356306
validation,nicolas,ooffice_ch01_seg03,OOFFICE,0,sub_n512_h160_low_energy_q0.35_a1.5_f0.02,stft_subtraction,stft_subtraction,1.9228891187553323e-07,5.7805717445750755,5.780571552286164,-0.025759512722096086,4.600478504862268,4.626238017584364,15.305399999988367,0.005101799999996122
validation,nicolas,ooffice_ch01_seg03,OOFFICE,0,wiener_n512_h160_low_energy_q0.35_f0.05,stft_wiener,stft_wiener,1.9228891187553323e-07,2.178020657574677,2.178020465285765,-0.025759512722096086,1.4803137729904583,1.5060732857125543,6.466899999850284,0.002155633333283428
validation,nicolas,ooffice_ch01_seg03,OOFFICE,0,wavelet_sym4_l3_hard_global_s0.5,wavelet,wavelet_soft,1.9228891187553323e-07,-0.0036688394928241475,-0.0036690317817360233,-0.025759512722096086,-0.04056728814137164,-0.01480777541927555,1.7674999999144347,0.0005891666666381449
validation,nicolas,ooffice_ch01_seg03,OOFFICE,5,noisy,baseline,noisy,5.000000074964795,5.000000074964795,0.0,4.959618417976572,4.959618417976572,0.0,0.019199999996999395,6.399999998999799e-06
validation,nicolas,ooffice_ch01_seg03,OOFFICE,5,stft_subtraction_default_initial,stft_subtraction_default,stft_subtraction,5.000000074964795,5.3117088906604994,0.3117088156957042,4.959618417976572,4.7880684758432945,-0.1715499421332778,10.969899999963673,0.003656633333321224
validation,nicolas,ooffice_ch01_seg03,OOFFICE,5,stft_wiener_default_initial,stft_wiener_default,stft_wiener,5.000000074964795,5.601941274456071,0.601941199491276,4.959618417976572,4.348804369448573,-0.6108140485279989,6.287500000098589,0.0020958333333661963
validation,nicolas,ooffice_ch01_seg03,OOFFICE,5,wavelet_default_db4_l5_soft,wavelet_default,wavelet_soft,5.000000074964795,4.8325143072742325,-0.16748576769056278,4.959618417976572,4.400192130844821,-0.5594262871317515,2.8863000000001193,0.0009621000000000398
validation,nicolas,ooffice_ch01_seg03,OOFFICE,5,sub_n512_h160_low_energy_q0.35_a1.5_f0.02,stft_subtraction,stft_subtraction,5.000000074964795,10.692710999806316,5.692710924841521,4.959618417976572,10.59730549983065,5.637687081854078,14.86109999996188,0.004953699999987293
validation,nicolas,ooffice_ch01_seg03,OOFFICE,5,wiener_n512_h160_low_energy_q0.35_f0.05,stft_wiener,stft_wiener,5.000000074964795,7.633160731812206,2.6331606568474104,4.959618417976572,7.272210744887698,2.3125923269111253,6.4770000001317385,0.0021590000000439127
validation,nicolas,ooffice_ch01_seg03,OOFFICE,5,wavelet_sym4_l3_hard_global_s0.5,wavelet,wavelet_soft,5.000000074964795,4.987704689396008,-0.012295385568787509,4.959618417976572,4.938125442538375,-0.02149297543819717,1.9730999999865162,0.0006576999999955054
validation,nicolas,ooffice_ch01_seg03,OOFFICE,10,noisy,baseline,noisy,9.999999893613149,9.999999893613149,0.0,9.951384877093346,9.951384877093346,0.0,0.024100000018734136,8.033333339578045e-06
validation,nicolas,ooffice_ch01_seg03,OOFFICE,10,stft_subtraction_default_initial,stft_subtraction_default,stft_subtraction,9.999999893613149,5.612523770295674,-4.387476123317475,9.951384877093346,5.724499371432495,-4.226885505660851,13.641499999948792,0.0045471666666495976
validation,nicolas,ooffice_ch01_seg03,OOFFICE,10,stft_wiener_default_initial,stft_wiener_default,stft_wiener,9.999999893613149,6.4753403102523865,-3.524659583360762,9.951384877093346,6.060200827094359,-3.891184049998987,7.046799999898212,0.0023489333332994042
validation,nicolas,ooffice_ch01_seg03,OOFFICE,10,wavelet_default_db4_l5_soft,wavelet_default,wavelet_soft,9.999999893613149,9.479854069953234,-0.5201458236599148,9.951384877093346,9.097993624659058,-0.8533912524342888,1.9552999999632448,0.000651766666654415
validation,nicolas,ooffice_ch01_seg03,OOFFICE,10,sub_n512_h160_low_energy_q0.35_a1.5_f0.02,stft_subtraction,stft_subtraction,9.999999893613149,14.185132085836615,4.185132192223467,9.951384877093346,15.195551553212507,5.2441666761191605,13.324499999953332,0.004441499999984444
validation,nicolas,ooffice_ch01_seg03,OOFFICE,10,wiener_n512_h160_low_energy_q0.35_f0.05,stft_wiener,stft_wiener,9.999999893613149,12.770786411838904,2.770786518225755,9.951384877093346,12.631792181876198,2.680407304782852,6.863100000146005,0.0022877000000486683
validation,nicolas,ooffice_ch01_seg03,OOFFICE,10,wavelet_sym4_l3_hard_global_s0.5,wavelet,wavelet_soft,9.999999893613149,9.96039551918605,-0.039604374427097966,9.951384877093346,9.903204242990968,-0.04818063410237805,1.542299999982788,0.0005140999999942627
validation,theo,dkitchen_ch01_seg01,DKITCHEN,-5,noisy,baseline,noisy,-5.000000397232492,-5.000000397232492,0.0,-5.001037282438371,-5.001037282438371,0.0,0.0201999998807878,6.733333293595933e-06
validation,theo,dkitchen_ch01_seg01,DKITCHEN,-5,stft_subtraction_default_initial,stft_subtraction_default,stft_subtraction,-5.000000397232492,-0.6188284736272603,4.3811719236052316,-5.001037282438371,-8.183833985021584,-3.1827967025832136,12.813000000051034,0.004271000000017011
validation,theo,dkitchen_ch01_seg01,DKITCHEN,-5,stft_wiener_default_initial,stft_wiener_default,stft_wiener,-5.000000397232492,-2.7030863307357396,2.2969140664967527,-5.001037282438371,-8.625278525700391,-3.624241243262021,6.50749999999789,0.0021691666666659635
validation,theo,dkitchen_ch01_seg01,DKITCHEN,-5,wavelet_default_db4_l5_soft,wavelet_default,wavelet_soft,-5.000000397232492,-4.901403143912196,0.09859725332029612,-5.001037282438371,-9.166175107453938,-4.1651378250155675,1.779400000032183,0.000593133333344061
validation,theo,dkitchen_ch01_seg01,DKITCHEN,-5,sub_n512_h160_low_energy_q0.35_a1.5_f0.02,stft_subtraction,stft_subtraction,-5.000000397232492,0.9596068669493386,5.959607264181831,-5.001037282438371,-1.3912332349079506,3.60980404753042,12.786999999889304,0.004262333333296435
validation,theo,dkitchen_ch01_seg01,DKITCHEN,-5,wiener_n512_h160_low_energy_q0.35_f0.05,stft_wiener,stft_wiener,-5.000000397232492,-2.816635830144654,2.183364567087838,-5.001037282438371,-3.94440882173123,1.0566284607071408,7.690699999784556,0.002563566666594852
validation,theo,dkitchen_ch01_seg01,DKITCHEN,-5,wavelet_sym4_l3_hard_global_s0.5,wavelet,wavelet_soft,-5.000000397232492,-4.624163667958183,0.375836729274309,-5.001037282438371,-5.044976156739191,-0.04393887430082,1.8890000001192675,0.0006296666667064225
validation,theo,dkitchen_ch01_seg01,DKITCHEN,0,noisy,baseline,noisy,-4.0410572961335265e-07,-4.0410572961335265e-07,0.0,-0.0005818149416027666,-0.0005818149416027666,0.0,0.02130000007127819,7.100000023759397e-06
validation,theo,dkitchen_ch01_seg01,DKITCHEN,0,stft_subtraction_default_initial,stft_subtraction_default,stft_subtraction,-4.0410572961335265e-07,1.3612729434019413,1.3612733475076708,-0.0005818149416027666,-4.128540269523292,-4.127958454581689,12.575999999853593,0.0041919999999511974
validation,theo,dkitchen_ch01_seg01,DKITCHEN,0,stft_wiener_default_initial,stft_wiener_default,stft_wiener,-4.0410572961335265e-07,0.6924056333123954,0.692406037418125,-0.0005818149416027666,-4.1675720556464295,-4.166990240704827,5.8910000000196305,0.0019636666666732103
validation,theo,dkitchen_ch01_seg01,DKITCHEN,0,wavelet_default_db4_l5_soft,wavelet_default,wavelet_soft,-4.0410572961335265e-07,-0.28102239588497235,-0.28102199177924275,-0.0005818149416027666,-2.8799841348159387,-2.879402319874336,1.5525999999681517,0.0005175333333227172
validation,theo,dkitchen_ch01_seg01,DKITCHEN,0,sub_n512_h160_low_energy_q0.35_a1.5_f0.02,stft_subtraction,stft_subtraction,-4.0410572961335265e-07,6.222582227897928,6.2225826320036575,-0.0005818149416027666,5.095541117298691,5.096122932240293,13.207899999997608,0.004402633333332536
validation,theo,dkitchen_ch01_seg01,DKITCHEN,0,wiener_n512_h160_low_energy_q0.35_f0.05,stft_wiener,stft_wiener,-4.0410572961335265e-07,2.531794394876062,2.531794798981792,-0.0005818149416027666,1.9232089226871896,1.9237907376287924,5.8330000001660665,0.0019443333333886887
validation,theo,dkitchen_ch01_seg01,DKITCHEN,0,wavelet_sym4_l3_hard_global_s0.5,wavelet,wavelet_soft,-4.0410572961335265e-07,0.30244810596585314,0.30244851007158274,-0.0005818149416027666,0.05506084497934775,0.05564265992095052,1.483999999891239,0.000494666666630413
validation,theo,dkitchen_ch01_seg01,DKITCHEN,5,noisy,baseline,noisy,5.000000148406375,5.000000148406375,0.0,4.999674865672013,4.999674865672013,0.0,0.022199999875738285,7.3999999585794285e-06
validation,theo,dkitchen_ch01_seg01,DKITCHEN,5,stft_subtraction_default_initial,stft_subtraction_default,stft_subtraction,5.000000148406375,2.2425946196968334,-2.757405528709542,4.999674865672013,-1.3656102183731413,-6.365285084045154,11.560599999938859,0.003853533333312953
validation,theo,dkitchen_ch01_seg01,DKITCHEN,5,stft_wiener_default_initial,stft_wiener_default,stft_wiener,5.000000148406375,2.727432277891339,-2.272567870515036,4.999674865672013,-0.5854481310908608,-5.585122996762873,6.134199999905832,0.0020447333333019437
validation,theo,dkitchen_ch01_seg01,DKITCHEN,5,wavelet_default_db4_l5_soft,wavelet_default,wavelet_soft,5.000000148406375,4.121832669392923,-0.8781674790134524,4.999674865672013,2.668044291523115,-2.331630574148898,1.9474999999147258,0.000649166666638242
validation,theo,dkitchen_ch01_seg01,DKITCHEN,5,sub_n512_h160_low_energy_q0.35_a1.5_f0.02,stft_subtraction,stft_subtraction,5.000000148406375,11.728496162789563,6.728496014383188,4.999674865672013,11.682763941292402,6.683089075620389,13.98069999981999,0.00466023333327333
validation,theo,dkitchen_ch01_seg01,DKITCHEN,5,wiener_n512_h160_low_energy_q0.35_f0.05,stft_wiener,stft_wiener,5.000000148406375,8.1877307105528,3.1877305621464256,4.999674865672013,7.913265510165441,2.9135906444934285,7.41440000001603,0.00247146666667201
validation,theo,dkitchen_ch01_seg01,DKITCHEN,5,wavelet_sym4_l3_hard_global_s0.5,wavelet,wavelet_soft,5.000000148406375,5.202174043094081,0.2021738946877054,4.999674865672013,5.076848498204376,0.07717363253236265,1.3882999999168533,0.0004627666666389511
validation,theo,dkitchen_ch01_seg01,DKITCHEN,10,noisy,baseline,noisy,10.00000014427223,10.00000014427223,0.0,9.999818885013067,9.999818885013067,0.0,0.018799999907059828,6.266666635686609e-06
validation,theo,dkitchen_ch01_seg01,DKITCHEN,10,stft_subtraction_default_initial,stft_subtraction_default,stft_subtraction,10.00000014427223,2.5660168538522576,-7.433983290419972,9.999818885013067,0.04333692825258277,-9.956481956760484,14.443800000208284,0.0048146000000694284
validation,theo,dkitchen_ch01_seg01,DKITCHEN,10,stft_wiener_default_initial,stft_wiener_default,stft_wiener,10.00000014427223,3.6367625170364084,-6.363237627235821,9.999818885013067,1.6664224997694324,-8.333396385243635,8.056899999928646,0.0026856333333095486
validation,theo,dkitchen_ch01_seg01,DKITCHEN,10,wavelet_default_db4_l5_soft,wavelet_default,wavelet_soft,10.00000014427223,8.20870593728133,-1.7912942069908997,9.999818885013067,7.507207704349652,-2.492611180663415,2.259699999967779,0.000753233333322593
validation,theo,dkitchen_ch01_seg01,DKITCHEN,10,sub_n512_h160_low_energy_q0.35_a1.5_f0.02,stft_subtraction,stft_subtraction,10.00000014427223,15.861003625343566,5.861003481071336,9.999818885013067,16.57911697743473,6.579298092421663,13.98439999979928,0.00466146666659976
validation,theo,dkitchen_ch01_seg01,DKITCHEN,10,wiener_n512_h160_low_energy_q0.35_f0.05,stft_wiener,stft_wiener,10.00000014427223,13.537504890088272,3.537504745816042,9.999818885013067,13.392395108311604,3.392576223298537,8.064099999955943,0.0026880333333186477
validation,theo,dkitchen_ch01_seg01,DKITCHEN,10,wavelet_sym4_l3_hard_global_s0.5,wavelet,wavelet_soft,10.00000014427223,10.06283586145365,0.06283571718141978,9.999818885013067,10.001749969181212,0.0019310841681452473,2.0907000000534026,0.0006969000000178008
validation,theo,dkitchen_ch01_seg02,DKITCHEN,-5,noisy,baseline,noisy,-4.999999716363442,-4.999999716363442,0.0,-4.98888085184989,-4.98888085184989,0.0,0.02199999994445534,7.3333333148184465e-06
validation,theo,dkitchen_ch01_seg02,DKITCHEN,-5,stft_subtraction_default_initial,stft_subtraction_default,stft_subtraction,-4.999999716363442,1.6330363985179148,6.633036114881357,-4.98888085184989,-3.400384808674719,1.5884960431751711,18.128499999875203,0.0060428333332917345
validation,theo,dkitchen_ch01_seg02,DKITCHEN,-5,stft_wiener_default_initial,stft_wiener_default,stft_wiener,-4.999999716363442,0.39648816927175234,5.396487885635194,-4.98888085184989,-4.657023688793156,0.33185716305673374,8.395600000085324,0.0027985333333617746
validation,theo,dkitchen_ch01_seg02,DKITCHEN,-5,wavelet_default_db4_l5_soft,wavelet_default,wavelet_soft,-4.999999716363442,-4.912670483770358,0.0873292325930839,-4.98888085184989,-9.101358128166252,-4.112477276316362,2.1550999999817577,0.0007183666666605859
validation,theo,dkitchen_ch01_seg02,DKITCHEN,-5,sub_n512_h160_low_energy_q0.35_a1.5_f0.02,stft_subtraction,stft_subtraction,-4.999999716363442,2.064864039317137,7.064863755680579,-4.98888085184989,0.21209564092361244,5.200976492773503,14.549499999930049,0.004849833333310016
validation,theo,dkitchen_ch01_seg02,DKITCHEN,-5,wiener_n512_h160_low_energy_q0.35_f0.05,stft_wiener,stft_wiener,-4.999999716363442,-2.441347999860438,2.5586517165030043,-4.98888085184989,-3.334955229701244,1.653925622148646,7.545700000036959,0.002515233333345653
validation,theo,dkitchen_ch01_seg02,DKITCHEN,-5,wavelet_sym4_l3_hard_global_s0.5,wavelet,wavelet_soft,-4.999999716363442,-4.630173799102735,0.369825917260707,-4.98888085184989,-5.0335475393522415,-0.044666687502351365,1.3936999998804822,0.0004645666666268274
validation,theo,dkitchen_ch01_seg02,DKITCHEN,0,noisy,baseline,noisy,3.0395399130625987e-08,3.0395399130625987e-08,0.0,0.006298210242043114,0.006298210242043114,0.0,0.025900000082401675,8.633333360800558e-06
validation,theo,dkitchen_ch01_seg02,DKITCHEN,0,stft_subtraction_default_initial,stft_subtraction_default,stft_subtraction,3.0395399130625987e-08,2.335435739108801,2.335435708713402,0.006298210242043114,-0.9181176329590813,-0.9244158432011245,13.084600000183855,0.004361533333394618
validation,theo,dkitchen_ch01_seg02,DKITCHEN,0,stft_wiener_default_initial,stft_wiener_default,stft_wiener,3.0395399130625987e-08,2.573045205676814,2.5730451752814147,0.006298210242043114,-0.9109547252121661,-0.9172529354542093,5.943899999920177,0.0019812999999733925
validation,theo,dkitchen_ch01_seg02,DKITCHEN,0,wavelet_default_db4_l5_soft,wavelet_default,wavelet_soft,3.0395399130625987e-08,-0.27832634001593726,-0.2783263704113364,0.006298210242043114,-2.8248966766262464,-2.8311948868682895,2.0372999999835884,0.0006790999999945294
validation,theo,dkitchen_ch01_seg02,DKITCHEN,0,sub_n512_h160_low_energy_q0.35_a1.5_f0.02,stft_subtraction,stft_subtraction,3.0395399130625987e-08,7.387131968725172,7.387131938329773,0.006298210242043114,6.576225492810705,6.569927282568662,10.561100000131773,0.0035203666667105913
validation,theo,dkitchen_ch01_seg02,DKITCHEN,0,wiener_n512_h160_low_energy_q0.35_f0.05,stft_wiener,stft_wiener,3.0395399130625987e-08,2.9178317490202996,2.9178317186249005,0.006298210242043114,2.5507420594947705,2.5444438492527275,4.8541999999542895,0.0016180666666514298
validation,theo,dkitchen_ch01_seg02,DKITCHEN,0,wavelet_sym4_l3_hard_global_s0.5,wavelet,wavelet_soft,3.0395399130625987e-08,0.29629975603388164,0.2962997256384825,0.006298210242043114,0.059512597336369946,0.05321438709432683,1.1021999998774845,0.0003673999999591615
validation,theo,dkitchen_ch01_seg02,DKITCHEN,5,noisy,baseline,noisy,4.999999857497922,4.999999857497922,0.0,5.003586001313033,5.003586001313033,0.0,0.018400000044493936,6.133333348164645e-06
validation,theo,dkitchen_ch01_seg02,DKITCHEN,5,stft_subtraction_default_initial,stft_subtraction_default,stft_subtraction,4.999999857497922,2.5915770204571165,-2.408422837040806,5.003586001313033,0.23086924235604422,-4.772716758956989,13.658200000008947,0.004552733333336316
validation,theo,dkitchen_ch01_seg02,DKITCHEN,5,stft_wiener_default_initial,stft_wiener_default,stft_wiener,4.999999857497922,3.5702898407086754,-1.429710016789247,5.003586001313033,1.4842924156835777,-3.519293585629455,6.582199999911609,0.002194066666637203
validation,theo,dkitchen_ch01_seg02,DKITCHEN,5,wavelet_default_db4_l5_soft,wavelet_default,wavelet_soft,4.999999857497922,4.147297167216149,-0.8527026902817729,5.003586001313033,2.722898467020551,-2.2806875342924817,2.0968000001175824,0.0006989333333725275
validation,theo,dkitchen_ch01_seg02,DKITCHEN,5,sub_n512_h160_low_energy_q0.35_a1.5_f0.02,stft_subtraction,stft_subtraction,4.999999857497922,12.044162493260089,7.0441626357621665,5.003586001313033,11.872427010181944,6.868841008868912,12.920200000053228,0.004306733333351076
validation,theo,dkitchen_ch01_seg02,DKITCHEN,5,wiener_n512_h160_low_energy_q0.35_f0.05,stft_wiener,stft_wiener,4.999999857497922,8.051832658771149,3.0518328012732265,5.003586001313033,7.840437246108413,2.8368512447953806,5.669200000056662,0.0018897333333522208
validation,theo,dkitchen_ch01_seg02,DKITCHEN,5,wavelet_sym4_l3_hard_global_s0.5,wavelet,wavelet_soft,4.999999857497922,5.197430721574539,0.19743086407661625,5.003586001313033,5.077033940694627,0.07344793938159455,1.4561999998932151,0.00048539999996440503
validation,theo,dkitchen_ch01_seg02,DKITCHEN,10,noisy,baseline,noisy,10.00000020102682,10.00000020102682,0.0,10.002060875585283,10.002060875585283,0.0,0.023300000066228677,7.766666688742893e-06
validation,theo,dkitchen_ch01_seg02,DKITCHEN,10,stft_subtraction_default_initial,stft_subtraction_default,stft_subtraction,10.00000020102682,2.6792286841330437,-7.320771516893776,10.002060875585283,0.6603966375910284,-9.341664237994255,12.64919999994163,0.004216399999980543
validation,theo,dkitchen_ch01_seg02,DKITCHEN,10,stft_wiener_default_initial,stft_wiener_default,stft_wiener,10.00000020102682,3.940250160398695,-6.059750040628125,10.002060875585283,2.627967274884162,-7.374093600701121,7.309699999950681,0.002436566666650227
validation,theo,dkitchen_ch01_seg02,DKITCHEN,10,wavelet_default_db4_l5_soft,wavelet_default,wavelet_soft,10.00000020102682,8.249452052334782,-1.7505481486920385,10.002060875585283,7.556997026887192,-2.4450638486980907,2.0431999998891115,0.0006810666666297038
validation,theo,dkitchen_ch01_seg02,DKITCHEN,10,sub_n512_h160_low_energy_q0.35_a1.5_f0.02,stft_subtraction,stft_subtraction,10.00000020102682,16.411946726402338,6.411946525375518,10.002060875585283,16.755552081599063,6.753491206013781,13.268199999856733,0.004422733333285578
validation,theo,dkitchen_ch01_seg02,DKITCHEN,10,wiener_n512_h160_low_energy_q0.35_f0.05,stft_wiener,stft_wiener,10.00000020102682,13.42105594199213,3.4210557409653095,10.002060875585283,13.314096658118439,3.3120357825331563,8.497900000065783,0.002832633333355261
validation,theo,dkitchen_ch01_seg02,DKITCHEN,10,wavelet_sym4_l3_hard_global_s0.5,wavelet,wavelet_soft,10.00000020102682,10.058477671922429,0.05847747089560862,10.002060875585283,10.000263675159344,-0.001797200425938783,1.334000000042579,0.00044466666668085963
validation,theo,dkitchen_ch01_seg03,DKITCHEN,-5,noisy,baseline,noisy,-5.000000139750784,-5.000000139750784,0.0,-4.978729544377545,-4.978729544377545,0.0,0.02220000010311196,7.400000034370653e-06
validation,theo,dkitchen_ch01_seg03,DKITCHEN,-5,stft_subtraction_default_initial,stft_subtraction_default,stft_subtraction,-5.000000139750784,1.5305938596938513,6.530593999444635,-4.978729544377545,-3.690251231195458,1.2884783131820874,12.216599999874234,0.004072199999958078
validation,theo,dkitchen_ch01_seg03,DKITCHEN,-5,stft_wiener_default_initial,stft_wiener_default,stft_wiener,-5.000000139750784,0.5030055965315233,5.503005736282308,-4.978729544377545,-4.438559314557192,0.5401702298203528,4.981499999985317,0.0016604999999951058
validation,theo,dkitchen_ch01_seg03,DKITCHEN,-5,wavelet_default_db4_l5_soft,wavelet_default,wavelet_soft,-5.000000139750784,-4.910974061715191,0.08902607803559359,-4.978729544377545,-9.071453772647558,-4.092724228270013,1.4443000000028405,0.0004814333333342802
validation,theo,dkitchen_ch01_seg03,DKITCHEN,-5,sub_n512_h160_low_energy_q0.35_a1.5_f0.02,stft_subtraction,stft_subtraction,-5.000000139750784,2.3714308956668453,7.371431035417629,-4.978729544377545,0.5421757500927631,5.5209052944703085,11.85099999997874,0.003950333333326246
validation,theo,dkitchen_ch01_seg03,DKITCHEN,-5,wiener_n512_h160_low_energy_q0.35_f0.05,stft_wiener,stft_wiener,-5.000000139750784,-2.3083435660055693,2.691656573745215,-4.978729544377545,-3.2303849475872375,1.7483445967903077,7.288699999890014,0.0024295666666300044
validation,theo,dkitchen_ch01_seg03,DKITCHEN,-5,wavelet_sym4_l3_hard_global_s0.5,wavelet,wavelet_soft,-5.000000139750784,-4.631702472635085,0.36829766711569967,-4.978729544377545,-5.028672332436458,-0.049942788058912946,2.2618999998940126,0.0007539666666313375
validation,theo,dkitchen_ch01_seg03,DKITCHEN,0,noisy,baseline,noisy,1.8679393505772106e-07,1.8679393505772106e-07,0.0,0.012340290828831148,0.012340290828831148,0.0,0.02029999996011611,6.766666653372037e-06
validation,theo,dkitchen_ch01_seg03,DKITCHEN,0,stft_subtraction_default_initial,stft_subtraction_default,stft_subtraction,1.8679393505772106e-07,2.306023707650001,2.306023520856066,0.012340290828831148,-1.078227712275508,-1.0905680031043392,11.85499999996864,0.003951666666656213
validation,theo,dkitchen_ch01_seg03,DKITCHEN,0,stft_wiener_default_initial,stft_wiener_default,stft_wiener,1.8679393505772106e-07,2.6402466121601833,2.6402464253662483,0.012340290828831148,-0.7692579678586787,-0.7815982586875099,6.557799999882263,0.002185933333294088
validation,theo,dkitchen_ch01_seg03,DKITCHEN,0,wavelet_default_db4_l5_soft,wavelet_default,wavelet_soft,1.8679393505772106e-07,-0.27579261211672373,-0.2757927989106588,0.012340290828831148,-2.8128996790108634,-2.8252399698396946,2.1435000001019944,0.0007145000000339982
validation,theo,dkitchen_ch01_seg03,DKITCHEN,0,sub_n512_h160_low_energy_q0.35_a1.5_f0.02,stft_subtraction,stft_subtraction,1.8679393505772106e-07,7.887266873360065,7.88726668656613,0.012340290828831148,7.1624848079288626,7.150144517100031,9.826199999906748,0.0032753999999689163
validation,theo,dkitchen_ch01_seg03,DKITCHEN,0,wiener_n512_h160_low_energy_q0.35_f0.05,stft_wiener,stft_wiener,1.8679393505772106e-07,3.0678622398306423,3.0678620530367073,0.012340290828831148,2.755382667792261,2.74304237696343,6.437600000026578,0.0021458666666755257
validation,theo,dkitchen_ch01_seg03,DKITCHEN,0,wavelet_sym4_l3_hard_global_s0.5,wavelet,wavelet_soft,1.8679393505772106e-07,0.2965830450871091,0.29658285829317405,0.012340290828831148,0.06609082330779846,0.053750532478967314,1.4987999998083978,0.0004995999999361326
validation,theo,dkitchen_ch01_seg03,DKITCHEN,5,noisy,baseline,noisy,5.000000024878651,5.000000024878651,0.0,5.007314104048576,5.007314104048576,0.0,0.025899999855028,8.633333285009334e-06
validation,theo,dkitchen_ch01_seg03,DKITCHEN,5,stft_subtraction_default_initial,stft_subtraction_default,stft_subtraction,5.000000024878651,2.58561979622547,-2.4143802286531812,5.007314104048576,0.17291366423857632,-4.83440043981,13.348299999961455,0.004449433333320485
validation,theo,dkitchen_ch01_seg03,DKITCHEN,5,stft_wiener_default_initial,stft_wiener_default,stft_wiener,5.000000024878651,3.6049881405354083,-1.3950118843432429,5.007314104048576,1.569835339863194,-3.437478764185382,8.461500000066735,0.002820500000022245
validation,theo,dkitchen_ch01_seg03,DKITCHEN,5,wavelet_default_db4_l5_soft,wavelet_default,wavelet_soft,5.000000024878651,4.14412733535274,-0.8558726895259108,5.007314104048576,2.7193753015245115,-2.2879388025240646,2.6469000001725362,0.0008823000000575121
validation,theo,dkitchen_ch01_seg03,DKITCHEN,5,sub_n512_h160_low_energy_q0.35_a1.5_f0.02,stft_subtraction,stft_subtraction,5.000000024878651,12.305799889376354,7.305799864497703,5.007314104048576,12.164074434425586,7.15676033037701,19.473300000072413,0.0064911000000241375
validation,theo,dkitchen_ch01_seg03,DKITCHEN,5,wiener_n512_h160_low_energy_q0.35_f0.05,stft_wiener,stft_wiener,5.000000024878651,8.132737556042747,3.1327375311640955,5.007314104048576,7.941652811645282,2.934338707596706,7.156600000143953,0.002385533333381318
validation,theo,dkitchen_ch01_seg03,DKITCHEN,5,wavelet_sym4_l3_hard_global_s0.5,wavelet,wavelet_soft,5.000000024878651,5.198449824481431,0.19844979960277964,5.007314104048576,5.083531292907142,0.07621718885856588,2.005099999905724,0.0006683666666352414
validation,theo,dkitchen_ch01_seg03,DKITCHEN,10,noisy,baseline,noisy,9.999999970070558,9.999999970070558,0.0,10.004486431014728,10.004486431014728,0.0,0.021900000092500704,7.300000030833568e-06
validation,theo,dkitchen_ch01_seg03,DKITCHEN,10,stft_subtraction_default_initial,stft_subtraction_default,stft_subtraction,9.999999970070558,2.6792634609942474,-7.32073650907631,10.004486431014728,0.6464879415412432,-9.357998489473484,12.250900000026377,0.004083633333342125
validation,theo,dkitchen_ch01_seg03,DKITCHEN,10,stft_wiener_default_initial,stft_wiener_default,stft_wiener,9.999999970070558,3.957646917470385,-6.042353052600173,10.004486431014728,2.675341938441262,-7.329144492573466,6.617399999868212,0.0022057999999560707
validation,theo,dkitchen_ch01_seg03,DKITCHEN,10,wavelet_default_db4_l5_soft,wavelet_default,wavelet_soft,9.999999970070558,8.242332806775835,-1.7576671632947232,10.004486431014728,7.549041607324765,-2.4554448236899633,2.110299999912968,0.0007034333333043227
validation,theo,dkitchen_ch01_seg03,DKITCHEN,10,sub_n512_h160_low_energy_q0.35_a1.5_f0.02,stft_subtraction,stft_subtraction,9.999999970070558,16.579737771885625,6.579737801815067,10.004486431014728,16.95222048569069,6.947734054675964,13.48350000012033,0.00449450000004011
validation,theo,dkitchen_ch01_seg03,DKITCHEN,10,wiener_n512_h160_low_energy_q0.35_f0.05,stft_wiener,stft_wiener,9.999999970070558,13.41876011335241,3.418760143281853,10.004486431014728,13.315368850698551,3.310882419683823,5.667499999844949,0.0018891666666149831
validation,theo,dkitchen_ch01_seg03,DKITCHEN,10,wavelet_sym4_l3_hard_global_s0.5,wavelet,wavelet_soft,9.999999970070558,10.054493664795704,0.05449369472514576,10.004486431014728,9.998204924938609,-0.006281506076119214,1.605800000106683,0.0005352666667022277
validation,theo,ooffice_ch01_seg01,OOFFICE,-5,noisy,baseline,noisy,-4.99999995709016,-4.99999995709016,0.0,-5.021630309082047,-5.021630309082047,0.0,0.01939999992828234,6.466666642760781e-06
validation,theo,ooffice_ch01_seg01,OOFFICE,-5,stft_subtraction_default_initial,stft_subtraction_default,stft_subtraction,-4.99999995709016,-2.6772147943314604,2.3227851627586995,-5.021630309082047,-11.030261989513196,-6.008631680431149,13.530200000104742,0.00451006666670158
validation,theo,ooffice_ch01_seg01,OOFFICE,-5,stft_wiener_default_initial,stft_wiener_default,stft_wiener,-4.99999995709016,-3.7711041807677335,1.2288957763224264,-5.021630309082047,-9.843756320895011,-4.822126011812964,7.795699999860517,0.0025985666666201723
validation,theo,ooffice_ch01_seg01,OOFFICE,-5,wavelet_default_db4_l5_soft,wavelet_default,wavelet_soft,-4.99999995709016,-5.020165630368202,-0.02016567327804175,-5.021630309082047,-5.612334833930702,-0.5907045248486549,1.6146000000389904,0.0005382000000129968
validation,theo,ooffice_ch01_seg01,OOFFICE,-5,sub_n512_h160_low_energy_q0.35_a1.5_f0.02,stft_subtraction,stft_subtraction,-4.99999995709016,-2.434514334063578,2.5654856230265817,-5.021630309082047,-4.351704567699701,0.6699257413823458,12.166200000137906,0.004055400000045968
validation,theo,ooffice_ch01_seg01,OOFFICE,-5,wiener_n512_h160_low_energy_q0.35_f0.05,stft_wiener,stft_wiener,-4.99999995709016,-4.247719402407383,0.7522805546827769,-5.021630309082047,-4.9961302060527295,0.0255001030293176,8.66279999991093,0.0028875999999703104
validation,theo,ooffice_ch01_seg01,OOFFICE,-5,wavelet_sym4_l3_hard_global_s0.5,wavelet,wavelet_soft,-4.99999995709016,-5.000810974275051,-0.000811017184891405,-5.021630309082047,-5.035618989456338,-0.013988680374290574,1.3341999999738618,0.0004447333333246206
validation,theo,ooffice_ch01_seg01,OOFFICE,0,noisy,baseline,noisy,2.686051596091668e-07,2.686051596091668e-07,0.0,-0.011920279602604474,-0.011920279602604474,0.0,0.021000000060666935,7.000000020222312e-06
validation,theo,ooffice_ch01_seg01,OOFFICE,0,stft_subtraction_default_initial,stft_subtraction_default,stft_subtraction,2.686051596091668e-07,0.27097806053205437,0.27097779192689475,-0.011920279602604474,-6.4753806464344,-6.463460366831796,12.813800000003539,0.004271266666667846
validation,theo,ooffice_ch01_seg01,OOFFICE,0,stft_wiener_default_initial,stft_wiener_default,stft_wiener,2.686051596091668e-07,-0.04866212713044936,-0.04866239573560897,-0.011920279602604474,-5.237808756120895,-5.225888476518291,6.752400000095804,0.002250800000031935
validation,theo,ooffice_ch01_seg01,OOFFICE,0,wavelet_default_db4_l5_soft,wavelet_default,wavelet_soft,2.686051596091668e-07,-0.05170460623175783,-0.051704874836917436,-0.011920279602604474,-0.48808908811329627,-0.47616880851069177,2.031600000009348,0.0006772000000031161
validation,theo,ooffice_ch01_seg01,OOFFICE,0,sub_n512_h160_low_energy_q0.35_a1.5_f0.02,stft_subtraction,stft_subtraction,2.686051596091668e-07,2.739258470166972,2.7392582015618125,-0.011920279602604474,1.6285325174806164,1.640452797083221,11.246699999901466,0.0037488999999671555
validation,theo,ooffice_ch01_seg01,OOFFICE,0,wiener_n512_h160_low_energy_q0.35_f0.05,stft_wiener,stft_wiener,2.686051596091668e-07,0.8992844572827862,0.8992841886776266,-0.011920279602604474,0.5379057503865103,0.5498260299891148,7.1442999999362655,0.0023814333333120885
validation,theo,ooffice_ch01_seg01,OOFFICE,0,wavelet_sym4_l3_hard_global_s0.5,wavelet,wavelet_soft,2.686051596091668e-07,-0.002409079218722057,-0.0024093478238816665,-0.011920279602604474,-0.0219807254444154,-0.010060445841810926,1.1943999998038635,0.00039813333326795447
validation,theo,ooffice_ch01_seg01,OOFFICE,5,noisy,baseline,noisy,5.000000268922079,5.000000268922079,0.0,4.993535183053485,4.993535183053485,0.0,0.01939999992828234,6.466666642760781e-06
validation,theo,ooffice_ch01_seg01,OOFFICE,5,stft_subtraction_default_initial,stft_subtraction_default,stft_subtraction,5.000000268922079,1.8280903764931324,-3.171909892428947,4.993535183053485,-2.8066726414831624,-7.800207824536647,9.256300000060946,0.0030854333333536488
validation,theo,ooffice_ch01_seg01,OOFFICE,5,stft_wiener_default_initial,stft_wiener_default,stft_wiener,5.000000268922079,2.369671616174007,-2.6303286527480725,4.993535183053485,-1.3187492377180816,-6.312284420771567,8.560800000168456,0.002853600000056152
validation,theo,ooffice_ch01_seg01,OOFFICE,5,wavelet_default_db4_l5_soft,wavelet_default,wavelet_soft,5.000000268922079,4.866978807022365,-0.1330214618997143,4.993535183053485,4.52436987798094,-0.4691653050725453,1.3883999999961816,0.0004627999999987272
validation,theo,ooffice_ch01_seg01,OOFFICE,5,sub_n512_h160_low_energy_q0.35_a1.5_f0.02,stft_subtraction,stft_subtraction,5.000000268922079,7.684303042745967,2.6843027738238874,4.993535183053485,7.023942363296443,2.0304071802429577,12.475300000005518,0.004158433333335172
validation,theo,ooffice_ch01_seg01,OOFFICE,5,wiener_n512_h160_low_energy_q0.35_f0.05,stft_wiener,stft_wiener,5.000000268922079,5.987538234274475,0.9875379653523959,4.993535183053485,5.7605600759009254,0.7670248928474406,8.49459999994906,0.002831533333316353
validation,theo,ooffice_ch01_seg01,OOFFICE,5,wavelet_sym4_l3_hard_global_s0.5,wavelet,wavelet_soft,5.000000268922079,4.993891946911683,-0.00610832201039635,4.993535183053485,4.982576383525173,-0.01095879952831158,1.6525999999430496,0.0005508666666476832
validation,theo,ooffice_ch01_seg01,OOFFICE,10,noisy,baseline,noisy,9.999999887832827,9.999999887832827,0.0,9.996601123234042,9.996601123234042,0.0,0.021400000150606502,7.133333383535501e-06
validation,theo,ooffice_ch01_seg01,OOFFICE,10,stft_subtraction_default_initial,stft_subtraction_default,stft_subtraction,9.999999887832827,2.4399107434505476,-7.560089144382279,9.996601123234042,-0.5605487438479332,-10.557149867081975,12.114199999814446,0.0040380666666048155
validation,theo,ooffice_ch01_seg01,OOFFICE,10,stft_wiener_default_initial,stft_wiener_default,stft_wiener,9.999999887832827,3.521114091657274,-6.478885796175552,9.996601123234042,1.3416315504078677,-8.654969572826174,7.283400000005713,0.002427800000001904
validation,theo,ooffice_ch01_seg01,OOFFICE,10,wavelet_default_db4_l5_soft,wavelet_default,wavelet_soft,9.999999887832827,9.64774547252327,-0.3522544153095559,9.996601123234042,9.38080273209428,-0.6157983911397622,1.4243999999052903,0.0004747999999684301
validation,theo,ooffice_ch01_seg01,OOFFICE,10,sub_n512_h160_low_energy_q0.35_a1.5_f0.02,stft_subtraction,stft_subtraction,9.999999887832827,12.422305916254178,2.4223060284213513,9.996601123234042,12.203688896809371,2.2070877735753296,10.452999999870372,0.003484333333290124
validation,theo,ooffice_ch01_seg01,OOFFICE,10,wiener_n512_h160_low_energy_q0.35_f0.05,stft_wiener,stft_wiener,9.999999887832827,11.095286610816027,1.0952867229832002,9.996601123234042,10.953577100645814,0.9569759774117728,6.2215000000378495,0.00207383333334595
validation,theo,ooffice_ch01_seg01,OOFFICE,10,wavelet_sym4_l3_hard_global_s0.5,wavelet,wavelet_soft,9.999999887832827,9.983184139666959,-0.016815748165868172,9.996601123234042,9.976091394656782,-0.020509728577259523,1.5688999999383668,0.0005229666666461222
validation,theo,ooffice_ch01_seg02,OOFFICE,-5,noisy,baseline,noisy,-5.000000240507908,-5.000000240507908,0.0,-4.972212994769481,-4.972212994769481,0.0,0.021299999843904516,7.099999947968172e-06
validation,theo,ooffice_ch01_seg02,OOFFICE,-5,stft_subtraction_default_initial,stft_subtraction_default,stft_subtraction,-5.000000240507908,1.6856039952621338,6.685604235770041,-4.972212994769481,-3.2347851755912593,1.7374278191782215,11.497899999994843,0.0038326333333316143
validation,theo,ooffice_ch01_seg02,OOFFICE,-5,stft_wiener_default_initial,stft_wiener_default,stft_wiener,-5.000000240507908,0.9944638144756791,5.994464054983587,-4.972212994769481,-3.7218137712049293,1.2503992235645516,5.769999999984066,0.0019233333333280218
validation,theo,ooffice_ch01_seg02,OOFFICE,-5,wavelet_default_db4_l5_soft,wavelet_default,wavelet_soft,-5.000000240507908,-5.0194662569941055,-0.019466016486197724,-4.972212994769481,-5.554329131898378,-0.5821161371288968,2.2787999998854502,0.0007595999999618167
validation,theo,ooffice_ch01_seg02,OOFFICE,-5,sub_n512_h160_low_energy_q0.35_a1.5_f0.02,stft_subtraction,stft_subtraction,-5.000000240507908,0.12090688807976002,5.1209071285876675,-4.972212994769481,-1.4549384442097737,3.517274550559707,12.400100000149905,0.004133366666716635
validation,theo,ooffice_ch01_seg02,OOFFICE,-5,wiener_n512_h160_low_energy_q0.35_f0.05,stft_wiener,stft_wiener,-5.000000240507908,-3.4094329258941514,1.5905673146137564,-4.972212994769481,-4.032507196652543,0.9397057981169379,7.9931000000215136,0.0026643666666738377
validation,theo,ooffice_ch01_seg02,OOFFICE,-5,wavelet_sym4_l3_hard_global_s0.5,wavelet,wavelet_soft,-5.000000240507908,-5.000522129338993,-0.000521888831085171,-4.972212994769481,-4.984587076905967,-0.012374082136486386,2.4221000001034554,0.0008073666667011518
validation,theo,ooffice_ch01_seg02,OOFFICE,0,noisy,baseline,noisy,4.0603914428063604e-09,4.0603914428063604e-09,0.0,0.016014726319669423,0.016014726319669423,0.0,0.020700000050055678,6.900000016685226e-06
validation,theo,ooffice_ch01_seg02,OOFFICE,0,stft_subtraction_default_initial,stft_subtraction_default,stft_subtraction,4.0603914428063604e-09,2.3636608621659896,2.363660858105598,0.016014726319669423,-0.8668200952187611,-0.8828348215384305,11.110400000006848,0.0037034666666689495
validation,theo,ooffice_ch01_seg02,OOFFICE,0,stft_wiener_default_initial,stft_wiener_default,stft_wiener,4.0603914428063604e-09,2.87204879703862,2.8720487929782283,0.016014726319669423,-0.26804902948859366,-0.2840637558082631,6.719700000076045,0.0022399000000253486
validation,theo,ooffice_ch01_seg02,OOFFICE,0,wavelet_default_db4_l5_soft,wavelet_default,wavelet_soft,4.0603914428063604e-09,-0.050451405517728545,-0.050451409578119985,0.016014726319669423,-0.45178503906302714,-0.4677997653826966,1.2692000000242842,0.0004230666666747614
validation,theo,ooffice_ch01_seg02,OOFFICE,0,sub_n512_h160_low_energy_q0.35_a1.5_f0.02,stft_subtraction,stft_subtraction,4.0603914428063604e-09,5.276896526204471,5.27689652214408,0.016014726319669423,4.3735201600425775,4.357505433722908,11.908100000027844,0.003969366666675948
validation,theo,ooffice_ch01_seg02,OOFFICE,0,wiener_n512_h160_low_energy_q0.35_f0.05,stft_wiener,stft_wiener,4.0603914428063604e-09,1.7205882428004422,1.7205882387400508,0.016014726319669423,1.4043658860728598,1.3883511597531903,6.375399999797082,0.002125133333265694
validation,theo,ooffice_ch01_seg02,OOFFICE,0,wavelet_sym4_l3_hard_global_s0.5,wavelet,wavelet_soft,4.0603914428063604e-09,-0.002153551968722753,-0.002153556029114196,0.016014726319669423,0.006872611538409724,-0.009142114781259699,1.1569999999210268,0.00038566666664034227
validation,theo,ooffice_ch01_seg02,OOFFICE,5,noisy,baseline,noisy,4.999999803879863,4.999999803879863,0.0,5.009387324492042,5.009387324492042,0.0,0.019300000076327706,6.433333358775902e-06
validation,theo,ooffice_ch01_seg02,OOFFICE,5,stft_subtraction_default_initial,stft_subtraction_default,stft_subtraction,4.999999803879863,2.6050284618759267,-2.3949713420039362,5.009387324492042,0.24898348944853657,-4.760403835043506,14.701399999921705,0.004900466666640568
validation,theo,ooffice_ch01_seg02,OOFFICE,5,stft_wiener_default_initial,stft_wiener_default,stft_wiener,4.999999803879863,3.688626080894603,-1.3113737229852598,5.009387324492042,1.827785118602092,-3.1816022058899502,7.692099999985658,0.0025640333333285525
validation,theo,ooffice_ch01_seg02,OOFFICE,5,wavelet_default_db4_l5_soft,wavelet_default,wavelet_soft,4.999999803879863,4.871720089096825,-0.12827971478303812,5.009387324492042,4.552176179866166,-0.45721114462587664,2.7572999999847525,0.0009190999999949175
validation,theo,ooffice_ch01_seg02,OOFFICE,5,sub_n512_h160_low_energy_q0.35_a1.5_f0.02,stft_subtraction,stft_subtraction,4.999999803879863,10.262973845961982,5.262974042082119,5.009387324492042,9.835628389303913,4.826241064811871,14.252499999884094,0.004750833333294698
validation,theo,ooffice_ch01_seg02,OOFFICE,5,wiener_n512_h160_low_energy_q0.35_f0.05,stft_wiener,stft_wiener,4.999999803879863,6.853559043209132,1.853559239329269,5.009387324492042,6.667997724762654,1.6586104002706117,8.528500000011263,0.002842833333337088
validation,theo,ooffice_ch01_seg02,OOFFICE,5,wavelet_sym4_l3_hard_global_s0.5,wavelet,wavelet_soft,4.999999803879863,4.994335348938069,-0.005664454941793906,5.009387324492042,4.999243624440679,-0.01014370005136378,2.954200000203855,0.0009847333334012849
validation,theo,ooffice_ch01_seg02,OOFFICE,10,noisy,baseline,noisy,9.999999890358282,9.999999890358282,0.0,10.005658436611498,10.005658436611498,0.0,0.026199999865639256,8.733333288546419e-06
validation,theo,ooffice_ch01_seg02,OOFFICE,10,stft_subtraction_default_initial,stft_subtraction_default,stft_subtraction,9.999999890358282,2.684617484772207,-7.3153824055860746,10.005658436611498,0.6684869248531231,-9.337171511758374,14.497399999982008,0.004832466666660669
validation,theo,ooffice_ch01_seg02,OOFFICE,10,stft_wiener_default_initial,stft_wiener_default,stft_wiener,9.999999890358282,3.9829780844292606,-6.017021805929021,10.005658436611498,2.7745607899871367,-7.231097646624361,8.984199999986231,0.002994733333328744
validation,theo,ooffice_ch01_seg02,OOFFICE,10,wavelet_default_db4_l5_soft,wavelet_default,wavelet_soft,9.999999890358282,9.65380631696765,-0.3461935733906323,10.005658436611498,9.396595559767784,-0.6090628768437139,1.9485999998778425,0.0006495333332926142
validation,theo,ooffice_ch01_seg02,OOFFICE,10,sub_n512_h160_low_energy_q0.35_a1.5_f0.02,stft_subtraction,stft_subtraction,9.999999890358282,14.782150143072135,4.782150252713853,10.005658436611498,14.839409136930808,4.83375070031931,13.685500000065076,0.004561833333355025
validation,theo,ooffice_ch01_seg02,OOFFICE,10,wiener_n512_h160_low_energy_q0.35_f0.05,stft_wiener,stft_wiener,9.999999890358282,11.961264710752825,1.9612648203945433,10.005658436611498,11.841103020482828,1.8354445838713307,7.70250000005035,0.0025675000000167834
validation,theo,ooffice_ch01_seg02,OOFFICE,10,wavelet_sym4_l3_hard_global_s0.5,wavelet,wavelet_soft,9.999999890358282,9.98396240729168,-0.016037483066602576,10.005658436611498,9.98609938543079,-0.019559051180706888,1.0400000001027365,0.0003466666667009122
validation,theo,ooffice_ch01_seg03,OOFFICE,-5,noisy,baseline,noisy,-4.999999916117118,-4.999999916117118,0.0,-4.976986519301723,-4.976986519301723,0.0,0.022500000113723218,7.500000037907739e-06
validation,theo,ooffice_ch01_seg03,OOFFICE,-5,stft_subtraction_default_initial,stft_subtraction_default,stft_subtraction,-4.999999916117118,0.760433632789994,5.760433548907112,-4.976986519301723,-5.4869417542337064,-0.5099552349319838,13.865899999927933,0.004621966666642645
validation,theo,ooffice_ch01_seg03,OOFFICE,-5,stft_wiener_default_initial,stft_wiener_default,stft_wiener,-4.999999916117118,-0.5812108577946583,4.41878905832246,-4.976986519301723,-5.920819506833097,-0.9438329875313745,7.135000000062064,0.0023783333333540213
validation,theo,ooffice_ch01_seg03,OOFFICE,-5,wavelet_default_db4_l5_soft,wavelet_default,wavelet_soft,-4.999999916117118,-5.020950148015547,-0.020950231898429372,-4.976986519301723,-5.619476185309598,-0.6424896660078749,1.9042999999783206,0.0006347666666594401
validation,theo,ooffice_ch01_seg03,OOFFICE,-5,sub_n512_h160_low_energy_q0.35_a1.5_f0.02,stft_subtraction,stft_subtraction,-4.999999916117118,0.8412111493323002,5.841211065449418,-4.976986519301723,-1.275653925380543,3.7013325939211796,17.77270000002318,0.00592423333334106
validation,theo,ooffice_ch01_seg03,OOFFICE,-5,wiener_n512_h160_low_energy_q0.35_f0.05,stft_wiener,stft_wiener,-4.999999916117118,-2.9843656432551526,2.0156342728619654,-4.976986519301723,-3.9794694067227656,0.997517112578957,9.918299999981173,0.0033060999999937244
validation,theo,ooffice_ch01_seg03,OOFFICE,-5,wavelet_sym4_l3_hard_global_s0.5,wavelet,wavelet_soft,-4.999999916117118,-5.000543390986801,-0.0005434748696826475,-4.976986519301723,-4.992666329817717,-0.01567981051599432,2.119300000003932,0.000706433333334644
validation,theo,ooffice_ch01_seg03,OOFFICE,0,noisy,baseline,noisy,-2.900393598993813e-07,-2.900393598993813e-07,0.0,0.013147199367293382,0.013147199367293382,0.0,0.024599999960628338,8.199999986876113e-06
validation,theo,ooffice_ch01_seg03,OOFFICE,0,stft_subtraction_default_initial,stft_subtraction_default,stft_subtraction,-2.900393598993813e-07,2.009355204201592,2.009355494240952,0.013147199367293382,-2.2284027846229133,-2.2415499839902067,13.72710000009647,0.004575700000032157
validation,theo,ooffice_ch01_seg03,OOFFICE,0,stft_wiener_default_initial,stft_wiener_default,stft_wiener,-2.900393598993813e-07,2.0400287422131145,2.0400290322524746,0.013147199367293382,-1.9357850464185076,-1.948932245785801,8.175600000186023,0.002725200000062008
validation,theo,ooffice_ch01_seg03,OOFFICE,0,wavelet_default_db4_l5_soft,wavelet_default,wavelet_soft,-2.900393598993813e-07,-0.05522686437041374,-0.055226574331053845,0.013147199367293382,-0.4947350969498594,-0.5078822963171528,2.0300000001043372,0.0006766666667014457
validation,theo,ooffice_ch01_seg03,OOFFICE,0,sub_n512_h160_low_energy_q0.35_a1.5_f0.02,stft_subtraction,stft_subtraction,-2.900393598993813e-07,6.3609146745621,6.360914964601459,0.013147199367293382,5.394164331901884,5.38101713253459,11.973899999929927,0.0039912999999766425
validation,theo,ooffice_ch01_seg03,OOFFICE,0,wiener_n512_h160_low_energy_q0.35_f0.05,stft_wiener,stft_wiener,-2.900393598993813e-07,2.3317028770855894,2.3317031671249495,0.013147199367293382,1.8843897777574279,1.8712425783901345,6.953800000019328,0.002317933333339776
validation,theo,ooffice_ch01_seg03,OOFFICE,0,wavelet_sym4_l3_hard_global_s0.5,wavelet,wavelet_soft,-2.900393598993813e-07,-0.0024043300525830257,-0.0024040400132231262,0.013147199367293382,0.0023182399991662985,-0.010828959368127083,2.3518000000422035,0.0007839333333474011
validation,theo,ooffice_ch01_seg03,OOFFICE,5,noisy,baseline,noisy,4.9999998832590045,4.9999998832590045,0.0,5.007594436972957,5.007594436972957,0.0,0.018700000055105193,6.233333351701731e-06
validation,theo,ooffice_ch01_seg03,OOFFICE,5,stft_subtraction_default_initial,stft_subtraction_default,stft_subtraction,4.9999998832590045,2.48932501178222,-2.5106748714767844,5.007594436972957,-0.35120797258878067,-5.358802409561737,13.31479999998919,0.004438266666663064
validation,theo,ooffice_ch01_seg03,OOFFICE,5,stft_wiener_default_initial,stft_wiener_default,stft_wiener,4.9999998832590045,3.3553227502526433,-1.6446771330063612,5.007594436972957,0.8858585780949301,-4.121735858878027,5.896699999993871,0.0019655666666646234
validation,theo,ooffice_ch01_seg03,OOFFICE,5,wavelet_default_db4_l5_soft,wavelet_default,wavelet_soft,4.9999998832590045,4.866317932485033,-0.13368195077397171,5.007594436972957,4.532824931887377,-0.4747695050855798,2.056600000059916,0.0006855333333533054
validation,theo,ooffice_ch01_seg03,OOFFICE,5,sub_n512_h160_low_energy_q0.35_a1.5_f0.02,stft_subtraction,stft_subtraction,4.9999998832590045,11.427016477969353,6.427016594710349,5.007594436972957,11.170899774265699,6.163305337292742,10.438100000101258,0.0034793666667004195
validation,theo,ooffice_ch01_seg03,OOFFICE,5,wiener_n512_h160_low_energy_q0.35_f0.05,stft_wiener,stft_wiener,4.9999998832590045,7.590577266803456,2.590577383544452,5.007594436972957,7.354836896251745,2.347242459278789,7.3945999999978085,0.002464866666665936
validation,theo,ooffice_ch01_seg03,OOFFICE,5,wavelet_sym4_l3_hard_global_s0.5,wavelet,wavelet_soft,4.9999998832590045,4.993799820759125,-0.006200062499879699,5.007594436972957,4.996344006879026,-0.011250430093930675,2.1947000000182015,0.0007315666666727338
validation,theo,ooffice_ch01_seg03,OOFFICE,10,noisy,baseline,noisy,10.000000214979913,10.000000214979913,0.0,10.00447056933183,10.00447056933183,0.0,0.02470000003995665,8.233333346652216e-06
validation,theo,ooffice_ch01_seg03,OOFFICE,10,stft_subtraction_default_initial,stft_subtraction_default,stft_subtraction,10.000000214979913,2.650464341400602,-7.3495358735793115,10.00447056933183,0.457539492659865,-9.546931076671964,20.33619999997427,0.006778733333324756
validation,theo,ooffice_ch01_seg03,OOFFICE,10,stft_wiener_default_initial,stft_wiener_default,stft_wiener,10.000000214979913,3.868870653047109,-6.131129561932804,10.00447056933183,2.3767915347676527,-7.627679034564176,7.731200000080207,0.0025770666666934026
validation,theo,ooffice_ch01_seg03,OOFFICE,10,wavelet_default_db4_l5_soft,wavelet_default,wavelet_soft,10.000000214979913,9.652268177628176,-0.3477320373517365,10.00447056933183,9.39232766055506,-0.6121429087767698,2.6669999999739957,0.0008889999999913319
validation,theo,ooffice_ch01_seg03,OOFFICE,10,sub_n512_h160_low_energy_q0.35_a1.5_f0.02,stft_subtraction,stft_subtraction,10.000000214979913,16.103730701442625,6.103730486462712,10.00447056933183,16.426734496905485,6.422263927573656,14.454099999966274,0.0048180333333220915
validation,theo,ooffice_ch01_seg03,OOFFICE,10,wiener_n512_h160_low_energy_q0.35_f0.05,stft_wiener,stft_wiener,10.000000214979913,12.93228182131492,2.932281606335007,10.00447056933183,12.815013017373943,2.8105424480421135,9.731500000043525,0.0032438333333478417
validation,theo,ooffice_ch01_seg03,OOFFICE,10,wavelet_sym4_l3_hard_global_s0.5,wavelet,wavelet_soft,10.000000214979913,9.983194307958312,-0.016805907021600675,10.00447056933183,9.983932232164118,-0.020538337167710807,2.002799999900162,0.0006675999999667207
final,george,pcafeter_ch01_seg01,PCAFETER,-5,noisy,baseline,noisy,-4.999999781695356,-4.999999781695356,0.0,-5.051744386462989,-5.051744386462989,0.0,0.02220000010311196,7.400000034370653e-06
final,george,pcafeter_ch01_seg01,PCAFETER,-5,stft_subtraction_default_initial,stft_subtraction_default,stft_subtraction,-4.999999781695356,-0.7437157190528394,4.256284062642517,-5.051744386462989,-6.847509829808599,-1.7957654433456103,14.825499999915337,0.004941833333305112
final,george,pcafeter_ch01_seg01,PCAFETER,-5,stft_wiener_default_initial,stft_wiener_default,stft_wiener,-4.999999781695356,-2.434178770212971,2.5658210114823854,-5.051744386462989,-6.520194015376339,-1.4684496289133504,7.441999999855398,0.002480666666618466
final,george,pcafeter_ch01_seg01,PCAFETER,-5,wavelet_default_db4_l5_soft,wavelet_default,wavelet_soft,-4.999999781695356,-4.201649114422132,0.7983506672732243,-5.051744386462989,-5.927534325835444,-0.8757899393724546,2.4275000000670843,0.0008091666666890281
final,george,pcafeter_ch01_seg01,PCAFETER,-5,sub_n512_h160_low_energy_q0.35_a1.5_f0.02,stft_subtraction,stft_subtraction,-4.999999781695356,0.6515079660110424,5.651507747706399,-5.051744386462989,-3.5489262018581336,1.5028181846048554,13.182299999925817,0.004394099999975272
final,george,pcafeter_ch01_seg01,PCAFETER,-5,wiener_n512_h160_low_energy_q0.35_f0.05,stft_wiener,stft_wiener,-4.999999781695356,-2.1668785497306633,2.833121231964693,-5.051744386462989,-4.0333141409090185,1.0184302455539704,7.712100000162536,0.002570700000054179
final,george,pcafeter_ch01_seg01,PCAFETER,-5,wavelet_sym4_l3_hard_global_s0.5,wavelet,wavelet_soft,-4.999999781695356,-4.971105889577937,0.028893892117419107,-5.051744386462989,-5.081103797132594,-0.029359410669605346,2.014799999869865,0.0006715999999566217
final,george,pcafeter_ch01_seg01,PCAFETER,0,noisy,baseline,noisy,2.5732696966137323e-07,2.5732696966137323e-07,0.0,-0.029023064310747058,-0.029023064310747058,0.0,0.02119999999194988,7.066666663983294e-06
final,george,pcafeter_ch01_seg01,PCAFETER,0,stft_subtraction_default_initial,stft_subtraction_default,stft_subtraction,2.5732696966137323e-07,2.1707849104786443,2.170784653151675,-0.029023064310747058,-1.8323595589269102,-1.8033364946161632,13.480399999934889,0.004493466666644963
final,george,pcafeter_ch01_seg01,PCAFETER,0,stft_wiener_default_initial,stft_wiener_default,stft_wiener,2.5732696966137323e-07,1.7713539070648723,1.7713536497379025,-0.029023064310747058,-1.5073619516154446,-1.4783388873046976,8.096699999896373,0.0026988999999654575
final,george,pcafeter_ch01_seg01,PCAFETER,0,wavelet_default_db4_l5_soft,wavelet_default,wavelet_soft,2.5732696966137323e-07,0.6307423873626644,0.6307421300356948,-0.029023064310747058,-0.6072498737173216,-0.5782268094065746,1.9176999999217514,0.0006392333333072505
final,george,pcafeter_ch01_seg01,PCAFETER,0,sub_n512_h160_low_energy_q0.35_a1.5_f0.02,stft_subtraction,stft_subtraction,2.5732696966137323e-07,4.48525921204714,4.48525895472017,-0.029023064310747058,2.579984320395882,2.609007384706629,11.136899999883099,0.003712299999961033
final,george,pcafeter_ch01_seg01,PCAFETER,0,wiener_n512_h160_low_energy_q0.35_f0.05,stft_wiener,stft_wiener,2.5732696966137323e-07,2.91759138506743,2.9175911277404607,-0.029023064310747058,1.7860065332252841,1.815029597536031,6.095400000049267,0.0020318000000164225
final,george,pcafeter_ch01_seg01,PCAFETER,0,wavelet_sym4_l3_hard_global_s0.5,wavelet,wavelet_soft,2.5732696966137323e-07,0.023110897271652404,0.023110639944682744,-0.029023064310747058,-0.03915598467804819,-0.010132920367301134,2.0099999999274587,0.0006699999999758196
final,george,pcafeter_ch01_seg01,PCAFETER,5,noisy,baseline,noisy,4.999999892344808,4.999999892344808,0.0,4.983727638609375,4.983727638609375,0.0,0.05409999994299142,1.8033333314330473e-05
final,george,pcafeter_ch01_seg01,PCAFETER,5,stft_subtraction_default_initial,stft_subtraction_default,stft_subtraction,4.999999892344808,3.4829290278947433,-1.5170708644500643,4.983727638609375,1.6816813464456253,-3.30204629216375,11.15140000001702,0.0037171333333390066
final,george,pcafeter_ch01_seg01,PCAFETER,5,stft_wiener_default_initial,stft_wiener_default,stft_wiener,4.999999892344808,4.361768380975844,-0.6382315113689634,4.983727638609375,2.451126631817049,-2.5326010067923264,7.596200000079989,0.00253206666669333
final,george,pcafeter_ch01_seg01,PCAFETER,5,wavelet_default_db4_l5_soft,wavelet_default,wavelet_soft,4.999999892344808,5.340897436475911,0.34089754413110374,4.983727638609375,4.538416101924932,-0.4453115366844429,1.7903999998907238,0.0005967999999635746
final,george,pcafeter_ch01_seg01,PCAFETER,5,sub_n512_h160_low_energy_q0.35_a1.5_f0.02,stft_subtraction,stft_subtraction,4.999999892344808,7.963350127926621,2.963350235581813,4.983727638609375,7.7707808577487345,2.7870532191393593,10.298400000010588,0.0034328000000035295
final,george,pcafeter_ch01_seg01,PCAFETER,5,wiener_n512_h160_low_energy_q0.35_f0.05,stft_wiener,stft_wiener,4.999999892344808,7.873845670188267,2.873845777843459,4.983727638609375,7.317297190383725,2.3335695517743495,5.083799999965777,0.0016945999999885923
final,george,pcafeter_ch01_seg01,PCAFETER,5,wavelet_sym4_l3_hard_global_s0.5,wavelet,wavelet_soft,4.999999892344808,5.013035550712869,0.013035658368061753,4.983727638609375,4.9783395928205225,-0.005388045788852658,2.314900000101261,0.000771633333367087
final,george,pcafeter_ch01_seg01,PCAFETER,10,noisy,baseline,noisy,10.000000280886464,10.000000280886464,0.0,9.99089025569526,9.99089025569526,0.0,0.019899999870176543,6.6333332900588475e-06
final,george,pcafeter_ch01_seg01,PCAFETER,10,stft_subtraction_default_initial,stft_subtraction_default,stft_subtraction,10.000000280886464,3.870184839356158,-6.129815441530306,9.99089025569526,3.1657457539396923,-6.8251445017555685,12.74890000013329,0.004249633333377763
final,george,pcafeter_ch01_seg01,PCAFETER,10,stft_wiener_default_initial,stft_wiener_default,stft_wiener,10.000000280886464,5.291779002592428,-4.708221278294037,9.99089025569526,4.482050816638431,-5.50883943905683,6.451799999922514,0.002150599999974171
final,george,pcafeter_ch01_seg01,PCAFETER,10,wavelet_default_db4_l5_soft,wavelet_default,wavelet_soft,10.000000280886464,9.892079591023679,-0.10792068986278558,9.99089025569526,9.454908109564734,-0.535982146130527,1.3174000000617525,0.0004391333333539175
final,george,pcafeter_ch01_seg01,PCAFETER,10,sub_n512_h160_low_energy_q0.35_a1.5_f0.02,stft_subtraction,stft_subtraction,10.000000280886464,11.059918843279249,1.0599185623927845,9.99089025569526,11.852542626075156,1.861652370379895,14.446800000087023,0.004815600000029008
final,george,pcafeter_ch01_seg01,PCAFETER,10,wiener_n512_h160_low_energy_q0.35_f0.05,stft_wiener,stft_wiener,10.000000280886464,12.54212046985791,2.5421201889714453,9.99089025569526,12.296033777842494,2.305143522147233,7.714800000030664,0.0025716000000102213
final,george,pcafeter_ch01_seg01,PCAFETER,10,wavelet_sym4_l3_hard_global_s0.5,wavelet,wavelet_soft,10.000000280886464,9.993521330469626,-0.006478950416838103,9.99089025569526,9.974169167278028,-0.016721088417233076,3.115100000059101,0.0010383666666863671
final,george,pcafeter_ch01_seg02,PCAFETER,-5,noisy,baseline,noisy,-5.000000072343338,-5.000000072343338,0.0,-4.996648031681749,-4.996648031681749,0.0,0.027099999897473026,9.033333299157675e-06
final,george,pcafeter_ch01_seg02,PCAFETER,-5,stft_subtraction_default_initial,stft_subtraction_default,stft_subtraction,-5.000000072343338,0.6010965509623767,5.601096623305715,-4.996648031681749,-5.231712349135252,-0.23506431745350298,13.317700000015975,0.004439233333338659
final,george,pcafeter_ch01_seg02,PCAFETER,-5,stft_wiener_default_initial,stft_wiener_default,stft_wiener,-5.000000072343338,-0.9934285749917898,4.0065714973515485,-4.996648031681749,-5.38924578018263,-0.39259774850088114,7.45310000002064,0.0024843666666735467
final,george,pcafeter_ch01_seg02,PCAFETER,-5,wavelet_default_db4_l5_soft,wavelet_default,wavelet_soft,-5.000000072343338,-4.320559842281272,0.6794402300620668,-4.996648031681749,-6.15019291860457,-1.1535448869228206,1.4894999999341962,0.0004964999999780654
final,george,pcafeter_ch01_seg02,PCAFETER,-5,sub_n512_h160_low_energy_q0.35_a1.5_f0.02,stft_subtraction,stft_subtraction,-5.000000072343338,1.1555272700764712,6.155527342419809,-4.996648031681749,-2.9069146628519507,2.0897333688297985,13.458399999990434,0.0044861333333301445
final,george,pcafeter_ch01_seg02,PCAFETER,-5,wiener_n512_h160_low_energy_q0.35_f0.05,stft_wiener,stft_wiener,-5.000000072343338,-1.9410168355185937,3.0589832368247447,-4.996648031681749,-3.848586704718236,1.1480613269635134,6.663399999979447,0.0022211333333264824
final,george,pcafeter_ch01_seg02,PCAFETER,-5,wavelet_sym4_l3_hard_global_s0.5,wavelet,wavelet_soft,-5.000000072343338,-4.968185181459465,0.031814890883873126,-4.996648031681749,-5.034570575130215,-0.037922543448465795,1.7602000000351836,0.0005867333333450612
final,george,pcafeter_ch01_seg02,PCAFETER,0,noisy,baseline,noisy,-8.654591700338273e-08,-8.654591700338273e-08,0.0,0.0021599436095402673,0.0021599436095402673,0.0,0.01950000000761065,6.500000002536884e-06
final,george,pcafeter_ch01_seg02,PCAFETER,0,stft_subtraction_default_initial,stft_subtraction_default,stft_subtraction,-8.654591700338273e-08,2.6461966869778304,2.6461967735237475,0.0021599436095402673,-0.6350663702293509,-0.6372263138388912,10.313300000007075,0.003437766666669025
final,george,pcafeter_ch01_seg02,PCAFETER,0,stft_wiener_default_initial,stft_wiener_default,stft_wiener,-8.654591700338273e-08,2.5079847220191227,2.50798480856504,0.0021599436095402673,-0.6727290995928528,-0.6748890432023931,8.141900000055102,0.002713966666685034
final,george,pcafeter_ch01_seg02,PCAFETER,0,wavelet_default_db4_l5_soft,wavelet_default,wavelet_soft,-8.654591700338273e-08,0.4976204527155538,0.49762053926147076,0.0021599436095402673,-0.7831253532787191,-0.7852852968882594,1.3179000000036467,0.00043930000000121555
final,george,pcafeter_ch01_seg02,PCAFETER,0,sub_n512_h160_low_energy_q0.35_a1.5_f0.02,stft_subtraction,stft_subtraction,-8.654591700338273e-08,5.106159410007736,5.106159496553653,0.0021599436095402673,3.5433867912057035,3.5412268475961635,11.056699999926423,0.0036855666666421407
final,george,pcafeter_ch01_seg02,PCAFETER,0,wiener_n512_h160_low_energy_q0.35_f0.05,stft_wiener,stft_wiener,-8.654591700338273e-08,3.1252280895632687,3.125228176109186,0.0021599436095402673,2.0891521405945115,2.0869921969849714,4.853099999991173,0.0016176999999970576
final,george,pcafeter_ch01_seg02,PCAFETER,0,wavelet_sym4_l3_hard_global_s0.5,wavelet,wavelet_soft,-8.654591700338273e-08,0.02546945681328021,0.02546954335919721,0.0021599436095402673,-0.01002533244591588,-0.012185276055456148,1.7983000000185712,0.0005994333333395238
final,george,pcafeter_ch01_seg02,PCAFETER,5,noisy,baseline,noisy,4.999999535039703,4.999999535039703,0.0,5.00148918126142,5.00148918126142,0.0,0.023199999986900366,7.733333328966788e-06
final,george,pcafeter_ch01_seg02,PCAFETER,5,stft_subtraction_default_initial,stft_subtraction_default,stft_subtraction,4.999999535039703,3.499552628660968,-1.500446906378735,5.00148918126142,2.062817330910638,-2.9386718503507825,12.500000000045475,0.004166666666681825
final,george,pcafeter_ch01_seg02,PCAFETER,5,stft_wiener_default_initial,stft_wiener_default,stft_wiener,4.999999535039703,4.43453365065432,-0.5654658843853833,5.00148918126142,2.699458372151639,-2.302030809109781,7.106499999963489,0.002368833333321163
final,george,pcafeter_ch01_seg02,PCAFETER,5,wavelet_default_db4_l5_soft,wavelet_default,wavelet_soft,4.999999535039703,5.205489338130937,0.20548980309123355,5.00148918126142,4.387914988383278,-0.6135741928781426,2.063399999997273,0.000687799999999091
final,george,pcafeter_ch01_seg02,PCAFETER,5,sub_n512_h160_low_energy_q0.35_a1.5_f0.02,stft_subtraction,stft_subtraction,4.999999535039703,8.97186101278046,3.971861477740757,5.00148918126142,8.925000087379892,3.923510906118472,12.046600000076069,0.0040155333333586896
final,george,pcafeter_ch01_seg02,PCAFETER,5,wiener_n512_h160_low_energy_q0.35_f0.05,stft_wiener,stft_wiener,4.999999535039703,8.20835868482775,3.2083591497880475,5.00148918126142,7.74989214269481,2.7484029614333894,6.86190000010356,0.00228730000003452
final,george,pcafeter_ch01_seg02,PCAFETER,5,wavelet_sym4_l3_hard_global_s0.5,wavelet,wavelet_soft,4.999999535039703,5.015510891993735,0.015511356954031719,5.00148918126142,4.996725702850863,-0.0047634784105570205,1.5868000000409666,0.0005289333333469889
final,george,pcafeter_ch01_seg02,PCAFETER,10,noisy,baseline,noisy,10.000000385529692,10.000000385529692,0.0,10.001113025578617,10.001113025578617,0.0,0.020200000108161476,6.733333369387158e-06
final,george,pcafeter_ch01_seg02,PCAFETER,10,stft_subtraction_default_initial,stft_subtraction_default,stft_subtraction,10.000000385529692,3.8087008317574913,-6.1912995537722,10.001113025578617,3.1563026000895507,-6.844810425489066,12.12020000002667,0.004040066666675557
final,george,pcafeter_ch01_seg02,PCAFETER,10,stft_wiener_default_initial,stft_wiener_default,stft_wiener,10.000000385529692,5.191886640415024,-4.808113745114667,10.001113025578617,4.418245073659441,-5.582867951919176,7.595199999968827,0.002531733333322942
final,george,pcafeter_ch01_seg02,PCAFETER,10,wavelet_default_db4_l5_soft,wavelet_default,wavelet_soft,10.000000385529692,9.73270373243619,-0.26729665309350104,10.001113025578617,9.282051048375363,-0.7190619772032534,1.8036000001302455,0.0006012000000434151
final,george,pcafeter_ch01_seg02,PCAFETER,10,sub_n512_h160_low_energy_q0.35_a1.5_f0.02,stft_subtraction,stft_subtraction,10.000000385529692,12.363538982979863,2.3635385974501713,10.001113025578617,13.053469118822921,3.0523560932443043,12.4006000000918,0.004133533333363933
final,george,pcafeter_ch01_seg02,PCAFETER,10,wiener_n512_h160_low_energy_q0.35_f0.05,stft_wiener,stft_wiener,10.000000385529692,13.035670123619045,3.0356697380893536,10.001113025578617,12.831573623974439,2.830460598395822,5.824399999937668,0.0019414666666458895
final,george,pcafeter_ch01_seg02,PCAFETER,10,wavelet_sym4_l3_hard_global_s0.5,wavelet,wavelet_soft,10.000000385529692,9.995651576005528,-0.004348809524163499,10.001113025578617,9.985686850912327,-0.015426174666290038,1.1574000000109663,0.00038580000000365544
final,george,pcafeter_ch01_seg03,PCAFETER,-5,noisy,baseline,noisy,-4.99999988214011,-4.99999988214011,0.0,-4.996111390142245,-4.996111390142245,0.0,0.023600000076839933,7.866666692279978e-06
final,george,pcafeter_ch01_seg03,PCAFETER,-5,stft_subtraction_default_initial,stft_subtraction_default,stft_subtraction,-4.99999988214011,-0.7918558188057001,4.2081440633344105,-4.996111390142245,-8.336473649723072,-3.340362259580827,9.606000000076165,0.003202000000025388
final,george,pcafeter_ch01_seg03,PCAFETER,-5,stft_wiener_default_initial,stft_wiener_default,stft_wiener,-4.99999988214011,-2.047131342091813,2.9528685400482972,-4.996111390142245,-7.129681641703272,-2.133570251561027,4.843400000027032,0.0016144666666756773
final,george,pcafeter_ch01_seg03,PCAFETER,-5,wavelet_default_db4_l5_soft,wavelet_default,wavelet_soft,-4.99999988214011,-4.63775776039087,0.3622421217492402,-4.996111390142245,-6.17994723894981,-1.1838358488075649,1.4193999998042273,0.00047313333326807577
final,george,pcafeter_ch01_seg03,PCAFETER,-5,sub_n512_h160_low_energy_q0.35_a1.5_f0.02,stft_subtraction,stft_subtraction,-4.99999988214011,0.15283140928553932,5.15283129142565,-4.996111390142245,-3.94405598491588,1.0520554052263646,10.937799999965137,0.0036459333333217123
final,george,pcafeter_ch01_seg03,PCAFETER,-5,wiener_n512_h160_low_energy_q0.35_f0.05,stft_wiener,stft_wiener,-4.99999988214011,-2.468782904056363,2.531216978083747,-4.996111390142245,-4.18894277116196,0.8071686189802847,5.739599999969869,0.0019131999999899563
final,george,pcafeter_ch01_seg03,PCAFETER,-5,wavelet_sym4_l3_hard_global_s0.5,wavelet,wavelet_soft,-4.99999988214011,-4.985064480893726,0.014935401246384039,-4.996111390142245,-5.032449382603037,-0.03633799246079228,1.204300000154035,0.0004014333333846783
final,george,pcafeter_ch01_seg03,PCAFETER,0,noisy,baseline,noisy,2.1308893651448322e-07,2.1308893651448322e-07,0.0,0.0023392976730634146,0.0023392976730634146,0.0,0.018199999885837315,6.066666628612438e-06
final,george,pcafeter_ch01_seg03,PCAFETER,0,stft_subtraction_default_initial,stft_subtraction_default,stft_subtraction,2.1308893651448322e-07,1.8494498500391854,1.8494496369502489,0.0023392976730634146,-2.6849762866246465,-2.68731558429771,9.840599999961341,0.0032801999999871136
final,george,pcafeter_ch01_seg03,PCAFETER,0,stft_wiener_default_initial,stft_wiener_default,stft_wiener,2.1308893651448322e-07,1.746670666961584,1.7466704538726474,0.0023392976730634146,-1.8566831752840347,-1.859022472957098,6.6584000001057575,0.002219466666701919
final,george,pcafeter_ch01_seg03,PCAFETER,0,wavelet_default_db4_l5_soft,wavelet_default,wavelet_soft,2.1308893651448322e-07,0.24714742499758732,0.2471472119086508,0.0023392976730634146,-0.855630166890671,-0.8579694645637344,1.987000000099215,0.000662333333366405
final,george,pcafeter_ch01_seg03,PCAFETER,0,sub_n512_h160_low_energy_q0.35_a1.5_f0.02,stft_subtraction,stft_subtraction,2.1308893651448322e-07,4.396622783092635,4.396622570003698,0.0023392976730634146,2.472912119603089,2.4705728219300256,20.948299999872688,0.006982766666624229
final,george,pcafeter_ch01_seg03,PCAFETER,0,wiener_n512_h160_low_energy_q0.35_f0.05,stft_wiener,stft_wiener,2.1308893651448322e-07,2.5644771122224546,2.564476899133518,0.0023392976730634146,1.5817541357509544,1.579414838077891,5.98630000013145,0.00199543333337715
final,george,pcafeter_ch01_seg03,PCAFETER,0,wavelet_sym4_l3_hard_global_s0.5,wavelet,wavelet_soft,2.1308893651448322e-07,0.009353434788785637,0.009353221699849121,0.0023392976730634146,-0.01859282847868679,-0.020932126151750205,1.5158000001065375,0.0005052666667021791
final,george,pcafeter_ch01_seg03,PCAFETER,5,noisy,baseline,noisy,4.999999963656455,4.999999963656455,0.0,5.001467642462911,5.001467642462911,0.0,0.020500000118772732,6.833333372924244e-06
final,george,pcafeter_ch01_seg03,PCAFETER,5,stft_subtraction_default_initial,stft_subtraction_default,stft_subtraction,4.999999963656455,3.197367356845821,-1.8026326068106338,5.001467642462911,1.030426717964291,-3.9710409244986202,11.140399999931105,0.003713466666643702
final,george,pcafeter_ch01_seg03,PCAFETER,5,stft_wiener_default_initial,stft_wiener_default,stft_wiener,4.999999963656455,4.079259781168894,-0.9207401824875605,5.001467642462911,1.9876010096908692,-3.013866632772042,5.275400000073205,0.0017584666666910682
final,george,pcafeter_ch01_seg03,PCAFETER,5,wavelet_default_db4_l5_soft,wavelet_default,wavelet_soft,4.999999963656455,5.03411603288288,0.03411606922642463,5.001467642462911,4.294078012543174,-0.7073896299197369,1.6412999998465239,0.0005470999999488413
final,george,pcafeter_ch01_seg03,PCAFETER,5,sub_n512_h160_low_energy_q0.35_a1.5_f0.02,stft_subtraction,stft_subtraction,4.999999963656455,8.189291669484792,3.189291705828337,5.001467642462911,7.842756710333445,2.841289067870534,9.089599999924758,0.003029866666641586
final,george,pcafeter_ch01_seg03,PCAFETER,5,wiener_n512_h160_low_energy_q0.35_f0.05,stft_wiener,stft_wiener,4.999999963656455,7.539447031537244,2.539447067880789,5.001467642462911,7.00374455977907,2.002276917316159,7.3984000000564265,0.002466133333352142
final,george,pcafeter_ch01_seg03,PCAFETER,5,wavelet_sym4_l3_hard_global_s0.5,wavelet,wavelet_soft,4.999999963656455,5.00193960243768,0.0019396387812253835,5.001467642462911,4.98673506356558,-0.014732578897331372,1.7603999999664666,0.0005867999999888222
final,george,pcafeter_ch01_seg03,PCAFETER,10,noisy,baseline,noisy,9.999999922306701,9.999999922306701,0.0,10.000977525620137,10.000977525620137,0.0,0.019099999917671084,6.366666639223695e-06
final,george,pcafeter_ch01_seg03,PCAFETER,10,stft_subtraction_default_initial,stft_subtraction_default,stft_subtraction,9.999999922306701,3.731139960476273,-6.268859961830428,10.000977525620137,2.808763900018519,-7.192213625601617,10.854200000039782,0.0036180666666799275
final,george,pcafeter_ch01_seg03,PCAFETER,10,stft_wiener_default_initial,stft_wiener_default,stft_wiener,9.999999922306701,5.097195505338058,-4.902804416968643,10.000977525620137,4.150610399179619,-5.850367126440518,7.765500000004977,0.002588500000001659
final,george,pcafeter_ch01_seg03,PCAFETER,10,wavelet_default_db4_l5_soft,wavelet_default,wavelet_soft,9.999999922306701,9.649328991103408,-0.3506709312032932,10.000977525620137,9.217640449195335,-0.783337076424802,2.032899999903748,0.0006776333333012493
final,george,pcafeter_ch01_seg03,PCAFETER,10,sub_n512_h160_low_energy_q0.35_a1.5_f0.02,stft_subtraction,stft_subtraction,9.999999922306701,11.566956927487151,1.5669570051804502,10.000977525620137,12.202226156972367,2.2012486313522306,14.587299999902825,0.004862433333300942
final,george,pcafeter_ch01_seg03,PCAFETER,10,wiener_n512_h160_low_energy_q0.35_f0.05,stft_wiener,stft_wiener,9.999999922306701,12.33995507776162,2.339955155454918,10.000977525620137,12.09002711358755,2.0890495879674127,6.4133000000765605,0.002137766666692187
final,george,pcafeter_ch01_seg03,PCAFETER,10,wavelet_sym4_l3_hard_global_s0.5,wavelet,wavelet_soft,9.999999922306701,9.986149313901763,-0.01385060840493857,10.000977525620137,9.97781810602019,-0.023159419599947384,1.217199999928198,0.0004057333333093993
final,george,straffic_ch01_seg01,STRAFFIC,-5,noisy,baseline,noisy,-5.000000095411789,-5.000000095411789,0.0,-5.030145103492551,-5.030145103492551,0.0,0.017800000023271423,5.933333341090474e-06
final,george,straffic_ch01_seg01,STRAFFIC,-5,stft_subtraction_default_initial,stft_subtraction_default,stft_subtraction,-5.000000095411789,-1.019498251976116,3.9805018434356727,-5.030145103492551,-7.032200021684457,-2.0020549181919067,15.43149999997695,0.00514383333332565
final,george,straffic_ch01_seg01,STRAFFIC,-5,stft_wiener_default_initial,stft_wiener_default,stft_wiener,-5.000000095411789,-2.9819510637669584,2.0180490316448303,-5.030145103492551,-7.387659163797751,-2.3575140603052,7.0067999999992026,0.0023355999999997343
final,george,straffic_ch01_seg01,STRAFFIC,-5,wavelet_default_db4_l5_soft,wavelet_default,wavelet_soft,-5.000000095411789,-5.004850285542033,-0.004850190130244236,-5.030145103492551,-5.810463679406304,-0.7803185759137534,1.3303000000632892,0.00044343333335442975
final,george,straffic_ch01_seg01,STRAFFIC,-5,sub_n512_h160_low_energy_q0.35_a1.5_f0.02,stft_subtraction,stft_subtraction,-5.000000095411789,0.09664902452781729,5.096649119939606,-5.030145103492551,-2.7293045520956745,2.300840551396876,13.521300000093106,0.004507100000031035
final,george,straffic_ch01_seg01,STRAFFIC,-5,wiener_n512_h160_low_energy_q0.35_f0.05,stft_wiener,stft_wiener,-5.000000095411789,-3.1968893510814356,1.8031107443303531,-5.030145103492551,-4.57712438471378,0.45302071877877026,6.532500000048458,0.0021775000000161526
final,george,straffic_ch01_seg01,STRAFFIC,-5,wavelet_sym4_l3_hard_global_s0.5,wavelet,wavelet_soft,-5.000000095411789,-4.999537084929125,0.0004630104826635062,-5.030145103492551,-5.041737701060734,-0.011592597568183649,1.263500000050044,0.000421166666683348
final,george,straffic_ch01_seg01,STRAFFIC,0,noisy,baseline,noisy,-2.0415634698440295e-07,-2.0415634698440295e-07,0.0,-0.016928134790950344,-0.016928134790950344,0.0,0.021500000002561137,7.166666667520379e-06
final,george,straffic_ch01_seg01,STRAFFIC,0,stft_subtraction_default_initial,stft_subtraction_default,stft_subtraction,-2.0415634698440295e-07,1.73221583694402,1.7322160411003669,-0.016928134790950344,-2.697628616090135,-2.6807004812991844,13.541999999915788,0.004513999999971929
final,george,straffic_ch01_seg01,STRAFFIC,0,stft_wiener_default_initial,stft_wiener_default,stft_wiener,-2.0415634698440295e-07,0.8907761392934415,0.8907763434497884,-0.016928134790950344,-2.8450145145812984,-2.828086379790348,5.681599999888931,0.0018938666666296438
final,george,straffic_ch01_seg01,STRAFFIC,0,wavelet_default_db4_l5_soft,wavelet_default,wavelet_soft,-2.0415634698440295e-07,-0.03686761775801159,-0.0368674136016646,-0.016928134790950344,-0.5953228247799787,-0.5783946899890283,1.2538000000859029,0.00041793333336196764
final,george,straffic_ch01_seg01,STRAFFIC,0,sub_n512_h160_low_energy_q0.35_a1.5_f0.02,stft_subtraction,stft_subtraction,-2.0415634698440295e-07,5.193697454801579,5.193697658957926,-0.016928134790950344,3.7896625511011965,3.806590685892147,11.327599999958693,0.0037758666666528975
final,george,straffic_ch01_seg01,STRAFFIC,0,wiener_n512_h160_low_energy_q0.35_f0.05,stft_wiener,stft_wiener,-2.0415634698440295e-07,2.1250911527604712,2.125091356916818,-0.016928134790950344,1.3889186517480607,1.4058467865390112,7.043100000146296,0.0023477000000487656
final,george,straffic_ch01_seg01,STRAFFIC,0,wavelet_sym4_l3_hard_global_s0.5,wavelet,wavelet_soft,-2.0415634698440295e-07,-0.000706681862411373,-0.0007064777060643887,-0.016928134790950344,-0.024194800306856876,-0.007266665515906531,1.440900000034162,0.00048030000001138734
final,george,straffic_ch01_seg01,STRAFFIC,5,noisy,baseline,noisy,4.999999857264191,4.999999857264191,0.0,4.990495613030845,4.990495613030845,0.0,0.020300000187489786,6.766666729163262e-06
final,george,straffic_ch01_seg01,STRAFFIC,5,stft_subtraction_default_initial,stft_subtraction_default,stft_subtraction,4.999999857264191,3.1477187829751436,-1.8522810742890474,4.990495613030845,0.5846583125092679,-4.405837300521577,11.182899999994333,0.0037276333333314446
final,george,straffic_ch01_seg01,STRAFFIC,5,stft_wiener_default_initial,stft_wiener_default,stft_wiener,4.999999857264191,3.5070740287358912,-1.4929258285282998,4.990495613030845,0.952625751363308,-4.037869861667537,8.49330000005466,0.00283110000001822
final,george,straffic_ch01_seg01,STRAFFIC,5,wavelet_default_db4_l5_soft,wavelet_default,wavelet_soft,4.999999857264191,4.899876809854709,-0.10012304740948164,4.990495613030845,4.506396614949303,-0.4840989980815422,1.3696000000891217,0.0004565333333630406
final,george,straffic_ch01_seg01,STRAFFIC,5,sub_n512_h160_low_energy_q0.35_a1.5_f0.02,stft_subtraction,stft_subtraction,4.999999857264191,9.606474150550495,4.606474293286304,4.990495613030845,9.270256439226598,4.279760826195753,13.381500000150481,0.0044605000000501605
final,george,straffic_ch01_seg01,STRAFFIC,5,wiener_n512_h160_low_energy_q0.35_f0.05,stft_wiener,stft_wiener,4.999999857264191,7.35750102230741,2.357501165043219,4.990495613030845,6.928721198126773,1.9382255850959282,7.4721999999383115,0.0024907333333127704
final,george,straffic_ch01_seg01,STRAFFIC,5,wavelet_sym4_l3_hard_global_s0.5,wavelet,wavelet_soft,4.999999857264191,4.996715736049036,-0.003284121215155089,4.990495613030845,4.98338885144161,-0.0071067615892346225,1.8807000001288543,0.0006269000000429514
final,george,straffic_ch01_seg01,STRAFFIC,10,noisy,baseline,noisy,10.000000256616186,10.000000256616186,0.0,9.9946678749743,9.9946678749743,0.0,0.03229999992981902,1.0766666643273007e-05
final,george,straffic_ch01_seg01,STRAFFIC,10,stft_subtraction_default_initial,stft_subtraction_default,stft_subtraction,10.000000256616186,3.70869601194457,-6.2913042446716165,9.9946678749743,2.469741044238701,-7.5249268307356,11.438900000030117,0.0038129666666767057
final,george,straffic_ch01_seg01,STRAFFIC,10,stft_wiener_default_initial,stft_wiener_default,stft_wiener,10.000000256616186,4.809635878367599,-5.190364378248587,9.9946678749743,3.4699967888856644,-6.524671086088636,7.692299999916941,0.0025640999999723135
final,george,straffic_ch01_seg01,STRAFFIC,10,wavelet_default_db4_l5_soft,wavelet_default,wavelet_soft,10.000000256616186,9.752995070521756,-0.24700518609443023,9.9946678749743,9.477070828839505,-0.5175970461347958,1.688800000010815,0.0005629333333369383
final,george,straffic_ch01_seg01,STRAFFIC,10,sub_n512_h160_low_energy_q0.35_a1.5_f0.02,stft_subtraction,stft_subtraction,10.000000256616186,13.766475674933535,3.7664754183173486,9.9946678749743,14.311875801162861,4.31720792618856,12.135800000123709,0.004045266666707903
final,george,straffic_ch01_seg01,STRAFFIC,10,wiener_n512_h160_low_energy_q0.35_f0.05,stft_wiener,stft_wiener,10.000000256616186,12.81950928150923,2.819509024893044,9.9946678749743,12.613615763256263,2.618947888281962,8.546199999955206,0.002848733333318402
final,george,straffic_ch01_seg01,STRAFFIC,10,wavelet_sym4_l3_hard_global_s0.5,wavelet,wavelet_soft,10.000000256616186,9.99056467737027,-0.00943557924591687,9.9946678749743,9.9826936850833,-0.011974189891001075,1.1534000000210654,0.00038446666667368845
final,george,straffic_ch01_seg02,STRAFFIC,-5,noisy,baseline,noisy,-4.999999834031551,-4.999999834031551,0.0,-5.069183157382237,-5.069183157382237,0.0,0.019600000086938962,6.5333333623129874e-06
final,george,straffic_ch01_seg02,STRAFFIC,-5,stft_subtraction_default_initial,stft_subtraction_default,stft_subtraction,-4.999999834031551,0.2846256851809429,5.2846255192124945,-5.069183157382237,-5.1573609793583906,-0.08817782197615376,10.832799999889176,0.003610933333296392
final,george,straffic_ch01_seg02,STRAFFIC,-5,stft_wiener_default_initial,stft_wiener_default,stft_wiener,-4.999999834031551,-0.9344507708696025,4.065549063161948,-5.069183157382237,-4.969579073091071,0.0996040842911654,7.535200000120312,0.0025117333333734373
final,george,straffic_ch01_seg02,STRAFFIC,-5,wavelet_default_db4_l5_soft,wavelet_default,wavelet_soft,-4.999999834031551,-4.198882927739144,0.8011169062924068,-5.069183157382237,-6.970287570620423,-1.901104413238186,2.0068999999693915,0.0006689666666564639
final,george,straffic_ch01_seg02,STRAFFIC,-5,sub_n512_h160_low_energy_q0.35_a1.5_f0.02,stft_subtraction,stft_subtraction,-4.999999834031551,1.642300301863411,6.6423001358949625,-5.069183157382237,-2.0851128049430185,2.9840703524392183,13.779299999896466,0.004593099999965489
final,george,straffic_ch01_seg02,STRAFFIC,-5,wiener_n512_h160_low_energy_q0.35_f0.05,stft_wiener,stft_wiener,-4.999999834031551,-1.508677925176152,3.491321908855399,-5.069183157382237,-3.425063927311371,1.6441192300708658,7.467700000006516,0.0024892333333355054
final,george,straffic_ch01_seg02,STRAFFIC,-5,wavelet_sym4_l3_hard_global_s0.5,wavelet,wavelet_soft,-4.999999834031551,-4.924828224867939,0.0751716091636121,-5.069183157382237,-5.079196699191277,-0.010013541809040127,1.4901000001827924,0.0004967000000609308
final,george,straffic_ch01_seg02,STRAFFIC,0,noisy,baseline,noisy,-1.496366377184645e-07,-1.496366377184645e-07,0.0,-0.03879546724393247,-0.03879546724393247,0.0,0.02300000005561742,7.666666685205806e-06
final,george,straffic_ch01_seg02,STRAFFIC,0,stft_subtraction_default_initial,stft_subtraction_default,stft_subtraction,-1.496366377184645e-07,2.6664871703948894,2.666487320031527,-0.03879546724393247,-0.691156825276495,-0.6523613580325626,13.246600000002218,0.004415533333334072
final,george,straffic_ch01_seg02,STRAFFIC,0,stft_wiener_default_initial,stft_wiener_default,stft_wiener,-1.496366377184645e-07,2.699192923606932,2.6991930732435696,-0.03879546724393247,-0.31640581004443324,-0.2776103428005008,8.148600000140505,0.0027162000000468347
final,george,straffic_ch01_seg02,STRAFFIC,0,wavelet_default_db4_l5_soft,wavelet_default,wavelet_soft,-1.496366377184645e-07,0.5491235957940536,0.5491237454306913,-0.03879546724393247,-1.229839385861805,-1.1910439186178725,1.6926999999213876,0.0005642333333071292
final,george,straffic_ch01_seg02,STRAFFIC,0,sub_n512_h160_low_energy_q0.35_a1.5_f0.02,stft_subtraction,stft_subtraction,-1.496366377184645e-07,5.79951205231909,5.799512201955728,-0.03879546724393247,4.603128083521578,4.641923550765511,11.410999999952764,0.0038036666666509213
final,george,straffic_ch01_seg02,STRAFFIC,0,wiener_n512_h160_low_energy_q0.35_f0.05,stft_wiener,stft_wiener,-1.496366377184645e-07,3.8048616291624264,3.804861778799064,-0.03879546724393247,2.8345198335468464,2.873315300790779,6.087600000000748,0.0020292000000002495
final,george,straffic_ch01_seg02,STRAFFIC,0,wavelet_sym4_l3_hard_global_s0.5,wavelet,wavelet_soft,-1.496366377184645e-07,0.06386677142965116,0.06386692106628888,-0.03879546724393247,-0.02702876307935173,0.01176670416458074,1.8841999999494874,0.0006280666666498291
final,george,straffic_ch01_seg02,STRAFFIC,5,noisy,baseline,noisy,5.000000269879836,5.000000269879836,0.0,4.978246803159106,4.978246803159106,0.0,0.021600000081889448,7.200000027296483e-06
final,george,straffic_ch01_seg02,STRAFFIC,5,stft_subtraction_default_initial,stft_subtraction_default,stft_subtraction,5.000000269879836,3.614131899993118,-1.385868369886718,4.978246803159106,2.135101658576531,-2.843145144582575,9.342999999944368,0.0031143333333147893
final,george,straffic_ch01_seg02,STRAFFIC,5,stft_wiener_default_initial,stft_wiener_default,stft_wiener,5.000000269879836,4.625541819914114,-0.3744584499657222,4.978246803159106,3.0529582492880287,-1.9252885538710771,7.268099999919286,0.0024226999999730956
final,george,straffic_ch01_seg02,STRAFFIC,5,wavelet_default_db4_l5_soft,wavelet_default,wavelet_soft,5.000000269879836,5.157915597711283,0.15791532783144735,4.978246803159106,4.113143313541069,-0.8651034896180372,2.174299999978757,0.0007247666666595857
final,george,straffic_ch01_seg02,STRAFFIC,5,sub_n512_h160_low_energy_q0.35_a1.5_f0.02,stft_subtraction,stft_subtraction,5.000000269879836,9.506077555549592,4.506077285669756,4.978246803159106,9.770268817282158,4.792022014123052,12.660000000096261,0.004220000000032087
final,george,straffic_ch01_seg02,STRAFFIC,5,wiener_n512_h160_low_energy_q0.35_f0.05,stft_wiener,stft_wiener,5.000000269879836,9.01576787857309,4.015767608693254,4.978246803159106,8.571788281595643,3.5935414784365367,7.460900000069159,0.0024869666666897197
final,george,straffic_ch01_seg02,STRAFFIC,5,wavelet_sym4_l3_hard_global_s0.5,wavelet,wavelet_soft,5.000000269879836,5.050255454552037,0.050255184672201025,4.978246803159106,4.998757703343671,0.020510900184564917,2.3518000000422035,0.0007839333333474011
final,george,straffic_ch01_seg02,STRAFFIC,10,noisy,baseline,noisy,9.99999966763626,9.99999966763626,0.0,9.987814866958542,9.987814866958542,0.0,0.02470000003995665,8.233333346652216e-06
final,george,straffic_ch01_seg02,STRAFFIC,10,stft_subtraction_default_initial,stft_subtraction_default,stft_subtraction,9.99999966763626,3.8929991606444743,-6.107000506991786,9.987814866958542,3.268606172328257,-6.719208694630286,13.059299999895302,0.0043530999999651
final,george,straffic_ch01_seg02,STRAFFIC,10,stft_wiener_default_initial,stft_wiener_default,stft_wiener,9.99999966763626,5.302703323081975,-4.697296344554285,9.987814866958542,4.662666916577631,-5.325147950380911,8.01339999998163,0.00267113333332721
final,george,straffic_ch01_seg02,STRAFFIC,10,wavelet_default_db4_l5_soft,wavelet_default,wavelet_soft,9.99999966763626,9.535997830568183,-0.46400183706807674,9.987814866958542,9.02839148593507,-0.9594233810234734,1.506399999925634,0.0005021333333085446
final,george,straffic_ch01_seg02,STRAFFIC,10,sub_n512_h160_low_energy_q0.35_a1.5_f0.02,stft_subtraction,stft_subtraction,9.99999966763626,12.745786706718965,2.745787039082705,9.987814866958542,13.578335497127753,3.5905206301692107,11.260099999844897,0.0037533666666149657
final,george,straffic_ch01_seg02,STRAFFIC,10,wiener_n512_h160_low_energy_q0.35_f0.05,stft_wiener,stft_wiener,9.99999966763626,13.76798978486246,3.7679901172261996,9.987814866958542,13.583883738503735,3.5960688715451923,6.776100000024599,0.0022587000000081994
final,george,straffic_ch01_seg02,STRAFFIC,10,wavelet_sym4_l3_hard_global_s0.5,wavelet,wavelet_soft,9.99999966763626,10.03177021028105,0.0317705426447894,9.987814866958542,10.003781989580556,0.01596712262201372,1.4341000000968052,0.0004780333333656017
final,george,straffic_ch01_seg03,STRAFFIC,-5,noisy,baseline,noisy,-5.000000212010351,-5.000000212010351,0.0,-4.860857700630032,-4.860857700630032,0.0,0.01889999998638814,6.299999995462713e-06
final,george,straffic_ch01_seg03,STRAFFIC,-5,stft_subtraction_default_initial,stft_subtraction_default,stft_subtraction,-5.000000212010351,0.6198487427547357,5.619848954765086,-4.860857700630032,-5.040989098097723,-0.18013139746769102,9.372899999789297,0.003124299999929766
final,george,straffic_ch01_seg03,STRAFFIC,-5,stft_wiener_default_initial,stft_wiener_default,stft_wiener,-5.000000212010351,-1.0690033523256073,3.9309968596847433,-4.860857700630032,-5.244307625963484,-0.38344992533345135,5.139099999951213,0.001713033333317071
final,george,straffic_ch01_seg03,STRAFFIC,-5,wavelet_default_db4_l5_soft,wavelet_default,wavelet_soft,-5.000000212010351,-4.6963782760835295,0.3036219359268211,-4.860857700630032,-6.550963670787418,-1.6901059701573855,1.5286000000287459,0.0005095333333429153
final,george,straffic_ch01_seg03,STRAFFIC,-5,sub_n512_h160_low_energy_q0.35_a1.5_f0.02,stft_subtraction,stft_subtraction,-5.000000212010351,2.600228952852796,7.600229164863147,-4.860857700630032,-0.4426185134172296,4.418239187212803,12.093399999912435,0.004031133333304145
final,george,straffic_ch01_seg03,STRAFFIC,-5,wiener_n512_h160_low_energy_q0.35_f0.05,stft_wiener,stft_wiener,-5.000000212010351,-0.8863384530731035,4.113661758937247,-4.860857700630032,-2.375628967610059,2.4852287330199734,6.149199999981647,0.002049733333327216
final,george,straffic_ch01_seg03,STRAFFIC,-5,wavelet_sym4_l3_hard_global_s0.5,wavelet,wavelet_soft,-5.000000212010351,-4.967798035316569,0.032202176693781226,-4.860857700630032,-4.894636188532497,-0.03377848790246496,1.4787000000069384,0.0004929000000023128
final,george,straffic_ch01_seg03,STRAFFIC,0,noisy,baseline,noisy,-1.2236310507989996e-07,-1.2236310507989996e-07,0.0,0.07877658327053294,0.07877658327053294,0.0,0.02210000002378365,7.36666667459455e-06
final,george,straffic_ch01_seg03,STRAFFIC,0,stft_subtraction_default_initial,stft_subtraction_default,stft_subtraction,-1.2236310507989996e-07,2.6670003787767933,2.6670005011398983,0.07877658327053294,-0.6295214420885803,-0.7082980253591132,12.669099999811806,0.004223033333270602
final,george,straffic_ch01_seg03,STRAFFIC,0,stft_wiener_default_initial,stft_wiener_default,stft_wiener,-1.2236310507989996e-07,2.4264666967626396,2.4264668191257446,0.07877658327053294,-0.728964869505796,-0.8077414527763289,6.731799999897703,0.002243933333299234
final,george,straffic_ch01_seg03,STRAFFIC,0,wavelet_default_db4_l5_soft,wavelet_default,wavelet_soft,-1.2236310507989996e-07,0.15143432119375264,0.15143444355685773,0.07877658327053294,-1.0975359693820677,-1.1763125526526006,1.5958000001319306,0.0005319333333773102
final,george,straffic_ch01_seg03,STRAFFIC,0,sub_n512_h160_low_energy_q0.35_a1.5_f0.02,stft_subtraction,stft_subtraction,-1.2236310507989996e-07,6.593655473106389,6.593655595469494,0.07877658327053294,5.713159119234823,5.63438253596429,14.635499999940293,0.0048784999999800975
final,george,straffic_ch01_seg03,STRAFFIC,0,wiener_n512_h160_low_energy_q0.35_f0.05,stft_wiener,stft_wiener,-1.2236310507989996e-07,4.392073707268281,4.392073829631387,0.07877658327053294,3.6544345892158474,3.5756580059453142,9.697599999981321,0.003232533333327107
final,george,straffic_ch01_seg03,STRAFFIC,0,wavelet_sym4_l3_hard_global_s0.5,wavelet,wavelet_soft,-1.2236310507989996e-07,0.02564298405130022,0.0256431064144053,0.07877658327053294,0.06979333977891392,-0.008983243491619025,1.9663000000491593,0.0006554333333497198
final,george,straffic_ch01_seg03,STRAFFIC,5,noisy,baseline,noisy,4.999999777762899,4.999999777762899,0.0,5.044645083858407,5.044645083858407,0.0,0.023299999838855,7.766666612951667e-06
final,george,straffic_ch01_seg03,STRAFFIC,5,stft_subtraction_default_initial,stft_subtraction_default,stft_subtraction,4.999999777762899,3.544248062449772,-1.4557517153131272,5.044645083858407,2.0520218927499703,-2.992623191108437,12.696199999936653,0.004232066666645551
final,george,straffic_ch01_seg03,STRAFFIC,5,stft_wiener_default_initial,stft_wiener_default,stft_wiener,4.999999777762899,4.404896303004949,-0.5951034747579502,5.044645083858407,2.589404281609013,-2.4552408022493943,7.153900000048452,0.002384633333349484
final,george,straffic_ch01_seg03,STRAFFIC,5,wavelet_default_db4_l5_soft,wavelet_default,wavelet_soft,4.999999777762899,4.923315171679245,-0.07668460608365457,5.044645083858407,4.141943523325756,-0.9027015605326509,2.5080000000343716,0.0008360000000114572
final,george,straffic_ch01_seg03,STRAFFIC,5,sub_n512_h160_low_energy_q0.35_a1.5_f0.02,stft_subtraction,stft_subtraction,4.999999777762899,10.403145259764932,5.403145482002032,5.044645083858407,10.700097520830791,5.655452436972384,10.633699999971213,0.003544566666657071
final,george,straffic_ch01_seg03,STRAFFIC,5,wiener_n512_h160_low_energy_q0.35_f0.05,stft_wiener,stft_wiener,4.999999777762899,9.653609737639655,4.653609959876756,5.044645083858407,9.321197204445735,4.276552120587327,7.470300000022689,0.0024901000000075633
final,george,straffic_ch01_seg03,STRAFFIC,5,wavelet_sym4_l3_hard_global_s0.5,wavelet,wavelet_soft,4.999999777762899,5.015196857378307,0.015197079615407283,5.044645083858407,5.041531658049536,-0.0031134258088716393,1.617099999975835,0.0005390333333252784
final,george,straffic_ch01_seg03,STRAFFIC,10,noisy,baseline,noisy,9.99999981371792,9.99999981371792,0.0,10.025392540229202,10.025392540229202,0.0,0.02380000000812288,7.93333333604096e-06
final,george,straffic_ch01_seg03,STRAFFIC,10,stft_subtraction_default_initial,stft_subtraction_default,stft_subtraction,9.99999981371792,3.852943082552052,-6.147056731165868,10.025392540229202,3.1945094584582456,-6.830883081770956,13.881699999956254,0.004627233333318752
final,george,straffic_ch01_seg03,STRAFFIC,10,stft_wiener_default_initial,stft_wiener_default,stft_wiener,9.99999981371792,5.2039446760561,-4.796055137661821,10.025392540229202,4.3717021684124235,-5.653690371816778,7.05300000004172,0.0023510000000139066
final,george,straffic_ch01_seg03,STRAFFIC,10,wavelet_default_db4_l5_soft,wavelet_default,wavelet_soft,9.99999981371792,9.549945183416483,-0.45005463030143744,10.025392540229202,9.110666744024227,-0.9147257962049746,2.434199999925113,0.0008113999999750376
final,george,straffic_ch01_seg03,STRAFFIC,10,sub_n512_h160_low_energy_q0.35_a1.5_f0.02,stft_subtraction,stft_subtraction,9.99999981371792,13.626435103905148,3.626435290187228,10.025392540229202,14.513028209116738,4.4876356688875365,15.505299999858835,0.005168433333286278
final,george,straffic_ch01_seg03,STRAFFIC,10,wiener_n512_h160_low_energy_q0.35_f0.05,stft_wiener,stft_wiener,9.99999981371792,14.570897739030306,4.570897925312385,10.025392540229202,14.422591807521702,4.3971992672925,7.825400000001537,0.0026084666666671787
final,george,straffic_ch01_seg03,STRAFFIC,10,wavelet_sym4_l3_hard_global_s0.5,wavelet,wavelet_soft,9.99999981371792,9.997657665283949,-0.0023421484339714027,10.025392540229202,10.013377007088572,-0.012015533140630197,1.433499999848209,0.0004778333332827363
final,lucas,pcafeter_ch01_seg01,PCAFETER,-5,noisy,baseline,noisy,-5.000000358300146,-5.000000358300146,0.0,-4.851949539511786,-4.851949539511786,0.0,0.020100000028833165,6.700000009611055e-06
final,lucas,pcafeter_ch01_seg01,PCAFETER,-5,stft_subtraction_default_initial,stft_subtraction_default,stft_subtraction,-5.000000358300146,-0.3423518064612891,4.657648551838857,-4.851949539511786,-3.514721880429192,1.3372276590825938,13.852399999905174,0.004617466666635058
final,lucas,pcafeter_ch01_seg01,PCAFETER,-5,stft_wiener_default_initial,stft_wiener_default,stft_wiener,-5.000000358300146,-2.4845379516989925,2.5154624066011535,-4.851949539511786,-3.8371743967985745,1.0147751427132112,7.013700000015888,0.002337900000005296
final,lucas,pcafeter_ch01_seg01,PCAFETER,-5,wavelet_default_db4_l5_soft,wavelet_default,wavelet_soft,-5.000000358300146,-4.138022427180527,0.8619779311196192,-4.851949539511786,-4.972145931809146,-0.1201963922973599,1.8356999999014079,0.000611899999967136
final,lucas,pcafeter_ch01_seg01,PCAFETER,-5,sub_n512_h160_low_energy_q0.35_a1.5_f0.02,stft_subtraction,stft_subtraction,-5.000000358300146,0.6460701899164538,5.6460705482166,-4.851949539511786,-3.1367032187093273,1.7152463208024584,12.773600000173246,0.004257866666724415
final,lucas,pcafeter_ch01_seg01,PCAFETER,-5,wiener_n512_h160_low_energy_q0.35_f0.05,stft_wiener,stft_wiener,-5.000000358300146,-2.2867105142176847,2.7132898440824613,-4.851949539511786,-3.688152466961591,1.163797072550195,7.918499999959749,0.002639499999986583
final,lucas,pcafeter_ch01_seg01,PCAFETER,-5,wavelet_sym4_l3_hard_global_s0.5,wavelet,wavelet_soft,-5.000000358300146,-4.967190116182863,0.03281024211728312,-4.851949539511786,-4.846804622792913,0.0051449167188728495,2.17449999991004,0.0007248333333033467
final,lucas,pcafeter_ch01_seg01,PCAFETER,0,noisy,baseline,noisy,-2.395339674226807e-08,-2.395339674226807e-08,0.0,0.08375557115991515,0.08375557115991515,0.0,0.018700000055105193,6.233333351701731e-06
final,lucas,pcafeter_ch01_seg01,PCAFETER,0,stft_subtraction_default_initial,stft_subtraction_default,stft_subtraction,-2.395339674226807e-08,4.170949974185198,4.170949998138594,0.08375557115991515,2.5465514775806337,2.4627959064207188,15.032799999971758,0.005010933333323919
final,lucas,pcafeter_ch01_seg01,PCAFETER,0,stft_wiener_default_initial,stft_wiener_default,stft_wiener,-2.395339674226807e-08,2.409450754323497,2.4094507782768937,0.08375557115991515,1.7931809259480311,1.709425354788116,6.314799999927345,0.002104933333309115
final,lucas,pcafeter_ch01_seg01,PCAFETER,0,wavelet_default_db4_l5_soft,wavelet_default,wavelet_soft,-2.395339674226807e-08,0.8062086086755876,0.8062086326289843,0.08375557115991515,0.2513002263430605,0.16754465518314532,1.8331000001126085,0.0006110333333708695
final,lucas,pcafeter_ch01_seg01,PCAFETER,0,sub_n512_h160_low_energy_q0.35_a1.5_f0.02,stft_subtraction,stft_subtraction,-2.395339674226807e-08,4.880699072370833,4.880699096324229,0.08375557115991515,3.2133086806390327,3.129553109479118,10.169299999915893,0.003389766666638631
final,lucas,pcafeter_ch01_seg01,PCAFETER,0,wiener_n512_h160_low_energy_q0.35_f0.05,stft_wiener,stft_wiener,-2.395339674226807e-08,2.62357866364139,2.6235786875947866,0.08375557115991515,1.9915531453993085,1.9077975742393933,5.895800000189411,0.0019652666667298035
final,lucas,pcafeter_ch01_seg01,PCAFETER,0,wavelet_sym4_l3_hard_global_s0.5,wavelet,wavelet_soft,-2.395339674226807e-08,0.029679208786850847,0.02967923274024759,0.08375557115991515,0.09929912371151783,0.015543552551602682,1.3265000000046712,0.00044216666666822374
final,lucas,pcafeter_ch01_seg01,PCAFETER,5,noisy,baseline,noisy,5.000000235345274,5.000000235345274,0.0,5.047389804170409,5.047389804170409,0.0,0.02300000005561742,7.666666685205806e-06
final,lucas,pcafeter_ch01_seg01,PCAFETER,5,stft_subtraction_default_initial,stft_subtraction_default,stft_subtraction,5.000000235345274,8.648139198832983,3.6481389634877086,5.047389804170409,8.015906893106346,2.9685170889359362,14.630399999987276,0.004876799999995758
final,lucas,pcafeter_ch01_seg01,PCAFETER,5,stft_wiener_default_initial,stft_wiener_default,stft_wiener,5.000000235345274,7.334559815307003,2.334559579961729,5.047389804170409,7.05569808752181,2.0083082833514005,7.514599999922211,0.002504866666640737
final,lucas,pcafeter_ch01_seg01,PCAFETER,5,wavelet_default_db4_l5_soft,wavelet_default,wavelet_soft,5.000000235345274,5.722571537458462,0.7225713021131881,5.047389804170409,5.365231404639773,0.3178416004693636,2.45150000000649,0.0008171666666688301
final,lucas,pcafeter_ch01_seg01,PCAFETER,5,sub_n512_h160_low_energy_q0.35_a1.5_f0.02,stft_subtraction,stft_subtraction,5.000000235345274,9.068997230715693,4.068996995370419,5.047389804170409,8.678067045164013,3.630677240993604,14.528899999959322,0.0048429666666531075
final,lucas,pcafeter_ch01_seg01,PCAFETER,5,wiener_n512_h160_low_energy_q0.35_f0.05,stft_wiener,stft_wiener,5.000000235345274,7.513371436839473,2.5133712014941993,5.047389804170409,7.239782799999674,2.1923929958292643,7.398700000067038,0.0024662333333556794
final,lucas,pcafeter_ch01_seg01,PCAFETER,5,wavelet_sym4_l3_hard_global_s0.5,wavelet,wavelet_soft,5.000000235345274,5.025745392021607,0.025745156676332925,5.047389804170409,5.065987083012809,0.01859727884239959,1.7629999999826396,0.0005876666666608799
final,lucas,pcafeter_ch01_seg01,PCAFETER,10,noisy,baseline,noisy,9.999999994129759,9.999999994129759,0.0,10.026872358358219,10.026872358358219,0.0,0.02119999999194988,7.066666663983294e-06
final,lucas,pcafeter_ch01_seg01,PCAFETER,10,stft_subtraction_default_initial,stft_subtraction_default,stft_subtraction,9.999999994129759,13.014943193446285,3.0149431993165265,10.026872358358219,13.011533678860506,2.984661320502287,14.36920000014652,0.0047897333333821734
final,lucas,pcafeter_ch01_seg01,PCAFETER,10,stft_wiener_default_initial,stft_wiener_default,stft_wiener,9.999999994129759,12.299669307284889,2.29966931315513,10.026872358358219,12.164302127580802,2.1374297692225834,7.237000000031912,0.002412333333343971
final,lucas,pcafeter_ch01_seg01,PCAFETER,10,wavelet_default_db4_l5_soft,wavelet_default,wavelet_soft,9.999999994129759,10.596634115139471,0.5966341210097124,10.026872358358219,10.380357842832797,0.3534854844745787,2.003199999990102,0.0006677333333300339
final,lucas,pcafeter_ch01_seg01,PCAFETER,10,sub_n512_h160_low_energy_q0.35_a1.5_f0.02,stft_subtraction,stft_subtraction,9.999999994129759,13.325273495436786,3.325273501307027,10.026872358358219,13.661855223146791,3.6349828647885722,12.348100000053819,0.004116033333351273
final,lucas,pcafeter_ch01_seg01,PCAFETER,10,wiener_n512_h160_low_energy_q0.35_f0.05,stft_wiener,stft_wiener,9.999999994129759,12.41038702464544,2.4103870305156807,10.026872358358219,12.299646758955351,2.2727744005971324,7.375099999990198,0.0024583666666633994
final,lucas,pcafeter_ch01_seg01,PCAFETER,10,wavelet_sym4_l3_hard_global_s0.5,wavelet,wavelet_soft,9.999999994129759,10.02208719858068,0.02208720445092105,10.026872358358219,10.045597158819506,0.018724800461287217,2.1785999999792693,0.0007261999999930898
final,lucas,pcafeter_ch01_seg02,PCAFETER,-5,noisy,baseline,noisy,-5.00000026618771,-5.00000026618771,0.0,-4.903831061946092,-4.903831061946092,0.0,0.022900000203662785,7.633333401220929e-06
final,lucas,pcafeter_ch01_seg02,PCAFETER,-5,stft_subtraction_default_initial,stft_subtraction_default,stft_subtraction,-5.00000026618771,1.234991999800987,6.234992265988697,-4.903831061946092,-1.9294501050388189,2.9743809569072734,13.24109999995926,0.00441369999998642
final,lucas,pcafeter_ch01_seg02,PCAFETER,-5,stft_wiener_default_initial,stft_wiener_default,stft_wiener,-5.00000026618771,-1.0722681438753268,3.927732122312383,-4.903831061946092,-2.6764747922667698,2.2273562696793223,7.282199999963268,0.002427399999987756
final,lucas,pcafeter_ch01_seg02,PCAFETER,-5,wavelet_default_db4_l5_soft,wavelet_default,wavelet_soft,-5.00000026618771,-4.263333927208039,0.7366663389796715,-4.903831061946092,-5.210484514519136,-0.30665345257304377,1.6914999998789426,0.0005638333332929809
final,lucas,pcafeter_ch01_seg02,PCAFETER,-5,sub_n512_h160_low_energy_q0.35_a1.5_f0.02,stft_subtraction,stft_subtraction,-5.00000026618771,1.1754242029178346,6.175424469105545,-4.903831061946092,-2.305720404973624,2.598110656972468,12.555900000052134,0.004185300000017378
final,lucas,pcafeter_ch01_seg02,PCAFETER,-5,wiener_n512_h160_low_energy_q0.35_f0.05,stft_wiener,stft_wiener,-5.00000026618771,-2.1025971400582497,2.8974031261294604,-4.903831061946092,-3.5092894143461435,1.3945416475999486,7.425999999895794,0.002475333333298598
final,lucas,pcafeter_ch01_seg02,PCAFETER,-5,wavelet_sym4_l3_hard_global_s0.5,wavelet,wavelet_soft,-5.00000026618771,-4.961664064815779,0.038336201371930834,-4.903831061946092,-4.894705322373718,0.009125739572374059,1.5484999998989224,0.0005161666666329742
final,lucas,pcafeter_ch01_seg02,PCAFETER,0,noisy,baseline,noisy,3.023220022592427e-07,3.023220022592427e-07,0.0,0.05455715386559861,0.05455715386559861,0.0,0.02470000003995665,8.233333346652216e-06
final,lucas,pcafeter_ch01_seg02,PCAFETER,0,stft_subtraction_default_initial,stft_subtraction_default,stft_subtraction,3.023220022592427e-07,5.4061438281874885,5.406143525865486,0.05455715386559861,3.9646904080314886,3.91013325416589,12.867400000004636,0.0042891333333348785
final,lucas,pcafeter_ch01_seg02,PCAFETER,0,stft_wiener_default_initial,stft_wiener_default,stft_wiener,3.023220022592427e-07,3.70967667957552,3.7096763772535177,0.05455715386559861,2.9610361922068096,2.906479038341211,6.899200000134442,0.0022997333333781476
final,lucas,pcafeter_ch01_seg02,PCAFETER,0,wavelet_default_db4_l5_soft,wavelet_default,wavelet_soft,3.023220022592427e-07,0.6781864344039729,0.6781861320819706,0.05455715386559861,0.05112914387909541,-0.0034280099865032013,2.0185000000765285,0.0006728333333588429
final,lucas,pcafeter_ch01_seg02,PCAFETER,0,sub_n512_h160_low_energy_q0.35_a1.5_f0.02,stft_subtraction,stft_subtraction,3.023220022592427e-07,5.330051545131914,5.330051242809912,0.05455715386559861,3.831481978545095,3.7769248246794964,14.403399999991962,0.004801133333330654
final,lucas,pcafeter_ch01_seg02,PCAFETER,0,wiener_n512_h160_low_energy_q0.35_f0.05,stft_wiener,stft_wiener,3.023220022592427e-07,2.8113880772623308,2.8113877749403287,0.05455715386559861,2.161290015079704,2.1067328612141054,7.273499999882915,0.0024244999999609718
final,lucas,pcafeter_ch01_seg02,PCAFETER,0,wavelet_sym4_l3_hard_global_s0.5,wavelet,wavelet_soft,3.023220022592427e-07,0.03574664586578827,0.03574634354378601,0.05455715386559861,0.07476012987263503,0.020202976007036418,1.9195999998373736,0.0006398666666124578
final,lucas,pcafeter_ch01_seg02,PCAFETER,5,noisy,baseline,noisy,5.000000106503957,5.000000106503957,0.0,5.031068746037617,5.031068746037617,0.0,0.020300000187489786,6.766666729163262e-06
final,lucas,pcafeter_ch01_seg02,PCAFETER,5,stft_subtraction_default_initial,stft_subtraction_default,stft_subtraction,5.000000106503957,9.601502447701078,4.601502341197121,5.031068746037617,9.256670361881984,4.225601615844367,12.983600000097795,0.004327866666699265
final,lucas,pcafeter_ch01_seg02,PCAFETER,5,stft_wiener_default_initial,stft_wiener_default,stft_wiener,5.000000106503957,8.535242575755444,3.5352424692514868,5.031068746037617,8.2112272431693,3.180158497131684,5.9172000001126435,0.0019724000000375477
final,lucas,pcafeter_ch01_seg02,PCAFETER,5,wavelet_default_db4_l5_soft,wavelet_default,wavelet_soft,5.000000106503957,5.583554767703907,0.5835546611999503,5.031068746037617,5.18557955855004,0.15451081251242282,1.48950000016157,0.0004965000000538566
final,lucas,pcafeter_ch01_seg02,PCAFETER,5,sub_n512_h160_low_energy_q0.35_a1.5_f0.02,stft_subtraction,stft_subtraction,5.000000106503957,9.458491309005533,4.458491202501576,5.031068746037617,9.182037479379932,4.1509687333423155,13.280099999974482,0.004426699999991494
final,lucas,pcafeter_ch01_seg02,PCAFETER,5,wiener_n512_h160_low_energy_q0.35_f0.05,stft_wiener,stft_wiener,5.000000106503957,7.680911501653509,2.6809113951495522,5.031068746037617,7.397052382074644,2.3659836360370274,5.261699999891789,0.0017538999999639298
final,lucas,pcafeter_ch01_seg02,PCAFETER,5,wavelet_sym4_l3_hard_global_s0.5,wavelet,wavelet_soft,5.000000106503957,5.031846217247385,0.03184611074342847,5.031068746037617,5.055140077097767,0.024071331060150136,1.964799999996103,0.0006549333333320343
final,lucas,pcafeter_ch01_seg02,PCAFETER,10,noisy,baseline,noisy,10.000000289398692,10.000000289398692,0.0,10.017832572370732,10.017832572370732,0.0,0.018299999965165625,6.099999988388542e-06
final,lucas,pcafeter_ch01_seg02,PCAFETER,10,stft_subtraction_default_initial,stft_subtraction_default,stft_subtraction,10.000000289398692,13.72880972512158,3.728809435722889,10.017832572370732,14.044624591545354,4.026792019174621,10.422999999946114,0.0034743333333153714
final,lucas,pcafeter_ch01_seg02,PCAFETER,10,stft_wiener_default_initial,stft_wiener_default,stft_wiener,10.000000289398692,13.387067220580342,3.38706693118165,10.017832572370732,13.242975843927036,3.2251432715563038,4.951299999902403,0.001650433333300801
final,lucas,pcafeter_ch01_seg02,PCAFETER,10,wavelet_default_db4_l5_soft,wavelet_default,wavelet_soft,10.000000289398692,10.438000343128982,0.43800005373029016,10.017832572370732,10.200415001007844,0.1825824286371116,1.5812999999980093,0.0005270999999993364
final,lucas,pcafeter_ch01_seg02,PCAFETER,10,sub_n512_h160_low_energy_q0.35_a1.5_f0.02,stft_subtraction,stft_subtraction,10.000000289398692,13.82248824693827,3.822487957539579,10.017832572370732,14.26342380719126,4.245591234820527,10.53900000010799,0.0035130000000359964
final,lucas,pcafeter_ch01_seg02,PCAFETER,10,wiener_n512_h160_low_energy_q0.35_f0.05,stft_wiener,stft_wiener,10.000000289398692,12.69529929021073,2.6952990008120388,10.017832572370732,12.584036457516085,2.5662038851453524,6.06170000014572,0.00202056666671524
final,lucas,pcafeter_ch01_seg02,PCAFETER,10,wavelet_sym4_l3_hard_global_s0.5,wavelet,wavelet_soft,10.000000289398692,10.026264700878922,0.02626441148023062,10.017832572370732,10.040241929532707,0.02240935716197434,1.1752000000342377,0.0003917333333447459
final,lucas,pcafeter_ch01_seg03,PCAFETER,-5,noisy,baseline,noisy,-4.999999866344697,-4.999999866344697,0.0,-4.980430143630113,-4.980430143630113,0.0,0.021599999854515772,7.199999951505258e-06
final,lucas,pcafeter_ch01_seg03,PCAFETER,-5,stft_subtraction_default_initial,stft_subtraction_default,stft_subtraction,-4.999999866344697,0.04524401890390767,5.045243885248605,-4.980430143630113,-3.542169285497187,1.4382608581329261,12.67150000012407,0.00422383333337469
final,lucas,pcafeter_ch01_seg03,PCAFETER,-5,stft_wiener_default_initial,stft_wiener_default,stft_wiener,-4.999999866344697,-1.8311408880126003,3.168858978332097,-4.980430143630113,-3.6260328203623,1.3543973232678135,6.147800000007919,0.0020492666666693062
final,lucas,pcafeter_ch01_seg03,PCAFETER,-5,wavelet_default_db4_l5_soft,wavelet_default,wavelet_soft,-4.999999866344697,-4.587183201412751,0.41281666493194624,-4.980430143630113,-5.385170561418016,-0.4047404177879024,2.072999999882086,0.0006909999999606953
final,lucas,pcafeter_ch01_seg03,PCAFETER,-5,sub_n512_h160_low_energy_q0.35_a1.5_f0.02,stft_subtraction,stft_subtraction,-4.999999866344697,0.10340217414715379,5.103402040491851,-4.980430143630113,-3.7600406650294556,1.2203894786006577,11.09350000001541,0.0036978333333384703
final,lucas,pcafeter_ch01_seg03,PCAFETER,-5,wiener_n512_h160_low_energy_q0.35_f0.05,stft_wiener,stft_wiener,-4.999999866344697,-2.5296738181031038,2.4703260482415934,-4.980430143630113,-4.019975147867886,0.9604549957622277,8.359199999858902,0.0027863999999529674
final,lucas,pcafeter_ch01_seg03,PCAFETER,-5,wavelet_sym4_l3_hard_global_s0.5,wavelet,wavelet_soft,-4.999999866344697,-4.98208910602351,0.01791076032118699,-4.980430143630113,-4.981179687507189,-0.000749543877075709,2.4286999998821557,0.0008095666666273852
final,lucas,pcafeter_ch01_seg03,PCAFETER,0,noisy,baseline,noisy,1.5118185348371294e-07,1.5118185348371294e-07,0.0,0.011165316192740934,0.011165316192740934,0.0,0.02109999991262157,7.03333330420719e-06
final,lucas,pcafeter_ch01_seg03,PCAFETER,0,stft_subtraction_default_initial,stft_subtraction_default,stft_subtraction,1.5118185348371294e-07,4.530684856959018,4.530684705777165,0.011165316192740934,2.852048570189845,2.840883253997104,14.085100000102102,0.004695033333367367
final,lucas,pcafeter_ch01_seg03,PCAFETER,0,stft_wiener_default_initial,stft_wiener_default,stft_wiener,1.5118185348371294e-07,3.081489208451243,3.081489057269389,0.011165316192740934,2.285907239373692,2.274741923180951,9.206799999901705,0.0030689333333005684
final,lucas,pcafeter_ch01_seg03,PCAFETER,0,wavelet_default_db4_l5_soft,wavelet_default,wavelet_soft,1.5118185348371294e-07,0.3735803822681386,0.37358023108628513,0.011165316192740934,-0.14297550578181964,-0.15414082197456058,1.8109000000094966,0.0006036333333364988
final,lucas,pcafeter_ch01_seg03,PCAFETER,0,sub_n512_h160_low_energy_q0.35_a1.5_f0.02,stft_subtraction,stft_subtraction,1.5118185348371294e-07,4.522967947328169,4.5229677961463155,0.011165316192740934,2.78123537986138,2.770070063668639,16.3539000000128,0.005451300000004267
final,lucas,pcafeter_ch01_seg03,PCAFETER,0,wiener_n512_h160_low_energy_q0.35_f0.05,stft_wiener,stft_wiener,1.5118185348371294e-07,2.3864411457302754,2.3864409945484217,0.011165316192740934,1.7460059008987747,1.7348405847060338,8.552100000088103,0.002850700000029368
final,lucas,pcafeter_ch01_seg03,PCAFETER,0,wavelet_sym4_l3_hard_global_s0.5,wavelet,wavelet_soft,1.5118185348371294e-07,0.016097205316309187,0.016097054134455703,0.011165316192740934,0.017663048994371967,0.006497732801631033,1.767799999925046,0.000589266666641682
final,lucas,pcafeter_ch01_seg03,PCAFETER,5,noisy,baseline,noisy,5.000000294948036,5.000000294948036,0.0,5.006435651668124,5.006435651668124,0.0,0.022299999955066596,7.433333318355532e-06
final,lucas,pcafeter_ch01_seg03,PCAFETER,5,stft_subtraction_default_initial,stft_subtraction_default,stft_subtraction,5.000000294948036,8.960561472633211,3.9605611776851752,5.006435651668124,8.435265394177756,3.428829742509633,14.270800000076633,0.0047569333333588775
final,lucas,pcafeter_ch01_seg03,PCAFETER,5,stft_wiener_default_initial,stft_wiener_default,stft_wiener,5.000000294948036,7.995163757478231,2.9951634625301953,5.006435651668124,7.643806317348313,2.637370665680189,8.85270000003402,0.0029509000000113397
final,lucas,pcafeter_ch01_seg03,PCAFETER,5,wavelet_default_db4_l5_soft,wavelet_default,wavelet_soft,5.000000294948036,5.31819486349325,0.31819456854521455,5.006435651668124,4.991616364131236,-0.01481928753688777,2.5553999998919608,0.0008517999999639869
final,lucas,pcafeter_ch01_seg03,PCAFETER,5,sub_n512_h160_low_energy_q0.35_a1.5_f0.02,stft_subtraction,stft_subtraction,5.000000294948036,9.063128954857994,4.0631286599099585,5.006435651668124,8.582196501986637,3.575760850318513,14.795800000001691,0.004931933333333897
final,lucas,pcafeter_ch01_seg03,PCAFETER,5,wiener_n512_h160_low_energy_q0.35_f0.05,stft_wiener,stft_wiener,5.000000294948036,7.337803624645348,2.337803329697312,5.006435651668124,7.076375619348777,2.0699399676806536,9.398499999861087,0.0031328333332870293
final,lucas,pcafeter_ch01_seg03,PCAFETER,5,wavelet_sym4_l3_hard_global_s0.5,wavelet,wavelet_soft,5.000000294948036,5.013700009947585,0.01369971499954925,5.006435651668124,5.015332709983708,0.008897058315584516,2.3315000000820874,0.0007771666666940291
final,lucas,pcafeter_ch01_seg03,PCAFETER,10,noisy,baseline,noisy,10.000000266938489,10.000000266938489,0.0,10.003774732045246,10.003774732045246,0.0,0.03440000000409782,1.1466666668032607e-05
final,lucas,pcafeter_ch01_seg03,PCAFETER,10,stft_subtraction_default_initial,stft_subtraction_default,stft_subtraction,10.000000266938489,13.242131215886875,3.242130948948386,10.003774732045246,13.420747009166316,3.4169722771210704,10.0892999998905,0.0033630999999635
final,lucas,pcafeter_ch01_seg03,PCAFETER,10,stft_wiener_default_initial,stft_wiener_default,stft_wiener,10.000000266938489,12.89557773964481,2.8955774727063215,10.003774732045246,12.73401671140429,2.730241979359045,8.259599999973943,0.0027531999999913146
final,lucas,pcafeter_ch01_seg03,PCAFETER,10,wavelet_default_db4_l5_soft,wavelet_default,wavelet_soft,10.000000266938489,10.230727030898425,0.23072676395993597,10.003774732045246,10.032744054279794,0.0289693222345484,2.047200000106386,0.0006824000000354621
final,lucas,pcafeter_ch01_seg03,PCAFETER,10,sub_n512_h160_low_energy_q0.35_a1.5_f0.02,stft_subtraction,stft_subtraction,10.000000266938489,13.499004714037442,3.4990044470989528,10.003774732045246,13.709760786126605,3.705986054081359,14.231699999982084,0.004743899999994028
final,lucas,pcafeter_ch01_seg03,PCAFETER,10,wiener_n512_h160_low_energy_q0.35_f0.05,stft_wiener,stft_wiener,10.000000266938489,12.284595714461409,2.2845954475229195,10.003774732045246,12.176846478412369,2.173071746367123,6.936699999869234,0.0023122333332897447
final,lucas,pcafeter_ch01_seg03,PCAFETER,10,wavelet_sym4_l3_hard_global_s0.5,wavelet,wavelet_soft,10.000000266938489,10.010563033901219,0.010562766962729953,10.003774732045246,10.011997111224408,0.008222379179162687,2.8141999998752,0.0009380666666250667
final,lucas,straffic_ch01_seg01,STRAFFIC,-5,noisy,baseline,noisy,-5.000000234775345,-5.000000234775345,0.0,-4.93968320816847,-4.93968320816847,0.0,0.03130000004603062,1.0433333348676873e-05
final,lucas,straffic_ch01_seg01,STRAFFIC,-5,stft_subtraction_default_initial,stft_subtraction_default,stft_subtraction,-5.000000234775345,0.4482473691317093,5.448247603907054,-4.93968320816847,-0.36344337913060293,4.576239829037867,17.854000000170345,0.005951333333390115
final,lucas,straffic_ch01_seg01,STRAFFIC,-5,stft_wiener_default_initial,stft_wiener_default,stft_wiener,-5.000000234775345,-2.412017683356114,2.587982551419231,-4.93968320816847,-2.5613285190074464,2.378354689161023,7.53660000009404,0.002512200000031347
final,lucas,straffic_ch01_seg01,STRAFFIC,-5,wavelet_default_db4_l5_soft,wavelet_default,wavelet_soft,-5.000000234775345,-4.979735974913543,0.02026425986180236,-4.93968320816847,-5.285879631139907,-0.3461964229714374,2.262100000052669,0.0007540333333508897
final,lucas,straffic_ch01_seg01,STRAFFIC,-5,sub_n512_h160_low_energy_q0.35_a1.5_f0.02,stft_subtraction,stft_subtraction,-5.000000234775345,0.4730092201531574,5.473009454928502,-4.93968320816847,-0.9042395461995932,4.035443661968876,12.021800000184157,0.004007266666728053
final,lucas,straffic_ch01_seg01,STRAFFIC,-5,wiener_n512_h160_low_energy_q0.35_f0.05,stft_wiener,stft_wiener,-5.000000234775345,-3.1733203866749617,1.8266798481003832,-4.93968320816847,-3.5061065826522637,1.433576625516206,8.082599999852391,0.002694199999950797
final,lucas,straffic_ch01_seg01,STRAFFIC,-5,wavelet_sym4_l3_hard_global_s0.5,wavelet,wavelet_soft,-5.000000234775345,-4.998438035807013,0.0015621989683323179,-4.93968320816847,-4.943153409673547,-0.003470201505077597,1.767599999993763,0.000589199999997921
final,lucas,straffic_ch01_seg01,STRAFFIC,0,noisy,baseline,noisy,-2.533296896570296e-07,-2.533296896570296e-07,0.0,0.03400272798717228,0.03400272798717228,0.0,0.020499999891399057,6.833333297133019e-06
final,lucas,straffic_ch01_seg01,STRAFFIC,0,stft_subtraction_default_initial,stft_subtraction_default,stft_subtraction,-2.533296896570296e-07,5.388662864549529,5.388663117879219,0.03400272798717228,4.868053672878368,4.834050944891196,9.46790000011788,0.0031559666667059596
final,lucas,straffic_ch01_seg01,STRAFFIC,0,stft_wiener_default_initial,stft_wiener_default,stft_wiener,-2.533296896570296e-07,2.600741395886068,2.600741649215758,0.03400272798717228,2.503990271737471,2.4699875437502987,7.507399999894915,0.0025024666666316384
final,lucas,straffic_ch01_seg01,STRAFFIC,0,wavelet_default_db4_l5_soft,wavelet_default,wavelet_soft,-2.533296896570296e-07,0.010636758161850364,0.01063701149154002,0.03400272798717228,-0.19577096815327766,-0.22977369614044993,1.9527999997990264,0.0006509333332663422
final,lucas,straffic_ch01_seg01,STRAFFIC,0,sub_n512_h160_low_energy_q0.35_a1.5_f0.02,stft_subtraction,stft_subtraction,-2.533296896570296e-07,5.470640663838598,5.4706409171682875,0.03400272798717228,4.69684421693572,4.662841488948548,15.157000000044718,0.00505233333334824
final,lucas,straffic_ch01_seg01,STRAFFIC,0,wiener_n512_h160_low_energy_q0.35_f0.05,stft_wiener,stft_wiener,-2.533296896570296e-07,1.9082025198066144,1.908202773136304,0.03400272798717228,1.7518205277859398,1.7178177997987676,7.175999999844862,0.0023919999999482875
final,lucas,straffic_ch01_seg01,STRAFFIC,0,wavelet_sym4_l3_hard_global_s0.5,wavelet,wavelet_soft,-2.533296896570296e-07,0.0012717538853899138,0.0012720072150795708,0.03400272798717228,0.03284555391663558,-0.0011571740705366984,1.832300000160103,0.0006107666667200343
final,lucas,straffic_ch01_seg01,STRAFFIC,5,noisy,baseline,noisy,4.99999966037397,4.99999966037397,0.0,5.019170059288149,5.019170059288149,0.0,0.020100000028833165,6.700000009611055e-06
final,lucas,straffic_ch01_seg01,STRAFFIC,5,stft_subtraction_default_initial,stft_subtraction_default,stft_subtraction,4.99999966037397,10.262269218802011,5.2622695584280414,5.019170059288149,9.941067225299054,4.921897166010905,10.656100000005608,0.0035520333333352028
final,lucas,straffic_ch01_seg01,STRAFFIC,5,stft_wiener_default_initial,stft_wiener_default,stft_wiener,4.99999966037397,7.621937179870464,2.6219375194964947,5.019170059288149,7.542353370962145,2.5231833116739955,6.902000000081898,0.002300666666693966
final,lucas,straffic_ch01_seg01,STRAFFIC,5,wavelet_default_db4_l5_soft,wavelet_default,wavelet_soft,4.99999966037397,4.994405338517568,-0.0055943218564014074,5.019170059288149,4.855060631744082,-0.16410942754406754,2.07349999982398,0.0006911666666079933
final,lucas,straffic_ch01_seg01,STRAFFIC,5,sub_n512_h160_low_energy_q0.35_a1.5_f0.02,stft_subtraction,stft_subtraction,4.99999966037397,10.43096879490438,5.430969134530411,5.019170059288149,10.0573216944788,5.03815163519065,13.756399999920177,0.004585466666640059
final,lucas,straffic_ch01_seg01,STRAFFIC,5,wiener_n512_h160_low_energy_q0.35_f0.05,stft_wiener,stft_wiener,4.99999966037397,6.98718733155734,1.9871876711833707,5.019170059288149,6.909294375903857,1.890124316615708,6.062700000029508,0.0020209000000098363
final,lucas,straffic_ch01_seg01,STRAFFIC,5,wavelet_sym4_l3_hard_global_s0.5,wavelet,wavelet_soft,4.99999966037397,5.000853084022844,0.0008534236488744185,5.019170059288149,5.018856876389917,-0.0003131828982327889,1.847100000077262,0.000615700000025754
final,lucas,straffic_ch01_seg01,STRAFFIC,10,noisy,baseline,noisy,9.99999968286709,9.99999968286709,0.0,10.010817985139152,10.010817985139152,0.0,0.02470000003995665,8.233333346652216e-06
final,lucas,straffic_ch01_seg01,STRAFFIC,10,stft_subtraction_default_initial,stft_subtraction_default,stft_subtraction,9.99999968286709,14.912957904412137,4.912958221545047,10.010817985139152,14.777125576597388,4.7663075914582365,13.818900000160284,0.0046063000000534276
final,lucas,straffic_ch01_seg01,STRAFFIC,10,stft_wiener_default_initial,stft_wiener_default,stft_wiener,9.99999968286709,12.643616787378757,2.6436171045116676,10.010817985139152,12.572791222061838,2.561973236922686,5.105800000137606,0.001701933333379202
final,lucas,straffic_ch01_seg01,STRAFFIC,10,wavelet_default_db4_l5_soft,wavelet_default,wavelet_soft,9.99999968286709,9.964105970161231,-0.035893712705858505,10.010817985139152,9.868403108960381,-0.1424148761787709,1.3988999999128282,0.00046629999997094274
final,lucas,straffic_ch01_seg01,STRAFFIC,10,sub_n512_h160_low_energy_q0.35_a1.5_f0.02,stft_subtraction,stft_subtraction,9.99999968286709,15.55732486960557,5.557325186738479,10.010817985139152,15.450209607904085,5.4393916227649335,9.914100000059989,0.0033047000000199964
final,lucas,straffic_ch01_seg01,STRAFFIC,10,wiener_n512_h160_low_energy_q0.35_f0.05,stft_wiener,stft_wiener,9.99999968286709,12.176254221719065,2.1762545388519747,10.010817985139152,12.147278173797908,2.1364601886587558,6.726299999854746,0.002242099999951582
final,lucas,straffic_ch01_seg01,STRAFFIC,10,wavelet_sym4_l3_hard_global_s0.5,wavelet,wavelet_soft,9.99999968286709,10.000075630253457,7.594738636740317e-05,10.010817985139152,10.010304023472152,-0.000513961667000018,1.1776999999710824,0.0003925666666570275
final,lucas,straffic_ch01_seg02,STRAFFIC,-5,noisy,baseline,noisy,-5.0000000017316335,-5.0000000017316335,0.0,-4.8996672697784085,-4.8996672697784085,0.0,0.022700000045006163,7.566666681668721e-06
final,lucas,straffic_ch01_seg02,STRAFFIC,-5,stft_subtraction_default_initial,stft_subtraction_default,stft_subtraction,-5.0000000017316335,0.8103797284488463,5.81037973018048,-4.8996672697784085,-0.7455007298802451,4.1541665398981635,12.87200000001576,0.00429066666667192
final,lucas,straffic_ch01_seg02,STRAFFIC,-5,stft_wiener_default_initial,stft_wiener_default,stft_wiener,-5.0000000017316335,-1.0916486597120012,3.9083513420196323,-4.8996672697784085,-1.5974615047159633,3.3022057650624452,8.321199999954842,0.002773733333318281
final,lucas,straffic_ch01_seg02,STRAFFIC,-5,wavelet_default_db4_l5_soft,wavelet_default,wavelet_soft,-5.0000000017316335,-4.058019264325,0.9419807374066336,-4.8996672697784085,-5.411494135351239,-0.5118268655728304,1.371500000004744,0.00045716666666824796
final,lucas,straffic_ch01_seg02,STRAFFIC,-5,sub_n512_h160_low_energy_q0.35_a1.5_f0.02,stft_subtraction,stft_subtraction,-5.0000000017316335,1.8728202550171156,6.872820256748749,-4.8996672697784085,-0.9815702242027126,3.918097045575696,11.598499999990963,0.0038661666666636543
final,lucas,straffic_ch01_seg02,STRAFFIC,-5,wiener_n512_h160_low_energy_q0.35_f0.05,stft_wiener,stft_wiener,-5.0000000017316335,-1.7469727865188016,3.253027215212832,-4.8996672697784085,-2.7964223814586946,2.103244888319714,6.125500000052853,0.002041833333350951
final,lucas,straffic_ch01_seg02,STRAFFIC,-5,wavelet_sym4_l3_hard_global_s0.5,wavelet,wavelet_soft,-5.0000000017316335,-4.918496410092855,0.08150359163877852,-4.8996672697784085,-4.86055190420238,0.03911536557602879,1.852100000178325,0.0006173666667261083
final,lucas,straffic_ch01_seg02,STRAFFIC,0,noisy,baseline,noisy,-1.8519578529266418e-07,-1.8519578529266418e-07,0.0,0.056647232871159726,0.056647232871159726,0.0,0.024499999881300027,8.166666627100009e-06
final,lucas,straffic_ch01_seg02,STRAFFIC,0,stft_subtraction_default_initial,stft_subtraction_default,stft_subtraction,-1.8519578529266418e-07,5.41942805049349,5.419428235689275,0.056647232871159726,4.461533179546286,4.404885946675126,13.756199999988894,0.004585399999996298
final,lucas,straffic_ch01_seg02,STRAFFIC,0,stft_wiener_default_initial,stft_wiener_default,stft_wiener,-1.8519578529266418e-07,3.812850545523248,3.8128507307190334,0.056647232871159726,3.4898315266442923,3.4331842937731327,6.496199999901364,0.0021653999999671214
final,lucas,straffic_ch01_seg02,STRAFFIC,0,wavelet_default_db4_l5_soft,wavelet_default,wavelet_soft,-1.8519578529266418e-07,0.8404131226318454,0.8404133078276307,0.056647232871159726,-0.031216415455355247,-0.08786364832651497,1.9690999999966152,0.0006563666666655384
final,lucas,straffic_ch01_seg02,STRAFFIC,0,sub_n512_h160_low_energy_q0.35_a1.5_f0.02,stft_subtraction,stft_subtraction,-1.8519578529266418e-07,5.96778088454898,5.967781069744765,0.056647232871159726,4.7061242015786,4.64947696870744,11.855799999921146,0.003951933333307049
final,lucas,straffic_ch01_seg02,STRAFFIC,0,wiener_n512_h160_low_energy_q0.35_f0.05,stft_wiener,stft_wiener,-1.8519578529266418e-07,3.1237379724489096,3.123738157644695,0.056647232871159726,2.6001945964874364,2.543547363616277,6.972299999915776,0.0023240999999719256
final,lucas,straffic_ch01_seg02,STRAFFIC,0,wavelet_sym4_l3_hard_global_s0.5,wavelet,wavelet_soft,-1.8519578529266418e-07,0.0792630802342131,0.0792632654299984,0.056647232871159726,0.11279961788652446,0.05615238501536473,1.7947999999705644,0.0005982666666568548
final,lucas,straffic_ch01_seg02,STRAFFIC,5,noisy,baseline,noisy,4.999999794448364,4.999999794448364,0.0,5.031984292530366,5.031984292530366,0.0,0.034599999935380765,1.1533333311793589e-05
final,lucas,straffic_ch01_seg02,STRAFFIC,5,stft_subtraction_default_initial,stft_subtraction_default,stft_subtraction,4.999999794448364,9.813790565292285,4.813790770843921,5.031984292530366,9.339573226095192,4.307588933564826,15.689600000087012,0.005229866666695671
final,lucas,straffic_ch01_seg02,STRAFFIC,5,stft_wiener_default_initial,stft_wiener_default,stft_wiener,4.999999794448364,8.700272202175029,3.700272407726665,5.031984292530366,8.497926254901087,3.465941962370721,6.538000000091415,0.002179333333363805
final,lucas,straffic_ch01_seg02,STRAFFIC,5,wavelet_default_db4_l5_soft,wavelet_default,wavelet_soft,4.999999794448364,5.678782156663631,0.6787823622152676,5.031984292530366,5.1418330908149725,0.10984879828460681,1.9820999998501065,0.0006606999999500355
final,lucas,straffic_ch01_seg02,STRAFFIC,5,sub_n512_h160_low_energy_q0.35_a1.5_f0.02,stft_subtraction,stft_subtraction,4.999999794448364,9.7988101529408,4.798810358492435,5.031984292530366,9.481504323622541,4.449520031092176,12.212699999963661,0.004070899999987887
final,lucas,straffic_ch01_seg02,STRAFFIC,5,wiener_n512_h160_low_energy_q0.35_f0.05,stft_wiener,stft_wiener,4.999999794448364,7.886063586242045,2.8860637917936813,5.031984292530366,7.631497305982804,2.5995130134524382,6.660900000042602,0.0022203000000142006
final,lucas,straffic_ch01_seg02,STRAFFIC,5,wavelet_sym4_l3_hard_global_s0.5,wavelet,wavelet_soft,4.999999794448364,5.074967131829179,0.07496733738081485,5.031984292530366,5.093488095025759,0.06150380249539289,1.9236000000546483,0.0006412000000182161
final,lucas,straffic_ch01_seg02,STRAFFIC,10,noisy,baseline,noisy,9.999999804375868,9.999999804375868,0.0,10.01808449707659,10.01808449707659,0.0,0.019099999917671084,6.366666639223695e-06
final,lucas,straffic_ch01_seg02,STRAFFIC,10,stft_subtraction_default_initial,stft_subtraction_default,stft_subtraction,9.999999804375868,14.022422507458055,4.022422703082187,10.01808449707659,13.948678895660425,3.9305943985838354,13.290800000049785,0.004430266666683262
final,lucas,straffic_ch01_seg02,STRAFFIC,10,stft_wiener_default_initial,stft_wiener_default,stft_wiener,9.999999804375868,13.665670809661085,3.6656710052852173,10.01808449707659,13.54875721610468,3.5306727190280895,8.125400000153604,0.002708466666717868
final,lucas,straffic_ch01_seg02,STRAFFIC,10,wavelet_default_db4_l5_soft,wavelet_default,wavelet_soft,9.999999804375868,10.411072209523745,0.4110724051478769,10.01808449707659,10.105102982223052,0.08701848514646215,2.1070000000236178,0.000702333333341206
final,lucas,straffic_ch01_seg02,STRAFFIC,10,sub_n512_h160_low_energy_q0.35_a1.5_f0.02,stft_subtraction,stft_subtraction,9.999999804375868,13.791183060515635,3.7911832561397674,10.01808449707659,14.012949108583612,3.9948646115070225,16.160000000127184,0.005386666666709061
final,lucas,straffic_ch01_seg02,STRAFFIC,10,wiener_n512_h160_low_energy_q0.35_f0.05,stft_wiener,stft_wiener,9.999999804375868,12.73411176989923,2.734111965523361,10.01808449707659,12.626517598484012,2.6084331014074227,8.194700000103694,0.0027315666667012315
final,lucas,straffic_ch01_seg02,STRAFFIC,10,wavelet_sym4_l3_hard_global_s0.5,wavelet,wavelet_soft,9.999999804375868,10.0739657085853,0.07396590420943205,10.01808449707659,10.085510221874884,0.06742572479829434,1.7579000000296219,0.0005859666666765406
final,lucas,straffic_ch01_seg03,STRAFFIC,-5,noisy,baseline,noisy,-4.999999819595546,-4.999999819595546,0.0,-5.190400104614428,-5.190400104614428,0.0,0.02689999996619008,8.966666655396693e-06
final,lucas,straffic_ch01_seg03,STRAFFIC,-5,stft_subtraction_default_initial,stft_subtraction_default,stft_subtraction,-4.999999819595546,1.9292203680638056,6.929220187659352,-5.190400104614428,-0.3374181574981313,4.852981947116296,13.810000000148648,0.004603333333382882
final,lucas,straffic_ch01_seg03,STRAFFIC,-5,stft_wiener_default_initial,stft_wiener_default,stft_wiener,-4.999999819595546,-0.7794689480583412,4.220530871537205,-5.190400104614428,-1.799678310509609,3.3907217941048184,5.976600000167309,0.0019922000000557696
final,lucas,straffic_ch01_seg03,STRAFFIC,-5,wavelet_default_db4_l5_soft,wavelet_default,wavelet_soft,-4.999999819595546,-4.605239240683127,0.3947605789124191,-5.190400104614428,-5.906562807360411,-0.7161627027459829,1.944100000173421,0.0006480333333911403
final,lucas,straffic_ch01_seg03,STRAFFIC,-5,sub_n512_h160_low_energy_q0.35_a1.5_f0.02,stft_subtraction,stft_subtraction,-4.999999819595546,2.4109396947132753,7.410939514308821,-5.190400104614428,-0.4728265088423489,4.717573595772079,14.644499999803884,0.004881499999934628
final,lucas,straffic_ch01_seg03,STRAFFIC,-5,wiener_n512_h160_low_energy_q0.35_f0.05,stft_wiener,stft_wiener,-4.999999819595546,-1.401333420160178,3.598666399435368,-5.190400104614428,-2.66597480100313,2.524425303611298,6.991599999992104,0.0023305333333307012
final,lucas,straffic_ch01_seg03,STRAFFIC,-5,wavelet_sym4_l3_hard_global_s0.5,wavelet,wavelet_soft,-4.999999819595546,-4.961963485927537,0.03803633366800874,-5.190400104614428,-5.178834388884309,0.011565715730118775,1.7205999999987398,0.0005735333333329132
final,lucas,straffic_ch01_seg03,STRAFFIC,0,noisy,baseline,noisy,-4.324921954254158e-07,-4.324921954254158e-07,0.0,-0.10616238466734365,-0.10616238466734365,0.0,0.02300000005561742,7.666666685205806e-06
final,lucas,straffic_ch01_seg03,STRAFFIC,0,stft_subtraction_default_initial,stft_subtraction_default,stft_subtraction,-4.324921954254158e-07,6.144880856809873,6.144881289302069,-0.10616238466734365,5.017145509767696,5.123307894435039,16.512799999873096,0.005504266666624365
final,lucas,straffic_ch01_seg03,STRAFFIC,0,stft_wiener_default_initial,stft_wiener_default,stft_wiener,-4.324921954254158e-07,3.9773609594519614,3.977361391944157,-0.10616238466734365,3.424447086716685,3.530609471384029,6.8891000000803615,0.0022963666666934537
final,lucas,straffic_ch01_seg03,STRAFFIC,0,wavelet_default_db4_l5_soft,wavelet_default,wavelet_soft,-4.324921954254158e-07,0.33311516764045507,0.3331156001326505,-0.10616238466734365,-0.4653808216485484,-0.3592184369812047,2.0393999998304935,0.0006797999999434978
final,lucas,straffic_ch01_seg03,STRAFFIC,0,sub_n512_h160_low_energy_q0.35_a1.5_f0.02,stft_subtraction,stft_subtraction,-4.324921954254158e-07,6.231249982381603,6.231250414873799,-0.10616238466734365,5.063369268082292,5.169531652749636,13.887699999941105,0.004629233333313702
final,lucas,straffic_ch01_seg03,STRAFFIC,0,wiener_n512_h160_low_energy_q0.35_f0.05,stft_wiener,stft_wiener,-4.324921954254158e-07,3.3857235835001696,3.385724015992365,-0.10616238466734365,2.7254290263666956,2.831591411034039,7.379700000001321,0.0024599000000004403
final,lucas,straffic_ch01_seg03,STRAFFIC,0,wavelet_sym4_l3_hard_global_s0.5,wavelet,wavelet_soft,-4.324921954254158e-07,0.035792623063170874,0.0357930555553663,-0.10616238466734365,-0.08396872786275766,0.022193656804585987,1.2427999999999884,0.0004142666666666628
final,lucas,straffic_ch01_seg03,STRAFFIC,5,noisy,baseline,noisy,4.999999645961593,4.999999645961593,0.0,4.940851950110314,4.940851950110314,0.0,0.022699999817632488,7.566666605877496e-06
final,lucas,straffic_ch01_seg03,STRAFFIC,5,stft_subtraction_default_initial,stft_subtraction_default,stft_subtraction,4.999999645961593,10.199688797796503,5.199689151834909,4.940851950110314,9.81447313659105,4.873621186480735,13.030399999934161,0.00434346666664472
final,lucas,straffic_ch01_seg03,STRAFFIC,5,stft_wiener_default_initial,stft_wiener_default,stft_wiener,4.999999645961593,8.711655784930885,3.7116561389692917,4.940851950110314,8.421967884818946,3.4811159347086313,7.19529999992119,0.002398433333307063
final,lucas,straffic_ch01_seg03,STRAFFIC,5,wavelet_default_db4_l5_soft,wavelet_default,wavelet_soft,4.999999645961593,5.236941838264125,0.23694219230253122,4.940851950110314,4.758400061081452,-0.18245188902886245,1.8551999999090185,0.0006183999999696729
final,lucas,straffic_ch01_seg03,STRAFFIC,5,sub_n512_h160_low_energy_q0.35_a1.5_f0.02,stft_subtraction,stft_subtraction,4.999999645961593,9.901243409846295,4.901243763884701,4.940851950110314,9.702717800180121,4.761865850069807,14.029700000037337,0.004676566666679112
final,lucas,straffic_ch01_seg03,STRAFFIC,5,wiener_n512_h160_low_energy_q0.35_f0.05,stft_wiener,stft_wiener,4.999999645961593,8.088856485925895,3.0888568399643015,4.940851950110314,7.773873472711528,2.8330215226012134,8.7985000000117,0.0029328333333372334
final,lucas,straffic_ch01_seg03,STRAFFIC,5,wavelet_sym4_l3_hard_global_s0.5,wavelet,wavelet_soft,4.999999645961593,5.030336650393094,0.03033700443150078,4.940851950110314,4.963904902707375,0.02305295259706064,2.040999999962878,0.0006803333333209594
final,lucas,straffic_ch01_seg03,STRAFFIC,10,noisy,baseline,noisy,9.999999696456118,9.999999696456118,0.0,9.967178717817598,9.967178717817598,0.0,0.020799999902010313,6.933333300670104e-06
final,lucas,straffic_ch01_seg03,STRAFFIC,10,stft_subtraction_default_initial,stft_subtraction_default,stft_subtraction,9.999999696456118,14.180248777377415,4.180249080921296,9.967178717817598,14.276593385499467,4.309414667681869,13.120500000013635,0.004373500000004545
final,lucas,straffic_ch01_seg03,STRAFFIC,10,stft_wiener_default_initial,stft_wiener_default,stft_wiener,9.999999696456118,13.503560311406627,3.5035606149505085,9.967178717817598,13.357441095065884,3.390262377248286,6.225899999890316,0.002075299999963439
final,lucas,straffic_ch01_seg03,STRAFFIC,10,wavelet_default_db4_l5_soft,wavelet_default,wavelet_soft,9.999999696456118,10.091402773571636,0.0914030771155172,9.967178717817598,9.821214645921502,-0.1459640718960955,1.4303999998901418,0.00047679999996338057
final,lucas,straffic_ch01_seg03,STRAFFIC,10,sub_n512_h160_low_energy_q0.35_a1.5_f0.02,stft_subtraction,stft_subtraction,9.999999696456118,13.876853299186532,3.8768536027304137,9.967178717817598,14.240907011690485,4.273728293872887,9.514699999954246,0.0031715666666514153
final,lucas,straffic_ch01_seg03,STRAFFIC,10,wiener_n512_h160_low_energy_q0.35_f0.05,stft_wiener,stft_wiener,9.999999696456118,12.986286680668018,2.9862869842118993,9.967178717817598,12.852628651446283,2.885449933628685,4.955999999992855,0.0016519999999976183
final,lucas,straffic_ch01_seg03,STRAFFIC,10,wavelet_sym4_l3_hard_global_s0.5,wavelet,wavelet_soft,9.999999696456118,10.024343923939632,0.024344227483513947,9.967178717817598,9.988085570025163,0.020906852207565052,1.1918999998670188,0.00039729999995567294
final,yweweler,pcafeter_ch01_seg01,PCAFETER,-5,noisy,baseline,noisy,-4.999999834543093,-4.999999834543093,0.0,-4.96277195929731,-4.96277195929731,0.0,0.020399999812070746,6.799999937356915e-06
final,yweweler,pcafeter_ch01_seg01,PCAFETER,-5,stft_subtraction_default_initial,stft_subtraction_default,stft_subtraction,-4.999999834543093,0.03526222821377763,5.035262062756871,-4.96277195929731,-5.5992856429774385,-0.6365136836801284,12.999199999967459,0.00433306666665582
final,yweweler,pcafeter_ch01_seg01,PCAFETER,-5,stft_wiener_default_initial,stft_wiener_default,stft_wiener,-4.999999834543093,-1.5660970287507983,3.433902805792295,-4.96277195929731,-5.387974631651682,-0.4252026723543718,4.796699999815246,0.0015988999999384153
final,yweweler,pcafeter_ch01_seg01,PCAFETER,-5,wavelet_default_db4_l5_soft,wavelet_default,wavelet_soft,-4.999999834543093,-4.1974147580712176,0.8025850764718756,-4.96277195929731,-5.439203980846505,-0.4764320215491953,1.5197999998690648,0.000506599999956355
final,yweweler,pcafeter_ch01_seg01,PCAFETER,-5,sub_n512_h160_low_energy_q0.35_a1.5_f0.02,stft_subtraction,stft_subtraction,-4.999999834543093,0.44686392139163206,5.446863755934725,-4.96277195929731,-3.6853228910095064,1.2774490682878037,13.018899999906353,0.0043396333333021175
final,yweweler,pcafeter_ch01_seg01,PCAFETER,-5,wiener_n512_h160_low_energy_q0.35_f0.05,stft_wiener,stft_wiener,-4.999999834543093,-2.319862312876853,2.68013752166624,-4.96277195929731,-3.970131444021675,0.9926405152756352,6.134599999995771,0.002044866666665257
final,yweweler,pcafeter_ch01_seg01,PCAFETER,-5,wavelet_sym4_l3_hard_global_s0.5,wavelet,wavelet_soft,-4.999999834543093,-4.967421236029315,0.03257859851377809,-4.96277195929731,-4.956209251239913,0.006562708057397337,1.6958000001068285,0.0005652666667022762
final,yweweler,pcafeter_ch01_seg01,PCAFETER,0,noisy,baseline,noisy,1.3733924755767092e-08,1.3733924755767092e-08,0.0,0.020978596441966927,0.020978596441966927,0.0,0.025000000050567905,8.333333350189301e-06
final,yweweler,pcafeter_ch01_seg01,PCAFETER,0,stft_subtraction_default_initial,stft_subtraction_default,stft_subtraction,1.3733924755767092e-08,3.1369071817894207,3.136907168055496,0.020978596441966927,0.3868163496785544,0.36583775323658746,13.750600000093982,0.00458353333336466
final,yweweler,pcafeter_ch01_seg01,PCAFETER,0,stft_wiener_default_initial,stft_wiener_default,stft_wiener,1.3733924755767092e-08,3.0211500596504774,3.021150045916553,0.020978596441966927,0.3351739386820412,0.3141953422400743,7.714600000099381,0.0025715333333664603
final,yweweler,pcafeter_ch01_seg01,PCAFETER,0,wavelet_default_db4_l5_soft,wavelet_default,wavelet_soft,1.3733924755767092e-08,0.6748380329787627,0.6748380192448379,0.020978596441966927,-0.16891509720552433,-0.18989369364749126,2.010699999800636,0.0006702333332668786
final,yweweler,pcafeter_ch01_seg01,PCAFETER,0,sub_n512_h160_low_energy_q0.35_a1.5_f0.02,stft_subtraction,stft_subtraction,1.3733924755767092e-08,4.566365109354316,4.566365095620391,0.020978596441966927,2.7174856390378417,2.696507042595875,10.214899999937188,0.0034049666666457292
final,yweweler,pcafeter_ch01_seg01,PCAFETER,0,wiener_n512_h160_low_energy_q0.35_f0.05,stft_wiener,stft_wiener,1.3733924755767092e-08,2.6342058050976442,2.6342057913637196,0.020978596441966927,1.7769097956366642,1.7559311991946973,7.577600000104212,0.002525866666701404
final,yweweler,pcafeter_ch01_seg01,PCAFETER,0,wavelet_sym4_l3_hard_global_s0.5,wavelet,wavelet_soft,1.3733924755767092e-08,0.03057489217636579,0.030574878442441035,0.020978596441966927,0.039352659027024,0.018374062585057072,1.852100000178325,0.0006173666667261083
final,yweweler,pcafeter_ch01_seg01,PCAFETER,5,noisy,baseline,noisy,4.999999787295253,4.999999787295253,0.0,5.0118273577843375,5.0118273577843375,0.0,0.0503999999637017,1.6799999987900566e-05
final,yweweler,pcafeter_ch01_seg01,PCAFETER,5,stft_subtraction_default_initial,stft_subtraction_default,stft_subtraction,4.999999787295253,4.5222163283208525,-0.47778345897440033,5.0118273577843375,4.526533565987948,-0.48529379179638976,11.244900000065172,0.003748300000021724
final,yweweler,pcafeter_ch01_seg01,PCAFETER,5,stft_wiener_default_initial,stft_wiener_default,stft_wiener,4.999999787295253,5.536480027707913,0.5364802404126605,5.0118273577843375,4.57139252470494,-0.44043483307939724,7.098700000142344,0.0023662333333807815
final,yweweler,pcafeter_ch01_seg01,PCAFETER,5,wavelet_default_db4_l5_soft,wavelet_default,wavelet_soft,4.999999787295253,5.5370607662124876,0.5370609789172347,5.0118273577843375,5.017611959829436,0.0057846020450984525,1.459100000147373,0.00048636666671579104
final,yweweler,pcafeter_ch01_seg01,PCAFETER,5,sub_n512_h160_low_energy_q0.35_a1.5_f0.02,stft_subtraction,stft_subtraction,4.999999787295253,8.569244069474728,3.5692442821794748,5.0118273577843375,8.169627335377355,3.157799977593017,12.974800000165487,0.004324933333388496
final,yweweler,pcafeter_ch01_seg01,PCAFETER,5,wiener_n512_h160_low_energy_q0.35_f0.05,stft_wiener,stft_wiener,4.999999787295253,7.473770590363898,2.4737708030686454,5.0118273577843375,7.102161860246465,2.0903345024621274,6.866199999876699,0.002288733333292233
final,yweweler,pcafeter_ch01_seg01,PCAFETER,5,wavelet_sym4_l3_hard_global_s0.5,wavelet,wavelet_soft,4.999999787295253,5.027360495391423,0.027360708096169972,5.0118273577843375,5.032966821772834,0.02113946398849631,1.31769999984499,0.00043923333328166336
final,yweweler,pcafeter_ch01_seg01,PCAFETER,10,noisy,baseline,noisy,9.99999997555053,9.99999997555053,0.0,10.006677306972572,10.006677306972572,0.0,0.018500000123822247,6.166666707940749e-06
final,yweweler,pcafeter_ch01_seg01,PCAFETER,10,stft_subtraction_default_initial,stft_subtraction_default,stft_subtraction,9.99999997555053,5.007605472201168,-4.992394503349362,10.006677306972572,6.384713086228623,-3.6219642207439486,11.886699999877237,0.003962233333292413
final,yweweler,pcafeter_ch01_seg01,PCAFETER,10,stft_wiener_default_initial,stft_wiener_default,stft_wiener,9.99999997555053,6.394819645724203,-3.605180329826327,10.006677306972572,6.630783503317358,-3.375893803655214,7.404599999972561,0.0024681999999908535
final,yweweler,pcafeter_ch01_seg01,PCAFETER,10,wavelet_default_db4_l5_soft,wavelet_default,wavelet_soft,9.99999997555053,10.377059177168276,0.37705920161774564,10.006677306972572,10.085663176328161,0.0789858693555896,2.2043999999823427,0.0007347999999941143
final,yweweler,pcafeter_ch01_seg01,PCAFETER,10,sub_n512_h160_low_energy_q0.35_a1.5_f0.02,stft_subtraction,stft_subtraction,9.99999997555053,12.571980879090647,2.5719809035401173,10.006677306972572,13.015462549512565,3.008785242539993,14.31929999989734,0.00477309999996578
final,yweweler,pcafeter_ch01_seg01,PCAFETER,10,wiener_n512_h160_low_energy_q0.35_f0.05,stft_wiener,stft_wiener,9.99999997555053,12.340521224945382,2.340521249394852,10.006677306972572,12.179616801299796,2.172939494327224,5.575799999860465,0.0018585999999534881
final,yweweler,pcafeter_ch01_seg01,PCAFETER,10,wavelet_sym4_l3_hard_global_s0.5,wavelet,wavelet_soft,9.99999997555053,10.021658073639905,0.021658098089375244,10.006677306972572,10.025116084172277,0.018438777199705214,1.7450000000280852,0.0005816666666760284
final,yweweler,pcafeter_ch01_seg02,PCAFETER,-5,noisy,baseline,noisy,-5.000000271007249,-5.000000271007249,0.0,-4.646168709428552,-4.646168709428552,0.0,0.01929999984895403,6.433333282984677e-06
final,yweweler,pcafeter_ch01_seg02,PCAFETER,-5,stft_subtraction_default_initial,stft_subtraction_default,stft_subtraction,-5.000000271007249,1.3896422850510393,6.389642556058288,-4.646168709428552,-3.203909628419587,1.4422590810089648,12.459100000114631,0.0041530333333715435
final,yweweler,pcafeter_ch01_seg02,PCAFETER,-5,stft_wiener_default_initial,stft_wiener_default,stft_wiener,-5.000000271007249,-0.2432644872086973,4.756735783798551,-4.646168709428552,-3.8418362475545758,0.804332461873976,5.377500000122382,0.0017925000000407938
final,yweweler,pcafeter_ch01_seg02,PCAFETER,-5,wavelet_default_db4_l5_soft,wavelet_default,wavelet_soft,-5.000000271007249,-4.312715262922527,0.6872850080847215,-4.646168709428552,-5.351914033846624,-0.7057453244180723,1.885499999843887,0.0006284999999479624
final,yweweler,pcafeter_ch01_seg02,PCAFETER,-5,sub_n512_h160_low_energy_q0.35_a1.5_f0.02,stft_subtraction,stft_subtraction,-5.000000271007249,1.1212776164079221,6.121277887415171,-4.646168709428552,-2.4786538535751994,2.1675148558533524,9.207800000012867,0.0030692666666709556
final,yweweler,pcafeter_ch01_seg02,PCAFETER,-5,wiener_n512_h160_low_energy_q0.35_f0.05,stft_wiener,stft_wiener,-5.000000271007249,-2.1492819219720323,2.8507183490352164,-4.646168709428552,-3.534992238019759,1.1111764714087928,5.81160000001546,0.0019372000000051532
final,yweweler,pcafeter_ch01_seg02,PCAFETER,-5,wavelet_sym4_l3_hard_global_s0.5,wavelet,wavelet_soft,-5.000000271007249,-4.962978723022064,0.03702154798518453,-4.646168709428552,-4.640129422603836,0.00603928682471544,1.1781999999129766,0.00039273333330432553
final,yweweler,pcafeter_ch01_seg02,PCAFETER,0,noisy,baseline,noisy,2.5988192716637244e-07,2.5988192716637244e-07,0.0,0.20200991820886735,0.20200991820886735,0.0,0.026400000024295878,8.800000008098626e-06
final,yweweler,pcafeter_ch01_seg02,PCAFETER,0,stft_subtraction_default_initial,stft_subtraction_default,stft_subtraction,2.5988192716637244e-07,3.719918694787094,3.719918434905167,0.20200991820886735,1.7909917953686287,1.5889818771597615,13.27850000006947,0.004426166666689824
final,yweweler,pcafeter_ch01_seg02,PCAFETER,0,stft_wiener_default_initial,stft_wiener_default,stft_wiener,2.5988192716637244e-07,3.5486111218705227,3.5486108619885957,0.20200991820886735,1.1097030124529699,0.9076930942441025,7.171199999902456,0.002390399999967485
final,yweweler,pcafeter_ch01_seg02,PCAFETER,0,wavelet_default_db4_l5_soft,wavelet_default,wavelet_soft,2.5988192716637244e-07,0.5768093892618653,0.5768091293799381,0.20200991820886735,-0.15195770746240292,-0.35396762567127027,2.5103000000399334,0.0008367666666799778
final,yweweler,pcafeter_ch01_seg02,PCAFETER,0,sub_n512_h160_low_energy_q0.35_a1.5_f0.02,stft_subtraction,stft_subtraction,2.5988192716637244e-07,5.150296192147118,5.15029593226519,0.20200991820886735,3.56762443154276,3.3656145133338926,12.238200000183497,0.004079400000061166
final,yweweler,pcafeter_ch01_seg02,PCAFETER,0,wiener_n512_h160_low_energy_q0.35_f0.05,stft_wiener,stft_wiener,2.5988192716637244e-07,2.8331955362339123,2.833195276351985,0.20200991820886735,2.1112518150475164,1.909241896838649,6.183899999996356,0.0020612999999987855
final,yweweler,pcafeter_ch01_seg02,PCAFETER,0,wavelet_sym4_l3_hard_global_s0.5,wavelet,wavelet_soft,2.5988192716637244e-07,0.0329515378678321,0.032951277985904935,0.20200991820886735,0.21911257515002044,0.017102656941153094,2.1942000000763073,0.0007314000000254358
final,yweweler,pcafeter_ch01_seg02,PCAFETER,5,noisy,baseline,noisy,4.999999732979853,4.999999732979853,0.0,5.115453320445992,5.115453320445992,0.0,0.0175999998646148,5.8666666215382674e-06
final,yweweler,pcafeter_ch01_seg02,PCAFETER,5,stft_subtraction_default_initial,stft_subtraction_default,stft_subtraction,4.999999732979853,4.709437935798346,-0.2905617971815069,5.115453320445992,4.870824012574848,-0.24462930787114434,11.369199999990087,0.003789733333330029
final,yweweler,pcafeter_ch01_seg02,PCAFETER,5,stft_wiener_default_initial,stft_wiener_default,stft_wiener,4.999999732979853,5.5423199230165165,0.5423201900366639,5.115453320445992,4.562473371161467,-0.5529799492845253,7.025399999974979,0.0023417999999916597
final,yweweler,pcafeter_ch01_seg02,PCAFETER,5,wavelet_default_db4_l5_soft,wavelet_default,wavelet_soft,4.999999732979853,5.43768919670597,0.4376894637261177,5.115453320445992,4.975543954623208,-0.1399093658227839,1.4552000000094267,0.0004850666666698089
final,yweweler,pcafeter_ch01_seg02,PCAFETER,5,sub_n512_h160_low_energy_q0.35_a1.5_f0.02,stft_subtraction,stft_subtraction,4.999999732979853,9.062238753185609,4.062239020205756,5.115453320445992,8.810540440980546,3.695087120534554,11.66689999990922,0.0038889666666364064
final,yweweler,pcafeter_ch01_seg02,PCAFETER,5,wiener_n512_h160_low_energy_q0.35_f0.05,stft_wiener,stft_wiener,4.999999732979853,7.763488070867267,2.7634883378874147,5.115453320445992,7.444962361676649,2.329509041230657,5.261000000018612,0.0017536666666728706
final,yweweler,pcafeter_ch01_seg02,PCAFETER,5,wavelet_sym4_l3_hard_global_s0.5,wavelet,wavelet_soft,4.999999732979853,5.028965829905743,0.028966096925890028,5.115453320445992,5.136720115967346,0.021266795521354354,1.9116999999369,0.0006372333333123
final,yweweler,pcafeter_ch01_seg02,PCAFETER,10,noisy,baseline,noisy,9.999999758084975,9.999999758084975,0.0,10.066397687557778,10.066397687557778,0.0,0.022700000045006163,7.566666681668721e-06
final,yweweler,pcafeter_ch01_seg02,PCAFETER,10,stft_subtraction_default_initial,stft_subtraction_default,stft_subtraction,9.999999758084975,5.075265572561138,-4.924734185523837,10.066397687557778,6.307492952303825,-3.758904735253953,14.598499999920023,0.004866166666640008
final,yweweler,pcafeter_ch01_seg02,PCAFETER,10,stft_wiener_default_initial,stft_wiener_default,stft_wiener,9.999999758084975,6.307530354654171,-3.6924694034308043,10.066397687557778,6.361287595382352,-3.705110092175426,9.197900000117443,0.003065966666705814
final,yweweler,pcafeter_ch01_seg02,PCAFETER,10,wavelet_default_db4_l5_soft,wavelet_default,wavelet_soft,9.999999758084975,10.265144912504729,0.26514515441975384,10.066397687557778,9.993953126505977,-0.07244456105180141,1.9348999999238004,0.0006449666666412668
final,yweweler,pcafeter_ch01_seg02,PCAFETER,10,sub_n512_h160_low_energy_q0.35_a1.5_f0.02,stft_subtraction,stft_subtraction,9.999999758084975,13.13917340421958,3.139173646134605,10.066397687557778,13.62256313741332,3.5561654498555413,14.532799999869894,0.004844266666623298
final,yweweler,pcafeter_ch01_seg02,PCAFETER,10,wiener_n512_h160_low_energy_q0.35_f0.05,stft_wiener,stft_wiener,9.999999758084975,12.814410775677786,2.8144110175928105,10.066397687557778,12.695085714268949,2.6286880267111705,8.389200000010533,0.0027964000000035107
final,yweweler,pcafeter_ch01_seg02,PCAFETER,10,wavelet_sym4_l3_hard_global_s0.5,wavelet,wavelet_soft,9.999999758084975,10.023697175117587,0.023697417032611412,10.066397687557778,10.086013160801315,0.01961547324353674,2.085799999804294,0.0006952666666014314
final,yweweler,pcafeter_ch01_seg03,PCAFETER,-5,noisy,baseline,noisy,-5.00000034848064,-5.00000034848064,0.0,-5.127393382143175,-5.127393382143175,0.0,0.022600000193051528,7.533333397683843e-06
final,yweweler,pcafeter_ch01_seg03,PCAFETER,-5,stft_subtraction_default_initial,stft_subtraction_default,stft_subtraction,-5.00000034848064,-0.4077370872494585,4.592263261231182,-5.127393382143175,-7.077024390241183,-1.9496310080980077,15.599199999996927,0.005199733333332309
final,yweweler,pcafeter_ch01_seg03,PCAFETER,-5,stft_wiener_default_initial,stft_wiener_default,stft_wiener,-5.00000034848064,-1.6952855495783723,3.3047147989022676,-5.127393382143175,-6.278390744274123,-1.1509973621309477,9.129099999881873,0.0030430333332939576
final,yweweler,pcafeter_ch01_seg03,PCAFETER,-5,wavelet_default_db4_l5_soft,wavelet_default,wavelet_soft,-5.00000034848064,-4.630589250462388,0.36941109801825167,-5.127393382143175,-5.870758324784853,-0.7433649426416773,49.436000000014246,0.016478666666671415
final,yweweler,pcafeter_ch01_seg03,PCAFETER,-5,sub_n512_h160_low_energy_q0.35_a1.5_f0.02,stft_subtraction,stft_subtraction,-5.00000034848064,0.052704967486937856,5.052705315967578,-5.127393382143175,-4.133259455821131,0.9941339263220446,10.221800000181247,0.0034072666667270823
final,yweweler,pcafeter_ch01_seg03,PCAFETER,-5,wiener_n512_h160_low_energy_q0.35_f0.05,stft_wiener,stft_wiener,-5.00000034848064,-2.542628791953147,2.4573715565274927,-5.127393382143175,-4.343546550672006,0.7838468314711697,21.984799999927418,0.007328266666642473
final,yweweler,pcafeter_ch01_seg03,PCAFETER,-5,wavelet_sym4_l3_hard_global_s0.5,wavelet,wavelet_soft,-5.00000034848064,-4.982075517781434,0.01792483069920614,-5.127393382143175,-5.128648050112732,-0.0012546679695564222,1.7835000001014123,0.0005945000000338041
final,yweweler,pcafeter_ch01_seg03,PCAFETER,0,noisy,baseline,noisy,-6.964108938207446e-08,-6.964108938207446e-08,0.0,-0.07112750499787827,-0.07112750499787827,0.0,0.029799999992974335,9.933333330991445e-06
final,yweweler,pcafeter_ch01_seg03,PCAFETER,0,stft_subtraction_default_initial,stft_subtraction_default,stft_subtraction,-6.964108938207446e-08,2.4702918354724686,2.470291905113558,-0.07112750499787827,-1.1556373297750628,-1.0845098247771845,17.889700000068842,0.005963233333356281
final,yweweler,pcafeter_ch01_seg03,PCAFETER,0,stft_wiener_default_initial,stft_wiener_default,stft_wiener,-6.964108938207446e-08,2.359877657457576,2.3598777270986653,-0.07112750499787827,-0.7388335287538097,-0.6677060237559315,7.271499999887965,0.0024238333332959883
final,yweweler,pcafeter_ch01_seg03,PCAFETER,0,wavelet_default_db4_l5_soft,wavelet_default,wavelet_soft,-6.964108938207446e-08,0.3005862650858544,0.3005863347269438,-0.07112750499787827,-0.488943030552909,-0.4178155255550307,1.8205000001216831,0.0006068333333738943
final,yweweler,pcafeter_ch01_seg03,PCAFETER,0,sub_n512_h160_low_energy_q0.35_a1.5_f0.02,stft_subtraction,stft_subtraction,-6.964108938207446e-08,4.454401898097063,4.454401967738153,-0.07112750499787827,2.5989879721527753,2.6701154771506537,11.829300000044896,0.003943100000014965
final,yweweler,pcafeter_ch01_seg03,PCAFETER,0,wiener_n512_h160_low_energy_q0.35_f0.05,stft_wiener,stft_wiener,-6.964108938207446e-08,2.443943391001477,2.4439434606425663,-0.07112750499787827,1.5942063131309527,1.665333818128831,6.804999999985739,0.0022683333333285796
final,yweweler,pcafeter_ch01_seg03,PCAFETER,0,wavelet_sym4_l3_hard_global_s0.5,wavelet,wavelet_soft,-6.964108938207446e-08,0.015977580796404416,0.015977650437493798,-0.07112750499787827,-0.06452498056436902,0.006602524433509255,1.9368000000667962,0.0006456000000222654
final,yweweler,pcafeter_ch01_seg03,PCAFETER,5,noisy,baseline,noisy,5.00000007022578,5.00000007022578,0.0,4.960353717380725,4.960353717380725,0.0,0.02419999987068877,8.066666623562924e-06
final,yweweler,pcafeter_ch01_seg03,PCAFETER,5,stft_subtraction_default_initial,stft_subtraction_default,stft_subtraction,5.00000007022578,4.057082196451745,-0.9429178737740349,4.960353717380725,3.088890845697411,-1.8714628716833142,12.644499999851178,0.0042148333332837256
final,yweweler,pcafeter_ch01_seg03,PCAFETER,5,stft_wiener_default_initial,stft_wiener_default,stft_wiener,5.00000007022578,4.890865316434836,-0.1091347537909435,4.960353717380725,3.3670628124855444,-1.5932909048951807,5.790100000012899,0.001930033333337633
final,yweweler,pcafeter_ch01_seg03,PCAFETER,5,wavelet_default_db4_l5_soft,wavelet_default,wavelet_soft,5.00000007022578,5.220488490211341,0.22048841998556146,4.960353717380725,4.741944042997411,-0.21840967438331393,2.735300000040297,0.0009117666666800991
final,yweweler,pcafeter_ch01_seg03,PCAFETER,5,sub_n512_h160_low_energy_q0.35_a1.5_f0.02,stft_subtraction,stft_subtraction,5.00000007022578,8.61419375099081,3.6141936807650294,4.960353717380725,8.16555859138637,3.205204874005645,13.046099999883154,0.004348699999961052
final,yweweler,pcafeter_ch01_seg03,PCAFETER,5,wiener_n512_h160_low_energy_q0.35_f0.05,stft_wiener,stft_wiener,5.00000007022578,7.354638829582144,2.354638759356364,4.960353717380725,6.9639681487514835,2.0036144313707585,5.811999999878026,0.0019373333332926752
final,yweweler,pcafeter_ch01_seg03,PCAFETER,5,wavelet_sym4_l3_hard_global_s0.5,wavelet,wavelet_soft,5.00000007022578,5.013280512154887,0.01328044192910749,4.960353717380725,4.96885927687697,0.008505559496245318,1.9271999999546097,0.0006423999999848699
final,yweweler,pcafeter_ch01_seg03,PCAFETER,10,noisy,baseline,noisy,9.999999742518238,9.999999742518238,0.0,9.978006507158732,9.978006507158732,0.0,0.020599999970727367,6.866666656909122e-06
final,yweweler,pcafeter_ch01_seg03,PCAFETER,10,stft_subtraction_default_initial,stft_subtraction_default,stft_subtraction,9.999999742518238,4.773966753797404,-5.226032988720834,9.978006507158732,5.500822479254101,-4.477184027904631,10.382800000115822,0.0034609333333719405
final,yweweler,pcafeter_ch01_seg03,PCAFETER,10,stft_wiener_default_initial,stft_wiener_default,stft_wiener,9.999999742518238,6.020443089702548,-3.97955665281569,9.978006507158732,5.76374516468919,-4.214261342469541,4.8449999999320426,0.0016149999999773474
final,yweweler,pcafeter_ch01_seg03,PCAFETER,10,wavelet_default_db4_l5_soft,wavelet_default,wavelet_soft,9.999999742518238,10.11927371494371,0.11927397242547144,9.978006507158732,9.845382345838583,-0.1326241613201482,2.043599999979051,0.0006811999999930171
final,yweweler,pcafeter_ch01_seg03,PCAFETER,10,sub_n512_h160_low_energy_q0.35_a1.5_f0.02,stft_subtraction,stft_subtraction,9.999999742518238,12.771943507716575,2.771943765198337,9.978006507158732,13.165580217811355,3.1875737106526234,10.474800000110918,0.0034916000000369727
final,yweweler,pcafeter_ch01_seg03,PCAFETER,10,wiener_n512_h160_low_energy_q0.35_f0.05,stft_wiener,stft_wiener,9.999999742518238,12.324264814338168,2.32426507181993,9.978006507158732,12.154219233871979,2.1762127267132474,4.759800000101677,0.0015866000000338925
final,yweweler,pcafeter_ch01_seg03,PCAFETER,10,wavelet_sym4_l3_hard_global_s0.5,wavelet,wavelet_soft,9.999999742518238,10.00997022431826,0.009970481800021247,9.978006507158732,9.985695049836478,0.007688542677746213,1.1509000000842207,0.00038363333336140687
final,yweweler,straffic_ch01_seg01,STRAFFIC,-5,noisy,baseline,noisy,-4.999999923109237,-4.999999923109237,0.0,-5.0262025134415245,-5.0262025134415245,0.0,0.02170000016121776,7.2333333870725864e-06
final,yweweler,straffic_ch01_seg01,STRAFFIC,-5,stft_subtraction_default_initial,stft_subtraction_default,stft_subtraction,-4.999999923109237,-0.6156554526750034,4.384344470434233,-5.0262025134415245,-5.706075341619519,-0.6798728281779942,10.440799999969386,0.003480266666656462
final,yweweler,straffic_ch01_seg01,STRAFFIC,-5,stft_wiener_default_initial,stft_wiener_default,stft_wiener,-4.999999923109237,-2.7945784843881967,2.2054214387210402,-5.0262025134415245,-6.682507176751664,-1.6563046633101397,5.334199999879274,0.0017780666666264249
final,yweweler,straffic_ch01_seg01,STRAFFIC,-5,wavelet_default_db4_l5_soft,wavelet_default,wavelet_soft,-4.999999923109237,-4.987805961255035,0.012193961854201518,-5.0262025134415245,-5.493942053495693,-0.4677395400541684,1.3696999999410764,0.00045656666664702544
final,yweweler,straffic_ch01_seg01,STRAFFIC,-5,sub_n512_h160_low_energy_q0.35_a1.5_f0.02,stft_subtraction,stft_subtraction,-4.999999923109237,0.6023852453245947,5.602385168433831,-5.0262025134415245,-1.0897900889205243,3.9364124245210004,11.650700000018333,0.0038835666666727775
final,yweweler,straffic_ch01_seg01,STRAFFIC,-5,wiener_n512_h160_low_energy_q0.35_f0.05,stft_wiener,stft_wiener,-4.999999923109237,-3.061710662606545,1.938289260502692,-5.0262025134415245,-3.7064369532865324,1.319765560154992,6.24189999984992,0.002080633333283307
final,yweweler,straffic_ch01_seg01,STRAFFIC,-5,wavelet_sym4_l3_hard_global_s0.5,wavelet,wavelet_soft,-4.999999923109237,-4.9985559737261545,0.0014439493830824546,-5.0262025134415245,-5.02882137294968,-0.0026188595081553245,1.4624999998886778,0.0004874999999628926
final,yweweler,straffic_ch01_seg01,STRAFFIC,0,noisy,baseline,noisy,-4.0355391535005354e-08,-4.0355391535005354e-08,0.0,-0.014718194614061519,-0.014718194614061519,0.0,0.023099999907572055,7.699999969190685e-06
final,yweweler,straffic_ch01_seg01,STRAFFIC,0,stft_subtraction_default_initial,stft_subtraction_default,stft_subtraction,-4.0355391535005354e-08,2.467501741415499,2.4675017817708906,-0.014718194614061519,-1.044596174535732,-1.0298779799216704,10.281000000077256,0.003427000000025752
final,yweweler,straffic_ch01_seg01,STRAFFIC,0,stft_wiener_default_initial,stft_wiener_default,stft_wiener,-4.0355391535005354e-08,1.284758540829949,1.2847585811853404,-0.014718194614061519,-1.9820765300058145,-1.967358335391753,4.752199999984441,0.0015840666666614804
final,yweweler,straffic_ch01_seg01,STRAFFIC,0,wavelet_default_db4_l5_soft,wavelet_default,wavelet_soft,-4.0355391535005354e-08,0.0011585564930158727,0.0011585968484074077,-0.014718194614061519,-0.3184373073215162,-0.30371911270745466,7.858799999894472,0.0026195999999648243
final,yweweler,straffic_ch01_seg01,STRAFFIC,0,sub_n512_h160_low_energy_q0.35_a1.5_f0.02,stft_subtraction,stft_subtraction,-4.0355391535005354e-08,5.819077656011679,5.819077696367071,-0.014718194614061519,4.952457472853163,4.967175667467224,12.858399999913672,0.004286133333304558
final,yweweler,straffic_ch01_seg01,STRAFFIC,0,wiener_n512_h160_low_energy_q0.35_f0.05,stft_wiener,stft_wiener,-4.0355391535005354e-08,2.1609939373217664,2.160993977677158,-0.014718194614061519,1.8722662679862236,1.8869844626002852,7.710900000120091,0.0025703000000400302
final,yweweler,straffic_ch01_seg01,STRAFFIC,0,wavelet_sym4_l3_hard_global_s0.5,wavelet,wavelet_soft,-4.0355391535005354e-08,0.0011750488084654221,0.0011750891638569571,-0.014718194614061519,-0.015527084564215088,-0.0008088899501535688,1.8850000001293665,0.0006283333333764555
final,yweweler,straffic_ch01_seg01,STRAFFIC,5,noisy,baseline,noisy,4.999999728252937,4.999999728252937,0.0,4.991733079225828,4.991733079225828,0.0,0.019600000086938962,6.5333333623129874e-06
final,yweweler,straffic_ch01_seg01,STRAFFIC,5,stft_subtraction_default_initial,stft_subtraction_default,stft_subtraction,4.999999728252937,4.176088103322953,-0.823911624929984,4.991733079225828,2.8097266101899865,-2.182006469035841,12.96490000004269,0.004321633333347563
final,yweweler,straffic_ch01_seg01,STRAFFIC,5,stft_wiener_default_initial,stft_wiener_default,stft_wiener,4.999999728252937,4.192313763600886,-0.8076859646520509,4.991733079225828,2.11121240830587,-2.8805206709199576,5.493900000146823,0.001831300000048941
final,yweweler,straffic_ch01_seg01,STRAFFIC,5,wavelet_default_db4_l5_soft,wavelet_default,wavelet_soft,4.999999728252937,4.98373806828006,-0.016261659972877318,4.991733079225828,4.7758961848079915,-0.21583689441783616,1.9429999999829306,0.0006476666666609768
final,yweweler,straffic_ch01_seg01,STRAFFIC,5,sub_n512_h160_low_energy_q0.35_a1.5_f0.02,stft_subtraction,stft_subtraction,4.999999728252937,10.895232171715607,5.89523244346267,4.991733079225828,10.527415842270845,5.535682763045017,9.805200000073455,0.003268400000024485
final,yweweler,straffic_ch01_seg01,STRAFFIC,5,wiener_n512_h160_low_energy_q0.35_f0.05,stft_wiener,stft_wiener,4.999999728252937,7.380302990106515,2.3803032618535784,4.991733079225828,7.241490042697087,2.2497569634712598,6.68350000000828,0.0022278333333360933
final,yweweler,straffic_ch01_seg01,STRAFFIC,5,wavelet_sym4_l3_hard_global_s0.5,wavelet,wavelet_soft,4.999999728252937,5.000526685274097,0.0005269570211599017,4.991733079225828,4.99118535118097,-0.0005477280448573651,1.1454000000412634,0.00038180000001375447
final,yweweler,straffic_ch01_seg01,STRAFFIC,10,noisy,baseline,noisy,9.999999708112004,9.999999708112004,0.0,9.995358900041529,9.995358900041529,0.0,0.018400000044493936,6.133333348164645e-06
final,yweweler,straffic_ch01_seg01,STRAFFIC,10,stft_subtraction_default_initial,stft_subtraction_default,stft_subtraction,9.999999708112004,4.888959980172684,-5.111039727939319,9.995358900041529,5.327367365662722,-4.667991534378807,8.770299999923736,0.002923433333307912
final,yweweler,straffic_ch01_seg01,STRAFFIC,10,stft_wiener_default_initial,stft_wiener_default,stft_wiener,9.999999708112004,5.724273304291918,-4.2757264038200855,9.995358900041529,5.016621803325744,-4.9787370967157845,4.79259999997339,0.0015975333333244635
final,yweweler,straffic_ch01_seg01,STRAFFIC,10,wavelet_default_db4_l5_soft,wavelet_default,wavelet_soft,9.999999708112004,9.948870756281345,-0.05112895183065902,9.995358900041529,9.808684872753602,-0.1866740272879266,1.2411000000156491,0.0004137000000052164
final,yweweler,straffic_ch01_seg01,STRAFFIC,10,sub_n512_h160_low_energy_q0.35_a1.5_f0.02,stft_subtraction,stft_subtraction,9.999999708112004,15.881198549786111,5.881198841674108,9.995358900041529,15.87024972584521,5.874890825803682,13.857400000006237,0.004619133333335412
final,yweweler,straffic_ch01_seg01,STRAFFIC,10,wiener_n512_h160_low_energy_q0.35_f0.05,stft_wiener,stft_wiener,9.999999708112004,12.642839435529572,2.6428397274175683,9.995358900041529,12.57930815444401,2.583949254402482,7.568799999944531,0.002522933333314844
final,yweweler,straffic_ch01_seg01,STRAFFIC,10,wavelet_sym4_l3_hard_global_s0.5,wavelet,wavelet_soft,9.999999708112004,9.999166411359207,-0.0008332967527966417,9.995358900041529,9.993883896414497,-0.0014750036270321232,1.8278999998528889,0.000609299999950963
final,yweweler,straffic_ch01_seg02,STRAFFIC,-5,noisy,baseline,noisy,-5.0000002873083735,-5.0000002873083735,0.0,-5.078113473659355,-5.078113473659355,0.0,0.01900000006571645,6.333333355238817e-06
final,yweweler,straffic_ch01_seg02,STRAFFIC,-5,stft_subtraction_default_initial,stft_subtraction_default,stft_subtraction,-5.0000002873083735,1.1802571483856836,6.180257435694057,-5.078113473659355,-3.1345880298928916,1.9435254437664637,10.091799999827344,0.0033639333332757815
final,yweweler,straffic_ch01_seg02,STRAFFIC,-5,stft_wiener_default_initial,stft_wiener_default,stft_wiener,-5.0000002873083735,-0.13949885770853868,4.860501429599835,-5.078113473659355,-3.4528260487134466,1.6252874249459088,8.85470000002897,0.002951566666676323
final,yweweler,straffic_ch01_seg02,STRAFFIC,-5,wavelet_default_db4_l5_soft,wavelet_default,wavelet_soft,-5.0000002873083735,-4.146709915580865,0.8532903717275087,-5.078113473659355,-6.303401156563789,-1.2252876829044332,2.059200000076089,0.0006864000000253631
final,yweweler,straffic_ch01_seg02,STRAFFIC,-5,sub_n512_h160_low_energy_q0.35_a1.5_f0.02,stft_subtraction,stft_subtraction,-5.0000002873083735,1.7681396999076184,6.768139987215992,-5.078113473659355,-1.47462005987903,3.6034934137803254,12.749099999837199,0.004249699999945733
final,yweweler,straffic_ch01_seg02,STRAFFIC,-5,wiener_n512_h160_low_energy_q0.35_f0.05,stft_wiener,stft_wiener,-5.0000002873083735,-1.6077972103523577,3.392203076956016,-5.078113473659355,-3.076089578520434,2.0020238951389215,6.514100000003964,0.002171366666667988
final,yweweler,straffic_ch01_seg02,STRAFFIC,-5,wavelet_sym4_l3_hard_global_s0.5,wavelet,wavelet_soft,-5.0000002873083735,-4.922911291128242,0.0770889961801311,-5.078113473659355,-5.0376075115915375,0.04050596206781787,1.5571999999792752,0.0005190666666597584
final,yweweler,straffic_ch01_seg02,STRAFFIC,0,noisy,baseline,noisy,-3.0497770081177186e-07,-3.0497770081177186e-07,0.0,-0.043790450052729926,-0.043790450052729926,0.0,0.018799999907059828,6.266666635686609e-06
final,yweweler,straffic_ch01_seg02,STRAFFIC,0,stft_subtraction_default_initial,stft_subtraction_default,stft_subtraction,-3.0497770081177186e-07,3.962928460904937,3.962928765882638,-0.043790450052729926,2.1792083380993743,2.222998788152104,15.688100000033955,0.0052293666666779854
final,yweweler,straffic_ch01_seg02,STRAFFIC,0,stft_wiener_default_initial,stft_wiener_default,stft_wiener,-3.0497770081177186e-07,4.0031802016410385,4.003180506618739,-0.043790450052729926,1.820074615303751,1.863865065356481,6.380399999898145,0.0021267999999660483
final,yweweler,straffic_ch01_seg02,STRAFFIC,0,wavelet_default_db4_l5_soft,wavelet_default,wavelet_soft,-3.0497770081177186e-07,0.7023423456944202,0.702342650672121,-0.043790450052729926,-0.6056371294073242,-0.5618466793545942,2.1403999999165535,0.0007134666666388512
final,yweweler,straffic_ch01_seg02,STRAFFIC,0,sub_n512_h160_low_energy_q0.35_a1.5_f0.02,stft_subtraction,stft_subtraction,-3.0497770081177186e-07,6.102170900278628,6.102171205256329,-0.043790450052729926,4.89057550720776,4.93436595726049,14.732200000025841,0.004910733333341947
final,yweweler,straffic_ch01_seg02,STRAFFIC,0,wiener_n512_h160_low_energy_q0.35_f0.05,stft_wiener,stft_wiener,-3.0497770081177186e-07,3.5191904074513354,3.5191907124290362,-0.043790450052729926,2.8204182721980993,2.864208722250829,7.003600000189181,0.0023345333333963936
final,yweweler,straffic_ch01_seg02,STRAFFIC,0,wavelet_sym4_l3_hard_global_s0.5,wavelet,wavelet_soft,-3.0497770081177186e-07,0.0702778268892143,0.07027813186691512,-0.043790450052729926,0.005059838185544782,0.04885028823827471,1.910100000031889,0.0006367000000106297
final,yweweler,straffic_ch01_seg02,STRAFFIC,5,noisy,baseline,noisy,4.999999979362904,4.999999979362904,0.0,4.975451690754142,4.975451690754142,0.0,0.021399999923232826,7.133333307744276e-06
final,yweweler,straffic_ch01_seg02,STRAFFIC,5,stft_subtraction_default_initial,stft_subtraction_default,stft_subtraction,4.999999979362904,4.932972778771661,-0.06702720059124356,4.975451690754142,5.499138618258611,0.5236869275044684,13.857900000175505,0.004619300000058502
final,yweweler,straffic_ch01_seg02,STRAFFIC,5,stft_wiener_default_initial,stft_wiener_default,stft_wiener,4.999999979362904,5.943721393226217,0.9437214138633125,4.975451690754142,5.415903679615357,0.4404519888612146,7.638799999995172,0.002546266666665057
final,yweweler,straffic_ch01_seg02,STRAFFIC,5,wavelet_default_db4_l5_soft,wavelet_default,wavelet_soft,4.999999979362904,5.507244244654995,0.5072442652920905,4.975451690754142,4.761879184713272,-0.21357250604087064,2.8383999999732623,0.0009461333333244207
final,yweweler,straffic_ch01_seg02,STRAFFIC,5,sub_n512_h160_low_energy_q0.35_a1.5_f0.02,stft_subtraction,stft_subtraction,4.999999979362904,9.956137522028751,4.9561375426658465,4.975451690754142,9.828681046927363,4.8532293561732205,12.400500000012471,0.004133500000004157
final,yweweler,straffic_ch01_seg02,STRAFFIC,5,wiener_n512_h160_low_energy_q0.35_f0.05,stft_wiener,stft_wiener,4.999999979362904,8.37721670646301,3.3772167271001052,4.975451690754142,8.04841146409666,3.072959773342517,7.475899999917601,0.0024919666666392004
final,yweweler,straffic_ch01_seg02,STRAFFIC,5,wavelet_sym4_l3_hard_global_s0.5,wavelet,wavelet_soft,4.999999979362904,5.067760857739781,0.06776087837687683,4.975451690754142,5.032975786390957,0.05752409563681482,1.9600999999056512,0.000653366666635217
final,yweweler,straffic_ch01_seg02,STRAFFIC,10,noisy,baseline,noisy,9.999999781593278,9.999999781593278,0.0,9.986253292007184,9.986253292007184,0.0,0.023499999997511622,7.833333332503875e-06
final,yweweler,straffic_ch01_seg02,STRAFFIC,10,stft_subtraction_default_initial,stft_subtraction_default,stft_subtraction,9.999999781593278,5.162043003267232,-4.8379567783260455,9.986253292007184,6.6834037720732455,-3.3028495199339387,13.889199999994162,0.004629733333331387
final,yweweler,straffic_ch01_seg02,STRAFFIC,10,stft_wiener_default_initial,stft_wiener_default,stft_wiener,9.999999781593278,6.460412193524495,-3.539587588068783,9.986253292007184,6.827374711080804,-3.1588785809263804,7.43560000000798,0.0024785333333359936
final,yweweler,straffic_ch01_seg02,STRAFFIC,10,wavelet_default_db4_l5_soft,wavelet_default,wavelet_soft,9.999999781593278,10.247461389197621,0.24746160760434321,9.986253292007184,9.869523099987944,-0.11673019201924006,2.0718000000670145,0.0006906000000223381
final,yweweler,straffic_ch01_seg02,STRAFFIC,10,sub_n512_h160_low_energy_q0.35_a1.5_f0.02,stft_subtraction,stft_subtraction,9.999999781593278,13.600412956998976,3.6004131754056985,9.986253292007184,14.013596737765962,4.027343445758778,13.388800000029732,0.004462933333343244
final,yweweler,straffic_ch01_seg02,STRAFFIC,10,wiener_n512_h160_low_energy_q0.35_f0.05,stft_wiener,stft_wiener,9.999999781593278,13.062122193018507,3.0621224114252286,9.986253292007184,12.912480526153063,2.9262272341458786,7.585600000084014,0.002528533333361338
final,yweweler,straffic_ch01_seg02,STRAFFIC,10,wavelet_sym4_l3_hard_global_s0.5,wavelet,wavelet_soft,9.999999781593278,10.062491511590432,0.06249172999715391,9.986253292007184,10.043463495113432,0.0572102031062478,1.8926999998711835,0.0006308999999570611
final,yweweler,straffic_ch01_seg03,STRAFFIC,-5,noisy,baseline,noisy,-4.999999945162558,-4.999999945162558,0.0,-4.930240939969221,-4.930240939969221,0.0,0.019400000155656016,6.4666667185520055e-06
final,yweweler,straffic_ch01_seg03,STRAFFIC,-5,stft_subtraction_default_initial,stft_subtraction_default,stft_subtraction,-4.999999945162558,1.1437817577729013,6.143781702935459,-4.930240939969221,-3.6631545263821446,1.2670864135870765,10.976199999959135,0.0036587333333197116
final,yweweler,straffic_ch01_seg03,STRAFFIC,-5,stft_wiener_default_initial,stft_wiener_default,stft_wiener,-4.999999945162558,-0.6581832643943595,4.341816680768199,-4.930240939969221,-4.409278884022322,0.5209620559468995,7.131000000072163,0.0023770000000240543
final,yweweler,straffic_ch01_seg03,STRAFFIC,-5,wavelet_default_db4_l5_soft,wavelet_default,wavelet_soft,-4.999999945162558,-4.65235084047868,0.3476491046838781,-4.930240939969221,-6.132369418632381,-1.2021284786631599,1.7680000000837026,0.0005893333333612342
final,yweweler,straffic_ch01_seg03,STRAFFIC,-5,sub_n512_h160_low_energy_q0.35_a1.5_f0.02,stft_subtraction,stft_subtraction,-4.999999945162558,3.050791124426415,8.050791069588973,-4.930240939969221,0.28468361739841336,5.214924557367635,15.537700000095356,0.005179233333365119
final,yweweler,straffic_ch01_seg03,STRAFFIC,-5,wiener_n512_h160_low_energy_q0.35_f0.05,stft_wiener,stft_wiener,-4.999999945162558,-0.665964490299074,4.334035454863484,-4.930240939969221,-2.009836044855152,2.920404895114069,7.6343000000633765,0.002544766666687792
final,yweweler,straffic_ch01_seg03,STRAFFIC,-5,wavelet_sym4_l3_hard_global_s0.5,wavelet,wavelet_soft,-4.999999945162558,-4.962464383837445,0.03753556132511271,-4.930240939969221,-4.919484333643477,0.010756606325744045,1.335200000085024,0.000445066666695008
final,yweweler,straffic_ch01_seg03,STRAFFIC,0,noisy,baseline,noisy,3.447803565083639e-08,3.447803565083639e-08,0.0,0.03943705920791278,0.03943705920791278,0.0,0.04259999991518271,1.419999997172757e-05
final,yweweler,straffic_ch01_seg03,STRAFFIC,0,stft_subtraction_default_initial,stft_subtraction_default,stft_subtraction,3.447803565083639e-08,3.4831786487880674,3.483178614310032,0.03943705920791278,1.192655068858858,1.1532180096509452,13.188399999989997,0.004396133333329999
final,yweweler,straffic_ch01_seg03,STRAFFIC,0,stft_wiener_default_initial,stft_wiener_default,stft_wiener,3.447803565083639e-08,3.0818716878570527,3.081871653379017,0.03943705920791278,0.4073710326820442,0.3679339734741314,7.465300000149,0.002488433333383
final,yweweler,straffic_ch01_seg03,STRAFFIC,0,wavelet_default_db4_l5_soft,wavelet_default,wavelet_soft,3.447803565083639e-08,0.25974753821964636,0.2597475037416107,0.03943705920791278,-0.667361008555898,-0.7067980677638107,2.396300000100382,0.0007987666667001273
final,yweweler,straffic_ch01_seg03,STRAFFIC,0,sub_n512_h160_low_energy_q0.35_a1.5_f0.02,stft_subtraction,stft_subtraction,3.447803565083639e-08,6.992684270206495,6.9926842357284595,0.03943705920791278,6.234761452548581,6.195324393340668,14.515100000153325,0.004838366666717775
final,yweweler,straffic_ch01_seg03,STRAFFIC,0,wiener_n512_h160_low_energy_q0.35_f0.05,stft_wiener,stft_wiener,3.447803565083639e-08,4.413620537890272,4.413620503412236,0.03943705920791278,3.765355309713694,3.725918250505781,8.985299999949348,0.002995099999983116
final,yweweler,straffic_ch01_seg03,STRAFFIC,0,wavelet_sym4_l3_hard_global_s0.5,wavelet,wavelet_soft,3.447803565083639e-08,0.034346074190752314,0.034346039712716665,0.03943705920791278,0.05941613177653283,0.019979072568620047,1.7614999999295833,0.0005871666666431944
final,yweweler,straffic_ch01_seg03,STRAFFIC,5,noisy,baseline,noisy,5.000000172855873,5.000000172855873,0.0,5.022339279693123,5.022339279693123,0.0,0.023399999918183312,7.79999997272777e-06
final,yweweler,straffic_ch01_seg03,STRAFFIC,5,stft_subtraction_default_initial,stft_subtraction_default,stft_subtraction,5.000000172855873,4.585136800125261,-0.41486337273061213,5.022339279693123,4.51893516086355,-0.5034041188295735,13.967099999945276,0.004655699999981759
final,yweweler,straffic_ch01_seg03,STRAFFIC,5,stft_wiener_default_initial,stft_wiener_default,stft_wiener,5.000000172855873,5.272430386126919,0.2724302132710461,5.022339279693123,4.052759645247214,-0.9695796344459096,7.26940000004106,0.0024231333333470198
final,yweweler,straffic_ch01_seg03,STRAFFIC,5,wavelet_default_db4_l5_soft,wavelet_default,wavelet_soft,5.000000172855873,5.152443629558819,0.15244345670294646,5.022339279693123,4.605881132975954,-0.4164581467171695,1.9783999998708168,0.0006594666666236056
final,yweweler,straffic_ch01_seg03,STRAFFIC,5,sub_n512_h160_low_energy_q0.35_a1.5_f0.02,stft_subtraction,stft_subtraction,5.000000172855873,10.923258456840927,5.923258283985054,5.022339279693123,11.152869477527185,6.130530197834061,15.672100000074352,0.0052240333333581175
final,yweweler,straffic_ch01_seg03,STRAFFIC,5,wiener_n512_h160_low_energy_q0.35_f0.05,stft_wiener,stft_wiener,5.000000172855873,9.500292332009042,4.50029215915317,5.022339279693123,9.236683367352427,4.2143440876593035,7.931799999823852,0.0026439333332746173
final,yweweler,straffic_ch01_seg03,STRAFFIC,5,wavelet_sym4_l3_hard_global_s0.5,wavelet,wavelet_soft,5.000000172855873,5.029897325446663,0.029897152590789844,5.022339279693123,5.045182504992115,0.022843225298991854,1.69940000000679,0.00056646666666893
final,yweweler,straffic_ch01_seg03,STRAFFIC,10,noisy,baseline,noisy,10.00000014537384,10.00000014537384,0.0,10.012709580509235,10.012709580509235,0.0,0.022400000034394907,7.466666678131635e-06
final,yweweler,straffic_ch01_seg03,STRAFFIC,10,stft_subtraction_default_initial,stft_subtraction_default,stft_subtraction,10.00000014537384,5.0240835207849575,-4.975916624588882,10.012709580509235,6.257670579188054,-3.7550390013211805,13.468399999965186,0.004489466666655062
final,yweweler,straffic_ch01_seg03,STRAFFIC,10,stft_wiener_default_initial,stft_wiener_default,stft_wiener,10.00000014537384,6.216061775678839,-3.783938369695,10.012709580509235,6.189484197109895,-3.8232253833993397,7.5332999999773165,0.002511099999992439
final,yweweler,straffic_ch01_seg03,STRAFFIC,10,wavelet_default_db4_l5_soft,wavelet_default,wavelet_soft,10.00000014537384,10.005251801748301,0.005251656374461788,10.012709580509235,9.700530050530405,-0.31217952997882925,2.148300000044401,0.0007161000000148002
final,yweweler,straffic_ch01_seg03,STRAFFIC,10,sub_n512_h160_low_energy_q0.35_a1.5_f0.02,stft_subtraction,stft_subtraction,10.00000014537384,14.597748273861429,4.59774812848759,10.012709580509235,15.232379501097707,5.219669920588473,12.146499999971638,0.00404883333332388
final,yweweler,straffic_ch01_seg03,STRAFFIC,10,wiener_n512_h160_low_energy_q0.35_f0.05,stft_wiener,stft_wiener,10.00000014537384,14.314941427486518,4.314941282112679,10.012709580509235,14.202300235220997,4.189590654711763,5.2183999998760555,0.0017394666666253518
final,yweweler,straffic_ch01_seg03,STRAFFIC,10,wavelet_sym4_l3_hard_global_s0.5,wavelet,wavelet_soft,10.00000014537384,10.023883203597714,0.023883058223875153,10.012709580509235,10.03302719176709,0.02031761125785536,1.0904000000664382,0.0003634666666888127
