block_index,target_elapsed_ms,submit_elapsed_ms,submit_call_ms
0,0.0,0.005200003215577453,0.03359999391250312
1,20.0,20.000999997137114,0.046799999836366624
2,40.0,40.00169999926584,0.050000002374872565
3,60.0,60.001999998348765,0.05130000499775633
4,80.0,80.00210000318475,0.048499998229090124
5,100.0,100.00399999989895,0.0827999974717386
6,120.0,120.00129999796627,0.043600004573818296
7,140.0,140.00400000077207,0.09049999789567664
8,160.0,160.0010999973165,0.03730000025825575
9,180.0,180.00059999758378,0.03470000228844583
10,200.0,200.0008999966667,0.03310000465717167
11,220.0,220.0007999999798,0.03999999898951501
12,240.0,240.00070000329288,0.04049999552080408
13,260.0,260.00090000161435,0.038499994843732566
14,280.0,280.0007999976515,0.03270000161137432
15,300.0,300.00070000096457,0.035899996873922646
16,320.0,320.0007999985246,0.03740000101970509
17,340.0,340.00080000259914,0.038300000596791506
18,360.0,360.0007999993977,0.035899996873922646
19,380.0,380.0007999961963,0.0377000033040531
20,400.0,400.00080000027083,0.043499996536411345
21,420.0,420.00069999630796,0.03560000186553225
22,440.0,440.0009000019054,0.03650000144261867
23,460.0,460.0006999971811,0.038300000596791506
24,480.0,480.0007000012556,0.03659999492811039
25,500.0,500.0006999980542,0.037999998312443495
26,520.0,520.0008000028902,0.03279999509686604
27,540.0,540.0005999981659,0.03650000144261867
28,560.0,560.0007000030018,0.036799996451009065
29,580.0,580.000599999039,0.03440000000409782
30,600.0,600.0012000004062,0.04569999873638153
31,620.0,620.000800001435,0.03669999568955973
32,640.0,640.0007999982336,0.03590000414988026
33,660.0,660.095100000035,0.04489999992074445
34,680.0,680.0006999983452,0.03580000338843092
35,700.0,700.0009999974282,0.040700004319660366
36,720.0,720.0020000018412,0.04289999924367294
37,740.0,740.0273000021116,0.03949999518226832
38,760.0,760.0009000016144,0.04719999560620636
39,780.0,780.0007999976515,0.042100000428035855
40,800.0,800.000800001726,0.04709999484475702
41,820.0,820.0054999979329,0.043300002289470285
42,840.0,840.0005000003148,0.03899999865097925
43,860.0,860.0108999962686,0.038700003642588854
44,880.0,880.0007999961963,0.03980000474257395
45,900.0,900.0009000010323,0.04020000051241368
46,920.0,920.0008999978309,0.04030000127386302
47,940.0,940.000599999621,0.03979999746661633
48,960.0,960.0055999981123,0.043799998820759356
49,980.0,980.0006000004942,0.03440000000409782
50,1000.0,1000.0007999988156,0.03840000135824084
51,1020.0,1020.0569000007818,0.03550000110408291
52,1040.0,1040.0006999989273,0.0368999972124584
53,1060.0,1060.0009999980102,0.03390000347280875
54,1080.0,1080.000599999039,0.03580000338843092
55,1100.0,1100.000899998122,0.03290000313427299
56,1120.0,1120.0009000021964,0.03479999577393755
57,1140.0,1140.000699997472,0.040700004319660366
58,1160.0,1160.0009000030695,0.039399994420818985
59,1180.0,1180.0006999983452,0.034500000765547156
60,1200.0,1200.0009999974282,0.03360000118846074
61,1220.0,1220.000599998457,0.03790000482695177
62,1240.0,1240.0006000025314,0.03529999958118424
63,1260.0,1260.000800000853,0.03719999949680641
64,1280.0,1280.0010999999358,0.03740000101970509
65,1300.0,1300.0006000002031,0.03909999941242859
66,1320.0,1320.0006999977631,0.037500001781154424
67,1340.0,1340.0007000018377,0.038899997889529914
68,1360.0,1360.0010000009206,0.03930000093532726
69,1380.0,1380.0007000027108,0.03869999636663124
70,1400.0,1400.0010000017937,0.03819999983534217
71,1420.0,1420.0008999978309,0.0453000029665418
72,1440.0,1440.000599999621,0.03460000152699649
73,1460.0,1460.0009999994654,0.04150000313529745
74,1480.0,1480.000800002017,0.03749999450519681
75,1500.0,1500.0006999980542,0.040099999750964344
76,1520.0,1520.0009999971371,0.03850000211969018
77,1540.0,1540.0005999981659,0.03719999949680641
78,1560.0,1560.0007999964873,0.04000000626547262
79,1580.0,1580.0006999998004,0.04060000355821103
80,1600.0,1600.000899998122,0.03740000101970509
81,1620.0,1620.0009000021964,0.040599996282253414
82,1640.0,1640.000699997472,0.03560000186553225
83,1660.0,1660.000800002308,0.03869999636663124
84,1680.0,1680.0008999998681,0.04030000127386302
85,1700.0,1700.0007000024198,0.036299999919719994
86,1720.0,1720.0009000007412,0.03740000101970509
87,1740.0,1740.0007999967784,0.03800000558840111
88,1760.0,1760.0011999966227,0.043300002289470285
89,1780.0,1780.00069999689,0.041200000850949436
90,1800.0,1800.0006000002031,0.03999999898951501
91,1820.0,1820.0010000000475,0.042100000428035855
92,1840.0,1840.0009000033606,0.03599999763537198
93,1860.0,1860.0006999986363,0.041200000850949436
94,1880.0,1880.0363999980618,0.04340000305091962
95,1900.0,1900.000599998748,0.040400002035312355
96,1920.0,1920.0265999970725,0.040700004319660366
97,1940.0,1940.0007000003825,0.03809999907389283
98,1960.0,1960.0007999979425,0.040400002035312355
99,1980.0,1981.7934000020614,0.043799998820759356
100,2000.0,2000.2030999967246,0.03130000550299883
101,2020.0,2021.6747000013129,0.033700001949910074
102,2040.0,2040.0006999989273,0.038700003642588854
103,2060.0,2060.0010999987717,0.03999999898951501
104,2080.0,2080.0006999998004,0.040899998566601425
105,2100.0,2100.0006000031135,0.03789999755099416
106,2120.0,2120.0010999964434,0.03670000296551734
107,2140.0,2140.0007999982336,0.03980000474257395
108,2160.0,2160.0007000015466,0.035400000342633575
109,2180.0,2180.000899999868,0.0411000000895001
110,2200.0,2200.0007000024198,0.037999998312443495
111,2220.0,2220.0009000007412,0.03789999755099416
112,2240.0,2240.0348000010126,0.0520999965374358
113,2260.0,2260.0009000016144,0.03930000093532726
114,2280.0,2280.00069999689,0.032800002372823656
115,2300.0,2300.0007000009646,0.03360000118846074
116,2320.0,2320.000699997763,0.03590000414988026
117,2340.0,2340.0006000010762,0.03579999611247331
118,2360.0,2360.0977000023704,0.04429999535204843
119,2380.0,2380.0008999969577,0.0470000013592653
120,2400.0,2400.0010000017937,0.04629999602911994
121,2420.0,2420.0010999993538,0.048499998229090124
122,2440.0,2440.000800001144,0.03730000025825575
123,2460.0,2460.000899998704,0.04510000144364312
124,2480.0,2480.0010999970254,0.04389999958220869
125,2500.0,2500.0010000003385,0.04159999662078917
126,2520.0,2520.00080000289,0.03759999526664615
127,2540.0,2540.00129999622,0.04550000448944047
128,2560.0,2560.0009999980102,0.044200001866556704
129,2580.0,2580.0006999998004,0.0453000029665418
130,2600.0,2600.000699996599,0.046600005589425564
131,2620.0,2620.1540999973076,0.04099999932805076
132,2640.0,2640.0009999997565,0.04659999831346795
133,2660.0,2660.005600002478,0.04690000059781596
134,2680.0,2680.001100001391,0.04230000195093453
135,2700.0,2700.000800003181,0.043999993067700416
136,2720.0,2720.0006999992183,0.041799998143687844
137,2740.0,2740.0006000025314,0.0351999988197349
138,2760.0,2760.4269000003114,0.050199996621813625
139,2780.0,2780.005799999344,0.05370000144466758
140,2800.0,2800.0009000024875,0.04459999763639644
141,2820.0,2820.009000002756,0.04459999763639644
142,2840.0,2840.000800002599,0.04889999399892986
143,2860.0,2860.8654999989085,0.0518000015290454
144,2880.0,2880.0013000000035,0.04389999958220869
145,2900.0,2900.0010000017937,0.0461999952676706
146,2920.0,2920.0009999985923,0.047599998652003706
147,2940.0,2940.0009000019054,0.05080000119050965
148,2960.0,2960.042099999555,0.060699996538460255
149,2980.0,2980.0010999970254,0.04520000220509246
150,3000.0,3000.0010000003385,0.04859999899053946
151,3020.0,3020.002099998237,0.05300000339047983
152,3040.0,3040.001100001973,0.049299997044727206
153,3060.0,3060.0010999987717,0.044500004150904715
154,3080.0,3080.000800000562,0.04130000161239877
155,3100.0,3100.0007999973604,0.04520000220509246
156,3120.0,3120.001000002958,0.04819999594474211
157,3140.0,3140.0009999997565,0.04320000152802095
158,3160.0,3160.0010999973165,0.04340000305091962
159,3180.0,3180.000899999868,0.04340000305091962
160,3200.0,3200.000999997428,0.04140000237384811
161,3220.0,3220.0010000015027,0.04690000059781596
162,3240.0,3240.000700003293,0.035899996873922646
163,3260.0,3260.0011000031373,0.05579999560723081
164,3280.0,3280.0007999976515,0.037800004065502435
165,3300.0,3300.0010999967344,0.049700000090524554
166,3320.0,3320.001100000809,0.05249999958323315
167,3340.0,3340.000800002599,0.04459999763639644
168,3360.0,3360.000599997875,0.03890000516548753
169,3380.0,3380.0008999969577,0.03220000508008525
170,3400.0,3400.000800000271,0.031299998227041215
171,3420.0,3420.0006000028225,0.04099999932805076
172,3440.0,3440.000599999621,0.033700001949910074
173,3460.0,3460.000699997181,0.036100005672778934
174,3480.0,3480.000600000494,0.03560000186553225
175,3500.0,3500.000699998054,0.0351999988197349
176,3520.0,3520.00080000289,0.03449999348958954
177,3540.0,3540.0261000031605,0.0337999954354018
178,3560.0,3560.0007999964873,0.035700002626981586
179,3580.0,3580.0009000013233,0.03719999949680641
180,3600.0,3600.0007999973604,0.037099998735357076
181,3620.0,3620.0096999964444,0.03860000288113952
182,3640.0,3640.000699997472,0.0335000004270114
183,3660.0,3660.0007000015466,0.03899999865097925
184,3680.0,3680.000699998345,0.03470000228844583
185,3700.0,3700.000500000897,0.03550000110408291
186,3720.0,3720.0006999992183,0.0351999988197349
187,3740.0,3740.0007999967784,0.03700000524986535
188,3760.0,3760.0007000000915,0.04020000051241368
189,3780.0,3780.0005999961286,0.0335000004270114
190,3800.0,3800.000600000203,0.03850000211969018
191,3820.0,3820.000699997763,0.037800004065502435
192,3840.0,3840.0007000018377,0.038300000596791506
193,3860.0,3860.0167999975383,0.04350000381236896
194,3880.0,3880.0073000020348,0.035899996873922646
195,3900.0,3900.000599998748,0.038700003642588854
196,3920.0,3920.008399996732,0.04230000195093453
197,3940.0,3940.000800001144,0.03789999755099416
198,3960.0,3960.000699997181,0.0411000000895001
199,3980.0,3980.000800002017,0.06369999755406752
200,4000.0,4000.0007999988156,0.0377000033040531
201,4020.0,4020.017700000608,0.03699999797390774
202,4040.0,4040.0006999989273,0.03740000101970509
203,4060.0,4060.0007999964873,0.03970000398112461
204,4080.0,4080.000599999039,0.04060000355821103
205,4100.0,4100.00079999736,0.03670000296551734
206,4120.0,4120.000800001435,0.03989999822806567
207,4140.0,4140.0009999997565,0.03789999755099416
208,4160.0,4160.005099998671,0.040700004319660366
209,4180.0,4180.020499996317,0.04010000702692196
210,4200.0,4200.000600001658,0.03759999526664615
211,4220.0,4220.001299996511,0.06630000279983506
212,4240.0,4240.000799996778,0.03360000118846074
213,4260.0,4260.000800000853,0.035099998058285564
214,4280.0,4280.00069999689,0.03760000254260376
215,4300.0,4300.000600000203,0.040099999750964344
216,4320.0,4320.000899999286,0.044200001866556704
217,4340.0,4340.000800002599,0.04020000051241368
218,4360.0,4360.000900000159,0.037999998312443495
219,4380.0,4380.000999997719,0.05070000042906031
220,4400.0,4400.000699999509,0.03809999907389283
221,4420.0,4420.039199998428,0.03819999983534217
222,4440.0,4440.0007000003825,0.04020000051241368
223,4460.0,4460.000699997181,0.039000005926936865
224,4480.0,4480.000700001256,0.0411000000895001
225,4500.0,4500.135000002047,0.04310000076657161
226,4520.0,4520.115400002396,0.043499996536411345
227,4540.0,4541.8358000024455,0.03959999594371766
228,4560.0,4560.034900001483,0.03339999966556206
229,4580.0,4580.106100002013,0.04039999475935474
230,4600.0,4600.145299998985,0.04769999941345304
231,4620.0,4620.001099996443,0.0394000016967766
232,4640.0,4640.0009999997565,0.0518000015290454
233,4660.0,4660.0010999973165,0.03850000211969018
234,4680.0,4680.0012000021525,0.049299997044727206
235,4700.0,4700.00070000242,0.04079999780515209
236,4720.0,4720.000599998457,0.0351999988197349
237,4740.0,4740.000799996778,0.038100006349850446
238,4760.0,4760.000900001614,0.0385999956051819
239,4780.0,4780.00069999689,0.03710000601131469
240,4800.0,4800.000700000965,0.03550000110408291
241,4820.0,4820.000899999286,0.03670000296551734
242,4840.0,4840.000700001838,0.03399999695830047
243,4860.0,4860.010399999737,0.03440000000409782
244,4880.0,4880.000799996196,0.036600002204068005
245,4900.0,4900.000699999509,0.035400000342633575
246,4920.0,4920.000500002061,0.031799994758330286
247,4940.0,4940.0007000003825,0.03489999653538689
248,4960.0,4960.000699997181,0.03510000533424318
249,4980.0,4980.000700001256,0.03599999763537198
250,5000.0,5000.000799998816,0.030399998649954796
251,5020.0,5020.000700002129,0.037099998735357076
252,5040.0,5040.000799999689,0.03930000093532726
253,5060.0,5060.000899997249,0.03700000524986535
254,5080.0,5080.000800000562,0.034199998481199145
255,5100.0,5100.0006000031135,0.030699993658345193
256,5120.0,5120.000599999912,0.0351999988197349
257,5140.0,5140.000699997472,0.03650000144261867
258,5160.0,5160.038200003328,0.03599999763537198
259,5180.0,5180.000799999107,0.03789999755099416
260,5200.0,5200.00070000242,0.03309999738121405
261,5220.0,5220.000599998457,0.03139999898849055
262,5240.0,5240.000600002531,0.036799996451009065
263,5260.0,5260.000800000853,0.03479999577393755
264,5280.0,5280.000599996129,0.02800000220304355
265,5300.0,5300.000700000965,0.031600000511389226
266,5320.0,5320.000799998525,0.03529999958118424
267,5340.0,5340.000600001076,0.035099998058285564
268,5360.0,5360.289700001886,0.03719999949680641
269,5380.0,5380.193700002565,0.048499998229090124
270,5400.0,5400.001200003317,0.04419999459059909
271,5420.0,5420.000799997069,0.04669999907491729
272,5440.0,5440.014400002838,0.049899994337465614
273,5460.0,5460.000899998704,0.04820000322069973
274,5480.0,5480.001199997787,0.046200002543628216
275,5500.0,5500.000799998816,0.04269999772077426
276,5520.0,5520.00080000289,0.047299996367655694
277,5540.0,5540.001200002735,0.05489999603014439
278,5560.0,5560.00099999801,0.0636000040685758
279,5580.0,5580.001499998616,0.06600000051548705
280,5600.0,5600.001300001168,0.061599996115546674
281,5620.0,5620.001199997205,0.05980000423733145
282,5640.0,5640.001200001279,0.056899996707215905
283,5660.0,5660.018199996557,0.052900002629030496
284,5680.0,5680.00100000063,0.04320000152802095
285,5700.0,5700.000999997428,0.04189999890513718
286,5720.0,5720.00079999998,0.04579999949783087
287,5740.0,5740.000799996778,0.06230000144569203
288,5760.0,5760.001000002376,0.04859999899053946
289,5780.0,5780.000899998413,0.04510000144364312
290,5800.0,5800.001000003249,0.04509999416768551
291,5820.0,5820.0010000000475,0.0518000015290454
292,5840.0,5840.000800002599,0.05160000000614673
293,5860.0,5860.000799999398,0.046399996790569276
294,5880.0,5880.000700002711,0.04249999619787559
295,5900.0,5900.000900001032,0.053800002206116915
296,5920.0,5920.000799997069,0.046200002543628216
297,5940.0,5940.001000002667,0.043799998820759356
298,5960.0,5960.001100000227,0.045000000682193786
299,5980.0,5980.000700001256,0.040599996282253414
300,6000.0,6000.000699998054,0.043600004573818296
301,6020.0,6020.00080000289,0.040099999750964344
302,6040.0,6040.00129999622,0.04690000059781596
303,6060.0,6060.052499997255,0.05140000575920567
304,6080.0,6080.000900001323,0.05329999839887023
305,6100.0,6100.0006000031135,0.03739999374374747
306,6120.0,6120.000800001435,0.05129999772179872
307,6140.0,6140.000899998995,0.04430000262800604
308,6160.0,6160.000700001547,0.04709999484475702
309,6180.0,6180.00100000063,0.04459999763639644
310,6200.0,6200.00070000242,0.044699998397845775
311,6220.0,6220.00079999998,0.035899996873922646
312,6240.0,6240.001400001347,0.05450000026030466
313,6260.0,6260.001000002376,0.04919999628327787
314,6280.0,6280.000999999174,0.05239999882178381
315,6300.0,6300.001299998257,0.06560000474564731
316,6320.0,6320.016600002418,0.046399996790569276
317,6340.0,6340.001199998369,0.0670000008540228
318,6360.0,6360.001699998975,0.07980000373208895
319,6380.0,6380.001700003049,0.06199999916134402
320,6400.0,6400.001299996802,0.055800002883188426
321,6420.0,6420.001200000115,0.05660000169882551
322,6440.0,6440.001000002667,0.0427999984822236
323,6460.0,6460.001500003273,0.06839999696239829
324,6480.0,6480.000800002017,0.04030000127386302
325,6500.0,6500.001200001861,0.04669999907491729
326,6520.0,6520.00080000289,0.04599999374477193
327,6540.0,6540.001000001212,0.045199994929134846
328,6560.0,6560.00099999801,0.04600000102072954
329,6580.0,6580.000900001323,0.053099996875971556
330,6600.0,6600.018099998124,0.04810000245925039
331,6620.0,6620.000900002196,0.04939999780617654
332,6640.0,6640.0009999997565,0.04400000034365803
333,6660.0,6660.001199998078,0.04980000085197389
334,6680.0,6680.00100000063,0.05160000000614673
335,6700.0,6700.000899996667,0.04520000220509246
336,6720.0,6720.00079999998,0.04479999915929511
337,6740.0,6740.001099999063,0.044500004150904715
338,6760.0,6760.000900001614,0.04739999712910503
339,6780.0,6780.000899998413,0.04520000220509246
340,6800.0,6800.001000003249,0.04549999721348286
341,6820.0,6820.000899999286,0.04600000102072954
342,6840.0,6840.000800002599,0.0461999952676706
343,6860.0,6860.0012000024435,0.05489999603014439
344,6880.0,6880.001099998481,0.05080000119050965
345,6900.0,6900.001299996802,0.06620000203838572
346,6920.0,6920.001200000115,0.04749999789055437
347,6940.0,6940.001299997675,0.06690000009257346
348,6960.0,6960.001200000988,0.053499999921768904
349,6980.0,6980.0009000027785,0.044399996113497764
350,7000.0,7000.0010000003385,0.0444999968749471
351,7020.0,7022.801099999924,0.052600000344682485
352,7040.0,7040.001100001973,0.04249999619787559
353,7060.0,7060.000899997249,0.045000000682193786
354,7080.0,7080.001000002085,0.047900000936351717
355,7100.0,7100.00079999736,0.04460000491235405
356,7120.0,7120.000900002196,0.04199999966658652
357,7140.0,7140.0009999997565,0.04669999907491729
358,7160.0,7160.017399997741,0.045900000259280205
359,7180.0,7180.000899999868,0.047100002120714635
360,7200.0,7200.000800003181,0.04369999805931002
361,7220.0,7220.00079999998,0.04749999789055437
362,7240.0,7240.001099999063,0.044200001866556704
363,7260.0,7260.101100000611,0.04749999789055437
364,7280.0,7280.001099999936,0.04430000262800604
365,7300.0,7300.000800001726,0.04649999755201861
366,7320.0,7320.051299997431,0.0501000031363219
367,7340.0,7340.000800002599,0.04690000059781596
368,7360.0,7360.0012000024435,0.05009999586036429
369,7380.0,7380.238600002485,0.048999994760379195
370,7400.0,7400.000699999509,0.037099998735357076
371,7420.0,7420.000899997831,0.041200000850949436
372,7440.0,7440.0007000003825,0.03869999636663124
373,7460.0,7460.0007999979425,0.0425000034738332
374,7480.0,7480.000600000494,0.044399996113497764
375,7500.0,7500.000599997293,0.03760000254260376
376,7520.0,7520.000700002129,0.03909999941242859
377,7540.0,7540.001200002735,0.05070000042906031
378,7560.0,7560.00099999801,0.039200000173877925
379,7580.0,7580.001000002085,0.04020000051241368
380,7600.0,7600.000899998122,0.03819999983534217
381,7620.0,7620.000800001435,0.042299994674976915
382,7640.0,7640.000799998234,0.03909999941242859
383,7660.0,7660.000700001547,0.04149999585933983
384,7680.0,7680.000599997584,0.040400002035312355
385,7700.0,7700.000800003181,0.04389999958220869
386,7720.0,7720.000699999218,0.03850000211969018
387,7740.0,7740.000799996778,0.03149999974993989
388,7760.0,7760.00059999933,0.03619999915827066
389,7780.0,7780.00069999689,0.03710000601131469
390,7800.0,7800.000800001726,0.03719999949680641
391,7820.0,7820.000799998525,0.039200000173877925
392,7840.0,7840.000700001838,0.038300000596791506
393,7860.0,7860.000699998636,0.03880000440403819
394,7880.0,7880.000600001949,0.03989999822806567
395,7900.0,7900.000699999509,0.03719999949680641
396,7920.0,7920.001600003161,0.04409999382914975
397,7940.0,7940.000800001144,0.041799998143687844
398,7960.0,7960.0007999979425,0.04479999915929511
399,7980.0,7980.0193999981275,0.040400002035312355
400,8000.0,8000.000599997293,0.03380000271135941
401,8020.0,8020.000700002129,0.039399994420818985
402,8040.0,8040.000699998927,0.03860000288113952
403,8060.0,8060.000899997249,0.04060000355821103
404,8080.0,8080.000800000562,0.03819999983534217
405,8100.0,8100.00079999736,0.0411000000895001
406,8120.0,8120.000900002196,0.038899997889529914
407,8140.0,8140.000799998234,0.03980000474257395
408,8160.0,8160.000800002308,0.04289999924367294
409,8180.0,8180.000699998345,0.0394000016967766
410,8200.0,8200.000600001658,0.035400000342633575
411,8220.0,8220.00079999998,0.03789999755099416
412,8240.0,8240.000600002531,0.03789999755099416
413,8260.0,8260.00059999933,0.035400000342633575
414,8280.0,8280.000400001882,0.031199997465591878
415,8300.0,8300.001000003249,0.03339999966556206
416,8320.0,8320.000699997763,0.029900002118665725
417,8340.0,8340.000700001838,0.036799996451009065
418,8360.0,8360.00100000092,0.04169999738223851
419,8380.0,8380.000799996196,0.03390000347280875
420,8400.0,8400.000900001032,0.03479999577393755
421,8420.0,8420.000500002061,0.03199999628122896
422,8440.0,8440.000800001144,0.03899999865097925
423,8460.0,8460.000799997943,0.04140000237384811
424,8480.0,8480.000900002779,0.1460999992559664
425,8500.0,8500.000599997293,0.03429999924264848
426,8520.0,8520.00080000289,0.0351999988197349
427,8540.0,8540.000699998927,0.03210000431863591
428,8560.0,8560.000700003002,0.03789999755099416
429,8580.0,8580.001000002085,0.03959999594371766
430,8600.0,8600.000600003114,0.033899996196851134
431,8620.0,8620.000900002196,0.025800000003073364
432,8640.0,8640.00059999671,0.03240000660298392
433,8660.0,8660.118499996315,0.03790000482695177
434,8680.0,8680.000799999107,0.03480000304989517
435,8700.0,8700.000600001658,0.03819999983534217
436,8720.0,8720.002900001418,0.03659999492811039
437,8740.0,8740.000600002531,0.03640000068116933
438,8760.0,8760.000800000853,0.039500002458225936
439,8780.0,8780.000799997651,0.03590000414988026
440,8800.0,8800.000800001726,0.03659999492811039
441,8820.0,8820.11860000057,0.04410000110510737
442,8840.0,8840.00090000336,0.03879999712808058
443,8860.0,8860.000599997875,0.04170000465819612
444,8880.0,8880.00070000271,0.03899999865097925
445,8900.0,8900.00080000027,0.04400000034365803
446,8920.0,8920.000699996308,0.04340000305091962
447,8940.0,8940.000800001144,0.03569999535102397
448,8960.0,8960.00059999642,0.03590000414988026
449,8980.0,8980.000700001256,0.035899996873922646
450,9000.0,9000.000799998816,0.040400002035312355
451,9020.0,9020.000600001367,0.038899997889529914
452,9040.0,9040.00090000045,0.042599996959324926
453,9060.0,9060.000799996487,0.041600003896746784
454,9080.0,9080.000599999039,0.030800001695752144
455,9100.0,9100.000600003114,0.03149999974993989
456,9120.0,9120.001000002958,0.03739999374374747
457,9140.0,9140.000699997472,0.0377000033040531
458,9160.0,9160.016599998926,0.03909999941242859
459,9180.0,9180.058699996152,0.040700004319660366
460,9200.0,9200.00070000242,0.03779999678954482
461,9220.0,9220.000900000741,0.03840000135824084
462,9240.0,9240.000799996778,0.0411000000895001
463,9260.0,9260.000800000853,0.04169999738223851
464,9280.0,9280.011199996807,0.03800000558840111
465,9300.0,9300.006999998004,0.03960000321967527
466,9320.0,9320.000699997763,0.0377000033040531
467,9340.0,9341.827199998079,0.04610000178217888
468,9360.0,9360.279799999262,0.03860000288113952
469,9380.0,9380.329699997674,0.04030000127386302
470,9400.0,9400.00190000137,0.10509999992791563
471,9420.0,9420.001699996646,0.05249999958323315
472,9440.0,9440.001499999198,0.05439999949885532
473,9460.0,9460.001200000988,0.05999999848427251
474,9480.0,9480.061599999317,0.037500001781154424
475,9500.0,9500.000799998816,0.03680000372696668
476,9520.0,9520.00080000289,0.03959999594371766
477,9540.0,9540.00090000045,0.037999998312443495
478,9560.0,9560.000799996487,0.038700003642588854
479,9580.0,9580.046900002344,0.05029999738326296
480,9600.0,9600.189899996622,0.04389999958220869
481,9620.0,9620.587099998374,0.05249999958323315
482,9640.0,9640.878199999861,0.043300002289470285
483,9660.0,9660.833200003253,0.047299996367655694
484,9680.0,9680.010999996739,0.04340000305091962
485,9700.0,9700.115799998457,0.050300004659220576
486,9720.0,9720.001800000318,0.07589999586343765
487,9740.0,9740.001300000586,0.07270000060088933
488,9760.0,9760.035200000857,0.07239999831654131
489,9780.0,9780.000899998413,0.03989999822806567
490,9800.0,9800.001000003249,0.03979999746661633
491,9820.0,9820.000799998525,0.03719999949680641
492,9840.0,9840.00090000336,0.03639999340521172
493,9860.0,9860.001100001682,0.04199999966658652
494,9880.0,9880.00070000271,0.035899996873922646
495,9900.0,9900.000900001032,0.03989999822806567
496,9920.0,9920.00079999707,0.03860000288113952
497,9940.0,9940.000599999621,0.04079999780515209
498,9960.0,9960.000799997943,0.03880000440403819
499,9980.0,9980.000700001256,0.03909999941242859
500,10000.0,10000.000699998054,0.03890000516548753
501,10020.0,10020.00080000289,0.0385999956051819
502,10040.0,10040.000699998927,0.03719999949680641
503,10060.0,10060.000700003002,0.03599999763537198
504,10080.0,10080.000900001323,0.040400002035312355
505,10100.0,10100.116599998728,0.03899999865097925
506,10120.0,10121.358399999735,0.05219999729888514
507,10140.0,10140.001400002802,0.05869999586138874
508,10160.0,10160.001099997316,0.038700003642588854
509,10180.0,10180.001699998684,0.05439999949885532
510,10200.0,10200.000800003181,0.04459999763639644
511,10220.0,10220.00079999998,0.04130000161239877
512,10240.0,10240.000600002531,0.03499999729683623
513,10260.0,10260.000800000853,0.038300000596791506
514,10280.0,10280.000799997651,0.04030000127386302
515,10300.0,10300.000900002487,0.03839999408228323
516,10320.0,10320.000799998525,0.04150000313529745
517,10340.0,10340.000700001838,0.04020000051241368
518,10360.0,10360.001200002444,0.04569999873638153
519,10380.0,10380.000799996196,0.04090000584255904
520,10400.0,10400.001200003317,0.05989999772282317
521,10420.0,10420.003599996562,0.05729999975301325
522,10440.0,10440.001099996152,0.048300003982149065
523,10460.0,10460.000799997943,0.03850000211969018
524,10480.0,10480.001299998548,0.046799999836366624
525,10500.0,10500.001300002623,0.0537999949301593
526,10520.0,10520.00080000289,0.0385999956051819
527,10540.0,10540.000699998927,0.034900003811344504
528,10560.0,10560.000799996487,0.03720000677276403
529,10580.0,10580.000800000562,0.03760000254260376
530,10600.0,10600.000699996599,0.03529999958118424
531,10620.0,10620.000800001435,0.03650000144261867
532,10640.0,10640.000699997472,0.03819999983534217
533,10660.0,10660.000800002308,0.03719999949680641
534,10680.0,10680.000799999107,0.03730000025825575
535,10700.0,10700.000800003181,0.03759999526664615
536,10720.0,10720.01309999905,0.03899999865097925
537,10740.0,10740.000600002531,0.032699994335416704
538,10760.0,10760.00059999933,0.033299998904112726
539,10780.0,10780.000599996129,0.035400000342633575
540,10800.0,10800.001099996734,0.047900000936351717
541,10820.0,10820.000799998525,0.030700000934302807
542,10840.0,10840.0008000026,0.03489999653538689
543,10860.0,10860.000599997875,0.03380000271135941
544,10880.0,10880.000899996958,0.036299999919719994
545,10900.0,10900.00080000027,0.03440000000409782
546,10920.0,10920.000600002822,0.035899996873922646
547,10940.0,10940.000800001144,0.037099998735357076
548,10960.0,10960.00059999642,0.03800000558840111
549,10980.0,10980.000700001256,0.03789999755099416
550,11000.0,11000.000699998054,0.039200000173877925
551,11020.0,11020.000700002129,0.03959999594371766
552,11040.0,11040.000699998927,0.0394000016967766
553,11060.0,11060.035900001822,0.04359999729786068
554,11080.0,11080.0006999998,0.04030000127386302
555,11100.0,11100.000899998122,0.03529999958118424
556,11120.0,11120.005099997798,0.03429999924264848
557,11140.0,11140.038600002299,0.060200000007171184
558,11160.0,11160.000800002308,0.03899999865097925
559,11180.0,11180.000799999107,0.038300000596791506
560,11200.0,11200.119499997527,0.04930000432068482
561,11220.0,11220.000699999218,0.03930000093532726
562,11240.0,11240.000799996778,0.036900004488416016
563,11260.0,11260.001100003137,0.03669999568955973
564,11280.0,11280.00069999689,0.038300000596791506
565,11300.0,11300.000700000965,0.03399999695830047
566,11320.0,11320.000699997763,0.03809999907389283
567,11340.0,11340.000999996846,0.03860000288113952
568,11360.0,11360.000799999398,0.03879999712808058
569,11380.0,11380.00070000271,0.03699999797390774
570,11400.0,11400.001000001794,0.032500000088475645
571,11420.0,11420.000699996308,0.038300000596791506
572,11440.0,11440.000800001144,0.04069999704370275
573,11460.0,11460.000799997943,0.03880000440403819
574,11480.0,11480.000700001256,0.03609999839682132
575,11500.0,11500.000599997293,0.036100005672778934
576,11520.0,11520.000700002129,0.035899996873922646
577,11540.0,11540.00090000045,0.038899997889529914
578,11560.0,11560.00060000224,0.03749999450519681
579,11580.0,11580.000900001323,0.0411000000895001
580,11600.0,11600.000999998883,0.03979999746661633
581,11620.0,11620.000800001435,0.03789999755099416
582,11640.0,11640.001100000518,0.04169999738223851
583,11660.0,11660.047999997914,0.037800004065502435
584,11680.0,11681.752800002869,0.04579999949783087
585,11700.0,11700.140300003113,0.044399996113497764
586,11720.0,11720.334400000866,0.03959999594371766
587,11740.0,11740.002300000924,0.04049999552080408
588,11760.0,11760.001100003137,0.05419999797595665
589,11780.0,11781.667199997173,0.044200001866556704
590,11800.0,11800.11199999717,0.039200000173877925
591,11820.0,11820.000899999286,0.052299998060334474
592,11840.0,11840.001199998369,0.05059999966761097
593,11860.0,11860.000599997875,0.0360000049113296
594,11880.0,11880.000799996196,0.03740000101970509
595,11900.0,11900.000599998748,0.04410000110510737
596,11920.0,11920.000600002822,0.03989999822806567
597,11940.0,11940.000599999621,0.038899997889529914
598,11960.0,11960.000999999465,0.044699998397845775
599,11980.0,11980.000700001256,0.035099998058285564
600,12000.0,12000.000699998054,0.04050000279676169
601,12020.0,12020.000999997137,0.044200001866556704
602,12040.0,12040.000799999689,0.045900000259280205
603,12060.0,12060.000700003002,0.041399995097890496
604,12080.0,12080.001000002085,0.03740000101970509
605,12100.0,12100.000699996599,0.04340000305091962
606,12120.0,12120.000599999912,0.03470000228844583
607,12140.0,12140.000899998995,0.0425000034738332
608,12160.0,12160.009599996556,0.04750000516651198
609,12180.0,12180.000799999107,0.03719999949680641
610,12200.0,12200.000800003181,0.043799998820759356
611,12220.0,12220.00079999998,0.03960000321967527
612,12240.0,12240.010900000925,0.04130000161239877
613,12260.0,12260.00059999933,0.038899997889529914
614,12280.0,12280.044400002225,0.09639999916544184
615,12300.0,12300.000700000965,0.040099999750964344
616,12320.0,12320.000699997763,0.04260000423528254
617,12340.0,12340.0008000026,0.03869999636663124
618,12360.0,12360.000599997875,0.0377000033040531
619,12380.0,12380.000799996196,0.04260000423528254
620,12400.0,12400.00080000027,0.039200000173877925
621,12420.0,12420.003500003077,0.04599999374477193
622,12440.0,12440.001099996152,0.042100000428035855
623,12460.0,12460.000799997943,0.0453000029665418
624,12480.0,12480.001099997025,0.04930000432068482
625,12500.0,12500.000899999577,0.048800000513438135
626,12520.0,12520.000999997137,0.04820000322069973
627,12540.0,12540.001100001973,0.04669999907491729
628,12560.0,12560.00099999801,0.05230000533629209
629,12580.0,12580.000900001323,0.04669999907491729
630,12600.0,12600.000999998883,0.04340000305091962
631,12620.0,12620.130499999505,0.04310000076657161
632,12640.0,12640.000999999756,0.04739999712910503
633,12660.0,12660.00090000307,0.04419999459059909
634,12680.0,12680.000799999107,0.04520000220509246
635,12700.0,12700.000899996667,0.04630000330507755
636,12720.0,12720.00079999998,0.04369999805931002
637,12740.0,12740.00089999754,0.04890000127488747
638,12760.0,12760.031600002549,0.045599997974932194
639,12780.0,12780.00179999799,0.05230000533629209
640,12800.0,12800.000800001726,0.045900000259280205
641,12820.0,12820.001000000047,0.048800000513438135
642,12840.0,12840.00090000336,0.04509999416768551
643,12860.0,12860.001200002444,0.04709999484475702
644,12880.0,12880.00109999848,0.048000001697801054
645,12900.0,12900.001299996802,0.04260000423528254
646,12920.0,12920.001200000115,0.043499996536411345
647,12940.0,12940.001000002667,0.04329999501351267
648,12960.0,12960.001100000227,0.04510000144364312
649,12980.0,12980.000800002017,0.04459999763639644
650,13000.0,13000.001000000339,0.03599999763537198
651,13020.0,13020.000899996376,0.04310000076657161
652,13040.0,13040.00090000045,0.043000000005122274
653,13060.0,13060.00099999801,0.03410000499570742
654,13080.0,13080.000800000562,0.045599997974932194
655,13100.0,13100.004400002945,0.1455999954487197
656,13120.0,13120.001199997205,0.05130000499775633
657,13140.0,13140.00120000128,0.05249999958323315
658,13160.0,13160.035599998082,0.0501000031363219
659,13180.0,13180.001100001391,0.047599998652003706
660,13200.0,13200.087999997777,0.049700000090524554
661,13220.0,13220.001200003026,0.046899993321858346
662,13240.0,13240.000999998301,0.04610000178217888
663,13260.0,13260.012999999162,0.05850000161444768
664,13280.0,13280.000899998413,0.06460000440711156
665,13300.0,13300.000800001726,0.05589999636868015
666,13320.0,13320.001100000809,0.05280000186758116
667,13340.0,13340.000999996846,0.0486999997519888
668,13360.0,13360.00090000016,0.0486999997519888
669,13380.0,13380.000899996958,0.05400000372901559
670,13400.0,13400.001000001794,0.04819999594474211
671,13420.0,13420.001099999354,0.047599998652003706
672,13440.0,13440.000900001905,0.03569999535102397
673,13460.0,13460.024499996507,0.03860000288113952
674,13480.0,13480.000600000494,0.037699996028095484
675,13500.0,13500.000799998816,0.037800004065502435
676,13520.0,13520.001400000183,0.0444999968749471
677,13540.0,13540.000599998166,0.03890000516548753
678,13560.0,13560.000799996487,0.03980000474257395
679,13580.0,13580.0006999998,0.039200000173877925
680,13600.0,13600.00079999736,0.041600003896746784
681,13620.0,13620.000900002196,0.03740000101970509
682,13640.0,13640.00059999671,0.038100006349850446
683,13660.0,13660.039000002143,0.03529999958118424
684,13680.0,13680.000699998345,0.0351999988197349
685,13700.0,13700.00070000242,0.03569999535102397
686,13720.0,13720.000499997695,0.0335000004270114
687,13740.0,13740.000799996778,0.035200006095692515
688,13760.0,13760.000800000853,0.038300000596791506
689,13780.0,13780.000599996129,0.036900004488416016
690,13800.0,13800.000700000965,0.034500000765547156
691,13820.0,13820.000899999286,0.04140000237384811
692,13840.0,13840.000500000315,0.03599999763537198
693,13860.0,13860.000599997875,0.03580000338843092
694,13880.0,13880.000500001188,0.035899996873922646
695,13900.0,13900.000599998748,0.03139999898849055
696,13920.0,13920.00079999707,0.032500000088475645
697,13940.0,13940.020100002585,0.056400000175926834
698,13960.0,13960.00059999642,0.03420000575715676
699,13980.0,13980.000700001256,0.035400000342633575
700,14000.0,14000.000599997293,0.03149999974993989
701,14020.0,14020.000600001367,0.06259999645408243
702,14040.0,14040.09799999767,0.0394000016967766
703,14060.0,14060.000700003002,0.030999995942693204
704,14080.0,14080.0006999998,0.03560000186553225
705,14100.0,14100.000600003114,0.030099996365606785
706,14120.0,14120.000700000674,0.03789999755099416
707,14140.0,14140.000699997472,0.0360000049113296
708,14160.0,14160.000700001547,0.03819999983534217
709,14180.0,14180.00100000063,0.06030000076862052
710,14200.0,14200.000800003181,0.03739999374374747
711,14220.0,14220.000699999218,0.03979999746661633
712,14240.0,14240.000700003293,0.03759999526664615
713,14260.0,14260.000700000091,0.03860000288113952
714,14280.0,14280.000899998413,0.04050000279676169
715,14300.0,14300.000900002487,0.039399994420818985
716,14320.0,14320.000699997763,0.03719999949680641
717,14340.0,14340.000700001838,0.041200000850949436
718,14360.0,14360.000799999398,0.0368999972124584
719,14380.0,14380.000799996196,0.04440000338945538
720,14400.0,14400.000599998748,0.037500001781154424
721,14420.0,14420.000600002822,0.04149999585933983
722,14440.0,14440.000700000382,0.039500002458225936
723,14460.0,14460.25969999755,0.04350000381236896
724,14480.0,14480.000600000494,0.03930000093532726
725,14500.0,14500.000599997293,0.040099999750964344
726,14520.0,14520.00080000289,0.043499996536411345
727,14540.0,14540.000799999689,0.03909999941242859
728,14560.0,14560.000700003002,0.03899999865097925
729,14580.0,14580.0006999998,0.039500002458225936
730,14600.0,14600.000600003114,0.03489999653538689
731,14620.0,14620.181899997988,0.040400002035312355
732,14640.0,14640.000799998234,0.038899997889529914
733,14660.0,14660.000700001547,0.04389999958220869
734,14680.0,14680.000699998345,0.04020000051241368
735,14700.0,14700.005200000305,0.03989999822806567
736,14720.0,14720.377999998163,0.041600003896746784
737,14740.0,14740.00089999754,0.04189999890513718
738,14760.0,14760.001100003137,0.04329999501351267
739,14780.0,14780.000799997651,0.04350000381236896
740,14800.0,14800.000900002487,0.050199996621813625
741,14820.0,14820.000899999286,0.03909999941242859
742,14840.0,14840.0008000026,0.037699996028095484
743,14860.0,14860.000699998636,0.038300000596791506
744,14880.0,14880.000799996196,0.04170000465819612
745,14900.0,14900.012199999765,0.07899999764049426
746,14920.0,14920.00089999783,0.037999998312443495
747,14940.0,14940.000700000382,0.04020000051241368
748,14960.0,14960.000699997181,0.04180000541964546
749,14980.0,14980.000700001256,0.04149999585933983
750,15000.0,15000.000799998816,0.03819999983534217
751,15020.0,15020.000700002129,0.04359999729786068
752,15040.0,15040.000599998166,0.040400002035312355
753,15060.0,15060.000799996487,0.04030000127386302
754,15080.0,15080.000800000562,0.037999998312443495
755,15100.0,15100.000600003114,0.0402999939979054
756,15120.0,15120.000700000674,0.04389999958220869
757,15140.0,15140.03270000103,0.03979999746661633
758,15160.0,15161.072199996852,0.03970000398112461
759,15180.0,15180.000599997584,0.037500001781154424
760,15200.0,15200.000800003181,0.032699994335416704
761,15220.0,15220.000699999218,0.03409999771974981
762,15240.0,15240.000700003293,0.033299998904112726
763,15260.0,15260.000700000091,0.03650000144261867
764,15280.0,15280.00069999689,0.02950000634882599
765,15300.0,15300.015699998767,0.030800001695752144
766,15320.0,15320.000699997763,0.05439999949885532
767,15340.0,15340.0008000026,0.036499994166661054
768,15360.0,15360.001100001682,0.03730000025825575
769,15380.0,15380.034599998908,0.03590000414988026
770,15400.0,15400.00080000027,0.03850000211969018
771,15420.0,15420.000699996308,0.04000000626547262
772,15440.0,15440.000599999621,0.03409999771974981
773,15460.0,15460.000699997181,0.03330000618007034
774,15480.0,15480.000800002017,0.037099998735357076
775,15500.0,15500.000799998816,0.03229999856557697
776,15520.0,15520.000999997137,0.03710000601131469
777,15540.0,15540.000699998927,0.03809999907389283
778,15560.0,15560.001999998349,0.038300000596791506
779,15580.0,15580.000800000562,0.036799996451009065
780,15600.0,15600.00079999736,0.03529999958118424
781,15620.0,15620.000900002196,0.03809999907389283
782,15640.0,15640.000699997472,0.031600000511389226
783,15660.0,15660.00090000307,0.03929999365936965
784,15680.0,15680.000699998345,0.03500000457279384
785,15700.0,15700.000500000897,0.03669999568955973
786,15720.0,15720.000599998457,0.035700002626981586
787,15740.0,15740.000700003293,0.03959999594371766
788,15760.0,15760.022199996456,0.04380000609671697
789,15780.0,15780.000899998413,0.04550000448944047
790,15800.0,15800.026999997499,0.04569999873638153
791,15820.0,15820.061099999293,0.0444999968749471
792,15840.0,15840.451399999438,0.04269999772077426
793,15860.0,15860.000699998636,0.04199999966658652
794,15880.0,15880.00070000271,0.040599996282253414
795,15900.0,15900.000599998748,0.0377000033040531
796,15920.0,15920.00079999707,0.04220000118948519
797,15940.0,15940.000599999621,0.03599999763537198
798,15960.0,15960.00059999642,0.03640000068116933
799,15980.0,15980.00509999838,0.04189999890513718
800,16000.0,16000.000799998816,0.03979999746661633
801,16020.0,16020.00080000289,0.03879999712808058
802,16040.0,16040.00090000045,0.04220000118948519
803,16060.0,16060.000799996487,0.03930000093532726
804,16080.0,16080.000599999039,0.03499999729683623
805,16100.0,16100.000600003114,0.03459999425103888
806,16120.0,16120.000900002196,0.03879999712808058
807,16140.0,16140.00059999671,0.03740000101970509
808,16160.0,16160.00090000307,0.04099999932805076
809,16180.0,16180.00100000063,0.039699996705166996
810,16200.0,16200.000600001658,0.037999998312443495
811,16220.0,16220.00079999998,0.038899997889529914
812,16240.0,16240.000700003293,0.03949999518226832
813,16260.0,16260.005199997977,0.04389999958220869
814,16280.0,16280.000799997651,0.0394000016967766
815,16300.0,16300.000800001726,0.038300000596791506
816,16320.0,16320.000899999286,0.03960000321967527
817,16340.0,16340.000700001838,0.03959999594371766
818,16360.0,16360.027900002024,0.042599996959324926
819,16380.0,16383.433299997705,0.03730000025825575
820,16400.0,16400.000900001032,0.0461999952676706
821,16420.0,16420.000999998592,0.045000000682193786
822,16440.0,16440.00209999649,0.048300003982149065
823,16460.0,16460.024899999553,0.05329999839887023
824,16480.0,16480.001199997787,0.04990000161342323
825,16500.0,16500.000899999577,0.050000002374872565
826,16520.0,16520.049200000358,0.05160000000614673
827,16540.0,16540.000599998166,0.0360000049113296
828,16560.0,16560.000799996487,0.04310000076657161
829,16580.0,16580.001399997855,0.04949999856762588
830,16600.0,16600.001099999645,0.049700000090524554
831,16620.0,16620.001099996443,0.04930000432068482
832,16640.0,16640.000899998995,0.04820000322069973
833,16660.0,16660.001099997316,0.046799999836366624
834,16680.0,16680.001599997922,0.0943000050028786
835,16700.0,16700.013200003013,0.07829999958630651
836,16720.0,16720.001200003026,0.04669999907491729
837,16740.0,16740.00079999678,0.04290000651963055
838,16760.0,16760.001000002376,0.043000000005122274
839,16780.0,16780.029800000193,0.047599998652003706
840,16800.0,16800.001299998257,0.0501000031363219
841,16820.0,16820.00110000081,0.047900000936351717
842,16840.0,16840.000999996846,0.049500005843583494
843,16860.0,16860.000799999398,0.05020000389777124
844,16880.0,16880.00099999772,0.045900000259280205
845,16900.0,16900.00080000027,0.04819999594474211
846,16920.0,16920.001200000115,0.04810000245925039
847,16940.0,16940.001199996914,0.0470000013592653
848,16960.0,16960.000899998704,0.041200000850949436
849,16980.0,16980.000800002017,0.04249999619787559
850,17000.0,17000.0011000011,0.04909999552182853
851,17020.0,17020.00080000289,0.040599996282253414
852,17040.0,17040.001100001973,0.05009999586036429
853,17060.0,17060.001899997587,0.06620000203838572
854,17080.0,17080.002000002423,0.06959999882383272
855,17100.0,17100.001300001168,0.05560000136028975
856,17120.0,17120.000900002196,0.03579999611247331
857,17140.0,17140.000799998234,0.03360000118846074
858,17160.0,17160.000999996555,0.05130000499775633
859,17180.0,17180.00100000063,0.056400000175926834
860,17200.0,17200.000999997428,0.04569999873638153
861,17220.0,17220.00069999922,0.042100000428035855
862,17240.0,17240.001300000586,0.04579999949783087
863,17260.0,17260.001100003137,0.07569999434053898
864,17280.0,17280.00079999765,0.04180000541964546
865,17300.0,17300.001199997496,0.04060000355821103
866,17320.0,17320.00149999658,0.04760000592796132
867,17340.0,17340.000999996846,0.04130000161239877
868,17360.0,17360.00100000092,0.04649999755201861
869,17380.0,17380.00099999772,0.047900000936351717
870,17400.0,17400.001100002555,0.04649999755201861
871,17420.0,17420.000699996308,0.050300004659220576
872,17440.0,17440.000700000382,0.03529999958118424
873,17460.0,17460.000899998704,0.03999999898951501
874,17480.0,17480.004299999564,0.0425000034738332
875,17500.0,17500.000799998816,0.03730000025825575
876,17520.0,17520.00460000272,0.035899996873922646
877,17540.0,17540.000599998166,0.03470000228844583
878,17560.0,17560.000799996487,0.03980000474257395
879,17580.0,17580.000800000562,0.03760000254260376
880,17600.0,17600.0006999966,0.03480000304989517
881,17620.0,17620.000700000674,0.035899996873922646
882,17640.0,17640.000799998234,0.035400000342633575
883,17660.0,17660.021399999096,0.037999998312443495
884,17680.0,17680.000799999107,0.03760000254260376
885,17700.0,17700.001299999713,0.0627999979769811
886,17720.0,17720.000599998457,0.039500002458225936
887,17740.0,17740.00079999678,0.040400002035312355
888,17760.0,17760.205799997493,0.04460000491235405
889,17780.0,17780.00069999689,0.039200000173877925
890,17800.0,17800.000700000965,0.04030000127386302
891,17820.0,17820.000699997763,0.03790000482695177
892,17840.0,17840.0008000026,0.03949999518226832
893,17860.0,17860.000799999398,0.03960000321967527
894,17880.0,17880.000899996958,0.04230000195093453
895,17900.0,17900.00080000027,0.03979999746661633
896,17920.0,17920.00079999707,0.03650000144261867
897,17940.0,17940.000700000382,0.03879999712808058
898,17960.0,17960.000799997943,0.04050000279676169
899,17980.0,17980.00090000278,0.035899996873922646
900,18000.0,18000.0011000011,0.047900000936351717
901,18020.0,18020.000899996376,0.036900004488416016
902,18040.0,18040.000599998166,0.033299998904112726
903,18060.0,18060.00089999725,0.03840000135824084
904,18080.0,18080.000900001323,0.03659999492811039
905,18100.0,18100.0006999966,0.09070000669453293
906,18120.0,18120.000700000674,0.039200000173877925
907,18140.0,18140.000699997472,0.036900004488416016
908,18160.0,18160.004199999094,0.04020000051241368
909,18180.0,18180.000899999868,0.040099999750964344
910,18200.0,18200.00070000242,0.038300000596791506
911,18220.0,18220.00079999998,0.037999998312443495
912,18240.0,18240.00079999678,0.039500002458225936
913,18260.0,18260.001299997384,0.04050000279676169
914,18280.0,18280.00069999689,0.03730000025825575
915,18300.0,18300.000700000965,0.031299998227041215
916,18320.0,18320.110900000145,0.04130000161239877
917,18340.0,18340.0008000026,0.035899996873922646
918,18360.0,18360.001100001682,0.03819999983534217
919,18380.0,18380.000799996196,0.03930000093532726
920,18400.0,18400.00080000027,0.03899999865097925
921,18420.0,18420.06350000156,0.048499998229090124
922,18440.0,18440.001099996152,0.04940000508213416
923,18460.0,18460.000899998704,0.05110000347485766
924,18480.0,18480.000999996264,0.053300005674827844
925,18500.0,18500.00100000034,0.047900000936351717
926,18520.0,18520.063999996637,0.047900000936351717
927,18540.0,18540.028000003076,0.09619999764254317
928,18560.0,18560.00099999801,0.04959999932907522
929,18580.0,18580.001000002085,0.04569999873638153
930,18600.0,18600.001099999645,0.04829999670619145
931,18620.0,18620.511300003272,0.10679999832063913
932,18640.0,18640.658500000427,0.10759999713627622
933,18660.0,18660.33790000074,0.053499999921768904
934,18680.0,18680.07729999954,0.12180000339867547
935,18700.0,18700.002099998528,0.07380000170087442
936,18720.0,18720.001100002264,0.045000000682193786
937,18740.0,18740.00199999864,0.11890000314451754
938,18760.0,18760.001000002376,0.04839999746764079
939,18780.0,18780.001200000697,0.04900000203633681
940,18800.0,18800.000900002487,0.045599997974932194
941,18820.0,18820.000899999286,0.048499998229090124
942,18840.0,18840.001999997185,0.06679999933112413
943,18860.0,18860.00100000092,0.04769999941345304
944,18880.0,18880.00099999772,0.046799999836366624
945,18900.0,18900.001299996802,0.05300000339047983
946,18920.0,18920.001200000115,0.05280000186758116
947,18940.0,18940.002000003005,0.09109999518841505
948,18960.0,18960.12090000295,0.0931999966269359
949,18980.0,18980.002099997364,0.09860000136541203
950,19000.0,19000.0629999995,0.0625000029685907
951,19020.0,19020.02199999697,0.03700000524986535
952,19040.0,19040.001100001973,0.057799996284302324
953,19060.0,19060.00109999877,0.03699999797390774
954,19080.0,19080.00119999633,0.05539999983739108
955,19100.0,19100.001099999645,0.04949999856762588
956,19120.0,19120.001099996443,0.047900000936351717
957,19140.0,19140.000899998995,0.032800002372823656
958,19160.0,19160.001099997316,0.04440000338945538
959,19180.0,19180.00149999716,0.06430000212276354
960,19200.0,19200.00119999895,0.06150000263005495
961,19220.0,19220.001699999557,0.06610000127693638
962,19240.0,19240.00160000287,0.06319999374682084
963,19260.0,19260.02519999747,0.06920000305399299
964,19280.0,19280.001599996467,0.0684000042383559
965,19300.0,19300.001299998257,0.05819999933009967
966,19320.0,19320.000899999286,0.044200001866556704
967,19340.0,19340.000999996846,0.04199999966658652
968,19360.0,19360.00090000016,0.0453000029665418
969,19380.0,19380.001300000004,0.06520000169984996
970,19400.0,19400.00069999951,0.0351999988197349
971,19420.0,19420.00079999707,0.039500002458225936
972,19440.0,19440.001000002667,0.05709999823011458
973,19460.0,19460.00140000251,0.0638999990769662
974,19480.0,19480.001700001594,0.062200000684242696
975,19500.0,19500.0011000011,0.05339999916031957
976,19520.0,19520.00119999866,0.05419999797595665
977,19540.0,19540.001100001973,0.08499999967170879
978,19560.0,19560.001300000295,0.050499998906161636
979,19580.0,19580.00280000124,0.05009999586036429
980,19600.0,19600.00079999736,0.0470000013592653
981,19620.0,19620.001099996443,0.04600000102072954
982,19640.0,19640.000899998995,0.0470000013592653
983,19660.0,19660.000999996555,0.061700004152953625
984,19680.0,19680.000799999107,0.044200001866556704
985,19700.0,19700.000899996667,0.049700000090524554
986,19720.0,19720.001200003026,0.05830000009154901
987,19740.0,19740.001699996355,0.06330000178422779
988,19760.0,19760.00170000043,0.11159999849041924
989,19780.0,19780.00169999723,0.08489999891025946
990,19800.0,19800.00149999978,0.07229999755509198
991,19820.0,19820.0016999981,0.07650000043213367
992,19840.0,19840.000999996846,0.049500005843583494
993,19860.0,19860.00139999669,0.06660000508418307
994,19880.0,19880.00109999848,0.06370000483002514
995,19900.0,19900.001200003317,0.059499994677025825
996,19920.0,19920.001099999354,0.04569999873638153
997,19940.0,19940.001399998437,0.04369999805931002
998,19960.0,19960.00120000099,0.05409999721450731
999,19980.0,19980.00139999931,0.05950000195298344
1000,20000.0,20000.0011000011,0.051700000767596066
1001,20020.0,20020.053699998243,0.07210000330815092
1002,20040.0,20040.00200000155,0.07529999857069924
1003,20060.0,20060.001400001056,0.07080000068526715
1004,20080.0,20080.00119999633,0.06600000051548705
1005,20100.0,20100.00150000269,0.07439999899361283
1006,20120.0,20120.014000000083,0.06720000237692147
1007,20140.0,20140.001400002802,0.059300000430084765
1008,20160.0,20160.001700001885,0.06199999916134402
1009,20180.0,20180.020499996317,0.048600006266497076
1010,20200.0,20200.00109999819,0.05680000322172418
1011,20220.0,20220.00090000074,0.04339999577496201
1012,20240.0,20240.0009999983,0.04780000017490238
1013,20260.0,20260.000900001614,0.04829999670619145
1014,20280.0,20280.00069999689,0.04170000465819612
1015,20300.0,20300.001800002065,0.055199998314492404
1016,20320.0,20321.750299997802,0.060999998822808266
1017,20340.0,20341.641400002118,0.09439999848837033
1018,20360.0,20360.31329999969,0.04739999712910503
1019,20380.0,20380.00099999772,0.05059999966761097
1020,20400.0,20400.006900003063,0.06569999823113903
1021,20420.0,20420.0015000024,0.0461999952676706
1022,20440.0,20440.001000002667,0.04709999484475702
1023,20460.0,20460.002100000565,0.08549999620299786
1024,20480.0,20480.00779999711,0.06579999899258837
1025,20500.0,20500.00139999611,0.08690000686328858
1026,20520.0,20520.000999997137,0.043000000005122274
1027,20540.0,20540.00239999732,0.07140000525396317
1028,20560.0,20560.000799996487,0.04000000626547262
1029,20580.0,20580.0006999998,0.03699999797390774
1030,20600.0,20600.00189999846,0.04260000423528254
1031,20620.0,20620.000599999912,0.03860000288113952
1032,20640.0,20640.00059999671,0.03980000474257395
1033,20660.0,20660.002999997232,0.04260000423528254
1034,20680.0,20680.000599997584,0.038700003642588854
1035,20700.0,20700.00070000242,0.042100000428035855
1036,20720.0,20720.00090000074,0.039699996705166996
1037,20740.0,20740.00089999754,0.0411000000895001
1038,20760.0,20760.000800000853,0.041799998143687844
1039,20780.0,20780.00079999765,0.0394000016967766
1040,20800.0,20800.00399999699,0.09680000221123919
1041,20820.0,20820.000599997,0.03840000135824084
1042,20840.0,20840.0008000026,0.03989999822806567
1043,20860.0,20860.000799999398,0.04130000161239877
1044,20880.0,20880.144299997482,0.05520000559045002
1045,20900.0,20900.000900001032,0.08900000102585182
1046,20920.0,20920.01380000147,0.039200000173877925
1047,20940.0,20940.000700000382,0.039699996705166996
1048,20960.0,20960.000799997943,0.041600003896746784
1049,20980.0,20980.00090000278,0.03829999332083389
1050,21000.0,21000.000599997293,0.0411000000895001
1051,21020.0,21020.00080000289,0.03779999678954482
1052,21040.0,21041.776400001254,0.06500000017695129
1053,21060.0,21060.68149999919,0.03809999907389283
1054,21080.0,21080.00119999633,0.05980000423733145
1055,21100.0,21100.000999998883,0.04939999780617654
1056,21120.0,21120.001000002958,0.03719999949680641
1057,21140.0,21140.000699997472,0.037500001781154424
1058,21160.0,21160.000999996555,0.03970000398112461
1059,21180.0,21180.000599997584,0.039500002458225936
1060,21200.0,21200.00060000166,0.04049999552080408
1061,21220.0,21220.00090000074,0.040899998566601425
1062,21240.0,21240.00079999678,0.03819999983534217
1063,21260.0,21260.000800000853,0.04140000237384811
1064,21280.0,21280.00059999613,0.040400002035312355
1065,21300.0,21300.000600000203,0.038899997889529914
1066,21320.0,21320.000599997,0.0335000004270114
1067,21340.0,21340.000700001838,0.036799996451009065
1068,21360.0,21360.000799999398,0.04050000279676169
1069,21380.0,21380.00070000271,0.029599999834317714
1070,21400.0,21400.00069999951,0.038300000596791506
1071,21420.0,21420.000699996308,0.03130000550299883
1072,21440.0,21440.000700000382,0.031299998227041215
1073,21460.0,21460.05359999981,0.07539999933214858
1074,21480.0,21480.001800002356,0.09080000018002465
1075,21500.0,21500.002799999493,0.08900000102585182
1076,21520.0,21520.001600001706,0.07779999577905983
1077,21540.0,21540.00249999808,0.08750000415602699
1078,21560.0,21560.307400002785,0.09639999916544184
1079,21580.0,21580.00119999633,0.06290000601438805
1080,21600.0,21600.000999998883,0.05650000093737617
1081,21620.0,21620.000800001435,0.04359999729786068
1082,21640.0,21640.000899998995,0.05539999983739108
1083,21660.0,21660.02640000079,0.0610999995842576
1084,21680.0,21680.00100000063,0.049299997044727206
1085,21700.0,21700.001299999713,0.046399996790569276
1086,21720.0,21720.001399997273,0.04920000355923548
1087,21740.0,21740.001300000586,0.059300000430084765
1088,21760.0,21760.000900001614,0.03779999678954482
1089,21780.0,21780.015500000445,0.07689999620197341
1090,21800.0,21800.08220000309,0.06880000000819564
1091,21820.0,21820.000599997,0.03360000118846074
1092,21840.0,21840.000700001838,0.031799994758330286
1093,21860.0,21860.000699998636,0.03360000118846074
1094,21880.0,21880.00060000195,0.03740000101970509
1095,21900.0,21900.001000001794,0.04310000076657161
1096,21920.0,21920.000600002822,0.03819999983534217
1097,21940.0,21940.00059999962,0.042599996959324926
1098,21960.0,21960.000799997943,0.04340000305091962
1099,21980.0,21980.000800002017,0.04049999552080408
1100,22000.0,22000.00100000034,0.040099999750964344
1101,22020.0,22020.000899996376,0.04580000677378848
1102,22040.0,22040.00090000045,0.053099996875971556
1103,22060.0,22060.081000003265,0.051899995014537126
1104,22080.0,22080.0006999998,0.03650000144261867
1105,22100.0,22100.000899998122,0.04150000313529745
1106,22120.0,22120.000700000674,0.03840000135824084
1107,22140.0,22140.000699997472,0.03800000558840111
1108,22160.0,22160.000999996555,0.04000000626547262
1109,22180.0,22180.000699998345,0.038899997889529914
1110,22200.0,22200.00070000242,0.04129999433644116
1111,22220.0,22220.00079999998,0.03460000152699649
1112,22240.0,22240.00079999678,0.03860000288113952
1113,22260.0,22260.001000002376,0.040599996282253414
1114,22280.0,22280.00069999689,0.03719999949680641
1115,22300.0,22300.000700000965,0.04520000220509246
1116,22320.0,22320.000799998525,0.03170000127283856
1117,22340.0,22340.000700001838,0.03999999898951501
1118,22360.0,22360.036799997033,0.040400002035312355
1119,22380.0,22380.000899996958,0.034900003811344504
1120,22400.0,22400.00069999951,0.04649999755201861
1121,22420.0,22420.000999998592,0.03760000254260376
1122,22440.0,22440.00059999962,0.031299998227041215
1123,22460.0,22460.00069999718,0.033200005418621004
1124,22480.0,22480.000800002017,0.03479999577393755
1125,22500.0,22500.074600000517,0.053999996453057975
1126,22520.0,22520.00080000289,0.0354999938281253
1127,22540.0,22540.004199996474,0.04140000237384811
1128,22560.0,22560.003600003256,0.04159999662078917
1129,22580.0,22580.001599999378,0.076299998909235
1130,22600.0,22600.000899998122,0.04320000152802095
1131,22620.0,22620.000700000674,0.036299999919719994
1132,22640.0,22640.000799998234,0.04030000127386302
1133,22660.0,22660.717799997656,0.03980000474257395
1134,22680.0,22680.235300002096,0.03599999763537198
1135,22700.0,22700.08550000057,0.04249999619787559
1136,22720.0,22720.001000001503,0.04819999594474211
1137,22740.0,22740.00199999864,0.08320000051753595
1138,22760.0,22760.000800000853,0.039200000173877925
1139,22780.0,22780.00059999613,0.03680000372696668
1140,22800.0,22800.000800001726,0.0461999952676706
1141,22820.0,22820.000799998525,0.03860000288113952
1142,22840.0,22840.001399999892,0.055999997130129486
1143,22860.0,22860.00100000092,0.11329999688314274
1144,22880.0,22880.00070000271,0.052600000344682485
1145,22900.0,22900.096199999098,0.04369999805931002
1146,22920.0,22920.000699996308,0.03860000288113952
1147,22940.0,22940.00059999962,0.03550000110408291
1148,22960.0,22960.000799997943,0.03980000474257395
1149,22980.0,22980.000600000494,0.0368999972124584
1150,23000.0,23000.000699998054,0.0453000029665418
1151,23020.0,23020.00070000213,0.03669999568955973
1152,23040.0,23040.000599998166,0.03339999966556206
1153,23060.0,23060.00099999801,0.04130000161239877
1154,23080.0,23080.000900001323,0.040599996282253414
1155,23100.0,23100.0006999966,0.04130000161239877
1156,23120.0,23120.000700000674,0.03579999611247331
1157,23140.0,23140.000799998234,0.040099999750964344
1158,23160.0,23160.22520000115,0.04389999958220869
1159,23180.0,23180.000899999868,0.04030000127386302
1160,23200.0,23200.00080000318,0.0427999984822236
1161,23220.0,23220.000599998457,0.037500001781154424
1162,23240.0,23240.00079999678,0.039500002458225936
1163,23260.0,23260.00070000009,0.04069999704370275
1164,23280.0,23280.000899998413,0.03609999839682132
1165,23300.0,23300.000700000965,0.04199999966658652
1166,23320.0,23320.000799998525,0.03699999797390774
1167,23340.0,23340.000700001838,0.03840000135824084
1168,23360.0,23360.000599997875,0.04389999958220869
1169,23380.0,23380.000799996196,0.04200000694254413
1170,23400.0,23400.000900001032,0.046799999836366624
1171,23420.0,23420.000699996308,0.036900004488416016
1172,23440.0,23440.000800001144,0.038899997889529914
1173,23460.0,23460.00059999642,0.03740000101970509
1174,23480.0,23480.000999996264,0.03819999983534217
1175,23500.0,23500.000599997293,0.039500002458225936
1176,23520.0,23520.00070000213,0.035400000342633575
1177,23540.0,23540.000699998927,0.0351999988197349
1178,23560.0,23560.00060000224,0.03569999535102397
1179,23580.0,23580.0006999998,0.04060000355821103
1180,23600.0,23600.001099999645,0.04359999729786068
1181,23620.0,23620.000599999912,0.03270000161137432
1182,23640.0,23640.000699997472,0.03460000152699649
1183,23660.0,23660.000999996555,0.04100000660400838
1184,23680.0,23680.000799999107,0.032000003557186574
1185,23700.0,23700.00080000318,0.0427999984822236
1186,23720.0,23720.00069999922,0.034199998481199145
1187,23740.0,23740.00089999754,0.0377000033040531
1188,23760.0,23760.02850000077,0.0411000000895001
1189,23780.0,23780.00079999765,0.03760000254260376
1190,23800.0,23800.001099996734,0.06100000609876588
1191,23820.0,23820.000599997,0.040099999750964344
1192,23840.0,23840.00090000336,0.038499994843732566
1193,23860.0,23860.000699998636,0.04099999932805076
1194,23880.0,23880.00070000271,0.03659999492811039
1195,23900.0,23900.00069999951,0.03409999771974981
1196,23920.0,23920.000699996308,0.029900002118665725
1197,23940.0,23940.08990000293,0.03879999712808058
1198,23960.0,23960.00059999642,0.04350000381236896
1199,23980.0,23980.004500001087,0.03850000211969018
1200,24000.0,24000.000699998054,0.04230000195093453
1201,24020.0,24020.00080000289,0.03699999797390774
1202,24040.0,24040.000499997404,0.03339999966556206
1203,24060.0,24060.000700003002,0.03429999924264848
1204,24080.0,24080.000800000562,0.039200000173877925
1205,24100.0,24100.001200000406,0.03899999865097925
1206,24120.0,24120.000599999912,0.03819999983534217
1207,24140.0,24140.000799998234,0.03899999865097925
1208,24160.0,24160.04399999656,0.04270000499673188
1209,24180.0,24180.000799999107,0.038700003642588854
1210,24200.0,24200.00599999912,0.04610000178217888
1211,24220.0,24220.00079999998,0.03979999746661633
1212,24240.0,24240.00079999678,0.0394000016967766
1213,24260.0,24260.001299997384,0.043000000005122274
1214,24280.0,24280.00069999689,0.04140000237384811
1215,24300.0,24300.096400002076,0.04129999433644116
1216,24320.0,24320.000799998525,0.03640000068116933
1217,24340.0,24340.000700001838,0.03579999611247331
1218,24360.0,24360.000699998636,0.03730000025825575
1219,24380.0,24380.000500001188,0.03740000101970509
1220,24400.0,24400.00080000027,0.03989999822806567
1221,24420.0,24420.053000001644,0.04069999704370275
1222,24440.0,24440.00049999886,0.03290000313427299
1223,24460.0,24460.00069999718,0.03239999932702631
1224,24480.0,24480.000700001256,0.03229999856557697
1225,24500.0,24500.07629999891,0.034199998481199145
1226,24520.0,24520.00070000213,0.032500000088475645
1227,24540.0,24540.000699998927,0.03670000296551734
1228,24560.0,24560.002600002917,0.040599996282253414
1229,24580.0,24580.0006999998,0.0368999972124584
1230,24600.0,24600.00079999736,0.04020000051241368
1231,24620.0,24620.017900000676,0.0503999981447123
1232,24640.0,24640.000899998995,0.03680000372696668
1233,24660.0,24660.000600000785,0.04339999577496201
1234,24680.0,24680.000599997584,0.035700002626981586
1235,24700.0,24700.00070000242,0.04289999924367294
1236,24720.0,24720.00090000074,0.030199997127056122
1237,24740.0,24740.00060000253,0.03739999374374747
1238,24760.0,24760.001000002376,0.04310000076657161
1239,24780.0,24780.00079999765,0.03809999907389283
1240,24800.0,24800.000700000965,0.03669999568955973
1241,24820.0,24820.000899999286,0.03399999695830047
1242,24840.0,24840.000600001076,0.03550000110408291
1243,24860.0,24860.000599997875,0.0408000050811097
1244,24880.0,24880.00070000271,0.038899997889529914
1245,24900.0,24900.00069999951,0.034500000765547156
1246,24920.0,24920.000600002822,0.0354999938281253
1247,24940.0,24940.00059999962,0.03440000000409782
1248,24960.0,24960.00069999718,0.03860000288113952
1249,24980.0,24980.000700001256,0.037699996028095484
1250,25000.0,25000.00049999653,0.03860000288113952
1251,25020.0,25020.00759999646,0.03840000135824084
1252,25040.0,25040.000699998927,0.03860000288113952
1253,25060.0,25060.1084000009,0.0394000016967766
1254,25080.0,25080.000900001323,0.037500001781154424
1255,25100.0,25100.001099999645,0.0411000000895001
1256,25120.0,25120.000800001435,0.03840000135824084
1257,25140.0,25140.701500000432,0.04629999602911994
1258,25160.0,25160.07019999961,0.053099996875971556
1259,25180.0,25180.764899996575,0.05729999975301325
1260,25200.0,25200.068099999044,0.03989999822806567
1261,25220.0,25220.00079999998,0.03480000304989517
1262,25240.0,25240.016999996442,0.039200000173877925
1263,25260.0,25260.000800000853,0.047100002120714635
1264,25280.0,25280.00069999689,0.036299999919719994
1265,25300.0,25300.001900002826,0.04369999805931002
1266,25320.0,25320.000699997763,0.039900005504023284
1267,25340.0,25340.000700001838,0.03819999983534217
1268,25360.0,25360.000699998636,0.036299999919719994
1269,25380.0,25380.001500001526,0.0461999952676706
1270,25400.0,25400.001299996802,0.03960000321967527
1271,25420.0,25420.000999998592,0.042400002712383866
1272,25440.0,25440.00059999962,0.03680000372696668
1273,25460.0,25460.000799997943,0.03840000135824084
1274,25480.0,25480.000600000494,0.03789999755099416
1275,25500.0,25500.00100000034,0.04169999738223851
1276,25520.0,25520.00070000213,0.03489999653538689
1277,25540.0,25540.00090000045,0.0368999972124584
1278,25560.0,25560.000700003002,0.03819999983534217
1279,25580.0,25580.0573000015,0.040099999750964344
1280,25600.0,25600.0006999966,0.03680000372696668
1281,25620.0,25620.00049999915,0.03730000025825575
1282,25640.0,25640.005100001872,0.07129999721655622
1283,25660.0,25660.000999996555,0.0391000066883862
1284,25680.0,25680.000899999868,0.04510000144364312
1285,25700.0,25700.038199996925,0.04260000423528254
1286,25720.0,25720.00069999922,0.03680000372696668
1287,25740.0,25740.000700003293,0.03719999949680641
1288,25760.0,25760.012599996116,0.04000000626547262
1289,25780.0,25780.00079999765,0.04270000499673188
1290,25800.0,25800.04249999911,0.04459999763639644
1291,25820.0,25821.687299998302,0.042100000428035855
1292,25840.0,25841.74820000044,0.03760000254260376
1293,25860.0,25860.934399999678,0.03999999898951501
1294,25880.0,25880.01339999755,0.03460000152699649
1295,25900.0,25900.062399996386,0.043600004573818296
1296,25920.0,25920.001099999354,0.05390000296756625
1297,25940.0,25940.000900001905,0.040899998566601425
1298,25960.0,25960.00069999718,0.034900003811344504
1299,25980.0,25980.00129999855,0.05270000110613182
1300,26000.0,26000.04120000085,0.04389999958220869
1301,26020.0,26020.00080000289,0.034699995012488216
1302,26040.0,26040.000699998927,0.03860000288113952
1303,26060.0,26060.000799996487,0.03930000093532726
1304,26080.0,26080.0006999998,0.036799996451009065
1305,26100.0,26100.0006999966,0.038700003642588854
1306,26120.0,26120.001000002958,0.040899998566601425
1307,26140.0,26140.000799998234,0.03989999822806567
1308,26160.0,26160.000999996555,0.03800000558840111
1309,26180.0,26180.00110000139,0.05489999603014439
1310,26200.0,26200.00070000242,0.03529999958118424
1311,26220.0,26220.00079999998,0.03239999932702631
1312,26240.0,26240.00079999678,0.03650000144261867
1313,26260.0,26260.000800000853,0.03779999678954482
1314,26280.0,26280.00059999613,0.03240000660298392
1315,26300.0,26300.052799997502,0.05400000372901559
1316,26320.0,26320.000699997763,0.029599999834317714
1317,26340.0,26340.000700001838,0.03699999797390774
1318,26360.0,26360.000699998636,0.03640000068116933
1319,26380.0,26380.00070000271,0.03579999611247331
1320,26400.0,26400.000599998748,0.03480000304989517
1321,26420.0,26420.000600002822,0.036299999919719994
1322,26440.0,26440.002600000298,0.03339999966556206
1323,26460.0,26460.000899998704,0.03809999907389283
1324,26480.0,26480.02229999838,0.031299998227041215
1325,26500.0,26500.000799998816,0.039200000173877925
1326,26520.0,26520.04670000315,0.04339999577496201
1327,26540.0,26540.00100000121,0.04489999992074445
1328,26560.0,26560.11849999777,0.04690000059781596
1329,26580.0,26580.000800000562,0.04690000059781596
1330,26600.0,26600.000899998122,0.04220000118948519
1331,26620.0,26620.026600001438,0.04579999949783087
1332,26640.0,26640.000899998995,0.041799998143687844
1333,26660.0,26660.001500000362,0.04829999670619145
1334,26680.0,26680.000799999107,0.040899998566601425
1335,26700.0,26700.000999997428,0.04370000533526763
1336,26720.0,26720.001599998795,0.054600001021754
1337,26740.0,26740.001099999063,0.040099999750964344
1338,26760.0,26760.000900001614,0.04269999772077426
1339,26780.0,26780.001200000697,0.04749999789055437
1340,26800.0,26800.033400002576,0.046099994506221265
1341,26820.0,26820.00110000081,0.04890000127488747
1342,26840.0,26840.005500002007,0.0520999965374358
1343,26860.0,26860.00100000092,0.07059999916236848
1344,26880.0,26880.000899996958,0.04820000322069973
1345,26900.0,26900.001000001794,0.05740000051446259
1346,26920.0,26920.001200000115,0.05029999738326296
1347,26940.0,26940.000800001144,0.05009999586036429
1348,26960.0,26960.00120000099,0.04339999577496201
1349,26980.0,26980.000999996264,0.04760000592796132
1350,27000.0,27000.00100000034,0.04819999594474211
1351,27020.0,27020.0010999979,0.04980000085197389
1352,27040.0,27040.00079999969,0.04649999755201861
1353,27060.0,27060.261999999057,0.050000002374872565
1354,27080.0,27080.004600000393,0.044399996113497764
1355,27100.0,27100.001200000406,0.045599997974932194
1356,27120.0,27120.001000002958,0.04769999941345304
1357,27140.0,27140.001100000518,0.0503999981447123
1358,27160.0,27160.000800002308,0.05179999425308779
1359,27180.0,27180.00100000063,0.047599998652003706
1360,27200.0,27200.051300002087,0.0503999981447123
1361,27220.0,27220.001200003026,0.04629999602911994
1362,27240.0,27240.00079999678,0.04460000491235405
1363,27260.0,27260.001000002376,0.04799999442184344
1364,27280.0,27280.000999999174,0.04839999746764079
1365,27300.0,27300.000800001726,0.047299996367655694
1366,27320.0,27320.001000000047,0.044399996113497764
1367,27340.0,27340.001099997608,0.0470000013592653
1368,27360.0,27360.001100001682,0.05319999763742089
1369,27380.0,27380.000899996958,0.04389999958220869
1370,27400.0,27400.001200003317,0.0486999997519888
1371,27420.0,27420.000699996308,0.04550000448944047
1372,27440.0,27440.000700000382,0.04400000034365803
1373,27460.0,27460.000799997943,0.04170000465819612
1374,27480.0,27480.000700001256,0.042599996959324926
1375,27500.0,27500.0011000011,0.04739999712910503
1376,27520.0,27520.000899996376,0.048800000513438135
1377,27540.0,27540.00079999969,0.04569999873638153
1378,27560.0,27560.00099999801,0.0501000031363219
1379,27580.0,27580.001000002085,0.045000000682193786
1380,27600.0,27600.000899998122,0.04610000178217888
1381,27620.0,27620.001199997205,0.045900000259280205
1382,27640.0,27640.000799998234,0.0427999984822236
1383,27660.0,27660.001199998078,0.040400002035312355
1384,27680.0,27680.001200002152,0.04069999704370275
1385,27700.0,27700.00109999819,0.03500000457279384
1386,27720.0,27720.00090000074,0.03399999695830047
1387,27740.0,27740.0009999983,0.04320000152802095
1388,27760.0,27760.000800000853,0.05750000127591193
1389,27780.0,27780.00079999765,0.04340000305091962
1390,27800.0,27800.00100000325,0.04239999543642625
1391,27820.0,27820.000699997763,0.040700004319660366
1392,27840.0,27840.000999996846,0.03819999983534217
1393,27860.0,27860.001200002444,0.04099999932805076
1394,27880.0,27880.000899996958,0.05020000389777124
1395,27900.0,27900.00229999714,0.05650000093737617
1396,27920.0,27920.02330000105,0.057799996284302324
1397,27940.0,27940.001299997675,0.050000002374872565
1398,27960.0,27960.00130000175,0.06809999467805028
1399,27980.0,27980.05120000016,0.06009999924572185
1400,28000.0,28000.0011000011,0.04959999932907522
1401,28020.0,28020.000999997137,0.04820000322069973
1402,28040.0,28040.00100000121,0.05219999729888514
1403,28060.0,28060.00689999928,0.06230000144569203
1404,28080.0,28080.000800000562,0.04479999915929511
1405,28100.0,28100.066300001345,0.04649999755201861
1406,28120.0,28120.001099996443,0.045000000682193786
1407,28140.0,28140.000899998995,0.04230000195093453
1408,28160.0,28160.068299999693,0.04959999932907522
1409,28180.0,28180.001200002152,0.04659999831346795
1410,28200.0,28200.000899996667,0.04650000482797623
1411,28220.0,28220.00090000074,0.04780000017490238
1412,28240.0,28240.0009999983,0.04769999941345304
1413,28260.0,28260.001000002376,0.051099996198900044
1414,28280.0,28280.00140000222,0.04799999442184344
1415,28300.0,28300.08739999903,0.055199998314492404
1416,28320.0,28320.001300002332,0.0627999979769811
1417,28340.0,28340.00129999913,0.06880000000819564
1418,28360.0,28360.088800000085,0.06849999772384763
1419,28380.0,28380.00109999848,0.0638999990769662
1420,28400.0,28400.001299996802,0.053300005674827844
1421,28420.0,28420.000999998592,0.05310000415192917
1422,28440.0,28440.001199996914,0.06240000220714137
1423,28460.0,28460.00140000251,0.0596999961999245
1424,28480.0,28480.00090000278,0.0461999952676706
1425,28500.0,28500.00120000186,0.04329999501351267
1426,28520.0,28520.00080000289,0.046099994506221265
1427,28540.0,28540.160299999116,0.05660000169882551
1428,28560.0,28560.000700003002,0.0402999939979054
1429,28580.0,28580.0006999998,0.0368999972124584
1430,28600.0,28600.0006999966,0.03580000338843092
1431,28620.0,28620.000800001435,0.04159999662078917
1432,28640.0,28640.000699997472,0.04550000448944047
1433,28660.0,28660.00090000307,0.03449999348958954
1434,28680.0,28680.000699998345,0.038700003642588854
1435,28700.0,28700.00070000242,0.04310000076657161
1436,28720.0,28720.00079999998,0.036600002204068005
1437,28740.0,28740.00050000177,0.03199999628122896
1438,28760.0,28760.001000002376,0.03669999568955973
1439,28780.0,28780.00069999689,0.04050000279676169
1440,28800.0,28800.000800001726,0.03699999797390774
1441,28820.0,28820.000899999286,0.03719999949680641
1442,28840.0,28840.002700002515,0.04069999704370275
1443,28860.0,28860.000799999398,0.038700003642588854
1444,28880.0,28880.00060000195,0.03550000110408291
1445,28900.0,28900.00069999951,0.0394000016967766
1446,28920.0,28920.000600002822,0.03809999907389283
1447,28940.0,28941.7042999994,0.038899997889529914
1448,28960.0,28960.244399997464,0.033200005418621004
1449,28980.0,28980.001099997025,0.05050000618211925
1450,29000.0,29000.000899999577,0.06150000263005495
1451,29020.0,29020.0010999979,0.05660000169882551
1452,29040.0,29040.00139999698,0.07140000525396317
1453,29060.0,29060.000799996487,0.03710000601131469
1454,29080.0,29080.0006999998,0.039500002458225936
1455,29100.0,29100.0006999966,0.037500001781154424
1456,29120.0,29120.000700000674,0.036600002204068005
1457,29140.0,29140.000799998234,0.0394000016967766
1458,29160.0,29160.00090000307,0.03829999332083389
1459,29180.0,29180.000699998345,0.03880000440403819
1460,29200.0,29200.000500000897,0.037999998312443495
1461,29220.0,29220.00079999998,0.04140000237384811
1462,29240.0,29240.00079999678,0.03760000254260376
1463,29260.0,29260.000800000853,0.03309999738121405
1464,29280.0,29280.00069999689,0.03239999932702631
1465,29300.0,29300.000900002487,0.04389999958220869
1466,29320.0,29320.000599997,0.039900005504023284
1467,29340.0,29340.000600001076,0.03879999712808058
1468,29360.0,29360.00090000016,0.041799998143687844
1469,29380.0,29380.00060000195,0.035899996873922646
1470,29400.0,29400.02359999926,0.03989999822806567
1471,29420.0,29420.000699996308,0.03800000558840111
1472,29440.0,29441.12579999637,0.04050000279676169
1473,29460.0,29460.000999999465,0.03840000135824084
1474,29480.0,29480.000999996264,0.040700004319660366
1475,29500.0,29500.00739999814,0.0408000050811097
1476,29520.0,29520.00080000289,0.03730000025825575
1477,29540.0,29540.000599998166,0.041600003896746784
1478,29560.0,29560.052200002247,0.04239999543642625
1479,29580.0,29580.000800000562,0.03819999983534217
1480,29600.0,29600.000600003114,0.03699999797390774
1481,29620.0,29620.000599999912,0.03489999653538689
1482,29640.0,29640.000899998995,0.03850000211969018
1483,29660.0,29660.000700001547,0.041200000850949436
1484,29680.0,29680.000699998345,0.035400000342633575
1485,29700.0,29700.00060000166,0.03740000101970509
1486,29720.0,29720.00069999922,0.03989999822806567
1487,29740.0,29740.00060000253,0.035599994589574635
1488,29760.0,29760.00070000009,0.031600000511389226
1489,29780.0,29780.00069999689,0.030499999411404133
1490,29800.0,29800.000700000965,0.029900002118665725
1491,29820.0,29820.000599997,0.029100003303028643
1492,29840.0,29840.000600001076,0.030899995181243867
1493,29860.0,29860.000699998636,0.03680000372696668
1494,29880.0,29880.000500001188,0.030099996365606785
1495,29900.0,29900.000599998748,0.027599999157246202
1496,29920.0,29920.000699996308,0.027800000680144876
1497,29940.0,29940.000399998098,0.03290000313427299
1498,29960.0,29960.039400000824,0.04249999619787559
1499,29980.0,29980.000700001256,0.03529999958118424
1500,30000.0,30000.000699998054,0.0453000029665418
1501,30020.0,30020.00070000213,0.03640000068116933
1502,30040.0,30040.00079999969,0.03819999983534217
1503,30060.0,30060.00089999725,0.03640000068116933
1504,30080.0,30080.0006999998,0.037099998735357076
1505,30100.0,30100.000600003114,0.03169999399688095
1506,30120.0,30120.000700000674,0.029599999834317714
1507,30140.0,30140.000699997472,0.029300004825927317
1508,30160.0,30160.00090000307,0.03139999898849055
1509,30180.0,30180.000400003337,0.03319999814266339
1510,30200.0,30200.00080000318,0.037099998735357076
1511,30220.0,30220.00069999922,0.03640000068116933
1512,30240.0,30240.000700003293,0.03839999408228323
1513,30260.0,30260.00059999933,0.03640000068116933
1514,30280.0,30280.00079999765,0.03460000152699649
1515,30300.0,30300.0303000008,0.03959999594371766
1516,30320.0,30320.000799998525,0.03999999898951501
1517,30340.0,30340.00090000336,0.045599997974932194
1518,30360.0,30360.003000001598,0.04199999966658652
1519,30380.0,30380.000799996196,0.041600003896746784
1520,30400.0,30400.000900001032,0.04189999890513718
1521,30420.0,30420.000699996308,0.0425000034738332
1522,30440.0,30440.000800001144,0.0385999956051819
1523,30460.0,30460.001100000227,0.04130000161239877
1524,30480.0,30480.000800002017,0.0368999972124584
1525,30500.0,30500.000699998054,0.0335000004270114
1526,30520.0,30520.00070000213,0.039699996705166996
1527,30540.0,30540.00079999969,0.04020000051241368
1528,30560.0,30560.000799996487,0.040700004319660366
1529,30580.0,30580.001000002085,0.04099999932805076
1530,30600.0,30600.00079999736,0.0360000049113296
1531,30620.0,30620.000700000674,0.0337999954354018
1532,30640.0,30640.000799998234,0.029900002118665725
1533,30660.0,30660.000700001547,0.03989999822806567
1534,30680.0,30680.000799999107,0.03809999907389283
1535,30700.0,30700.00080000318,0.03879999712808058
1536,30720.0,30720.00069999922,0.03560000186553225
1537,30740.0,30740.00089999754,0.04289999924367294
1538,30760.0,30760.232799999358,0.04310000076657161
1539,30780.0,30780.000899998413,0.042100000428035855
1540,30800.0,30800.000900002487,0.041399995097890496
1541,30820.0,30820.017999998527,0.04060000355821103
1542,30840.0,30840.001800002938,0.060699996538460255
1543,30860.0,30860.00090000016,0.03650000144261867
1544,30880.0,30880.000799996196,0.039200000173877925
1545,30900.0,30900.000599998748,0.040400002035312355
1546,30920.0,30920.047200001136,0.08059999527176842
1547,30940.0,30940.000700000382,0.03869999636663124
1548,30960.0,30960.000899998704,0.040400002035312355
1549,30980.0,30980.00090000278,0.046399996790569276
1550,31000.0,31000.00320000254,0.03699999797390774
1551,31020.0,31020.002600002044,0.0562999994144775
1552,31040.0,31040.00090000045,0.04130000161239877
1553,31060.0,31060.000799996487,0.03890000516548753
1554,31080.0,31080.01189999777,0.03740000101970509
1555,31100.0,31100.01729999931,0.04369999805931002
1556,31120.0,31120.001099996443,0.0467000063508749
1557,31140.0,31140.000699997472,0.037099998735357076
1558,31160.0,31160.000600000785,0.033700001949910074
1559,31180.0,31180.000899999868,0.035700002626981586
1560,31200.0,31200.00080000318,0.03899999865097925
1561,31220.0,31220.00819999812,0.03680000372696668
1562,31240.0,31240.000700003293,0.046399996790569276
1563,31260.0,31260.004099996877,0.054700001783203334
1564,31280.0,31280.00079999765,0.040700004319660366
1565,31300.0,31300.011400002404,0.03959999594371766
1566,31320.0,31320.020300001488,0.04169999738223851
1567,31340.0,31340.0008000026,0.039399994420818985
1568,31360.0,31360.000799999398,0.04220000118948519
1569,31380.0,31380.000799996196,0.03500000457279384
1570,31400.0,31400.00069999951,0.039500002458225936
1571,31420.0,31420.00079999707,0.03890000516548753
1572,31440.0,31440.000800001144,0.03759999526664615
1573,31460.0,31460.000899998704,0.038899997889529914
1574,31480.0,31480.000800002017,0.037999998312443495
1575,31500.0,31500.000699998054,0.03850000211969018
1576,31520.0,31520.000600001367,0.03819999983534217
1577,31540.0,31540.00079999969,0.03979999746661633
1578,31560.0,31560.00099999801,0.0427999984822236
1579,31580.0,31580.001100002846,0.050199996621813625
1580,31600.0,31600.001599996176,0.06870000652270392
1581,31620.0,31620.002000003296,0.08969999908003956
1582,31640.0,31640.00159999705,0.08850000449456275
1583,31660.0,31660.08359999978,0.07380000170087442
1584,31680.0,31680.001900000207,0.07300000288523734
1585,31700.0,31700.001600001997,0.05270000110613182
1586,31720.0,31720.001499998034,0.06710000161547214
1587,31740.0,31740.00089999754,0.04440000338945538
1588,31760.0,31760.12130000163,0.03879999712808058
1589,31780.0,31780.00059999613,0.041600003896746784
1590,31800.0,31800.001700001303,0.07879999611759558
1591,31820.0,31820.000799998525,0.038899997889529914
1592,31840.0,31840.000700001838,0.041399995097890496
1593,31860.0,31860.00090000016,0.039699996705166996
1594,31880.0,31880.00060000195,0.03749999450519681
1595,31900.0,31900.000499997986,0.03930000093532726
1596,31920.0,31920.001099999354,0.05149999924469739
1597,31940.0,31940.001399998437,0.06679999933112413
1598,31960.0,31960.00120000099,0.06330000178422779
1599,31980.0,31980.001999996603,0.059600002714432776
1600,32000.0,32000.00100000034,0.059300000430084765
1601,32020.0,32020.001400000183,0.07309999637072906
1602,32040.0,32040.00100000121,0.0394000016967766
1603,32060.0,32060.000799996487,0.03420000575715676
1604,32080.0,32080.000800000562,0.0351999988197349
1605,32100.0,32100.0006999966,0.039200000173877925
1606,32120.0,32120.000900002196,0.03740000101970509
1607,32140.0,32140.000899998995,0.042400002712383866
1608,32160.0,32160.000999996555,0.039200000173877925
1609,32180.0,32180.000799999107,0.03719999949680641
1610,32200.0,32200.00060000166,0.03930000093532726
1611,32220.0,32220.00449999905,0.04079999780515209
1612,32240.0,32240.00089999754,0.03670000296551734
1613,32260.0,32260.000900001614,0.04320000152802095
1614,32280.0,32280.31000000192,0.04459999763639644
1615,32300.0,32300.037599998177,0.048800000513438135
1616,32320.0,32320.00149999658,0.07300000288523734
1617,32340.0,32340.00090000336,0.040899998566601425
1618,32360.0,32360.000799999398,0.04369999805931002
1619,32380.0,32380.053599998064,0.04320000152802095
1620,32400.0,32400.000599998748,0.03979999746661633
1621,32420.0,32420.00079999707,0.0377000033040531
1622,32440.0,32440.000700000382,0.032999996619764715
1623,32460.0,32460.000999999465,0.04400000034365803
1624,32480.0,32480.000800002017,0.03839999408228323
1625,32500.0,32500.000699998054,0.04650000482797623
1626,32520.0,32520.00080000289,0.041399995097890496
1627,32540.0,32540.00079999969,0.033700001949910074
1628,32560.0,32560.000799996487,0.042100000428035855
1629,32580.0,32580.000800000562,0.03730000025825575
1630,32600.0,32600.0006999966,0.03740000101970509
1631,32620.0,32620.000900002196,0.0368999972124584
1632,32640.0,32640.000699997472,0.036900004488416016
1633,32660.0,32660.000999996555,0.039900005504023284
1634,32680.0,32680.000799999107,0.03860000288113952
1635,32700.0,32700.00070000242,0.05409999721450731
1636,32720.0,32720.00069999922,0.03719999949680641
1637,32740.0,32740.00079999678,0.046799999836366624
1638,32760.0,32760.000800000853,0.04400000034365803
1639,32780.0,32780.00089999841,0.038300000596791506
1640,32800.0,32800.000700000965,0.037999998312443495
1641,32820.0,32820.00069999776,0.03880000440403819
1642,32840.0,32840.064600000915,0.041200000850949436
1643,32860.0,32860.000699998636,0.0425000034738332
1644,32880.0,32880.005099999835,0.041200000850949436
1645,32900.0,32900.04670000053,0.04459999763639644
1646,32920.0,32920.00079999707,0.03590000414988026
1647,32940.0,32940.00070000038,0.03930000093532726
1648,32960.0,32960.150999999314,0.04220000118948519
1649,32980.0,32980.00080000202,0.037999998312443495
1650,33000.0,33000.00059999729,0.04020000051241368
1651,33020.0,33020.00099999714,0.038700003642588854
1652,33040.0,33040.000599998166,0.038300000596791506
1653,33060.0,33060.00089999725,0.04099999932805076
1654,33080.0,33080.22809999966,0.04199999966658652
1655,33100.0,33100.0006999966,0.03970000398112461
1656,33120.0,33120.00100000296,0.04419999459059909
1657,33140.0,33140.00079999823,0.04060000355821103
1658,33160.0,33160.000999996555,0.04060000355821103
1659,33180.0,33180.00100000063,0.04030000127386302
1660,33200.0,33200.00089999667,0.03890000516548753
1661,33220.0,33220.00069999922,0.04340000305091962
1662,33240.0,33240.00089999754,0.0411000000895001
1663,33260.0,33260.00080000085,0.03989999822806567
1664,33280.0,33280.000999999174,0.038899997889529914
1665,33300.0,33300.000700000965,0.0368999972124584
1666,33320.0,33320.000799998525,0.03650000144261867
1667,33340.0,33340.000600001076,0.03669999568955973
1668,33360.0,33360.00970000168,0.04189999890513718
1669,33380.0,33380.00070000271,0.04999999509891495
1670,33400.0,33400.011199999426,0.04310000076657161
1671,33420.0,33420.001099999354,0.03989999822806567
1672,33440.0,33440.000800001144,0.038300000596791506
1673,33460.0,33460.00069999718,0.038300000596791506
1674,33480.0,33480.00080000202,0.038300000596791506
1675,33500.0,33500.000799998816,0.04959999932907522
1676,33520.0,33520.00060000137,0.03650000144261867
1677,33540.0,33540.024599999015,0.038700003642588854
1678,33560.0,33560.00079999649,0.047100002120714635
1679,33580.0,33580.005099996924,0.043600004573818296
1680,33600.0,33600.00079999736,0.04060000355821103
1681,33620.0,33620.000800001435,0.03879999712808058
1682,33640.0,33640.00059999671,0.03880000440403819
1683,33660.0,33660.000999996555,0.04260000423528254
1684,33680.0,33680.000699998345,0.041200000850949436
1685,33700.0,33700.021199998446,0.0427999984822236
1686,33720.0,33720.00079999998,0.045599997974932194
1687,33740.0,33740.00079999678,0.038300000596791506
1688,33760.0,33760.00070000009,0.04079999780515209
1689,33780.0,33780.00079999765,0.04750000516651198
1690,33800.0,33800.000700000965,0.041799998143687844
1691,33820.0,33820.000799998525,0.03850000211969018
1692,33840.0,33840.000999996846,0.0408000050811097
1693,33860.0,33860.000699998636,0.03840000135824084
1694,33880.0,33880.00070000271,0.03229999856557697
1695,33900.0,33900.00069999951,0.03789999755099416
1696,33920.0,33920.00079999707,0.0394000016967766
1697,33940.0,33940.00070000038,0.030800001695752144
1698,33960.0,33960.000899998704,0.04959999932907522
1699,33980.0,33980.000700001256,0.03560000186553225
1700,34000.0,34000.000799998816,0.034500000765547156
1701,34020.0,34020.00099999714,0.042100000428035855
1702,34040.0,34040.00090000045,0.03869999636663124
1703,34060.0,34060.00079999649,0.039500002458225936
1704,34080.0,34080.00080000056,0.0385999956051819
1705,34100.0,34100.00050000235,0.03899999865097925
1706,34120.0,34120.00049999915,0.03699999797390774
1707,34140.0,34140.00079999823,0.04430000262800604
1708,34160.0,34160.000600000785,0.029499999072868377
1709,34180.0,34180.000599997584,0.026500005333218724
1710,34200.0,34200.008400002844,0.04129999433644116
1711,34220.0,34220.00079999998,0.03560000186553225
1712,34240.0,34240.00060000253,0.03309999738121405
1713,34260.0,34260.000900001614,0.03899999865097925
1714,34280.0,34280.00059999613,0.03220000508008525
1715,34300.0,34300.04519999784,0.034900003811344504
1716,34320.0,34320.00069999776,0.03680000372696668
1717,34340.0,34340.00070000184,0.038499994843732566
1718,34360.0,34360.005399998045,0.041799998143687844
1719,34380.0,34380.00070000271,0.0385999956051819
1720,34400.0,34400.00069999951,0.039200000173877925
1721,34420.0,34420.00069999631,0.04000000626547262
1722,34440.0,34440.000900001905,0.03979999746661633
1723,34460.0,34460.00079999794,0.042400002712383866
1724,34480.0,34480.00080000202,0.041399995097890496
1725,34500.0,34500.02279999899,0.0411000000895001
1726,34520.0,34520.026099999086,0.036600002204068005
1727,34540.0,34540.00079999969,0.035899996873922646
1728,34560.0,34560.07379999937,0.039500002458225936
1729,34580.0,34580.00080000056,0.03779999678954482
1730,34600.0,34600.002599996515,0.047100002120714635
1731,34620.0,34620.00139999873,0.04810000245925039
1732,34640.0,34640.00059999671,0.03590000414988026
1733,34660.0,34660.00080000231,0.03789999755099416
1734,34680.0,34680.000699998345,0.03740000101970509
1735,34700.0,34700.01690000208,0.0411000000895001
1736,34720.0,34720.00079999998,0.03429999924264848
1737,34740.0,34740.00070000329,0.03249999281251803
1738,34760.0,34760.00059999933,0.03879999712808058
1739,34780.0,34780.00069999689,0.03710000601131469
1740,34800.0,34800.000700000965,0.03569999535102397
1741,34820.0,34820.000899999286,0.043799998820759356
1742,34840.0,34840.0008000026,0.030999995942693204
1743,34860.0,34860.000699998636,0.03409999771974981
1744,34880.0,34880.00109999848,0.0377000033040531
1745,34900.0,34900.00059999875,0.03809999907389283
1746,34920.0,34920.00069999631,0.032000003557186574
1747,34940.0,34940.00070000038,0.03440000000409782
1748,34960.0,34960.00059999642,0.03800000558840111
1749,34980.0,34980.00080000202,0.04049999552080408
1750,35000.0,35000.00059999729,0.03560000186553225
1751,35020.0,35020.00070000213,0.034500000765547156
1752,35040.0,35040.00079999969,0.03580000338843092
1753,35060.0,35060.00060000224,0.04539999645203352
1754,35080.0,35080.00090000132,0.040099999750964344
1755,35100.0,35100.00089999812,0.03760000254260376
1756,35120.0,35120.000800001435,0.037699996028095484
1757,35140.0,35140.00059999671,0.03640000068116933
1758,35160.0,35160.00080000231,0.0411000000895001
1759,35180.0,35180.00089999987,0.03840000135824084
1760,35200.0,35200.00080000318,0.040599996282253414
1761,35220.0,35220.00090000074,0.039200000173877925
1762,35240.0,35240.00079999678,0.04820000322069973
1763,35260.0,35260.00080000085,0.038300000596791506
1764,35280.0,35280.00079999765,0.039200000173877925
1765,35300.0,35300.00160000054,0.040099999750964344
1766,35320.0,35320.00069999776,0.03980000474257395
1767,35340.0,35340.000600001076,0.039200000173877925
1768,35360.0,35360.0007999994,0.13670000043930486
1769,35380.0,35381.04690000182,0.052600000344682485
1770,35400.0,35400.01050000137,0.0337999954354018
1771,35420.0,35420.032200003334,0.08019999950192869
1772,35440.0,35440.08709999616,0.04100000660400838
1773,35460.0,35460.00079999794,0.03740000101970509
1774,35480.0,35480.000700001256,0.033299998904112726
1775,35500.0,35500.00120000186,0.05099999543745071
1776,35520.0,35520.00060000137,0.03489999653538689
1777,35540.0,35540.00069999893,0.0368999972124584
1778,35560.0,35560.000700003,0.04269999772077426
1779,35580.0,35580.00080000056,0.038300000596791506
1780,35600.0,35600.00089999812,0.04900000203633681
1781,35620.0,35620.000800001435,0.037699996028095484
1782,35640.0,35640.00079999823,0.040899998566601425
1783,35660.0,35660.00080000231,0.043199994252063334
1784,35680.0,35680.00079999911,0.04230000195093453
1785,35700.0,35700.0005000009,0.037099998735357076
1786,35720.0,35720.000499997695,0.03740000101970509
1787,35740.0,35740.00070000329,0.04039999475935474
1788,35760.0,35760.00080000085,0.03840000135824084
1789,35780.0,35780.00069999689,0.03890000516548753
1790,35800.0,35800.000800001726,0.03759999526664615
1791,35820.0,35820.000799998525,0.0394000016967766
1792,35840.0,35840.00070000184,0.036799996451009065
1793,35860.0,35860.00090000016,0.04159999662078917
1794,35880.0,35880.000799996196,0.0391000066883862
1795,35900.0,35900.00069999951,0.03879999712808058
1796,35920.0,35920.00079999707,0.039200000173877925
1797,35940.0,35940.001199996914,0.036600002204068005
1798,35960.0,35960.012199997436,0.040099999750964344
1799,35980.0,35981.0348999963,0.041600003896746784
1800,36000.0,36000.01550000161,0.038499994843732566
1801,36020.0,36020.000899996376,0.039000005926936865
1802,36040.0,36040.00079999969,0.03529999958118424
1803,36060.0,36060.00060000224,0.03730000025825575
1804,36080.0,36080.00059999904,0.03699999797390774
1805,36100.0,36100.0006999966,0.04199999966658652
1806,36120.0,36120.00059999991,0.035700002626981586
1807,36140.0,36140.00069999747,0.03980000474257395
1808,36160.0,36160.010200001125,0.04320000152802095
1809,36180.0,36180.000699998345,0.03970000398112461
1810,36200.0,36200.00070000242,0.045000000682193786
1811,36220.0,36220.00069999922,0.03909999941242859
1812,36240.0,36240.00060000253,0.03719999949680641
1813,36260.0,36260.00070000009,0.03819999983534217
1814,36280.0,36280.00089999841,0.03270000161137432
1815,36300.0,36300.000700000965,0.039699996705166996
1816,36320.0,36320.000799998525,0.039200000173877925
1817,36340.0,36340.00070000184,0.032699994335416704
1818,36360.0,36360.000699998636,0.038899997889529914
1819,36380.0,36380.00089999696,0.04090000584255904
1820,36400.0,36400.00069999951,0.03499999729683623
1821,36420.0,36420.00079999707,0.036299999919719994
1822,36440.0,36440.00059999962,0.03470000228844583
1823,36460.0,36460.00079999794,0.0394000016967766
1824,36480.0,36480.000700001256,0.036299999919719994
1825,36500.0,36500.00059999729,0.034500000765547156
1826,36520.0,36520.00080000289,0.04669999907491729
1827,36540.0,36540.00090000045,0.03550000110408291
1828,36560.0,36560.00099999801,0.0394000016967766
1829,36580.0,36580.00090000132,0.03869999636663124
1830,36600.0,36600.00060000311,0.03529999958118424
1831,36620.0,36620.00070000067,0.03640000068116933
1832,36640.0,36640.00069999747,0.031100003980100155
1833,36660.0,36660.000999996555,0.039500002458225936
1834,36680.0,36680.00089999987,0.03999999898951501
1835,36700.0,36700.00070000242,0.036299999919719994
1836,36720.0,36720.00079999998,0.040099999750964344
1837,36740.0,36740.00070000329,0.027399997634347528
1838,36760.0,36760.00080000085,0.03819999983534217
1839,36780.0,36780.00079999765,0.07870000263210386
1840,36800.0,36800.02160000004,0.03360000118846074
1841,36820.0,36820.000899999286,0.03879999712808058
1842,36840.0,36840.0008000026,0.0385999956051819
1843,36860.0,36860.0007999994,0.039699996705166996
1844,36880.0,36880.00060000195,0.03479999577393755
1845,36900.0,36900.00069999951,0.03670000296551734
1846,36920.0,36920.00060000282,0.0402999939979054
1847,36940.0,36940.00059999962,0.03989999822806567
1848,36960.0,36960.00069999718,0.0411000000895001
1849,36980.0,36980.00080000202,0.03550000110408291
1850,37000.0,37000.01640000119,0.04069999704370275
1851,37020.0,37020.000899996376,0.038700003642588854
1852,37040.0,37040.000599998166,0.030700000934302807
1853,37060.0,37060.00079999649,0.03680000372696668
1854,37080.0,37080.00059999904,0.03760000254260376
1855,37100.0,37100.00520000176,0.04099999932805076
1856,37120.0,37120.000800001435,0.04329999501351267
1857,37140.0,37140.00059999671,0.03790000482695177
1858,37160.0,37160.00070000155,0.0411000000895001
1859,37180.0,37180.06559999776,0.044699998397845775
1860,37200.0,37200.030300002254,0.0427999984822236
1861,37220.0,37220.00069999922,0.04430000262800604
1862,37240.0,37240.00079999678,0.04060000355821103
1863,37260.0,37260.000900001614,0.040899998566601425
1864,37280.0,37280.00069999689,0.03970000398112461
1865,37300.0,37300.00950000249,0.03999999898951501
1866,37320.0,37320.000799998525,0.0411000000895001
1867,37340.0,37340.00070000184,0.04320000152802095
1868,37360.0,37360.00090000016,0.043000000005122274
1869,37380.0,37380.00070000271,0.03989999822806567
1870,37400.0,37400.00080000027,0.03670000296551734
1871,37420.0,37420.00069999631,0.04180000541964546
1872,37440.0,37440.00070000038,0.03869999636663124
1873,37460.0,37460.00069999718,0.041600003896746784
1874,37480.0,37480.000600000494,0.03979999746661633
1875,37500.0,37500.000699998054,0.03860000288113952
1876,37520.0,37520.00070000213,0.03930000093532726
1877,37540.0,37540.00079999969,0.04050000279676169
1878,37560.0,37560.00099999801,0.04050000279676169
1879,37580.0,37580.00059999904,0.03860000288113952
1880,37600.0,37600.0006999966,0.03680000372696668
1881,37620.0,37620.000800001435,0.03669999568955973
1882,37640.0,37640.00069999747,0.03529999958118424
1883,37660.0,37660.00080000231,0.03499999729683623
1884,37680.0,37680.000599997584,0.034000004234258085
1885,37700.0,37700.00070000242,0.035599994589574635
1886,37720.0,37720.00069999922,0.03609999839682132
1887,37740.0,37740.004999999655,0.03699999797390774
1888,37760.0,37760.00070000009,0.035400000342633575
1889,37780.0,37780.00069999689,0.03380000271135941
1890,37800.0,37800.000800001726,0.035899996873922646
1891,37820.0,37820.000799998525,0.031600000511389226
1892,37840.0,37840.0008000026,0.03429999924264848
1893,37860.0,37860.0007999994,0.029499999072868377
1894,37880.0,37880.00060000195,0.03079999441979453
1895,37900.0,37900.00080000027,0.03360000118846074
1896,37920.0,37920.00060000282,0.028099995688535273
1897,37940.0,37940.00059999962,0.035099998058285564
1898,37960.0,37960.00069999718,0.036600002204068005
1899,37980.0,37980.00080000202,0.032500000088475645
1900,38000.0,38000.00690000161,0.03840000135824084
1901,38020.0,38020.00070000213,0.03749999450519681
1902,38040.0,38040.00079999969,0.03619999915827066
1903,38060.0,38060.00079999649,0.03640000068116933
1904,38080.0,38080.00090000132,0.03759999526664615
1905,38100.0,38100.00079999736,0.03970000398112461
1906,38120.0,38120.000800001435,0.043799998820759356
1907,38140.0,38140.000899998995,0.04930000432068482
1908,38160.0,38160.00080000231,0.04289999924367294
1909,38180.0,38180.000699998345,0.036900004488416016
1910,38200.0,38200.00080000318,0.03839999408228323
1911,38220.0,38220.00069999922,0.0411000000895001
1912,38240.0,38240.00070000329,0.03909999941242859
1913,38260.0,38260.011999998824,0.03930000093532726
1914,38280.0,38280.00079999765,0.036900004488416016
1915,38300.0,38300.00509999809,0.03899999865097925
1916,38320.0,38320.01619999937,0.047599998652003706
1917,38340.0,38340.000999996846,0.04430000262800604
1918,38360.0,38360.00110000168,0.043499996536411345
1919,38380.0,38380.00070000271,0.04329999501351267
1920,38400.0,38400.001100002555,0.048099995183292776
1921,38420.0,38420.001099999354,0.06209999992279336
1922,38440.0,38440.00109999615,0.055900003644637764
1923,38460.0,38460.040999998455,0.05510000482900068
1924,38480.0,38480.000999996264,0.0619000056758523
1925,38500.0,38500.00100000034,0.05239999882178381
1926,38520.0,38520.001600001706,0.060699996538460255
1927,38540.0,38540.001200002735,0.07939999341033399
1928,38560.0,38560.00170000334,0.06979999307077378
1929,38580.0,38580.00200000242,0.07349999941652641
1930,38600.0,38600.001599996176,0.07970000297063962
1931,38620.0,38620.0009000022,0.05509999755304307
1932,38640.0,38640.000899998995,0.0453000029665418
1933,38660.0,38660.00090000307,0.04879999323748052
1934,38680.0,38680.00100000063,0.04769999941345304
1935,38700.0,38700.0326999987,0.052100003813393414
1936,38720.0,38720.001100002264,0.04719999560620636
1937,38740.0,38740.00410000008,0.047100002120714635
1938,38760.0,38760.001299997384,0.049500005843583494
1939,38780.0,38780.00079999765,0.046600005589425564
1940,38800.0,38800.000800001726,0.04549999721348286
1941,38820.0,38820.00149999658,0.04960000660503283
1942,38840.0,38840.0008000026,0.03869999636663124
1943,38860.0,38860.00100000092,0.04819999594474211
1944,38880.0,38880.00089999696,0.054100004490464926
1945,38900.0,38900.00080000027,0.045599997974932194
1946,38920.0,38920.00099999859,0.04959999932907522
1947,38940.0,38940.000800001144,0.04239999543642625
1948,38960.0,38960.00079999794,0.048800000513438135
1949,38980.0,38980.00090000278,0.046799999836366624
1950,39000.0,39000.000799998816,0.04900000203633681
1951,39020.0,39020.00099999714,0.045900000259280205
1952,39040.0,39040.00100000121,0.0486999997519888
1953,39060.0,39060.00079999649,0.0486999997519888
1954,39080.0,39080.001000002085,0.07029999687802047
1955,39100.0,39100.00130000117,0.06079999729990959
1956,39120.0,39120.001199997205,0.04940000508213416
1957,39140.0,39140.00079999823,0.04730000364361331
1958,39160.0,39160.00119999808,0.05660000169882551
1959,39180.0,39180.001300002914,0.05679999594576657
1960,39200.0,39200.00109999819,0.05450000026030466
1961,39220.0,39220.00129999651,0.05140000575920567
1962,39240.0,39240.00079999678,0.038700003642588854
1963,39260.0,39260.00110000314,0.05149999924469739
1964,39280.0,39280.00089999841,0.054299998737405986
1965,39300.0,39300.000700000965,0.08119999984046444
1966,39320.0,39320.00400000106,0.048000001697801054
1967,39340.0,39340.000999996846,0.047900000936351717
1968,39360.0,39360.00100000092,0.04739999712910503
1969,39380.0,39380.00099999772,0.04579999949783087
1970,39400.0,39400.037799998245,0.06550000398419797
1971,39420.0,39420.001099999354,0.06179999763844535
1972,39440.0,39440.00950000191,0.04959999932907522
1973,39460.0,39460.71690000099,0.049299997044727206
1974,39480.0,39480.000999996264,0.045400003727991134
1975,39500.0,39500.00239999645,0.049100002797786146
1976,39520.0,39520.105700001295,0.04569999873638153
1977,39540.0,39540.00180000003,0.06579999899258837
1978,39560.0,39560.14270000014,0.13559999933931977
1979,39580.0,39580.8967999983,0.04939999780617654
1980,39600.0,39600.13249999611,0.0718000010238029
1981,39620.0,39620.24989999918,0.05690000398317352
1982,39640.0,39640.10949999647,0.057600002037361264
1983,39660.0,39660.38660000049,0.059600002714432776
1984,39680.0,39680.00970000139,0.05450000026030466
1985,39700.0,39700.00119999895,0.057199998991563916
1986,39720.0,39720.00139999727,0.040099999750964344
1987,39740.0,39740.00109999906,0.05889999738428742
1988,39760.0,39760.00070000009,0.04079999780515209
1989,39780.0,39780.00069999689,0.04020000051241368
1990,39800.0,39800.000700000965,0.039699996705166996
1991,39820.0,39820.000899999286,0.03970000398112461
1992,39840.0,39840.00070000184,0.038499994843732566
1993,39860.0,39860.0007999994,0.04060000355821103
1994,39880.0,39880.00050000119,0.0351999988197349
1995,39900.0,39900.00069999951,0.03789999755099416
1996,39920.0,39920.00079999707,0.03700000524986535
1997,39940.0,39940.00070000038,0.030999995942693204
1998,39960.0,39960.00079999794,0.03460000152699649
1999,39980.0,39980.000700001256,0.032999996619764715
2000,40000.0,40000.000699998054,0.03339999966556206
2001,40020.0,40020.00080000289,0.035599994589574635
2002,40040.0,40040.00079999969,0.04169999738223851
2003,40060.0,40060.00089999725,0.039000005926936865
2004,40080.0,40080.00080000056,0.033899996196851134
2005,40100.0,40100.00089999812,0.03840000135824084
2006,40120.0,40120.00100000296,0.040099999750964344
2007,40140.0,40140.0169999979,0.042100000428035855
2008,40160.0,40160.00090000307,0.04209999315207824
2009,40180.0,40180.00190000021,0.040400002035312355
2010,40200.0,40200.00070000242,0.04219999391352758
2011,40220.0,40220.00059999846,0.03980000474257395
2012,40240.0,40240.00070000329,0.04099999932805076
2013,40260.0,40260.00080000085,0.04079999780515209
2014,40280.0,40280.000999999174,0.04199999966658652
2015,40300.0,40300.00090000249,0.05329999839887023
2016,40320.0,40320.00069999776,0.03730000025825575
2017,40340.0,40340.00090000336,0.04069999704370275
2018,40360.0,40360.116600000765,0.044399996113497764
2019,40380.0,40380.00070000271,0.035400000342633575
2020,40400.0,40400.00909999799,0.04579999949783087
2021,40420.0,40420.00060000282,0.03659999492811039
2022,40440.0,40440.00070000038,0.03819999983534217
2023,40460.0,40460.000899998704,0.034500000765547156
2024,40480.0,40480.000700001256,0.03489999653538689
2025,40500.0,40500.000799998816,0.03740000101970509
2026,40520.0,40520.00080000289,0.0354999938281253
2027,40540.0,40540.00079999969,0.038899997889529914
2028,40560.0,40560.006499996234,0.04760000592796132
2029,40580.0,40580.00090000132,0.036799996451009065
2030,40600.0,40600.0006999966,0.046200002543628216
2031,40620.0,40620.000800001435,0.043799998820759356
2032,40640.0,40640.00079999823,0.0408000050811097
2033,40660.0,40660.04509999766,0.04020000051241368
2034,40680.0,40680.000699998345,0.03670000296551734
2035,40700.0,40700.00070000242,0.03699999797390774
2036,40720.0,40720.00079999998,0.03579999611247331
2037,40740.0,40740.00089999754,0.03819999983534217
2038,40760.0,40760.000900001614,0.04239999543642625
2039,40780.0,40780.00089999841,0.038899997889529914
2040,40800.0,40800.000800001726,0.038499994843732566
2041,40820.0,40820.000799998525,0.036600002204068005
2042,40840.0,40840.0008000026,0.03199999628122896
2043,40860.0,40860.0007999994,0.04069999704370275
2044,40880.0,40880.00060000195,0.03479999577393755
2045,40900.0,40900.00080000027,0.037699996028095484
2046,40920.0,40920.00089999783,0.040700004319660366
2047,40940.0,40940.00380000216,0.05749999399995431
2048,40960.0,40960.000899998704,0.04130000161239877
2049,40980.0,40980.00090000278,0.039399994420818985
2050,41000.0,41000.00059999729,0.07130000449251384
2051,41020.0,41020.000899996376,0.041900006181094795
2052,41040.0,41040.00110000197,0.04099999932805076
2053,41060.0,41060.95579999965,0.04189999890513718
2054,41080.0,41081.6158000016,0.039699996705166996
2055,41100.0,41100.015600000916,0.04649999755201861
2056,41120.0,41120.00109999644,0.04470000567380339
2057,41140.0,41140.000899998995,0.053499999921768904
2058,41160.0,41160.00070000155,0.039200000173877925
2059,41180.0,41180.001300002914,0.05529999907594174
2060,41200.0,41200.00080000318,0.039399994420818985
2061,41220.0,41220.00069999922,0.03809999907389283
2062,41240.0,41240.00079999678,0.036600002204068005
2063,41260.0,41260.00070000009,0.040099999750964344
2064,41280.0,41280.000999999174,0.03979999746661633
2065,41300.0,41300.000800001726,0.03979999746661633
2066,41320.0,41320.00069999776,0.042100000428035855
2067,41340.0,41340.0008000026,0.044699998397845775
2068,41360.0,41360.0007999994,0.03879999712808058
2069,41380.0,41380.000799996196,0.051500006520655006
2070,41400.0,41400.02390000154,0.04189999890513718
2071,41420.0,41420.00060000282,0.03289999585831538
2072,41440.0,41440.00070000038,0.03989999822806567
2073,41460.0,41460.015899996506,0.05220000457484275
2074,41480.0,41480.00080000202,0.03839999408228323
2075,41500.0,41500.00310000178,0.03930000093532726
2076,41520.0,41520.00070000213,0.03999999898951501
2077,41540.0,41540.00989999622,0.04960000660503283
2078,41560.0,41560.00089999725,0.04099999932805076
2079,41580.0,41580.00080000056,0.03809999907389283
2080,41600.0,41600.02050000185,0.045900000259280205
2081,41620.0,41620.2925999969,0.042400002712383866
2082,41640.0,41640.00079999823,0.039200000173877925
2083,41660.0,41660.00090000307,0.03959999594371766
2084,41680.0,41680.000699998345,0.03550000110408291
2085,41700.0,41700.00099999743,0.03909999941242859
2086,41720.0,41720.00079999998,0.0368999972124584
2087,41740.0,41740.00079999678,0.036100005672778934
2088,41760.0,41760.009400000854,0.04749999789055437
2089,41780.0,41780.00089999841,0.0377000033040531
2090,41800.0,41800.000700000965,0.03850000211969018
2091,41820.0,41820.000799998525,0.03960000321967527
2092,41840.0,41840.00070000184,0.038899997889529914
2093,41860.0,41860.00090000016,0.04340000305091962
2094,41880.0,41880.000799996196,0.036299999919719994
2095,41900.0,41900.03599999909,0.06120000034570694
2096,41920.0,41920.00079999707,0.039000005926936865
2097,41940.0,41940.049899996666,0.034500000765547156
2098,41960.0,41960.000899998704,0.032199997804127634
2099,41980.0,41980.000700001256,0.03569999535102397
2100,42000.0,42000.01709999924,0.0394000016967766
2101,42020.0,42020.00060000137,0.03399999695830047
2102,42040.0,42040.00069999893,0.03850000211969018
2103,42060.0,42060.00150000182,0.06800000119255856
2104,42080.0,42080.001399997855,0.06760000542271882
2105,42100.0,42100.00199999922,0.08240000170189887
2106,42120.0,42120.00249999983,0.0788000033935532
2107,42140.0,42140.01239999925,0.06779999966965988
2108,42160.0,42160.00189999613,0.09390000195708126
2109,42180.0,42180.0013999964,0.08040000102482736
2110,42200.0,42200.025600002846,0.09089999366551638
2111,42220.0,42220.001100002264,0.053699994168709964
2112,42240.0,42240.00089999754,0.04579999949783087
2113,42260.0,42260.00110000314,0.04539999645203352
2114,42280.0,42280.00089999841,0.04220000118948519
2115,42300.0,42300.05479999818,0.057900004321709275
2116,42320.0,42320.000599997,0.03429999924264848
2117,42340.0,42340.00070000184,0.035400000342633575
2118,42360.0,42360.000699998636,0.04189999890513718
2119,42380.0,42380.00109999848,0.047400004405062646
2120,42400.0,42400.001100002555,0.04479999915929511
2121,42420.0,42420.00079999707,0.04020000051241368
2122,42440.0,42440.00070000038,0.03429999924264848
2123,42460.0,42460.00059999642,0.035400000342633575
2124,42480.0,42480.000600000494,0.03730000025825575
2125,42500.0,42500.000699998054,0.04289999924367294
2126,42520.0,42520.00099999714,0.04730000364361331
2127,42540.0,42540.00079999969,0.04130000161239877
2128,42560.0,42560.00109999877,0.047400004405062646
2129,42580.0,42580.001000002085,0.049700000090524554
2130,42600.0,42600.014399999054,0.047100002120714635
2131,42620.0,42620.0009000022,0.04049999552080408
2132,42640.0,42640.00059999671,0.03510000533424318
2133,42660.0,42660.01159999723,0.039500002458225936
2134,42680.0,42680.000599997584,0.04060000355821103
2135,42700.0,42700.00080000318,0.04329999501351267
2136,42720.0,42720.00069999922,0.035400000342633575
2137,42740.0,42740.00070000329,0.040899998566601425
2138,42760.0,42760.00070000009,0.04169999738223851
2139,42780.0,42780.00059999613,0.03440000000409782
2140,42800.0,42800.002299998596,0.040700004319660366
2141,42820.0,42820.000799998525,0.040099999750964344
2142,42840.0,42840.000600001076,0.035899996873922646
2143,42860.0,42860.00100000092,0.04459999763639644
2144,42880.0,42880.000799996196,0.03460000152699649
2145,42900.0,42900.001100002555,0.03899999865097925
2146,42920.0,42920.00069999631,0.03620000643422827
2147,42940.0,42940.000800001144,0.03309999738121405
2148,42960.0,42960.00079999794,0.03480000304989517
2149,42980.0,42980.000999996264,0.04350000381236896
2150,43000.0,43000.000799998816,0.036299999919719994
2151,43020.0,43020.00060000137,0.03360000118846074
2152,43040.0,43040.00069999893,0.04350000381236896
2153,43060.0,43060.00089999725,0.0425000034738332
2154,43080.0,43080.00080000056,0.03899999865097925
2155,43100.0,43100.003799998376,0.04410000110510737
2156,43120.0,43120.013100000506,0.05280000186758116
2157,43140.0,43140.000899998995,0.04269999772077426
2158,43160.0,43160.00080000231,0.03869999636663124
2159,43180.0,43180.00089999987,0.03760000254260376
2160,43200.0,43200.00089999667,0.041900006181094795
2161,43220.0,43220.00090000074,0.04159999662078917
2162,43240.0,43241.660100000445,0.04739999712910503
2163,43260.0,43260.054300000775,0.037500001781154424
2164,43280.0,43280.0012000007,0.04900000203633681
2165,43300.0,43300.020000002405,0.04599999374477193
2166,43320.0,43320.00110000081,0.04610000178217888
2167,43340.0,43340.0008000026,0.04039999475935474
2168,43360.0,43360.000699998636,0.04170000465819612
2169,43380.0,43380.00099999772,0.043600004573818296
2170,43400.0,43400.00080000027,0.0427999984822236
2171,43420.0,43420.00069999631,0.04100000660400838
2172,43440.0,43440.000900001905,0.041200000850949436
2173,43460.0,43460.000899998704,0.04459999763639644
2174,43480.0,43480.000600000494,0.042599996959324926
2175,43500.0,43500.016799996956,0.043600004573818296
2176,43520.0,43520.00080000289,0.041799998143687844
2177,43540.0,43540.00079999969,0.038899997889529914
2178,43560.0,43560.00079999649,0.04140000237384811
2179,43580.0,43580.00090000132,0.035899996873922646
2180,43600.0,43600.00060000311,0.03989999822806567
2181,43620.0,43620.0009000022,0.04099999932805076
2182,43640.0,43640.00069999747,0.03719999949680641
2183,43660.0,43660.00090000307,0.03789999755099416
2184,43680.0,43680.00089999987,0.037999998312443495
2185,43700.0,43700.02150000073,0.04230000195093453
2186,43720.0,43720.00079999998,0.03899999865097925
2187,43740.0,43740.03210000228,0.04149999585933983
2188,43760.0,43760.00070000009,0.04489999992074445
2189,43780.0,43780.00150000298,0.06029999349266291
2190,43800.0,43800.001099996734,0.040400002035312355
2191,43820.0,43820.00069999776,0.03890000516548753
2192,43840.0,43840.00090000336,0.04339999577496201
2193,43860.0,43860.0007999994,0.038700003642588854
2194,43880.0,43880.00060000195,0.03869999636663124
2195,43900.0,43900.03920000163,0.04220000118948519
2196,43920.0,43920.00079999707,0.03670000296551734
2197,43940.0,43940.000800001144,0.03619999915827066
2198,43960.0,43960.00059999642,0.03840000135824084
2199,43980.0,43980.000700001256,0.04310000076657161
2200,44000.0,44000.000699998054,0.03970000398112461
2201,44020.0,44020.00080000289,0.04159999662078917
2202,44040.0,44040.000599998166,0.03699999797390774
2203,44060.0,44060.00079999649,0.039900005504023284
2204,44080.0,44080.0006999998,0.037099998735357076
2205,44100.0,44100.00679999939,0.04579999949783087
2206,44120.0,44120.05230000068,0.035099998058285564
2207,44140.0,44140.0014000028,0.042299994674976915
2208,44160.0,44160.00080000231,0.03599999763537198
2209,44180.0,44180.00079999911,0.035700002626981586
2210,44200.0,44200.04959999642,0.03970000398112461
2211,44220.0,44220.00069999922,0.03960000321967527
2212,44240.0,44240.00089999754,0.04140000237384811
2213,44260.0,44260.001000002376,0.04189999890513718
2214,44280.0,44280.00059999613,0.035200006095692515
2215,44300.0,44300.07299999852,0.05110000347485766
2216,44320.0,44320.000599997,0.035200006095692515
2217,44340.0,44340.000600001076,0.030399998649954796
2218,44360.0,44360.0007999994,0.03930000093532726
2219,44380.0,44380.000799996196,0.036600002204068005
2220,44400.0,44400.00069999951,0.03619999915827066
2221,44420.0,44420.00060000282,0.03499999729683623
2222,44440.0,44440.00059999962,0.03789999755099416
2223,44460.0,44460.00059999642,0.03819999983534217
2224,44480.0,44480.00119999779,0.06560000474564731
2225,44500.0,44500.00059999729,0.02970000059576705
2226,44520.0,44520.00060000137,0.02729999687289819
2227,44540.0,44540.00110000197,0.035400000342633575
2228,44560.0,44560.00079999649,0.037500001781154424
2229,44580.0,44580.0006999998,0.03239999932702631
2230,44600.0,44600.00060000311,0.03739999374374747
2231,44620.0,44620.00059999991,0.036299999919719994
2232,44640.0,44640.00069999747,0.0360000049113296
2233,44660.0,44660.000999996555,0.03850000211969018
2234,44680.0,44680.00089999987,0.04159999662078917
2235,44700.0,44700.00530000107,0.040899998566601425
2236,44720.0,44720.00069999922,0.038700003642588854
2237,44740.0,44740.00079999678,0.03760000254260376
2238,44760.0,44760.00070000009,0.0368999972124584
2239,44780.0,44780.00079999765,0.039200000173877925
2240,44800.0,44800.000700000965,0.03979999746661633
2241,44820.0,44820.02829999692,0.04579999949783087
2242,44840.0,44840.00070000184,0.03949999518226832
2243,44860.0,44860.000699998636,0.03580000338843092
2244,44880.0,44880.00060000195,0.038300000596791506
2245,44900.0,44900.01979999943,0.04130000161239877
2246,44920.0,44920.00069999631,0.03880000440403819
2247,44940.0,44940.00070000038,0.03619999915827066
2248,44960.0,44960.01080000133,0.03989999822806567
2249,44980.0,44980.000600000494,0.037099998735357076
2250,45000.0,45000.000799998816,0.03590000414988026
2251,45020.0,45020.00080000289,0.03449999348958954
2252,45040.0,45040.00069999893,0.031600000511389226
2253,45060.0,45060.000700003,0.03189999551977962
2254,45080.0,45080.00080000056,0.03470000228844583
2255,45100.0,45100.00089999812,0.03609999839682132
2256,45120.0,45120.00070000067,0.03560000186553225
2257,45140.0,45140.00059999671,0.03909999941242859
2258,45160.0,45160.000999996555,0.036299999919719994
2259,45180.0,45180.00079999911,0.03760000254260376
2260,45200.0,45200.001799996244,0.04050000279676169
2261,45220.0,45220.00079999998,0.032800002372823656
2262,45240.0,45240.00070000329,0.03719999949680641
2263,45260.0,45260.00059999933,0.04389999958220869
2264,45280.0,45280.001099999936,0.04479999915929511
2265,45300.0,45300.000800001726,0.03640000068116933
2266,45320.0,45320.00069999776,0.03819999983534217
2267,45340.0,45340.00070000184,0.03339999966556206
2268,45360.0,45360.000599997875,0.03680000372696668
2269,45380.0,45380.00070000271,0.038300000596791506
2270,45400.0,45400.00069999951,0.03860000288113952
2271,45420.0,45420.00060000282,0.0335000004270114
2272,45440.0,45440.00059999962,0.034199998481199145
2273,45460.0,45460.00069999718,0.03650000144261867
2274,45480.0,45480.00080000202,0.03949999518226832
2275,45500.0,45500.000699998054,0.03930000093532726
2276,45520.0,45520.00070000213,0.03609999839682132
2277,45540.0,45540.000599998166,0.03740000101970509
2278,45560.0,45560.00079999649,0.03760000254260376
2279,45580.0,45580.001000002085,0.04020000051241368
2280,45600.0,45600.00420000142,0.04239999543642625
2281,45620.0,45620.00850000186,0.041399995097890496
2282,45640.0,45640.000899998995,0.03979999746661633
2283,45660.0,45660.000600000785,0.040099999750964344
2284,45680.0,45680.00079999911,0.03560000186553225
2285,45700.0,45700.010000000475,0.040400002035312355
2286,45720.0,45720.00069999922,0.04640000406652689
2287,45740.0,45740.00060000253,0.03989999822806567
2288,45760.0,45760.00070000009,0.04020000051241368
2289,45780.0,45780.00059999613,0.03560000186553225
2290,45800.0,45800.01249999623,0.04230000195093453
2291,45820.0,45820.000599997,0.03719999949680641
2292,45840.0,45840.0008000026,0.03959999594371766
2293,45860.0,45860.00090000016,0.0394000016967766
2294,45880.0,45880.0013,0.0686999992467463
2295,45900.0,45900.04310000222,0.04310000076657161
2296,45920.0,45920.00069999631,0.039900005504023284
2297,45940.0,45940.00049999886,0.03590000414988026
2298,45960.0,45960.00069999718,0.0408000050811097
2299,45980.0,45980.000700001256,0.036299999919719994
2300,46000.0,46000.00089999958,0.03760000254260376
2301,46020.0,46020.00060000137,0.03730000025825575
2302,46040.0,46040.00090000045,0.03719999949680641
2303,46060.0,46060.000700003,0.03529999958118424
2304,46080.0,46080.00080000056,0.035400000342633575
2305,46100.0,46100.02789999999,0.03840000135824084
2306,46120.0,46120.000800001435,0.04269999772077426
2307,46140.0,46140.00069999747,0.03890000516548753
2308,46160.0,46160.00070000155,0.03930000093532726
2309,46180.0,46180.00079999911,0.03879999712808058
2310,46200.0,46200.00080000318,0.04099999932805076
2311,46220.0,46220.00059999846,0.03999999898951501
2312,46240.0,46240.00070000329,0.03949999518226832
2313,46260.0,46260.00070000009,0.040099999750964344
2314,46280.0,46280.00059999613,0.0391000066883862
2315,46300.0,46300.015200002235,0.04039999475935474
2316,46320.0,46320.000899999286,0.040899998566601425
2317,46340.0,46340.03010000015,0.06420000136131421
2318,46360.0,46360.00090000016,0.04359999729786068
2319,46380.0,46380.00060000195,0.036799996451009065
2320,46400.0,46400.00059999875,0.03960000321967527
2321,46420.0,46420.00060000282,0.03609999839682132
2322,46440.0,46440.00059999962,0.036600002204068005
2323,46460.0,46460.000899998704,0.036900004488416016
2324,46480.0,46480.00080000202,0.03749999450519681
2325,46500.0,46500.00089999958,0.032800002372823656
2326,46520.0,46520.00060000137,0.032199997804127634
2327,46540.0,46540.00069999893,0.03970000398112461
2328,46560.0,46560.000700003,0.040099999750964344
2329,46580.0,46580.0006999998,0.03580000338843092
2330,46600.0,46600.03719999804,0.0394000016967766
2331,46620.0,46620.00070000067,0.0368999972124584
2332,46640.0,46640.00099999976,0.03719999949680641
2333,46660.0,46660.000999996555,0.04060000355821103
2334,46680.0,46680.000699998345,0.03619999915827066
2335,46700.0,46700.01120000234,0.03989999822806567
2336,46720.0,46720.00069999922,0.035700002626981586
2337,46740.0,46740.00079999678,0.0360000049113296
2338,46760.0,46760.00070000009,0.03979999746661633
2339,46780.0,46780.00059999613,0.03480000304989517
2340,46800.0,46800.000800001726,0.03719999949680641
2341,46820.0,46820.000899999286,0.04030000127386302
2342,46840.0,46840.00070000184,0.03719999949680641
2343,46860.0,46860.00100000092,0.030399998649954796
2344,46880.0,46880.00060000195,0.03239999932702631
2345,46900.0,46900.00080000027,0.031600000511389226
2346,46920.0,46920.02869999851,0.039200000173877925
2347,46940.0,46940.00070000038,0.037500001781154424
2348,46960.0,46960.000999999465,0.037999998312443495
2349,46980.0,46980.000700001256,0.03599999763537198
2350,47000.0,47000.01170000178,0.03999999898951501
2351,47020.0,47020.00080000289,0.036299999919719994
2352,47040.0,47040.00069999893,0.03989999822806567
2353,47060.0,47060.000700003,0.04099999932805076
2354,47080.0,47080.00059999904,0.038899997889529914
2355,47100.0,47100.0006999966,0.039200000173877925
2356,47120.0,47120.00100000296,0.03999999898951501
2357,47140.0,47140.00069999747,0.03909999941242859
2358,47160.0,47160.00080000231,0.03819999983534217
2359,47180.0,47180.001699998684,0.06070000381441787
2360,47200.0,47200.00080000318,0.03879999712808058
2361,47220.0,47220.00079999998,0.035700002626981586
2362,47240.0,47240.00050000177,0.03650000144261867
2363,47260.0,47260.0259000028,0.043799998820759356
2364,47280.0,47280.00069999689,0.03790000482695177
2365,47300.0,47300.000800001726,0.040099999750964344
2366,47320.0,47320.00069999776,0.0427999984822236
2367,47340.0,47340.00070000184,0.03869999636663124
2368,47360.0,47360.00139999669,0.05020000389777124
2369,47380.0,47380.00599999941,0.04839999746764079
2370,47400.0,47400.00069999951,0.04400000034365803
2371,47420.0,47420.00089999783,0.036600002204068005
2372,47440.0,47440.000800001144,0.039200000173877925
2373,47460.0,47460.01629999955,0.05650000093737617
2374,47480.0,47480.000600000494,0.04099999932805076
2375,47500.0,47500.00049999653,0.03850000211969018
2376,47520.0,47520.00060000137,0.03719999949680641
2377,47540.0,47540.00090000045,0.03959999594371766
2378,47560.0,47560.00089999725,0.04090000584255904
2379,47580.0,47580.00080000056,0.04159999662078917
2380,47600.0,47600.049300002865,0.043499996536411345
2381,47620.0,47620.00070000067,0.038300000596791506
2382,47640.0,47640.00159999705,0.03909999941242859
2383,47660.0,47660.00119999808,0.0453000029665418
2384,47680.0,47680.00100000063,0.04649999755201861
2385,47700.0,47700.00089999667,0.04510000144364312
2386,47720.0,47720.001200003026,0.046899993321858346
2387,47740.0,47740.00089999754,0.04560000525088981
2388,47760.0,47760.00110000314,0.04799999442184344
2389,47780.0,47780.0012000007,0.046200002543628216
2390,47800.0,47800.000700000965,0.04610000178217888
2391,47820.0,47820.00100000005,0.050199996621813625
2392,47840.0,47840.00090000336,0.046399996790569276
2393,47860.0,47860.00090000016,0.044200001866556704
2394,47880.0,47880.00109999848,0.04400000034365803
2395,47900.0,47900.00090000103,0.040899998566601425
2396,47920.0,47920.00089999783,0.04289999924367294
2397,47940.0,47940.000800001144,0.046799999836366624
2398,47960.0,47960.000999999465,0.04050000279676169
2399,47980.0,47980.000600000494,0.042100000428035855
2400,48000.0,48000.00100000034,0.04549999721348286
2401,48020.0,48020.000899996376,0.04290000651963055
2402,48040.0,48040.006499999436,0.04410000110510737
2403,48060.0,48060.00079999649,0.04050000279676169
2404,48080.0,48080.00090000132,0.04169999738223851
2405,48100.0,48100.0006999966,0.039200000173877925
2406,48120.0,48120.000800001435,0.03999999898951501
2407,48140.0,48140.000899998995,0.0470000013592653
2408,48160.0,48160.00080000231,0.03779999678954482
2409,48180.0,48180.000699998345,0.03500000457279384
2410,48200.0,48200.00070000242,0.04549999721348286
2411,48220.0,48220.00090000074,0.044200001866556704
2412,48240.0,48240.0009999983,0.04270000499673188
2413,48260.0,48260.000900001614,0.0470000013592653
2414,48280.0,48280.000999999174,0.04510000144364312
2415,48300.0,48300.02840000088,0.046399996790569276
2416,48320.0,48320.00100000005,0.04690000059781596
2417,48340.0,48340.00119999837,0.043000000005122274
2418,48360.0,48360.00120000244,0.05360000068321824
2419,48380.0,48380.00099999772,0.05059999966761097
2420,48400.0,48400.001100002555,0.05699999746866524
2421,48420.0,48420.00130000088,0.05959999543847516
2422,48440.0,48440.001299997675,0.060500002291519195
2423,48460.0,48460.00150000327,0.057999997807201
2424,48480.0,48480.00090000278,0.0444999968749471
2425,48500.0,48500.0011000011,0.04579999949783087
2426,48520.0,48520.0010999979,0.044699998397845775
2427,48540.0,48540.00110000197,0.04579999949783087
2428,48560.0,48560.00109999877,0.06209999992279336
2429,48580.0,48580.00090000132,0.056400000175926834
2430,48600.0,48600.00890000083,0.05099999543745071
2431,48620.0,48620.00100000296,0.04479999915929511
2432,48640.0,48640.000899998995,0.046799999836366624
2433,48660.0,48660.00119999808,0.043300002289470285
2434,48680.0,48680.00089999987,0.04630000330507755
2435,48700.0,48700.01139999658,0.04770000668941066
2436,48720.0,48720.001100002264,0.04799999442184344
2437,48740.0,48740.00070000329,0.0444999968749471
2438,48760.0,48760.00110000314,0.048099995183292776
2439,48780.0,48780.000999999174,0.04820000322069973
2440,48800.0,48800.02399999648,0.048300003982149065
2441,48820.0,48820.000799998525,0.04640000406652689
2442,48840.0,48840.00660000311,0.04269999772077426
2443,48860.0,48860.01569999644,0.05130000499775633
2444,48880.0,48880.000799996196,0.045000000682193786
2445,48900.0,48900.00120000332,0.047299996367655694
2446,48920.0,48920.00079999707,0.04510000144364312
2447,48940.0,48940.00100000267,0.04739999712910503
2448,48960.0,48960.000899998704,0.047100002120714635
2449,48980.0,48980.00090000278,0.045900000259280205
2450,49000.0,49000.003000001016,0.04529999569058418
2451,49020.0,49020.000899996376,0.046200002543628216
2452,49040.0,49040.00079999969,0.051399998483248055
2453,49060.0,49060.00119999953,0.04730000364361331
2454,49080.0,49080.00080000056,0.22619999799644575
2455,49100.0,49100.00679999939,0.04990000161342323
2456,49120.0,49120.0009000022,0.046099994506221265
2457,49140.0,49140.000899998995,0.04720000288216397
2458,49160.0,49160.000999996555,0.04990000161342323
2459,49180.0,49180.00089999987,0.04769999941345304
2460,49200.0,49200.00099999743,0.04850000550504774
2461,49220.0,49220.00090000074,0.04810000245925039
2462,49240.0,49240.0009999983,0.05490000330610201
2463,49260.0,49260.001000002376,0.05879999662283808
2464,49280.0,49280.00150000298,0.06269999721553177
2465,49300.0,49300.001900002826,0.08909999451134354
2466,49320.0,49320.00149999658,0.08100000559352338
2467,49340.0,49340.00119999837,0.06949999806238338
2468,49360.0,49360.00139999669,0.05110000347485766
2469,49380.0,49380.00109999848,0.05950000195298344
2470,49400.0,49400.00940000027,0.04629999602911994
2471,49420.0,49420.001099999354,0.04810000245925039
2472,49440.0,49440.000800001144,0.04949999856762588
2473,49460.0,49460.000899998704,0.041600003896746784
2474,49480.0,49480.00119999779,0.0577000027988106
2475,49500.0,49500.00089999958,0.05029999738326296
2476,49520.0,49520.00830000179,0.05419999797595665
2477,49540.0,49540.00100000121,0.06149999535409734
2478,49560.0,49560.00150000182,0.05999999848427251
2479,49580.0,49580.001399997855,0.07480000203941017
2480,49600.0,49600.037899996096,0.0754000066081062
2481,49620.0,49620.00180000177,0.07999999797903001
2482,49640.0,49640.00149999629,0.08400000660913065
2483,49660.0,49660.12449999835,0.07159999950090423
2484,49680.0,49680.000699998345,0.034900003811344504
2485,49700.0,49700.0079999998,0.04140000237384811
2486,49720.0,49720.01060000184,0.04569999873638153
2487,49740.0,49740.003899998555,0.048800000513438135
2488,49760.0,49760.00110000314,0.041799998143687844
2489,49780.0,49780.030399997486,0.03860000288113952
2490,49800.0,49800.00090000249,0.04039999475935474
2491,49820.0,49820.00069999776,0.03700000524986535
2492,49840.0,49840.0008000026,0.03619999915827066
2493,49860.0,49860.004399997706,0.04350000381236896
2494,49880.0,49880.00070000271,0.036799996451009065
2495,49900.0,49900.02359999926,0.04269999772077426
2496,49920.0,49920.00069999631,0.036299999919719994
2497,49940.0,49940.00070000038,0.03809999907389283
2498,49960.0,49960.00079999794,0.038700003642588854
2499,49980.0,49980.000600000494,0.03740000101970509
2500,50000.0,50000.000799998816,0.037500001781154424
2501,50020.0,50020.000899996376,0.038300000596791506
2502,50040.0,50040.00069999893,0.03840000135824084
2503,50060.0,50060.000700003,0.039699996705166996
2504,50080.0,50080.0006999998,0.036299999919719994
2505,50100.0,50100.00079999736,0.030800001695752144
2506,50120.0,50120.00070000067,0.03609999839682132
2507,50140.0,50140.00069999747,0.03440000000409782
2508,50160.0,50160.000500000024,0.032500000088475645
2509,50180.0,50180.00049999682,0.032500000088475645
2510,50200.0,50200.00060000166,0.034699995012488216
2511,50220.0,50220.00079999998,0.03860000288113952
2512,50240.0,50240.00070000329,0.03339999966556206
2513,50260.0,50260.00059999933,0.03650000144261867
2514,50280.0,50280.00069999689,0.033200005418621004
2515,50300.0,50300.00049999944,0.029599999834317714
2516,50320.0,50320.00069999776,0.032800002372823656
2517,50340.0,50340.00090000336,0.032699994335416704
2518,50360.0,50360.000699998636,0.031199997465591878
2519,50380.0,50380.00070000271,0.03619999915827066
2520,50400.0,50400.00069999951,0.03090000245720148
2521,50420.0,50420.00079999707,0.03310000465717167
2522,50440.0,50440.00059999962,0.03029999788850546
2523,50460.0,50460.00069999718,0.030499999411404133
2524,50480.0,50480.000700001256,0.03229999856557697
2525,50500.0,50500.03750000178,0.027900001441594213
2526,50520.0,50520.00070000213,0.03749999450519681
2527,50540.0,50540.000599998166,0.03740000101970509
2528,50560.0,50560.00089999725,0.03850000211969018
2529,50580.0,50580.00059999904,0.03850000211969018
2530,50600.0,50600.01270000066,0.047900000936351717
2531,50620.0,50620.00070000067,0.03809999907389283
2532,50640.0,50640.00069999747,0.8229000013670884
2533,50660.0,50660.03130000172,0.042599996959324926
2534,50680.0,50680.402400001185,0.040400002035312355
2535,50700.0,50700.00070000242,0.04479999915929511
2536,50720.0,50720.00069999922,0.03819999983534217
2537,50740.0,50740.00089999754,0.04180000541964546
2538,50760.0,50760.00070000009,0.04389999958220869
2539,50780.0,50780.00079999765,0.03800000558840111
2540,50800.0,50800.000700000965,0.04629999602911994
2541,50820.0,50820.000799998525,0.03319999814266339
2542,50840.0,50840.000500000315,0.0351999988197349
2543,50860.0,50860.00090000016,0.03860000288113952
2544,50880.0,50880.005599996366,0.05080000119050965
2545,50900.0,50900.00059999875,0.040899998566601425
2546,50920.0,50920.001099999354,0.05119999696034938
2547,50940.0,50940.00070000038,0.04369999805931002
2548,50960.0,50960.00059999642,0.03300000389572233
2549,50980.0,50980.000999996264,0.03670000296551734
2550,51000.0,51000.01540000085,0.03909999941242859
2551,51020.0,51020.01449999807,0.05280000186758116
2552,51040.0,51040.00069999893,0.03970000398112461
2553,51060.0,51060.000700003,0.03609999839682132
2554,51080.0,51080.00090000132,0.04230000195093453
2555,51100.0,51100.01680000278,0.043000000005122274
2556,51120.0,51120.000800001435,0.03989999822806567
2557,51140.0,51141.69879999827,0.045599997974932194
2558,51160.0,51160.00090000307,0.039200000173877925
2559,51180.0,51181.56699999963,0.046799999836366624
2560,51200.0,51200.051100000564,0.0385999956051819
2561,51220.0,51220.0010000015,0.042599996959324926
2562,51240.0,51240.002400001686,0.07750000077066943
2563,51260.0,51260.00070000009,0.03699999797390774
2564,51280.0,51280.00089999841,0.03860000288113952
2565,51300.0,51300.00199999631,0.07970000297063962
2566,51320.0,51320.000799998525,0.05270000110613182
2567,51340.0,51340.00070000184,0.038300000596791506
2568,51360.0,51360.0007999994,0.04130000161239877
2569,51380.0,51380.000799996196,0.03960000321967527
2570,51400.0,51400.00069999951,0.047599998652003706
2571,51420.0,51420.00089999783,0.04579999949783087
2572,51440.0,51440.000800001144,0.04020000051241368
2573,51460.0,51460.00110000023,0.04130000161239877
2574,51480.0,51480.000700001256,0.040099999750964344
2575,51500.0,51500.00569999975,0.03719999949680641
2576,51520.0,51520.00080000289,0.039399994420818985
2577,51540.0,51540.00079999969,0.040899998566601425
2578,51560.0,51560.00109999877,0.041600003896746784
2579,51580.0,51580.00080000056,0.04169999738223851
2580,51600.0,51600.00720000244,0.04239999543642625
2581,51620.0,51620.00059999991,0.03840000135824084
2582,51640.0,51640.00079999823,0.03899999865097925
2583,51660.0,51660.01900000265,0.04459999763639644
2584,51680.0,51680.02059999708,0.05610000516753644
2585,51700.0,51700.02430000022,0.04269999772077426
2586,51720.0,51720.00090000074,0.04199999966658652
2587,51740.0,51740.00060000253,0.03909999941242859
2588,51760.0,51760.00070000009,0.0444999968749471
2589,51780.0,51780.00059999613,0.03890000516548753
2590,51800.0,51800.000700000965,0.03930000093532726
2591,51820.0,51820.00069999776,0.03970000398112461
2592,51840.0,51840.00070000184,0.03609999839682132
2593,51860.0,51860.000699998636,0.04170000465819612
2594,51880.0,51880.00070000271,0.0411000000895001
2595,51900.0,51900.02999999706,0.04140000237384811
2596,51920.0,51920.00099999859,0.04050000279676169
2597,51940.0,51940.000900001905,0.03789999755099416
2598,51960.0,51960.000899998704,0.040400002035312355
2599,51980.0,51980.000700001256,0.03999999898951501
2600,52000.0,52000.00100000034,0.04489999992074445
2601,52020.0,52020.00080000289,0.03409999771974981
2602,52040.0,52040.00090000045,0.04410000110510737
2603,52060.0,52060.000700003,0.028700000257231295
2604,52080.0,52080.00080000056,0.032500000088475645
2605,52100.0,52100.0006999966,0.03700000524986535
2606,52120.0,52120.000800001435,0.02989999484270811
2607,52140.0,52140.00079999823,0.0453000029665418
2608,52160.0,52160.000999996555,0.03580000338843092
2609,52180.0,52180.00079999911,0.037500001781154424
2610,52200.0,52200.00080000318,0.0402999939979054
2611,52220.0,52220.00090000074,0.03879999712808058
2612,52240.0,52240.00070000329,0.043099993490614
2613,52260.0,52260.00070000009,0.037099998735357076
2614,52280.0,52280.00089999841,0.03640000068116933
2615,52300.0,52300.006999998004,0.04650000482797623
2616,52320.0,52320.000799998525,0.041600003896746784
2617,52340.0,52340.0008000026,0.03409999771974981
2618,52360.0,52360.000699998636,0.03650000144261867
2619,52380.0,52380.01010000153,0.043000000005122274
2620,52400.0,52400.01610000036,0.03289999585831538
2621,52420.0,52420.00089999783,0.036299999919719994
2622,52440.0,52440.000800001144,0.02890000178012997
2623,52460.0,52460.00069999718,0.03220000508008525
2624,52480.0,52480.00090000278,0.03639999340521172
2625,52500.0,52500.00239999645,0.04000000626547262
2626,52520.0,52520.00070000213,0.039399994420818985
2627,52540.0,52540.00149999774,0.05450000026030466
2628,52560.0,52560.00079999649,0.037800004065502435
2629,52580.0,52580.0006999998,0.0368999972124584
2630,52600.0,52600.01999999804,0.041600003896746784
2631,52620.0,52620.00100000296,0.05179999425308779
2632,52640.0,52640.0014000028,0.07579999510198832
2633,52660.0,52660.06829999969,0.057600002037361264
2634,52680.0,52680.00110000139,0.04569999873638153
2635,52700.0,52700.030699998024,0.06589999975403771
2636,52720.0,52720.004800001334,0.053099996875971556
2637,52740.0,52740.0009999983,0.04630000330507755
2638,52760.0,52760.00080000085,0.0411000000895001
2639,52780.0,52780.00069999689,0.03460000152699649
2640,52800.0,52800.00100000325,0.043099993490614
2641,52820.0,52820.10260000243,0.041799998143687844
2642,52840.0,52840.0008000026,0.037099998735357076
2643,52860.0,52860.000699998636,0.039500002458225936
2644,52880.0,52880.000799996196,0.039500002458225936
2645,52900.0,52900.02120000281,0.04949999856762588
2646,52920.0,52920.00079999707,0.039000005926936865
2647,52940.0,52940.0014999992,0.058400000852998346
2648,52960.0,52960.00140000251,0.06779999966965988
2649,52980.0,52980.00160000083,0.06249999569263309
2650,53000.0,53000.01969999721,0.038300000596791506
2651,53020.0,53020.000899996376,0.03580000338843092
2652,53040.0,53040.00069999893,0.03860000288113952
2653,53060.0,53060.000700003,0.04169999738223851
2654,53080.0,53080.00090000132,0.038499994843732566
2655,53100.0,53100.0017999977,0.04020000051241368
2656,53120.0,53120.00059999991,0.0368999972124584
2657,53140.0,53140.00069999747,0.036299999919719994
2658,53160.0,53160.00070000155,0.03809999907389283
2659,53180.0,53180.00079999911,0.040099999750964344
2660,53200.0,53200.0177000009,0.04649999755201861
2661,53220.0,53220.00069999922,0.04030000127386302
2662,53240.0,53240.00079999678,0.04130000161239877
2663,53260.0,53260.980799997924,0.04270000499673188
2664,53280.0,53280.00069999689,0.04150000313529745
2665,53300.0,53300.05160000292,0.03979999746661633
2666,53320.0,53320.000899999286,0.042100000428035855
2667,53340.0,53340.0008000026,0.041399995097890496
2668,53360.0,53360.000699998636,0.0411000000895001
2669,53380.0,53381.57330000104,0.04289999924367294
2670,53400.0,53400.888700001815,0.0427999984822236
2671,53420.0,53420.026300002064,0.037099998735357076
2672,53440.0,53440.00100000267,0.052299998060334474
2673,53460.0,53460.000999999465,0.051700000767596066
2674,53480.0,53480.00139999931,0.05989999772282317
2675,53500.0,53500.00149999687,0.07510000432375818
2676,53520.0,53520.000899996376,0.042400002712383866
2677,53540.0,53540.00090000045,0.040599996282253414
2678,53560.0,53560.00079999649,0.04320000152802095
2679,53580.0,53580.00090000132,0.041200000850949436
2680,53600.0,53600.00099999888,0.04050000279676169
2681,53620.0,53620.0009000022,0.04359999729786068
2682,53640.0,53640.00069999747,0.03670000296551734
2683,53660.0,53660.00080000231,0.0427999984822236
2684,53680.0,53680.000699998345,0.040899998566601425
2685,53700.0,53700.00089999667,0.04470000567380339
2686,53720.0,53720.00079999998,0.04340000305091962
2687,53740.0,53740.00079999678,0.03680000372696668
2688,53760.0,53760.00110000314,0.04079999780515209
2689,53780.0,53780.00089999841,0.03560000186553225
2690,53800.0,53800.0006000002,0.03989999822806567
2691,53820.0,53820.000799998525,0.03790000482695177
2692,53840.0,53840.0008000026,0.03819999983534217
2693,53860.0,53860.000699998636,0.03640000068116933
2694,53880.0,53880.000799996196,0.03670000296551734
2695,53900.0,53900.00069999951,0.04350000381236896
2696,53920.0,53920.00079999707,0.040700004319660366
2697,53940.0,53940.00070000038,0.03850000211969018
2698,53960.0,53960.000899998704,0.04199999966658652
2699,53980.0,53980.00080000202,0.03819999983534217
2700,54000.0,54000.012999997125,0.04340000305091962
2701,54020.0,54020.00080000289,0.037999998312443495
2702,54040.0,54040.00079999969,0.038700003642588854
2703,54060.0,54060.000700003,0.03869999636663124
2704,54080.0,54080.001000002085,0.03640000068116933
2705,54100.0,54100.01019999618,0.04440000338945538
2706,54120.0,54120.00070000067,0.03789999755099416
2707,54140.0,54140.00069999747,0.036600002204068005
2708,54160.0,54160.00080000231,0.03979999746661633
2709,54180.0,54180.000699998345,0.04030000127386302
2710,54200.0,54200.00129999971,0.03719999949680641
2711,54220.0,54220.00079999998,0.03529999958118424
2712,54240.0,54240.00070000329,0.034199998481199145
2713,54260.0,54260.00080000085,0.03479999577393755
2714,54280.0,54280.00050000264,0.031299998227041215
2715,54300.0,54300.02560000139,0.038899997889529914
2716,54320.0,54320.00069999776,0.03429999924264848
2717,54340.0,54340.00070000184,0.03659999492811039
2718,54360.0,54360.000699998636,0.09809999755816534
2719,54380.0,54380.00070000271,0.032699994335416704
2720,54400.0,54400.02600000298,0.03879999712808058
2721,54420.0,54420.00060000282,0.036299999919719994
2722,54440.0,54440.03520000115,0.039200000173877925
2723,54460.0,54460.00069999718,0.035700002626981586
2724,54480.0,54480.00049999973,0.03460000152699649
2725,54500.0,54500.001899999916,0.040400002035312355
2726,54520.0,54520.00080000289,0.03839999408228323
2727,54540.0,54540.000599998166,0.037099998735357076
2728,54560.0,54560.00079999649,0.042400002712383866
2729,54580.0,54580.02590000251,0.03809999907389283
2730,54600.0,54600.030499997956,0.03640000068116933
2731,54620.0,54620.000800001435,0.03669999568955973
2732,54640.0,54640.00059999671,0.030499999411404133
2733,54660.0,54660.00080000231,0.03599999763537198
2734,54680.0,54680.00079999911,0.031299998227041215
2735,54700.0,54700.01459999912,0.03979999746661633
2736,54720.0,54720.00069999922,0.040099999750964344
2737,54740.0,54740.00079999678,0.03790000482695177
2738,54760.0,54760.00070000009,0.039699996705166996
2739,54780.0,54780.00079999765,0.04189999890513718
2740,54800.0,54800.01240000274,0.038899997889529914
2741,54820.0,54820.00649999827,0.03790000482695177
2742,54840.0,54840.000600001076,0.036799996451009065
2743,54860.0,54860.0007999994,0.0453000029665418
2744,54880.0,54880.00060000195,0.042100000428035855
2745,54900.0,54900.00580000196,0.04189999890513718
2746,54920.0,54920.00069999631,0.038100006349850446
2747,54940.0,54940.00070000038,0.03840000135824084
2748,54960.0,54960.00069999718,0.053499999921768904
2749,54980.0,54980.000700001256,0.035400000342633575
2750,55000.0,55000.00349999755,0.03890000516548753
2751,55020.0,55020.00080000289,0.03819999983534217
2752,55040.0,55040.000599998166,0.0360000049113296
2753,55060.0,55060.000700003,0.038499994843732566
2754,55080.0,55080.00090000132,0.04239999543642625
2755,55100.0,55100.00050000235,0.03409999771974981
2756,55120.0,55120.00100000296,0.03529999958118424
2757,55140.0,55140.01489999646,0.036900004488416016
2758,55160.0,55160.000999996555,0.03930000093532726
2759,55180.0,55180.000699998345,0.034000004234258085
2760,55200.0,55200.00089999667,0.03680000372696668
2761,55220.0,55220.00069999922,0.037099998735357076
2762,55240.0,55240.00070000329,0.036299999919719994
2763,55260.0,55260.00080000085,0.03869999636663124
2764,55280.0,55280.00069999689,0.03390000347280875
2765,55300.0,55300.0006000002,0.035899996873922646
2766,55320.0,55320.000799998525,0.041200000850949436
2767,55340.0,55340.000600001076,0.030499999411404133
2768,55360.0,55360.000599997875,0.036299999919719994
2769,55380.0,55380.00060000195,0.033899996196851134
2770,55400.0,55400.03460000298,0.032500000088475645
2771,55420.0,55420.00079999707,0.03930000093532726
2772,55440.0,55440.00070000038,0.03360000118846074
2773,55460.0,55460.000899998704,0.036900004488416016
2774,55480.0,55480.141100000765,0.037099998735357076
2775,55500.0,55500.00980000186,0.040099999750964344
2776,55520.0,55520.00070000213,0.0385999956051819
2777,55540.0,55540.000499997404,0.03339999966556206
2778,55560.0,55560.00189999759,0.0453000029665418
2779,55580.0,55580.00059999904,0.03360000118846074
2780,55600.0,55600.0006999966,0.0543000060133636
2781,55620.0,55620.000800001435,0.034699995012488216
2782,55640.0,55640.00069999747,0.03800000558840111
2783,55660.0,55660.00080000231,0.03699999797390774
2784,55680.0,55680.00079999911,0.035700002626981586
2785,55700.0,55700.00080000318,0.03999999898951501
2786,55720.0,55720.03879999829,0.03980000474257395
2787,55740.0,55740.05079999915,0.04510000144364312
2788,55760.0,55760.06159999815,0.03819999983534217
2789,55780.0,55780.00079999765,0.03890000516548753
2790,55800.0,55800.00989999826,0.040099999750964344
2791,55820.0,55820.000799998525,0.040099999750964344
2792,55840.0,55840.000600001076,0.03270000161137432
2793,55860.0,55860.00110000168,0.04039999475935474
2794,55880.0,55880.00089999696,0.042400002712383866
2795,55900.0,55900.00080000027,0.03819999983534217
2796,55920.0,55920.00099999859,0.03819999983534217
2797,55940.0,55940.00070000038,0.03760000254260376
2798,55960.0,55960.01640000031,0.05740000051446259
2799,55980.0,55980.000600000494,0.039699996705166996
2800,56000.0,56000.00059999729,0.04760000592796132
2801,56020.0,56020.00070000213,0.04129999433644116
2802,56040.0,56040.00079999969,0.0394000016967766
2803,56060.0,56060.00099999801,0.0427999984822236
2804,56080.0,56080.00080000056,0.039500002458225936
2805,56100.0,56100.02109999914,0.0411000000895001
2806,56120.0,56120.00070000067,0.03270000161137432
2807,56140.0,56140.00079999823,0.035700002626981586
2808,56160.0,56160.00080000231,0.037999998312443495
2809,56180.0,56180.000699998345,0.03899999865097925
2810,56200.0,56200.024799996754,0.04220000118948519
2811,56220.0,56220.00059999846,0.0394000016967766
2812,56240.0,56240.00089999754,0.04170000465819612
2813,56260.0,56260.00799999747,0.03640000068116933
2814,56280.0,56280.00069999689,0.037500001781154424
2815,56300.0,56300.00270000164,0.040899998566601425
2816,56320.0,56320.343300001696,0.04069999704370275
2817,56340.0,56340.000600001076,0.042100000428035855
2818,56360.0,56360.00090000016,0.040400002035312355
2819,56380.0,56380.00070000271,0.06859999848529696
2820,56400.0,56400.02639999875,0.04930000432068482
2821,56420.0,56420.663500000956,0.04610000178217888
2822,56440.0,56441.581200000655,0.03529999958118424
2823,56460.0,56460.01960000285,0.03499999729683623
2824,56480.0,56483.247900003335,0.042599996959324926
2825,56500.0,56500.05290000263,0.036799996451009065
2826,56520.0,56520.00720000069,0.042599996959324926
2827,56540.0,56540.00100000121,0.05339999916031957
2828,56560.0,56560.001400001056,0.05729999975301325
2829,56580.0,56580.00080000056,0.03730000025825575
2830,56600.0,56600.01650000049,0.043300002289470285
2831,56620.0,56620.000800001435,0.04079999780515209
2832,56640.0,56640.00069999747,0.0377000033040531
2833,56660.0,56660.000999996555,0.041200000850949436
2834,56680.0,56680.000599997584,0.04099999932805076
2835,56700.0,56700.00070000242,0.03730000025825575
2836,56720.0,56720.00069999922,0.04079999780515209
2837,56740.0,56740.001300000586,0.0394000016967766
2838,56760.0,56760.000900001614,0.03999999898951501
2839,56780.0,56780.00089999841,0.0394000016967766
2840,56800.0,56800.000700000965,0.03669999568955973
2841,56820.0,56820.000799998525,0.05059999966761097
2842,56840.0,56840.00070000184,0.03579999611247331
2843,56860.0,56860.0007999994,0.0394000016967766
2844,56880.0,56880.00070000271,0.03569999535102397
2845,56900.0,56900.00120000332,0.037099998735357076
2846,56920.0,56920.00060000282,0.03189999551977962
2847,56940.0,56940.000800001144,0.03869999636663124
2848,56960.0,56960.00059999642,0.03760000254260376
2849,56980.0,56980.000600000494,0.03699999797390774
2850,57000.0,57000.006599999324,0.0368999972124584
2851,57020.0,57020.00080000289,0.03879999712808058
2852,57040.0,57040.00079999969,0.033700001949910074
2853,57060.0,57060.000700003,0.03669999568955973
2854,57080.0,57080.0006999998,0.03309999738121405
2855,57100.0,57100.0006999966,0.03240000660298392
2856,57120.0,57120.00059999991,0.03779999678954482
2857,57140.0,57140.000500003225,0.029799994081258774
2858,57160.0,57160.00070000155,0.032199997804127634
2859,57180.0,57180.000599997584,0.033700001949910074
2860,57200.0,57200.00070000242,0.03899999865097925
2861,57220.0,57220.00090000074,0.03640000068116933
2862,57240.0,57240.09159999696,0.04900000203633681
2863,57260.0,57260.00059999933,0.03899999865097925
2864,57280.0,57280.00069999689,0.04340000305091962
2865,57300.0,57300.000700000965,0.04099999932805076
2866,57320.0,57320.00069999776,0.043000000005122274
2867,57340.0,57340.000500000315,0.03619999915827066
2868,57360.0,57360.00110000168,0.04410000110510737
2869,57380.0,57380.00070000271,0.037999998312443495
2870,57400.0,57400.00080000027,0.03819999983534217
2871,57420.0,57420.001200000115,0.061400001868605614
2872,57440.0,57440.001299997675,0.050300004659220576
2873,57460.0,57460.00069999718,0.03909999941242859
2874,57480.0,57480.000600000494,0.03429999924264848
2875,57500.0,57500.01879999763,0.04150000313529745
2876,57520.0,57520.07539999613,0.037500001781154424
2877,57540.0,57540.00069999893,0.03650000144261867
2878,57560.0,57560.00079999649,0.04270000499673188
2879,57580.0,57580.00080000056,0.03760000254260376
2880,57600.0,57600.002699997276,0.07300000288523734
2881,57620.0,57620.00070000067,0.03909999941242859
2882,57640.0,57640.00069999747,0.040400002035312355
2883,57660.0,57660.00080000231,0.04099999932805076
2884,57680.0,57680.00079999911,0.04630000330507755
2885,57700.0,57700.00080000318,0.04359999729786068
2886,57720.0,57720.00079999998,0.03850000211969018
2887,57740.0,57740.00179999712,0.03330000618007034
2888,57760.0,57760.00070000009,0.04199999966658652
2889,57780.0,57780.00079999765,0.03470000228844583
2890,57800.0,57800.000700000965,0.040400002035312355
2891,57820.0,57820.00069999776,0.036600002204068005
2892,57840.0,57840.00070000184,0.041799998143687844
2893,57860.0,57860.00090000016,0.04340000305091962
2894,57880.0,57880.000799996196,0.04180000541964546
2895,57900.0,57900.012699996296,0.0774000000092201
2896,57920.0,57920.00079999707,0.04050000279676169
2897,57940.0,57940.00059999962,0.036299999919719994
2898,57960.0,57960.00079999794,0.0394000016967766
2899,57980.0,57980.000600000494,0.03730000025825575
2900,58000.0,58000.000799998816,0.04079999780515209
2901,58020.0,58020.23210000334,0.03699999797390774
2902,58040.0,58040.00100000121,0.0335000004270114
2903,58060.0,58060.00079999649,0.03970000398112461
2904,58080.0,58080.0006999998,0.0335000004270114
2905,58100.0,58100.00060000311,0.03229999856557697
2906,58120.0,58120.00070000067,0.032999996619764715
2907,58140.0,58140.00079999823,0.030000002880115062
2908,58160.0,58160.00080000231,0.034500000765547156
2909,58180.0,58180.000699998345,0.029900002118665725
2910,58200.0,58200.00070000242,0.031799994758330286
2911,58220.0,58220.01179999643,0.044500004150904715
2912,58240.0,58240.00070000329,0.0320999970426783
2913,58260.0,58260.000900001614,0.03409999771974981
2914,58280.0,58280.00559999782,0.03139999898849055
2915,58300.0,58300.00540000037,0.03190000279573724
2916,58320.0,58320.000599997,0.036600002204068005
2917,58340.0,58340.00090000336,0.03279999509686604
2918,58360.0,58360.0007999994,0.03730000025825575
2919,58380.0,58380.00089999696,0.03239999932702631
2920,58400.0,58400.00080000027,0.03339999966556206
2921,58420.0,58420.00060000282,0.029299997549969703
2922,58440.0,58440.00070000038,0.03670000296551734
2923,58460.0,58460.00079999794,0.03819999983534217
2924,58480.0,58480.00080000202,0.03199999628122896
2925,58500.0,58500.001799999154,0.03670000296551734
2926,58520.0,58520.00070000213,0.03619999915827066
2927,58540.0,58540.00069999893,0.04060000355821103
2928,58560.0,58560.03960000089,0.04149999585933983
2929,58580.0,58580.01820000209,0.04329999501351267
2930,58600.0,58600.00130000117,0.04189999890513718
2931,58620.0,58620.146499997645,0.050000002374872565
2932,58640.0,58640.00059999671,0.03970000398112461
2933,58660.0,58660.00080000231,0.044699998397845775
2934,58680.0,58680.00079999911,0.04099999932805076
2935,58700.0,58700.005099999544,0.04489999992074445
2936,58720.0,58720.00069999922,0.037500001781154424
2937,58740.0,58740.00070000329,0.03259999357396737
2938,58760.0,58760.00080000085,0.039200000173877925
2939,58780.0,58780.00079999765,0.03909999941242859
2940,58800.0,58800.000800001726,0.03979999746661633
2941,58820.0,58820.000799998525,0.03680000372696668
2942,58840.0,58840.0008000026,0.038499994843732566
2943,58860.0,58860.00090000016,0.040099999750964344
2944,58880.0,58880.00060000195,0.03809999907389283
2945,58900.0,58900.001499998325,0.03809999907389283
2946,58920.0,58920.00060000282,0.027999994927085936
2947,58940.0,58940.000900001905,0.03309999738121405
2948,58960.0,58960.000899998704,0.041600003896746784
2949,58980.0,58980.000600000494,0.036299999919719994
2950,59000.0,59000.00089999958,0.03699999797390774
2951,59020.0,59020.00070000213,0.02729999687289819
2952,59040.0,59040.00069999893,0.03699999797390774
2953,59060.0,59060.00440000207,0.0411000000895001
2954,59080.0,59080.0006999998,0.03740000101970509
2955,59100.0,59100.00079999736,0.04289999924367294
2956,59120.0,59120.01359999704,0.04900000203633681
2957,59140.0,59140.01969999663,0.0391000066883862
2958,59160.0,59160.00109999732,0.03909999941242859
2959,59180.0,59180.000699998345,0.03670000296551734
2960,59200.0,59200.00060000166,0.03879999712808058
2961,59220.0,59220.00079999998,0.03650000144261867
2962,59240.0,59240.00079999678,0.03480000304989517
2963,59260.0,59260.008400000515,0.04030000127386302
2964,59280.0,59280.00069999689,0.03239999932702631
2965,59300.0,59300.000700000965,0.03789999755099416
2966,59320.0,59320.000899999286,0.03970000398112461
2967,59340.0,59340.04070000083,0.03819999983534217
2968,59360.0,59360.000699998636,0.03670000296551734
2969,59380.0,59380.00060000195,0.035400000342633575
2970,59400.0,59400.00080000027,0.038300000596791506
2971,59420.0,59420.05030000291,0.042599996959324926
2972,59440.0,59440.000800001144,0.03759999526664615
2973,59460.0,59460.00079999794,0.03680000372696668
2974,59480.0,59480.000600000494,0.029900002118665725
2975,59500.0,59500.01129999873,0.044200001866556704
2976,59520.0,59520.00070000213,0.03979999746661633
2977,59540.0,59540.004199996474,0.06290000601438805
2978,59560.0,59560.00089999725,0.04020000051241368
2979,59580.0,59580.00080000056,0.036600002204068005
2980,59600.0,59600.01309999643,0.0470000013592653
2981,59620.0,59620.00070000067,0.037500001781154424
2982,59640.0,59640.00069999747,0.04610000178217888
2983,59660.0,59660.00080000231,0.043000000005122274
2984,59680.0,59680.000599997584,0.036600002204068005
2985,59700.0,59700.00080000318,0.04169999738223851
2986,59720.0,59720.00079999998,0.03899999865097925
2987,59740.0,59740.00079999678,0.03500000457279384
2988,59760.0,59760.000900001614,0.03730000025825575
2989,59780.0,59780.00069999689,0.03840000135824084
2990,59800.0,59800.000700000965,0.03949999518226832
2991,59820.0,59820.00100000005,0.040899998566601425
2992,59840.0,59840.00070000184,0.037099998735357076
2993,59860.0,59860.000699998636,0.03880000440403819
2994,59880.0,59880.00060000195,0.034199998481199145
2995,59900.0,59900.001100002555,0.042299994674976915
2996,59920.0,59920.00079999707,0.03740000101970509
2997,59940.0,59940.00059999962,0.036600002204068005
2998,59960.0,59960.000500002934,0.035899996873922646
2999,59980.0,59980.00080000202,0.030899995181243867
