split,speaker,noise,noise_group,snr_target_db,candidate_id,family,execution_mode,input_snr_db,output_snr_db,snr_improvement_db,input_si_sdr_db,output_si_sdr_db,si_sdr_improvement_db,block_count,block_mean_ms,block_p95_ms,block_p99_ms,block_worst_ms,processing_ms,rtf,state_memory_bytes,speech_block_fraction,warming_blocks
validation,jackson,dkitchen_ch01_seg01,DKITCHEN,-5,bypass,baseline,causal_blocks,-5.0000000659799575,-5.0000000659799575,0.0,-5.034089121094766,-5.034089121094766,0.0,150,0.022030000000086147,0.027010000303562192,0.03871499962770025,0.07019999975454994,3.304500000012922,0.0011015000000043074,57952,0.0,0
validation,jackson,dkitchen_ch01_seg01,DKITCHEN,-5,subtraction_initial_legacy,stft_subtraction,offline_file,-5.0000000659799575,0.8200722397447157,5.820072305724673,-5.034089121094766,-2.561142613070925,2.472946508023841,1,10.08189999993192,10.08189999993192,10.08189999993192,10.08189999993192,10.08189999993192,0.00336063333331064,0,0.0,0
validation,jackson,dkitchen_ch01_seg01,DKITCHEN,-5,subtraction_low_energy_offline,stft_subtraction,offline_file,-5.0000000659799575,0.12022022607725133,5.120220292057208,-5.034089121094766,-2.8399039609143446,2.1941851601804214,1,9.251800000129151,9.251800000129151,9.251800000129151,9.251800000129151,9.251800000129151,0.003083933333376384,0,0.0,0
validation,jackson,dkitchen_ch01_seg01,DKITCHEN,-5,subtraction_calibration_causal,stft_subtraction,causal_blocks,-5.0000000659799575,1.724474753466417,6.724474819446375,-5.034089121094766,-2.1674282423278712,2.866660878766895,150,0.5545853333084475,0.8845349997500298,1.0887739998361206,1.6114999998535495,83.18779999626713,0.027729266665422376,60900,0.0,13
validation,jackson,dkitchen_ch01_seg01,DKITCHEN,-5,subtraction_adaptive_causal,stft_subtraction,causal_blocks,-5.0000000659799575,0.38659065368113205,5.38659071966109,-5.034089121094766,-1.0879728880255648,3.9461162330692012,150,1.7467246666395415,2.7438199996140598,3.143219999892607,3.272899999501533,262.00869999593124,0.08733623333197708,60900,0.28,13
validation,jackson,dkitchen_ch01_seg01,DKITCHEN,-5,wiener_initial_legacy,stft_wiener,offline_file,-5.0000000659799575,-2.0741258603597506,2.925874205620207,-5.034089121094766,-4.349904023816681,0.6841850972780854,1,5.159800000001269,5.159800000001269,5.159800000001269,5.159800000001269,5.159800000001269,0.0017199333333337563,0,0.0,0
validation,jackson,dkitchen_ch01_seg01,DKITCHEN,-5,wiener_low_energy_offline,stft_wiener,offline_file,-5.0000000659799575,-3.2086119576659473,1.7913881083140102,-5.034089121094766,-4.720423392873778,0.3136657282209878,1,5.832899999404617,5.832899999404617,5.832899999404617,5.832899999404617,5.832899999404617,0.0019442999998015391,0,0.0,0
validation,jackson,dkitchen_ch01_seg01,DKITCHEN,-5,wiener_adaptive_causal,stft_wiener,causal_blocks,-5.0000000659799575,-3.305094696449606,1.6949053695303515,-5.034089121094766,-3.6154046407775047,1.4186844803172614,150,1.610973333329942,2.4614349999865226,2.8097940003408426,3.2436000001325738,241.64599999949132,0.08054866666649711,60900,0.28,13
validation,jackson,dkitchen_ch01_seg01,DKITCHEN,0,bypass,baseline,causal_blocks,-1.358638013928369e-07,-1.358638013928369e-07,0.0,-0.019142349265651327,-0.019142349265651327,0.0,150,0.03071133332317307,0.03741000009540585,0.049576999845157815,0.06519999988086056,4.6066999984759605,0.0015355666661586536,57952,0.0,0
validation,jackson,dkitchen_ch01_seg01,DKITCHEN,0,subtraction_initial_legacy,stft_subtraction,offline_file,-1.358638013928369e-07,3.972398355013997,3.9723984908777985,-0.019142349265651327,1.7669925975788758,1.7861349468445271,1,12.43129999966186,12.43129999966186,12.43129999966186,12.43129999966186,12.43129999966186,0.004143766666553954,0,0.0,0
validation,jackson,dkitchen_ch01_seg01,DKITCHEN,0,subtraction_low_energy_offline,stft_subtraction,offline_file,-1.358638013928369e-07,4.924818696834463,4.924818832698264,-0.019142349265651327,3.3371049191460878,3.3562472684117393,1,11.322499999550928,11.322499999550928,11.322499999550928,11.322499999550928,11.322499999550928,0.003774166666516976,0,0.0,0
validation,jackson,dkitchen_ch01_seg01,DKITCHEN,0,subtraction_calibration_causal,stft_subtraction,causal_blocks,-1.358638013928369e-07,3.6605424127675508,3.6605425486313523,-0.019142349265651327,1.2981164002781767,1.317258749543828,150,0.6703186666345573,1.0832249999566557,1.5042350000476246,2.2187999993548146,100.5477999951836,0.033515933331727865,60900,0.0,13
validation,jackson,dkitchen_ch01_seg01,DKITCHEN,0,subtraction_adaptive_causal,stft_subtraction,causal_blocks,-1.358638013928369e-07,4.976882602877048,4.976882738740849,-0.019142349265651327,3.839026914991125,3.8581692642567766,150,1.6495153333138053,2.135450000014316,2.65508299979046,8.770299999923736,247.4272999970708,0.08247576666569027,60900,0.35333333333333333,13
validation,jackson,dkitchen_ch01_seg01,DKITCHEN,0,wiener_initial_legacy,stft_wiener,offline_file,-1.358638013928369e-07,2.262555473538201,2.2625556094020025,-0.019142349265651327,0.3254907269340502,0.3446330761997015,1,5.78259999929287,5.78259999929287,5.78259999929287,5.78259999929287,5.78259999929287,0.0019275333330976234,0,0.0,0
validation,jackson,dkitchen_ch01_seg01,DKITCHEN,0,wiener_low_energy_offline,stft_wiener,offline_file,-1.358638013928369e-07,2.0017720204331755,2.001772156296977,-0.019142349265651327,1.076513976615857,1.0956563258815082,1,5.7863000001816545,5.7863000001816545,5.7863000001816545,5.7863000001816545,5.7863000001816545,0.001928766666727218,0,0.0,0
validation,jackson,dkitchen_ch01_seg01,DKITCHEN,0,wiener_adaptive_causal,stft_wiener,causal_blocks,-1.358638013928369e-07,1.6867236737440718,1.6867238096078732,-0.019142349265651327,1.4088224486323537,1.427964797898005,150,1.6380120000151994,2.601880000202071,3.878595000578568,11.209100000087346,245.70180000227992,0.08190060000075998,60900,0.35333333333333333,13
validation,jackson,dkitchen_ch01_seg01,DKITCHEN,5,bypass,baseline,causal_blocks,4.999999650816238,4.999999650816238,0.0,4.989251383679722,4.989251383679722,0.0,150,0.027904000047177153,0.035165000372216995,0.048031999867816894,0.09030000001075678,4.185600007076573,0.0013952000023588578,57952,0.0,0
validation,jackson,dkitchen_ch01_seg01,DKITCHEN,5,subtraction_initial_legacy,stft_subtraction,offline_file,4.999999650816238,5.78009315404651,0.7800935032302716,4.989251383679722,4.934271426412972,-0.05497995726674976,1,8.995300000606221,8.995300000606221,8.995300000606221,8.995300000606221,8.995300000606221,0.002998433333535407,0,0.0,0
validation,jackson,dkitchen_ch01_seg01,DKITCHEN,5,subtraction_low_energy_offline,stft_subtraction,offline_file,4.999999650816238,8.969283793181921,3.969284142365683,4.989251383679722,8.747977851157886,3.758726467478164,1,9.13219999983994,9.13219999983994,9.13219999983994,9.13219999983994,9.13219999983994,0.0030440666666133134,0,0.0,0
validation,jackson,dkitchen_ch01_seg01,DKITCHEN,5,subtraction_calibration_causal,stft_subtraction,causal_blocks,4.999999650816238,4.502287892456365,-0.49771175835987336,4.989251383679722,3.2672095528711775,-1.7220418308085446,150,0.7889920000343409,1.2787250000656054,1.5227970002706568,7.703700000092795,118.34880000515113,0.039449600001717045,60900,0.0,13
validation,jackson,dkitchen_ch01_seg01,DKITCHEN,5,subtraction_adaptive_causal,stft_subtraction,causal_blocks,4.999999650816238,8.799277876595864,3.7992782257796263,4.989251383679722,8.203810099500133,3.214558715820411,150,1.8455886666864292,2.822799999967174,3.916992999766076,6.897399999616027,276.8383000029644,0.09227943333432147,60900,0.42,13
validation,jackson,dkitchen_ch01_seg01,DKITCHEN,5,wiener_initial_legacy,stft_wiener,offline_file,4.999999650816238,5.658246586964256,0.6582469361480179,4.989251383679722,4.3141228774117115,-0.6751285062680106,1,6.2138000002960325,6.2138000002960325,6.2138000002960325,6.2138000002960325,6.2138000002960325,0.0020712666667653443,0,0.0,0
validation,jackson,dkitchen_ch01_seg01,DKITCHEN,5,wiener_low_energy_offline,stft_wiener,offline_file,4.999999650816238,7.204043416112643,2.2040437652964053,4.989251383679722,6.644992480009156,1.6557410963294341,1,5.027999999583699,5.027999999583699,5.027999999583699,5.027999999583699,5.027999999583699,0.001675999999861233,0,0.0,0
validation,jackson,dkitchen_ch01_seg01,DKITCHEN,5,wiener_adaptive_causal,stft_wiener,causal_blocks,4.999999650816238,6.593900706091755,1.5939010552755173,4.989251383679722,6.337475818750499,1.3482244350707768,150,1.774062666639414,3.279789999942291,5.463465000120776,7.021599999461614,266.1093999959121,0.0887031333319707,60900,0.42,13
validation,jackson,dkitchen_ch01_seg01,DKITCHEN,10,bypass,baseline,causal_blocks,9.999999906933843,9.999999906933843,0.0,9.993968339155076,9.993968339155076,0.0,150,0.028670000028796494,0.033669999857011114,0.044442000207709456,0.06550000034621917,4.300500004319474,0.0014335000014398247,57952,0.0,0
validation,jackson,dkitchen_ch01_seg01,DKITCHEN,10,subtraction_initial_legacy,stft_subtraction,offline_file,9.999999906933843,6.5653364413984665,-3.434663465535376,9.993968339155076,6.690836115251614,-3.3031322239034626,1,7.660500000383763,7.660500000383763,7.660500000383763,7.660500000383763,7.660500000383763,0.002553500000127921,0,0.0,0
validation,jackson,dkitchen_ch01_seg01,DKITCHEN,10,subtraction_low_energy_offline,stft_subtraction,offline_file,9.999999906933843,11.646468518396155,1.6464686114623124,9.993968339155076,12.54954376609968,2.5555754269446034,1,6.476699999439006,6.476699999439006,6.476699999439006,6.476699999439006,6.476699999439006,0.002158899999813002,0,0.0,0
validation,jackson,dkitchen_ch01_seg01,DKITCHEN,10,subtraction_calibration_causal,stft_subtraction,causal_blocks,9.999999906933843,4.8070182290993175,-5.192981677834525,9.993968339155076,4.108465483694873,-5.885502855460203,150,0.5468426666872498,0.8761900003719347,1.2097419998190142,1.4068000000406755,82.02640000308747,0.02734213333436249,60900,0.0,13
validation,jackson,dkitchen_ch01_seg01,DKITCHEN,10,subtraction_adaptive_causal,stft_subtraction,causal_blocks,9.999999906933843,11.361861593055899,1.3618616861220563,9.993968339155076,11.441150806786961,1.447182467631885,150,1.2553633333239607,1.8001400001594443,2.022722999754478,2.14129999949364,188.3044999985941,0.06276816666619804,60900,0.5133333333333333,13
validation,jackson,dkitchen_ch01_seg01,DKITCHEN,10,wiener_initial_legacy,stft_wiener,offline_file,9.999999906933843,7.701088788713037,-2.298911118220806,9.993968339155076,7.0901092873763325,-2.9038590517787437,1,4.856600000493927,4.856600000493927,4.856600000493927,4.856600000493927,4.856600000493927,0.001618866666831309,0,0.0,0
validation,jackson,dkitchen_ch01_seg01,DKITCHEN,10,wiener_low_energy_offline,stft_wiener,offline_file,9.999999906933843,12.088328622394666,2.0883287154608237,9.993968339155076,11.811646228361,1.8176778892059247,1,5.137400000421621,5.137400000421621,5.137400000421621,5.137400000421621,5.137400000421621,0.001712466666807207,0,0.0,0
validation,jackson,dkitchen_ch01_seg01,DKITCHEN,10,wiener_adaptive_causal,stft_wiener,causal_blocks,9.999999906933843,11.203641396088669,1.2036414891548262,9.993968339155076,10.991995901013743,0.9980275618586667,150,1.2872193333229613,1.7594400002053583,2.0958319998317156,3.0566999994334765,193.0828999984442,0.06436096666614806,60900,0.5133333333333333,13
validation,jackson,dkitchen_ch01_seg02,DKITCHEN,-5,bypass,baseline,causal_blocks,-4.999999673230314,-4.999999673230314,0.0,-5.016830452245448,-5.016830452245448,0.0,150,0.023688666684999287,0.04496500000641386,0.07571200040729299,0.0915000000532018,3.553300002749893,0.0011844333342499642,57952,0.0,0
validation,jackson,dkitchen_ch01_seg02,DKITCHEN,-5,subtraction_initial_legacy,stft_subtraction,offline_file,-4.999999673230314,4.427897278328747,9.427896951559061,-5.016830452245448,2.5113011114845616,7.5281315637300095,1,7.694399999309098,7.694399999309098,7.694399999309098,7.694399999309098,7.694399999309098,0.0025647999997696993,0,0.0,0
validation,jackson,dkitchen_ch01_seg02,DKITCHEN,-5,subtraction_low_energy_offline,stft_subtraction,offline_file,-4.999999673230314,0.8175225340930026,5.817522207323316,-5.016830452245448,-2.7032040168550173,2.3136264353904306,1,7.5694000006478745,7.5694000006478745,7.5694000006478745,7.5694000006478745,7.5694000006478745,0.0025231333335492914,0,0.0,0
validation,jackson,dkitchen_ch01_seg02,DKITCHEN,-5,subtraction_calibration_causal,stft_subtraction,causal_blocks,-4.999999673230314,1.5240768613979183,6.524076534628232,-5.016830452245448,-2.446100137543307,2.570730314702141,150,0.5630159999964235,0.8536150001418719,1.1739320005835905,3.7498000001505716,84.45239999946352,0.028150799999821174,60900,0.0,13
validation,jackson,dkitchen_ch01_seg02,DKITCHEN,-5,subtraction_adaptive_causal,stft_subtraction,causal_blocks,-4.999999673230314,-0.36957818492940103,4.630421488300913,-5.016830452245448,-1.9011755033202296,3.1156549489252185,150,1.6658213333418341,2.6223600005778276,4.208497999597952,5.147700000634359,249.8732000012751,0.0832910666670917,60900,0.23333333333333334,13
validation,jackson,dkitchen_ch01_seg02,DKITCHEN,-5,wiener_initial_legacy,stft_wiener,offline_file,-4.999999673230314,1.8344269770306085,6.834426650260923,-5.016830452245448,-0.20583947025318705,4.810990981992261,1,5.50680000014836,5.50680000014836,5.50680000014836,5.50680000014836,5.50680000014836,0.0018356000000494532,0,0.0,0
validation,jackson,dkitchen_ch01_seg02,DKITCHEN,-5,wiener_low_energy_offline,stft_wiener,offline_file,-4.999999673230314,-2.812193218926753,2.187806454303561,-5.016830452245448,-4.802054729471214,0.21477572277423373,1,5.922700000155601,5.922700000155601,5.922700000155601,5.922700000155601,5.922700000155601,0.0019742333333852002,0,0.0,0
validation,jackson,dkitchen_ch01_seg02,DKITCHEN,-5,wiener_adaptive_causal,stft_wiener,causal_blocks,-4.999999673230314,-3.3664716608052263,1.6335280124250877,-5.016830452245448,-3.679663421491686,1.3371670307537618,150,1.377185999978489,1.9983950001005721,2.5676379998185426,2.6576999998724204,206.57789999677334,0.06885929999892444,60900,0.23333333333333334,13
validation,jackson,dkitchen_ch01_seg02,DKITCHEN,0,bypass,baseline,causal_blocks,8.926049463128595e-08,8.926049463128595e-08,0.0,-0.009415215336876831,-0.009415215336876831,0.0,150,0.03547133333995589,0.054614999726254276,0.19003499995960693,0.2592999999251333,5.320700000993384,0.0017735666669977945,57952,0.0,0
validation,jackson,dkitchen_ch01_seg02,DKITCHEN,0,subtraction_initial_legacy,stft_subtraction,offline_file,8.926049463128595e-08,5.939706332291479,5.939706243030984,-0.009415215336876831,5.390153811837792,5.399569027174669,1,10.21500000024389,10.21500000024389,10.21500000024389,10.21500000024389,10.21500000024389,0.0034050000000812966,0,0.0,0
validation,jackson,dkitchen_ch01_seg02,DKITCHEN,0,subtraction_low_energy_offline,stft_subtraction,offline_file,8.926049463128595e-08,5.541810014640881,5.541809925380386,-0.009415215336876831,4.134996316341847,4.144411531678724,1,10.747100000116916,10.747100000116916,10.747100000116916,10.747100000116916,10.747100000116916,0.0035823666667056386,0,0.0,0
validation,jackson,dkitchen_ch01_seg02,DKITCHEN,0,subtraction_calibration_causal,stft_subtraction,causal_blocks,8.926049463128595e-08,3.5325047359910644,3.53250464673057,-0.009415215336876831,1.0294863406776056,1.0389015560144823,150,0.7823353333333216,1.2420050003584027,1.5600859997812202,2.1275999997669715,117.35029999999824,0.03911676666666608,60900,0.0,13
validation,jackson,dkitchen_ch01_seg02,DKITCHEN,0,subtraction_adaptive_causal,stft_subtraction,causal_blocks,8.926049463128595e-08,4.25150486095243,4.251504771691935,-0.009415215336876831,3.0651959822714647,3.0746111976083417,150,1.8050179999954707,2.5848699998732627,2.820915000347666,3.3554000001458917,270.7526999993206,0.09025089999977354,60900,0.26,13
validation,jackson,dkitchen_ch01_seg02,DKITCHEN,0,wiener_initial_legacy,stft_wiener,offline_file,8.926049463128595e-08,5.350773194857514,5.350773105597019,-0.009415215336876831,3.9221634352421253,3.9315786505790022,1,6.287199999860604,6.287199999860604,6.287199999860604,6.287199999860604,6.287199999860604,0.002095733333286868,0,0.0,0
validation,jackson,dkitchen_ch01_seg02,DKITCHEN,0,wiener_low_energy_offline,stft_wiener,offline_file,8.926049463128595e-08,2.6627970504287357,2.662796961168241,-0.009415215336876831,1.5870347300921308,1.5964499454290075,1,4.8790000000735745,4.8790000000735745,4.8790000000735745,4.8790000000735745,4.8790000000735745,0.0016263333333578582,0,0.0,0
validation,jackson,dkitchen_ch01_seg02,DKITCHEN,0,wiener_adaptive_causal,stft_wiener,causal_blocks,8.926049463128595e-08,1.6075891528111148,1.6075890635506203,-0.009415215336876831,1.3341300845460378,1.3435452998829145,150,1.4576200000131696,1.9070400000146033,2.2830460002933224,2.8004000005239504,218.64300000197545,0.07288100000065849,60900,0.26,13
validation,jackson,dkitchen_ch01_seg02,DKITCHEN,5,bypass,baseline,causal_blocks,5.000000245111636,5.000000245111636,0.0,4.994752183499897,4.994752183499897,0.0,150,0.029358666633925168,0.036299999919719994,0.04440800020347523,0.05560000045079505,4.403799995088775,0.0014679333316962584,57952,0.0,0
validation,jackson,dkitchen_ch01_seg02,DKITCHEN,5,subtraction_initial_legacy,stft_subtraction,offline_file,5.000000245111636,6.591150096765121,1.5911498516534852,4.994752183499897,6.874938614816706,1.880186431316809,1,9.004900000036287,9.004900000036287,9.004900000036287,9.004900000036287,9.004900000036287,0.003001633333345429,0,0.0,0
validation,jackson,dkitchen_ch01_seg02,DKITCHEN,5,subtraction_low_energy_offline,stft_subtraction,offline_file,5.000000245111636,9.414170236576238,4.414169991464602,4.994752183499897,9.701568522443097,4.7068163389432,1,7.879900000261841,7.879900000261841,7.879900000261841,7.879900000261841,7.879900000261841,0.0026266333334206138,0,0.0,0
validation,jackson,dkitchen_ch01_seg02,DKITCHEN,5,subtraction_calibration_causal,stft_subtraction,causal_blocks,5.000000245111636,4.433558206905611,-0.5664420382060245,4.994752183499897,3.0946777082486405,-1.9000744752512566,150,0.6702720000369785,0.9541399998852278,1.1296399997809201,1.607500000318396,100.54080000554677,0.03351360000184892,60900,0.0,13
validation,jackson,dkitchen_ch01_seg02,DKITCHEN,5,subtraction_adaptive_causal,stft_subtraction,causal_blocks,5.000000245111636,8.42056356272343,3.420563317611794,4.994752183499897,7.74854459794758,2.753792414447683,150,1.5355466667097062,2.1508000004359924,2.8671590002886638,4.009999999652791,230.33200000645593,0.07677733333548531,60900,0.4066666666666667,13
validation,jackson,dkitchen_ch01_seg02,DKITCHEN,5,wiener_initial_legacy,stft_wiener,offline_file,5.000000245111636,7.531797563099538,2.531797317987902,4.994752183499897,6.849643046038992,1.8548908625390945,1,3.941599999961909,3.941599999961909,3.941599999961909,3.941599999961909,3.941599999961909,0.0013138666666539696,0,0.0,0
validation,jackson,dkitchen_ch01_seg02,DKITCHEN,5,wiener_low_energy_offline,stft_wiener,offline_file,5.000000245111636,8.050621621814397,3.050621376702761,4.994752183499897,7.4956136656998265,2.5008614821999293,1,3.348099999129772,3.348099999129772,3.348099999129772,3.348099999129772,3.348099999129772,0.0011160333330432575,0,0.0,0
validation,jackson,dkitchen_ch01_seg02,DKITCHEN,5,wiener_adaptive_causal,stft_wiener,causal_blocks,5.000000245111636,6.664301732440783,1.6643014873291468,4.994752183499897,6.409456898481619,1.4147047149817222,150,1.2474833333302133,2.0917050003845343,3.0650010000499592,8.410699999330973,187.122499999532,0.06237416666651067,60900,0.4066666666666667,13
validation,jackson,dkitchen_ch01_seg02,DKITCHEN,10,bypass,baseline,causal_blocks,9.999999961421718,9.999999961421718,0.0,9.997094439174093,9.997094439174093,0.0,150,0.02197866666392656,0.02931000026364927,0.04686499992203597,0.0915000000532018,3.296799999588984,0.001098933333196328,57952,0.0,0
validation,jackson,dkitchen_ch01_seg02,DKITCHEN,10,subtraction_initial_legacy,stft_subtraction,offline_file,9.999999961421718,6.839881230778001,-3.160118730643717,9.997094439174093,7.4770943527764775,-2.5200000863976157,1,6.066500000088126,6.066500000088126,6.066500000088126,6.066500000088126,6.066500000088126,0.0020221666666960423,0,0.0,0
validation,jackson,dkitchen_ch01_seg02,DKITCHEN,10,subtraction_low_energy_offline,stft_subtraction,offline_file,9.999999961421718,11.883714205093469,1.8837142436717507,9.997094439174093,13.114146857054276,3.117052417880183,1,6.202899999152578,6.202899999152578,6.202899999152578,6.202899999152578,6.202899999152578,0.002067633333050859,0,0.0,0
validation,jackson,dkitchen_ch01_seg02,DKITCHEN,10,subtraction_calibration_causal,stft_subtraction,causal_blocks,9.999999961421718,4.771873651063219,-5.228126310358499,9.997094439174093,4.0218091209188875,-5.975285318255206,150,0.44895399999101454,0.7826550000118004,0.931009000105405,0.9671999996498926,67.34309999865218,0.022447699999550725,60900,0.0,13
validation,jackson,dkitchen_ch01_seg02,DKITCHEN,10,subtraction_adaptive_causal,stft_subtraction,causal_blocks,9.999999961421718,11.23568211203567,1.2356821506139521,9.997094439174093,11.258810632278557,1.2617161931044638,150,1.7406193333105573,2.4724750002860634,6.689712000234065,26.416700000481796,261.0928999965836,0.08703096666552786,60900,0.5133333333333333,13
validation,jackson,dkitchen_ch01_seg02,DKITCHEN,10,wiener_initial_legacy,stft_wiener,offline_file,9.999999961421718,8.538027208756805,-1.461972752664913,9.997094439174093,8.407709216890451,-1.5893852222836422,1,4.7594999996363185,4.7594999996363185,4.7594999996363185,4.7594999996363185,4.7594999996363185,0.0015864999998787728,0,0.0,0
validation,jackson,dkitchen_ch01_seg02,DKITCHEN,10,wiener_low_energy_offline,stft_wiener,offline_file,9.999999961421718,12.98846765465858,2.9884676932368617,9.997094439174093,12.775589501952238,2.778495062778145,1,4.9605000003793975,4.9605000003793975,4.9605000003793975,4.9605000003793975,4.9605000003793975,0.001653500000126466,0,0.0,0
validation,jackson,dkitchen_ch01_seg02,DKITCHEN,10,wiener_adaptive_causal,stft_wiener,causal_blocks,9.999999961421718,11.38607062036301,1.3860706589412928,9.997094439174093,11.177523751332908,1.1804293121588145,150,1.3783386666606627,1.9834799997624941,3.6316319995876016,5.622800000310235,206.7507999990994,0.06891693333303313,60900,0.5133333333333333,13
validation,jackson,dkitchen_ch01_seg03,DKITCHEN,-5,bypass,baseline,causal_blocks,-4.999999601441752,-4.999999601441752,0.0,-4.996033177208246,-4.996033177208246,0.0,150,0.01789266668614194,0.023210000381368407,0.03158799974698914,0.03640000068116933,2.683900002921291,0.000894633334307097,57952,0.0,0
validation,jackson,dkitchen_ch01_seg03,DKITCHEN,-5,subtraction_initial_legacy,stft_subtraction,offline_file,-4.999999601441752,4.233054615910164,9.233054217351917,-4.996033177208246,2.1769583280857256,7.172991505293972,1,7.574700000077428,7.574700000077428,7.574700000077428,7.574700000077428,7.574700000077428,0.0025249000000258093,0,0.0,0
validation,jackson,dkitchen_ch01_seg03,DKITCHEN,-5,subtraction_low_energy_offline,stft_subtraction,offline_file,-4.999999601441752,1.582909686222675,6.582909287664427,-4.996033177208246,-1.6466431052436636,3.3493900719645824,1,6.54350000058912,6.54350000058912,6.54350000058912,6.54350000058912,6.54350000058912,0.00218116666686304,0,0.0,0
validation,jackson,dkitchen_ch01_seg03,DKITCHEN,-5,subtraction_calibration_causal,stft_subtraction,causal_blocks,-4.999999601441752,1.6446037479608644,6.644603349402617,-4.996033177208246,-2.2744086030846162,2.72162457412363,150,0.48646933331231895,0.8274249998066807,1.015909999950962,1.1360000007698545,72.97039999684785,0.02432346666561595,60900,0.0,13
validation,jackson,dkitchen_ch01_seg03,DKITCHEN,-5,subtraction_adaptive_causal,stft_subtraction,causal_blocks,-4.999999601441752,0.6777214994642446,5.6777211009059965,-4.996033177208246,-0.7457347340701636,4.250298443138083,150,1.3649419999940922,1.7956550001599674,3.115612999890799,8.605500000157917,204.74129999911383,0.06824709999970462,60900,0.18,13
validation,jackson,dkitchen_ch01_seg03,DKITCHEN,-5,wiener_initial_legacy,stft_wiener,offline_file,-4.999999601441752,1.9320582461191227,6.932057847560875,-4.996033177208246,-0.05249950362948269,4.943533673578763,1,3.7439999996422557,3.7439999996422557,3.7439999996422557,3.7439999996422557,3.7439999996422557,0.0012479999998807518,0,0.0,0
validation,jackson,dkitchen_ch01_seg03,DKITCHEN,-5,wiener_low_energy_offline,stft_wiener,offline_file,-4.999999601441752,-2.400321206541668,2.599678394900084,-4.996033177208246,-4.334598550454184,0.6614346267540618,1,4.491599999710161,4.491599999710161,4.491599999710161,4.491599999710161,4.491599999710161,0.001497199999903387,0,0.0,0
validation,jackson,dkitchen_ch01_seg03,DKITCHEN,-5,wiener_adaptive_causal,stft_wiener,causal_blocks,-4.999999601441752,-2.849261470936175,2.150738130505577,-4.996033177208246,-3.1225502934582154,1.8734828837500306,150,1.2966166667016903,1.900564999959896,3.249725000177922,11.75630000034289,194.49250000525353,0.0648308333350845,60900,0.18,13
validation,jackson,dkitchen_ch01_seg03,DKITCHEN,0,bypass,baseline,causal_blocks,-4.307004087580629e-07,-4.307004087580629e-07,0.0,0.0025998977736328916,0.0025998977736328916,0.0,150,0.019417333332967246,0.02785500018944731,0.0504090001868461,0.14899999951012433,2.912599999945087,0.0009708666666483623,57952,0.0,0
validation,jackson,dkitchen_ch01_seg03,DKITCHEN,0,subtraction_initial_legacy,stft_subtraction,offline_file,-4.307004087580629e-07,5.878154905771774,5.878155336472183,0.0025998977736328916,5.192304766378121,5.189704868604488,1,8.569499999794061,8.569499999794061,8.569499999794061,8.569499999794061,8.569499999794061,0.0028564999999313536,0,0.0,0
validation,jackson,dkitchen_ch01_seg03,DKITCHEN,0,subtraction_low_energy_offline,stft_subtraction,offline_file,-4.307004087580629e-07,6.077453674526051,6.07745410522646,0.0025998977736328916,4.935371188671221,4.932771290897588,1,6.288499999755004,6.288499999755004,6.288499999755004,6.288499999755004,6.288499999755004,0.002096166666585001,0,0.0,0
validation,jackson,dkitchen_ch01_seg03,DKITCHEN,0,subtraction_calibration_causal,stft_subtraction,causal_blocks,-4.307004087580629e-07,3.60125779632229,3.6012582270226985,0.0025998977736328916,1.173960116742971,1.1713602189693382,150,0.4857733333604604,0.7393599996248665,0.9498130000156378,1.1193000000275788,72.86600000406906,0.024288666668023023,60900,0.0,13
validation,jackson,dkitchen_ch01_seg03,DKITCHEN,0,subtraction_adaptive_causal,stft_subtraction,causal_blocks,-4.307004087580629e-07,5.248576792650891,5.248577223351299,0.0025998977736328916,4.162416532043316,4.159816634269683,150,1.2303326667339813,1.8817250003849038,2.164017000168313,2.3973000006662915,184.5499000100972,0.061516633336699066,60900,0.23333333333333334,13
validation,jackson,dkitchen_ch01_seg03,DKITCHEN,0,wiener_initial_legacy,stft_wiener,offline_file,-4.307004087580629e-07,5.421719182974698,5.421719613675107,0.0025998977736328916,4.015870466966226,4.013270569192593,1,4.539100000329199,4.539100000329199,4.539100000329199,4.539100000329199,4.539100000329199,0.0015130333334430663,0,0.0,0
validation,jackson,dkitchen_ch01_seg03,DKITCHEN,0,wiener_low_energy_offline,stft_wiener,offline_file,-4.307004087580629e-07,2.9487921299930866,2.9487925606934953,0.0025998977736328916,1.8648583854709764,1.8622584876973436,1,3.873399999974936,3.873399999974936,3.873399999974936,3.873399999974936,3.873399999974936,0.0012911333333249786,0,0.0,0
validation,jackson,dkitchen_ch01_seg03,DKITCHEN,0,wiener_adaptive_causal,stft_wiener,causal_blocks,-4.307004087580629e-07,2.152971872570381,2.1529723032707895,0.0025998977736328916,1.8967353674219285,1.8941354696482957,150,1.3717500000166183,2.1249999998872218,2.915015999815294,3.5538000001906767,205.76250000249274,0.06858750000083091,60900,0.23333333333333334,13
validation,jackson,dkitchen_ch01_seg03,DKITCHEN,5,bypass,baseline,causal_blocks,4.999999707197212,4.999999707197212,0.0,5.0018317255735525,5.0018317255735525,0.0,150,0.019790000011804903,0.028609999981199504,0.03465500009042443,0.07899999945948366,2.9685000017707353,0.000989500000590245,57952,0.0,0
validation,jackson,dkitchen_ch01_seg03,DKITCHEN,5,subtraction_initial_legacy,stft_subtraction,offline_file,4.999999707197212,6.5861581813396715,1.5861584741424597,5.0018317255735525,6.803483500047554,1.801651774474002,1,6.4640000000508735,6.4640000000508735,6.4640000000508735,6.4640000000508735,6.4640000000508735,0.0021546666666836245,0,0.0,0
validation,jackson,dkitchen_ch01_seg03,DKITCHEN,5,subtraction_low_energy_offline,stft_subtraction,offline_file,4.999999707197212,10.201172864907765,5.201173157710553,5.0018317255735525,10.67588935195225,5.674057626378698,1,7.9011999996509985,7.9011999996509985,7.9011999996509985,7.9011999996509985,7.9011999996509985,0.0026337333332169996,0,0.0,0
validation,jackson,dkitchen_ch01_seg03,DKITCHEN,5,subtraction_calibration_causal,stft_subtraction,causal_blocks,4.999999707197212,4.464521099299343,-0.5354786078978684,5.0018317255735525,3.1783942233989286,-1.8234375021746239,150,0.5950480000198392,1.0297499996340764,1.5277040002001736,2.1219999998720596,89.25720000297588,0.02975240000099196,60900,0.0,13
validation,jackson,dkitchen_ch01_seg03,DKITCHEN,5,subtraction_adaptive_causal,stft_subtraction,causal_blocks,4.999999707197212,8.977686467695815,3.977686760498603,5.0018317255735525,8.420472634806472,3.41864090923292,150,1.5571466666976146,2.439790000107677,3.3515690000603997,5.917000000408734,233.57200000464218,0.07785733333488072,60900,0.3466666666666667,13
validation,jackson,dkitchen_ch01_seg03,DKITCHEN,5,wiener_initial_legacy,stft_wiener,offline_file,4.999999707197212,7.57271021661874,2.572710509421528,5.0018317255735525,6.903768170082679,1.9019364445091265,1,4.540300000371644,4.540300000371644,4.540300000371644,4.540300000371644,4.540300000371644,0.0015134333334572148,0,0.0,0
validation,jackson,dkitchen_ch01_seg03,DKITCHEN,5,wiener_low_energy_offline,stft_wiener,offline_file,4.999999707197212,8.631813516561479,3.6318138093642673,5.0018317255735525,8.14753102203505,3.1456992964614976,1,4.779599999892525,4.779599999892525,4.779599999892525,4.779599999892525,4.779599999892525,0.001593199999964175,0,0.0,0
validation,jackson,dkitchen_ch01_seg03,DKITCHEN,5,wiener_adaptive_causal,stft_wiener,causal_blocks,4.999999707197212,7.065680082135913,2.065680374938701,5.0018317255735525,6.818469431615162,1.8166377060416092,150,1.1719933333612669,1.6728000000512109,1.9052269999883715,2.0126999997955863,175.79900000419002,0.05859966666806334,60900,0.3466666666666667,13
validation,jackson,dkitchen_ch01_seg03,DKITCHEN,10,bypass,baseline,causal_blocks,10.000000355147929,10.000000355147929,0.0,10.001400294335113,10.001400294335113,0.0,150,0.024254666720177436,0.043120000009366735,0.0754129998676944,0.10180000026593916,3.6382000080266153,0.0012127333360088717,57952,0.0,0
validation,jackson,dkitchen_ch01_seg03,DKITCHEN,10,subtraction_initial_legacy,stft_subtraction,offline_file,10.000000355147929,6.848043612656807,-3.151956742491122,10.001400294335113,7.463170678928398,-2.538229615406715,1,6.961200000660028,6.961200000660028,6.961200000660028,6.961200000660028,6.961200000660028,0.0023204000002200096,0,0.0,0
validation,jackson,dkitchen_ch01_seg03,DKITCHEN,10,subtraction_low_energy_offline,stft_subtraction,offline_file,10.000000355147929,12.048072074337648,2.0480717191897195,10.001400294335113,13.290077729137952,3.288677434802839,1,6.3643000003139605,6.3643000003139605,6.3643000003139605,6.3643000003139605,6.3643000003139605,0.0021214333334379867,0,0.0,0
validation,jackson,dkitchen_ch01_seg03,DKITCHEN,10,subtraction_calibration_causal,stft_subtraction,causal_blocks,10.000000355147929,4.783445314867048,-5.2165550402808805,10.001400294335113,4.057983554906196,-5.943416739428917,150,0.6721873333602465,0.9954650000054233,1.936440999706973,4.23769999997603,100.82810000403697,0.03360936666801232,60900,0.0,13
validation,jackson,dkitchen_ch01_seg03,DKITCHEN,10,subtraction_adaptive_causal,stft_subtraction,causal_blocks,10.000000355147929,11.460172408260846,1.4601720531129168,10.001400294335113,11.616448899576845,1.615048605241732,150,1.6931813333879593,2.351955000040107,2.8802270000505805,32.31390000019019,253.9772000081939,0.08465906666939797,60900,0.4533333333333333,13
validation,jackson,dkitchen_ch01_seg03,DKITCHEN,10,wiener_initial_legacy,stft_wiener,offline_file,10.000000355147929,8.559215784700788,-1.440784570447141,10.001400294335113,8.436677959931188,-1.5647223344039247,1,4.221799999868381,4.221799999868381,4.221799999868381,4.221799999868381,4.221799999868381,0.0014072666666227935,0,0.0,0
validation,jackson,dkitchen_ch01_seg03,DKITCHEN,10,wiener_low_energy_offline,stft_wiener,offline_file,10.000000355147929,13.133915014221625,3.133914659073696,10.001400294335113,12.929470200694162,2.928069906359049,1,4.864799999268143,4.864799999268143,4.864799999268143,4.864799999268143,4.864799999268143,0.0016215999997560477,0,0.0,0
validation,jackson,dkitchen_ch01_seg03,DKITCHEN,10,wiener_adaptive_causal,stft_wiener,causal_blocks,10.000000355147929,11.70784457015089,1.707844215002961,10.001400294335113,11.503260752620854,1.5018604582857407,150,1.2688126666701767,2.1677750001799723,2.4190249999992375,2.533900000344147,190.3219000005265,0.06344063333350884,60900,0.4533333333333333,13
validation,jackson,ooffice_ch01_seg01,OOFFICE,-5,bypass,baseline,causal_blocks,-4.999999920085023,-4.999999920085023,0.0,-5.002601400457255,-5.002601400457255,0.0,150,0.03170266662588498,0.03612499986047621,0.07056000022203074,0.6521999994220096,4.755399993882747,0.001585133331294249,57952,0.0,0
validation,jackson,ooffice_ch01_seg01,OOFFICE,-5,subtraction_initial_legacy,stft_subtraction,offline_file,-4.999999920085023,-1.8881447903220963,3.111855129762927,-5.002601400457255,-5.51653429821978,-0.5139328977625244,1,21.40899999994872,21.40899999994872,21.40899999994872,21.40899999994872,21.40899999994872,0.00713633333331624,0,0.0,0
validation,jackson,ooffice_ch01_seg01,OOFFICE,-5,subtraction_low_energy_offline,stft_subtraction,offline_file,-4.999999920085023,-2.5802711728890326,2.4197287471959905,-5.002601400457255,-5.974902082704059,-0.9723006822468037,1,9.742700000060722,9.742700000060722,9.742700000060722,9.742700000060722,9.742700000060722,0.0032475666666869074,0,0.0,0
validation,jackson,ooffice_ch01_seg01,OOFFICE,-5,subtraction_calibration_causal,stft_subtraction,causal_blocks,-4.999999920085023,-1.5147037103786376,3.4852962097063855,-5.002601400457255,-6.255959398402347,-1.2533579979450922,150,0.5558973333063477,0.9050599999682161,1.0176140000749,9.212599999955273,83.38459999595216,0.027794866665317386,60900,0.0,13
validation,jackson,ooffice_ch01_seg01,OOFFICE,-5,subtraction_adaptive_causal,stft_subtraction,causal_blocks,-4.999999920085023,-2.773771943566938,2.2262279765180852,-5.002601400457255,-4.213492054019432,0.7891093464378232,150,2.408064666657689,3.3448550003413393,14.344267999813365,104.1187999999238,361.2096999986534,0.12040323333288445,60900,0.3333333333333333,13
validation,jackson,ooffice_ch01_seg01,OOFFICE,-5,wiener_initial_legacy,stft_wiener,offline_file,-4.999999920085023,-3.3122569702294102,1.687742949855613,-5.002601400457255,-5.534797694283963,-0.5321962938267077,1,5.417999999735912,5.417999999735912,5.417999999735912,5.417999999735912,5.417999999735912,0.0018059999999119707,0,0.0,0
validation,jackson,ooffice_ch01_seg01,OOFFICE,-5,wiener_low_energy_offline,stft_wiener,offline_file,-4.999999920085023,-4.275346391582229,0.7246535285027944,-5.002601400457255,-5.851028834958151,-0.8484274345008957,1,4.556899999442976,4.556899999442976,4.556899999442976,4.556899999442976,4.556899999442976,0.001518966666480992,0,0.0,0
validation,jackson,ooffice_ch01_seg01,OOFFICE,-5,wiener_adaptive_causal,stft_wiener,causal_blocks,-4.999999920085023,-4.398609194068743,0.6013907260162803,-5.002601400457255,-4.671547072651431,0.3310543278058242,150,1.4691099999981816,2.4550699994961174,3.1345420000616246,5.054399999607995,220.36649999972724,0.07345549999990908,60900,0.3333333333333333,13
validation,jackson,ooffice_ch01_seg01,OOFFICE,0,bypass,baseline,causal_blocks,8.499012771670105e-08,8.499012771670105e-08,0.0,-0.001230302761457045,-0.001230302761457045,0.0,150,0.02650266669661505,0.03165499952046957,0.05222600031629533,0.0804999999672873,3.9754000044922577,0.0013251333348307526,57952,0.0,0
validation,jackson,ooffice_ch01_seg01,OOFFICE,0,subtraction_initial_legacy,stft_subtraction,offline_file,8.499012771670105e-08,2.097978439454773,2.097978354464645,-0.001230302761457045,-0.8062909250250505,-0.8050606222635934,1,10.067000000162807,10.067000000162807,10.067000000162807,10.067000000162807,10.067000000162807,0.0033556666667209356,0,0.0,0
validation,jackson,ooffice_ch01_seg01,OOFFICE,0,subtraction_low_energy_offline,stft_subtraction,offline_file,8.499012771670105e-08,2.3654922807075143,2.3654921957173864,-0.001230302761457045,0.23940122478200304,0.2406315275434601,1,9.140600000137056,9.140600000137056,9.140600000137056,9.140600000137056,9.140600000137056,0.003046866666712352,0,0.0,0
validation,jackson,ooffice_ch01_seg01,OOFFICE,0,subtraction_calibration_causal,stft_subtraction,causal_blocks,8.499012771670105e-08,1.8606297223377135,1.8606296373475857,-0.001230302761457045,-1.8448172113899564,-1.8435869086284993,150,0.7963746667337546,1.3939250001385473,3.518629999998654,10.05180000083783,119.45620001006318,0.03981873333668773,60900,0.0,13
validation,jackson,ooffice_ch01_seg01,OOFFICE,0,subtraction_adaptive_causal,stft_subtraction,causal_blocks,8.499012771670105e-08,2.042607763797694,2.042607678807566,-0.001230302761457045,0.7711657243798337,0.7723960271412907,150,2.146994000019428,3.660589999799412,7.215256000290527,11.94009999926493,322.0491000029142,0.1073497000009714,60900,0.4266666666666667,13
validation,jackson,ooffice_ch01_seg01,OOFFICE,0,wiener_initial_legacy,stft_wiener,offline_file,8.499012771670105e-08,1.2010683376071114,1.2010682526169836,-0.001230302761457045,-0.7959825426800081,-0.794752239918551,1,5.3568000002997,5.3568000002997,5.3568000002997,5.3568000002997,5.3568000002997,0.0017856000000999,0,0.0,0
validation,jackson,ooffice_ch01_seg01,OOFFICE,0,wiener_low_energy_offline,stft_wiener,offline_file,8.499012771670105e-08,0.8812923691632589,0.8812922841731312,-0.001230302761457045,-0.08057878871065412,-0.07934848594919708,1,5.496699999639532,5.496699999639532,5.496699999639532,5.496699999639532,5.496699999639532,0.0018322333332131773,0,0.0,0
validation,jackson,ooffice_ch01_seg01,OOFFICE,0,wiener_adaptive_causal,stft_wiener,causal_blocks,8.499012771670105e-08,0.5862211409229056,0.5862210559327778,-0.001230302761457045,0.31414342563181963,0.31537372839327665,150,1.5600726666464955,2.2390050000922197,6.834975999763619,7.78219999938301,234.01089999697433,0.07800363333232478,60900,0.4266666666666667,13
validation,jackson,ooffice_ch01_seg01,OOFFICE,5,bypass,baseline,causal_blocks,5.000000162923479,5.000000162923479,0.0,4.999540701202706,4.999540701202706,0.0,150,0.020206000038645772,0.028629999951590424,0.035568999664974385,0.09959999988495838,3.030900005796866,0.0010103000019322887,57952,0.0,0
validation,jackson,ooffice_ch01_seg01,OOFFICE,5,subtraction_initial_legacy,stft_subtraction,offline_file,5.000000162923479,4.851068881015933,-0.14893128190754634,4.999540701202706,3.1789740575899645,-1.8205666436127417,1,6.051800000022922,6.051800000022922,6.051800000022922,6.051800000022922,6.051800000022922,0.0020172666666743075,0,0.0,0
validation,jackson,ooffice_ch01_seg01,OOFFICE,5,subtraction_low_energy_offline,stft_subtraction,offline_file,5.000000162923479,6.976174592353046,1.976174429429567,4.999540701202706,6.004328742225359,1.0047880410226524,1,6.584199999451812,6.584199999451812,6.584199999451812,6.584199999451812,6.584199999451812,0.002194733333150604,0,0.0,0
validation,jackson,ooffice_ch01_seg01,OOFFICE,5,subtraction_calibration_causal,stft_subtraction,causal_blocks,5.000000162923479,3.7917385073135246,-1.2082616556099546,4.999540701202706,1.5437259894177862,-3.45581471178492,150,0.5300279999695098,0.8287800000744024,1.4288220004800667,1.5275999994628364,79.50419999542646,0.026501399998475488,60900,0.0,13
validation,jackson,ooffice_ch01_seg01,OOFFICE,5,subtraction_adaptive_causal,stft_subtraction,causal_blocks,5.000000162923479,6.430488486539331,1.4304883236158519,4.999540701202706,5.476829581896798,0.4772888806940916,150,1.3087653333241178,1.9355699999323397,2.721818000027266,4.58489999982703,196.31479999861767,0.06543826666620589,60900,0.4666666666666667,13
validation,jackson,ooffice_ch01_seg01,OOFFICE,5,wiener_initial_legacy,stft_wiener,offline_file,5.000000162923479,4.929753326249497,-0.07024683667398257,4.999540701202706,3.42334634822171,-1.576194352980996,1,3.2762999999249587,3.2762999999249587,3.2762999999249587,3.2762999999249587,3.2762999999249587,0.0010920999999749863,0,0.0,0
validation,jackson,ooffice_ch01_seg01,OOFFICE,5,wiener_low_energy_offline,stft_wiener,offline_file,5.000000162923479,6.066152919881988,1.066152756958509,4.999540701202706,5.495281044888105,0.4957403436853989,1,3.1314999996538972,3.1314999996538972,3.1314999996538972,3.1314999996538972,3.1314999996538972,0.0010438333332179657,0,0.0,0
validation,jackson,ooffice_ch01_seg01,OOFFICE,5,wiener_adaptive_causal,stft_wiener,causal_blocks,5.000000162923479,5.508153976984298,0.5081538140608188,4.999540701202706,5.248546480218362,0.2490057790156559,150,1.2213846666600148,1.883789999737928,2.187933000113843,2.683400000023539,183.20769999900222,0.06106923333300074,60900,0.4666666666666667,13
validation,jackson,ooffice_ch01_seg01,OOFFICE,10,bypass,baseline,causal_blocks,9.999999730100779,9.999999730100779,0.0,9.999973774316352,9.999973774316352,0.0,150,0.02732000001439398,0.03678499970192205,0.1399470004344026,0.23850000070524402,4.098000002159097,0.0013660000007196988,57952,0.0,0
validation,jackson,ooffice_ch01_seg01,OOFFICE,10,subtraction_initial_legacy,stft_subtraction,offline_file,9.999999730100779,6.237549944062106,-3.7624497860386725,9.999973774316352,5.8620196372333275,-4.137954137083025,1,6.4793000001373,6.4793000001373,6.4793000001373,6.4793000001373,6.4793000001373,0.0021597666667124336,0,0.0,0
validation,jackson,ooffice_ch01_seg01,OOFFICE,10,subtraction_low_energy_offline,stft_subtraction,offline_file,9.999999730100779,10.216050802206508,0.2160510721057296,9.999973774316352,10.279633220941871,0.27965944662551934,1,6.338700000014796,6.338700000014796,6.338700000014796,6.338700000014796,6.338700000014796,0.0021129000000049323,0,0.0,0
validation,jackson,ooffice_ch01_seg01,OOFFICE,10,subtraction_calibration_causal,stft_subtraction,causal_blocks,9.999999730100779,4.5908871486680365,-5.409112581432742,9.999973774316352,3.4597923408427596,-6.540181433473593,150,0.5407633333197737,0.8757100003549566,1.2946090001787507,2.068899999358109,81.11449999796605,0.027038166665988683,60900,0.0,13
validation,jackson,ooffice_ch01_seg01,OOFFICE,10,subtraction_adaptive_causal,stft_subtraction,causal_blocks,9.999999730100779,10.047824126852664,0.04782439675188499,9.999973774316352,9.69555647918654,-0.30441729512981297,150,1.3063980000151787,1.8688200002543447,2.596015000090117,2.8446999995139777,195.9597000022768,0.06531990000075893,60900,0.5466666666666666,13
validation,jackson,ooffice_ch01_seg01,OOFFICE,10,wiener_initial_legacy,stft_wiener,offline_file,9.999999730100779,7.359105240550296,-2.640894489550483,9.999973774316352,6.585649174957252,-3.4143245993591,1,4.0987000002132845,4.0987000002132845,4.0987000002132845,4.0987000002132845,4.0987000002132845,0.001366233333404428,0,0.0,0
validation,jackson,ooffice_ch01_seg01,OOFFICE,10,wiener_low_energy_offline,stft_wiener,offline_file,9.999999730100779,10.761783383139708,0.761783653038929,9.999973774316352,10.411344957009332,0.4113711826929798,1,3.7886000000071363,3.7886000000071363,3.7886000000071363,3.7886000000071363,3.7886000000071363,0.0012628666666690453,0,0.0,0
validation,jackson,ooffice_ch01_seg01,OOFFICE,10,wiener_adaptive_causal,stft_wiener,causal_blocks,9.999999730100779,10.306375364688577,0.3063756345877984,9.999973774316352,10.092010441869697,0.09203666755334439,150,1.1454980000235082,1.6532299996924837,1.967954000228926,2.5236999999833643,171.82470000352623,0.05727490000117541,60900,0.5466666666666666,13
validation,jackson,ooffice_ch01_seg02,OOFFICE,-5,bypass,baseline,causal_blocks,-4.999999789904707,-4.999999789904707,0.0,-4.980316864503484,-4.980316864503484,0.0,150,0.023390000005747424,0.037220000058368855,0.13546100044550174,0.2068999992843601,3.5085000008621137,0.0011695000002873712,57952,0.0,0
validation,jackson,ooffice_ch01_seg02,OOFFICE,-5,subtraction_initial_legacy,stft_subtraction,offline_file,-4.999999789904707,4.566413814664918,9.566413604569625,-4.980316864503484,2.7215013057926414,7.701818170296125,1,7.297399999515619,7.297399999515619,7.297399999515619,7.297399999515619,7.297399999515619,0.0024324666665052064,0,0.0,0
validation,jackson,ooffice_ch01_seg02,OOFFICE,-5,subtraction_low_energy_offline,stft_subtraction,offline_file,-4.999999789904707,-0.3518278843432665,4.6481719055614406,-4.980316864503484,-3.695245838744421,1.2850710257590632,1,7.847400000173366,7.847400000173366,7.847400000173366,7.847400000173366,7.847400000173366,0.0026158000000577886,0,0.0,0
validation,jackson,ooffice_ch01_seg02,OOFFICE,-5,subtraction_calibration_causal,stft_subtraction,causal_blocks,-4.999999789904707,1.1157804991503735,6.11578028905508,-4.980316864503484,-2.9928505555277036,1.9874663089757805,150,0.5126020000049417,0.7879400002821055,0.849724999961836,0.8659999994051759,76.89030000074126,0.025630100000247086,60900,0.0,13
validation,jackson,ooffice_ch01_seg02,OOFFICE,-5,subtraction_adaptive_causal,stft_subtraction,causal_blocks,-4.999999789904707,-0.8170811593693849,4.182918630535322,-4.980316864503484,-2.185104259257349,2.7952126052461352,150,1.2812313333597558,1.8135400004211986,2.0180280000840853,2.178499999899941,192.18470000396337,0.06406156666798779,60900,0.21333333333333335,13
validation,jackson,ooffice_ch01_seg02,OOFFICE,-5,wiener_initial_legacy,stft_wiener,offline_file,-4.999999789904707,2.7031963566443773,7.703196146549084,-4.980316864503484,0.811518926854714,5.791835791358198,1,4.9382999995941645,4.9382999995941645,4.9382999995941645,4.9382999995941645,4.9382999995941645,0.0016460999998647214,0,0.0,0
validation,jackson,ooffice_ch01_seg02,OOFFICE,-5,wiener_low_energy_offline,stft_wiener,offline_file,-4.999999789904707,-3.43967608665791,1.5603237032467967,-4.980316864503484,-5.204268812196403,-0.22395194769291926,1,3.3967999997912557,3.3967999997912557,3.3967999997912557,3.3967999997912557,3.3967999997912557,0.0011322666665970853,0,0.0,0
validation,jackson,ooffice_ch01_seg02,OOFFICE,-5,wiener_adaptive_causal,stft_wiener,causal_blocks,-4.999999789904707,-3.578328742453991,1.4216710474507157,-4.980316864503484,-3.8098387166042214,1.1704781478992627,150,1.214367333377595,1.9197849997908634,2.0690780001132225,3.375399999640649,182.15510000663926,0.06071836666887975,60900,0.21333333333333335,13
validation,jackson,ooffice_ch01_seg02,OOFFICE,0,bypass,baseline,causal_blocks,3.518146332247456e-07,3.518146332247456e-07,0.0,0.011449558319309935,0.011449558319309935,0.0,150,0.02758400000554199,0.03716500004884437,0.04949100000885661,0.06750000011379598,4.1376000008312985,0.0013792000002770994,57952,0.0,0
validation,jackson,ooffice_ch01_seg02,OOFFICE,0,subtraction_initial_legacy,stft_subtraction,offline_file,3.518146332247456e-07,6.050735299079949,6.050734947265315,0.011449558319309935,5.509756902590701,5.4983073442713915,1,8.623200000329234,8.623200000329234,8.623200000329234,8.623200000329234,8.623200000329234,0.0028744000001097447,0,0.0,0
validation,jackson,ooffice_ch01_seg02,OOFFICE,0,subtraction_low_energy_offline,stft_subtraction,offline_file,3.518146332247456e-07,4.206275193390826,4.206274841576192,0.011449558319309935,2.284643617944151,2.2731940596248412,1,8.256200000687386,8.256200000687386,8.256200000687386,8.256200000687386,8.256200000687386,0.002752066666895795,0,0.0,0
validation,jackson,ooffice_ch01_seg02,OOFFICE,0,subtraction_calibration_causal,stft_subtraction,causal_blocks,3.518146332247456e-07,3.334578515966161,3.3345781641515275,0.011449558319309935,0.628736710073865,0.6172871517545551,150,0.5980146666661312,0.9987250001813659,1.2639409999883335,1.64039999981469,89.70219999991969,0.02990073333330656,60900,0.0,13
validation,jackson,ooffice_ch01_seg02,OOFFICE,0,subtraction_adaptive_causal,stft_subtraction,causal_blocks,3.518146332247456e-07,3.8701119854632764,3.870111633648643,0.011449558319309935,2.7312112312499144,2.7197616729306047,150,1.5544626666754386,2.274915000089094,2.5429239998720723,5.633599999782746,233.1694000013158,0.07772313333377194,60900,0.2733333333333333,13
validation,jackson,ooffice_ch01_seg02,OOFFICE,0,wiener_initial_legacy,stft_wiener,offline_file,3.518146332247456e-07,5.932255090494478,5.932254738679845,0.011449558319309935,4.66196116560535,4.65051160728604,1,5.794600000626815,5.794600000626815,5.794600000626815,5.794600000626815,5.794600000626815,0.0019315333335422717,0,0.0,0
validation,jackson,ooffice_ch01_seg02,OOFFICE,0,wiener_low_energy_offline,stft_wiener,offline_file,3.518146332247456e-07,1.664716597562411,1.6647162457477778,0.011449558319309935,0.4952719042553868,0.48382234593607687,1,5.115599999953702,5.115599999953702,5.115599999953702,5.115599999953702,5.115599999953702,0.0017051999999845673,0,0.0,0
validation,jackson,ooffice_ch01_seg02,OOFFICE,0,wiener_adaptive_causal,stft_wiener,causal_blocks,3.518146332247456e-07,1.406836618660575,1.4068362668459418,0.011449558319309935,1.1734699864355649,1.162020428116255,150,1.6254086666958756,2.0240550002654345,2.3091020000083486,2.483899999788264,243.81130000438134,0.08127043333479378,60900,0.2733333333333333,13
validation,jackson,ooffice_ch01_seg02,OOFFICE,5,bypass,baseline,causal_blocks,5.000000298268683,5.000000298268683,0.0,5.006815907927188,5.006815907927188,0.0,150,0.03648999999010508,0.03915500024049834,0.05261800035441409,0.07120000009308569,5.473499998515763,0.0018244999995052542,57952,0.0,0
validation,jackson,ooffice_ch01_seg02,OOFFICE,5,subtraction_initial_legacy,stft_subtraction,offline_file,5.000000298268683,6.66285783969105,1.6628575414223672,5.006815907927188,6.938129211917193,1.931313303990005,1,8.476499999233056,8.476499999233056,8.476499999233056,8.476499999233056,8.476499999233056,0.002825499999744352,0,0.0,0
validation,jackson,ooffice_ch01_seg02,OOFFICE,5,subtraction_low_energy_offline,stft_subtraction,offline_file,5.000000298268683,8.470446427601882,3.470446129333199,5.006815907927188,8.239450201912948,3.23263429398576,1,10.42319999942265,10.42319999942265,10.42319999942265,10.42319999942265,10.42319999942265,0.00347439999980755,0,0.0,0
validation,jackson,ooffice_ch01_seg02,OOFFICE,5,subtraction_calibration_causal,stft_subtraction,causal_blocks,5.000000298268683,4.363685026198059,-0.6363152720706235,5.006815907927188,2.88444967502487,-2.1223662329023183,150,0.6685539999853063,1.0714299998198835,1.2313030001223522,2.1464000001287786,100.28309999779594,0.033427699999265315,60900,0.0,13
validation,jackson,ooffice_ch01_seg02,OOFFICE,5,subtraction_adaptive_causal,stft_subtraction,causal_blocks,5.000000298268683,7.9922550208354295,2.992254722566747,5.006815907927188,7.2542987184354715,2.2474828105082834,150,1.727807333330323,2.3875899997165106,4.6510539996779645,29.81439999985014,259.17109999954846,0.08639036666651616,60900,0.38,13
validation,jackson,ooffice_ch01_seg02,OOFFICE,5,wiener_initial_legacy,stft_wiener,offline_file,5.000000298268683,7.818973477478118,2.8189731792094355,5.006815907927188,7.270521922469955,2.263706014542767,1,3.2797000003483845,3.2797000003483845,3.2797000003483845,3.2797000003483845,3.2797000003483845,0.0010932333334494615,0,0.0,0
validation,jackson,ooffice_ch01_seg02,OOFFICE,5,wiener_low_energy_offline,stft_wiener,offline_file,5.000000298268683,7.000785914221731,2.000785615953048,5.006815907927188,6.3408374290704606,1.3340215211432724,1,3.743199999917124,3.743199999917124,3.743199999917124,3.743199999917124,3.743199999917124,0.001247733333305708,0,0.0,0
validation,jackson,ooffice_ch01_seg02,OOFFICE,5,wiener_adaptive_causal,stft_wiener,causal_blocks,5.000000298268683,6.33424720941369,1.3342469111450077,5.006815907927188,6.105561872092102,1.0987459641649142,150,1.021776666639198,1.522285000237387,1.7742879999786958,2.0414000000528176,153.2664999958797,0.051088833331959904,60900,0.38,13
validation,jackson,ooffice_ch01_seg02,OOFFICE,10,bypass,baseline,causal_blocks,10.000000174942144,10.000000174942144,0.0,10.004209036643124,10.004209036643124,0.0,150,0.02431399995960722,0.03167499999108258,0.04086299954906279,0.043000000005122274,3.647099993941083,0.001215699997980361,57952,0.0,0
validation,jackson,ooffice_ch01_seg02,OOFFICE,10,subtraction_initial_legacy,stft_subtraction,offline_file,10.000000174942144,6.880131849381161,-3.119868325560983,10.004209036643124,7.508703089823806,-2.4955059468193177,1,9.020399999826623,9.020399999826623,9.020399999826623,9.020399999826623,9.020399999826623,0.0030067999999422077,0,0.0,0
validation,jackson,ooffice_ch01_seg02,OOFFICE,10,subtraction_low_energy_offline,stft_subtraction,offline_file,10.000000174942144,11.817130771029909,1.8171305960877646,10.004209036643124,12.91193955243263,2.907730515789506,1,8.945999999923515,8.945999999923515,8.945999999923515,8.945999999923515,8.945999999923515,0.002981999999974505,0,0.0,0
validation,jackson,ooffice_ch01_seg02,OOFFICE,10,subtraction_calibration_causal,stft_subtraction,causal_blocks,10.000000174942144,4.7515584394311166,-5.248441735511028,10.004209036643124,3.9383437481240313,-6.065865288519092,150,0.4572860000795724,0.6719899998188339,0.8635869996669491,0.9830999997575418,68.59290001193585,0.022864300003978617,60900,0.0,13
validation,jackson,ooffice_ch01_seg02,OOFFICE,10,subtraction_adaptive_causal,stft_subtraction,causal_blocks,10.000000174942144,11.147286063102019,1.1472858881598746,10.004209036643124,11.01386710862716,1.0096580719840365,150,1.7600400000022394,2.3760200006563523,9.337321999419082,28.442099999665515,264.0060000003359,0.08800200000011198,60900,0.4533333333333333,13
validation,jackson,ooffice_ch01_seg02,OOFFICE,10,wiener_initial_legacy,stft_wiener,offline_file,10.000000174942144,8.64806216521321,-1.3519380097289346,10.004209036643124,8.585942225066455,-1.4182668115766681,1,4.814200000510027,4.814200000510027,4.814200000510027,4.814200000510027,4.814200000510027,0.0016047333335033425,0,0.0,0
validation,jackson,ooffice_ch01_seg02,OOFFICE,10,wiener_low_energy_offline,stft_wiener,offline_file,10.000000174942144,12.444350621210702,2.444350446268558,10.004209036643124,12.191791684258032,2.1875826476149083,1,5.132499999490392,5.132499999490392,5.132499999490392,5.132499999490392,5.132499999490392,0.001710833333163464,0,0.0,0
validation,jackson,ooffice_ch01_seg02,OOFFICE,10,wiener_adaptive_causal,stft_wiener,causal_blocks,10.000000174942144,11.098907301937832,1.0989071269956874,10.004209036643124,10.907154734308078,0.9029456976649541,150,1.2372193333067116,1.696210000454812,2.295210000611403,7.770800000798772,185.58289999600674,0.06186096666533558,60900,0.4533333333333333,13
validation,jackson,ooffice_ch01_seg03,OOFFICE,-5,bypass,baseline,causal_blocks,-4.999999778544121,-4.999999778544121,0.0,-4.991367490681053,-4.991367490681053,0.0,150,0.029067333349909557,0.03259999994043028,0.047414000464414026,0.05639999926643213,4.360100002486433,0.0014533666674954777,57952,0.0,0
validation,jackson,ooffice_ch01_seg03,OOFFICE,-5,subtraction_initial_legacy,stft_subtraction,offline_file,-4.999999778544121,2.888239500160772,7.8882392787048925,-4.991367490681053,0.20315266194390497,5.194520152624958,1,6.899999999404827,6.899999999404827,6.899999999404827,6.899999999404827,6.899999999404827,0.0022999999998016087,0,0.0,0
validation,jackson,ooffice_ch01_seg03,OOFFICE,-5,subtraction_low_energy_offline,stft_subtraction,offline_file,-4.999999778544121,0.3075222141250103,5.307521992669131,-4.991367490681053,-3.4654290552728173,1.5259384354082353,1,9.64509999994334,9.64509999994334,9.64509999994334,9.64509999994334,9.64509999994334,0.0032150333333144467,0,0.0,0
validation,jackson,ooffice_ch01_seg03,OOFFICE,-5,subtraction_calibration_causal,stft_subtraction,causal_blocks,-4.999999778544121,1.6050390087811182,6.605038787325238,-4.991367490681053,-2.268320980948673,2.7230465097323795,150,0.6659666667231553,1.0170500001549934,2.3621100003128914,4.455199999938486,99.89500000847329,0.03329833333615776,60900,0.0,13
validation,jackson,ooffice_ch01_seg03,OOFFICE,-5,subtraction_adaptive_causal,stft_subtraction,causal_blocks,-4.999999778544121,-0.017939640339886202,4.982060138204234,-4.991367490681053,-1.4815027891465355,3.509864701534517,150,1.3334600000598584,1.938384999903063,2.4094380001952196,4.311900000175228,200.01900000897876,0.06667300000299292,60900,0.23333333333333334,13
validation,jackson,ooffice_ch01_seg03,OOFFICE,-5,wiener_initial_legacy,stft_wiener,offline_file,-4.999999778544121,0.5199826676926488,5.519982446236769,-4.991367490681053,-1.5548693230743962,3.4364981676066564,1,15.387100000225473,15.387100000225473,15.387100000225473,15.387100000225473,15.387100000225473,0.005129033333408491,0,0.0,0
validation,jackson,ooffice_ch01_seg03,OOFFICE,-5,wiener_low_energy_offline,stft_wiener,offline_file,-4.999999778544121,-3.0271172155486332,1.9728825629954874,-4.991367490681053,-5.166072807147279,-0.174705316466226,1,4.990999999790802,4.990999999790802,4.990999999790802,4.990999999790802,4.990999999790802,0.001663666666596934,0,0.0,0
validation,jackson,ooffice_ch01_seg03,OOFFICE,-5,wiener_adaptive_causal,stft_wiener,causal_blocks,-4.999999778544121,-3.3029484785936614,1.6970512999504592,-4.991367490681053,-3.589344010522961,1.4020234801580918,150,1.7004806667015753,2.7971450001587015,5.107253999904047,7.113900000149442,255.07210000523628,0.08502403333507876,60900,0.23333333333333334,13
validation,jackson,ooffice_ch01_seg03,OOFFICE,0,bypass,baseline,causal_blocks,5.968564889302796e-08,5.968564889302796e-08,0.0,0.0050507593263747095,0.0050507593263747095,0.0,150,0.031892666665953584,0.03832000015790981,0.046973000062280314,0.06639999992330559,4.783899999893038,0.0015946333332976792,57952,0.0,0
validation,jackson,ooffice_ch01_seg03,OOFFICE,0,subtraction_initial_legacy,stft_subtraction,offline_file,5.968564889302796e-08,5.24262127483675,5.2426212151511,0.0050507593263747095,3.8755560721589184,3.8705053128325435,1,10.89750000028289,10.89750000028289,10.89750000028289,10.89750000028289,10.89750000028289,0.0036325000000942964,0,0.0,0
validation,jackson,ooffice_ch01_seg03,OOFFICE,0,subtraction_low_energy_offline,stft_subtraction,offline_file,5.968564889302796e-08,5.393925262420405,5.3939252027347555,0.0050507593263747095,3.915533255718614,3.9104824963922393,1,10.492500000509608,10.492500000509608,10.492500000509608,10.492500000509608,10.492500000509608,0.0034975000001698695,0,0.0,0
validation,jackson,ooffice_ch01_seg03,OOFFICE,0,subtraction_calibration_causal,stft_subtraction,causal_blocks,5.968564889302796e-08,3.6024436153602424,3.6024435556745935,0.0050507593263747095,1.1607951755527022,1.1557444162263275,150,0.6460813333311913,1.1334550003084576,1.6159089998200187,2.1778999998787185,96.9121999996787,0.03230406666655957,60900,0.0,13
validation,jackson,ooffice_ch01_seg03,OOFFICE,0,subtraction_adaptive_causal,stft_subtraction,causal_blocks,5.968564889302796e-08,4.631396908605398,4.631396848919748,0.0050507593263747095,3.511332134509648,3.5062813751832733,150,1.5980719999849196,2.221200000121825,2.635369000063292,2.9451000000335625,239.71079999773792,0.07990359999924597,60900,0.2,13
validation,jackson,ooffice_ch01_seg03,OOFFICE,0,wiener_initial_legacy,stft_wiener,offline_file,5.968564889302796e-08,4.389217922576201,4.389217862890551,0.0050507593263747095,2.771562739801885,2.76651198047551,1,4.609599999639613,4.609599999639613,4.609599999639613,4.609599999639613,4.609599999639613,0.0015365333332132043,0,0.0,0
validation,jackson,ooffice_ch01_seg03,OOFFICE,0,wiener_low_energy_offline,stft_wiener,offline_file,5.968564889302796e-08,2.455621497093344,2.4556214374076952,0.0050507593263747095,1.3487914833946966,1.343740724068322,1,4.826599999432801,4.826599999432801,4.826599999432801,4.826599999432801,4.826599999432801,0.0016088666664776004,0,0.0,0
validation,jackson,ooffice_ch01_seg03,OOFFICE,0,wiener_adaptive_causal,stft_wiener,causal_blocks,5.968564889302796e-08,1.692614304122049,1.6926142444364,0.0050507593263747095,1.4377034752222537,1.432652715895879,150,1.6956866666563049,2.0580699999300114,2.7269789998717866,4.1507000005367445,254.35299999844574,0.08478433333281525,60900,0.2,13
validation,jackson,ooffice_ch01_seg03,OOFFICE,5,bypass,baseline,causal_blocks,4.999999909686139,4.999999909686139,0.0,5.0030358842280584,5.0030358842280584,0.0,150,0.03682333331501771,0.041230000397263204,0.06503199986582318,0.0749000000723754,5.523499997252657,0.0018411666657508856,57952,0.0,0
validation,jackson,ooffice_ch01_seg03,OOFFICE,5,subtraction_initial_legacy,stft_subtraction,offline_file,4.999999909686139,6.358298610282713,1.358298700596574,5.0030358842280584,6.161480329340559,1.1584444451125009,1,10.467399999470217,10.467399999470217,10.467399999470217,10.467399999470217,10.467399999470217,0.003489133333156739,0,0.0,0
validation,jackson,ooffice_ch01_seg03,OOFFICE,5,subtraction_low_energy_offline,stft_subtraction,offline_file,4.999999909686139,9.097357674802256,4.097357765116117,5.0030358842280584,9.26981507519952,4.266779190971462,1,11.41379999990022,11.41379999990022,11.41379999990022,11.41379999990022,11.41379999990022,0.00380459999996674,0,0.0,0
validation,jackson,ooffice_ch01_seg03,OOFFICE,5,subtraction_calibration_causal,stft_subtraction,causal_blocks,4.999999909686139,4.4792621706970035,-0.5207377389891352,5.0030358842280584,3.1790388302770713,-1.823997053950987,150,0.8066699999956958,0.9277000004203728,1.1492789999465456,2.9828000006091315,121.00049999935436,0.040333499999784785,60900,0.0,13
validation,jackson,ooffice_ch01_seg03,OOFFICE,5,subtraction_adaptive_causal,stft_subtraction,causal_blocks,4.999999909686139,8.585896969289934,3.585897059603795,5.0030358842280584,7.941089209680655,2.9380533254525965,150,1.824934666644064,2.257130000361938,2.686503999948395,4.261400000359572,273.7401999966096,0.09124673333220319,60900,0.36,13
validation,jackson,ooffice_ch01_seg03,OOFFICE,5,wiener_initial_legacy,stft_wiener,offline_file,4.999999909686139,7.016819052068741,2.0168191423826025,5.0030358842280584,6.105393182616195,1.102357298388137,1,6.375800000569143,6.375800000569143,6.375800000569143,6.375800000569143,6.375800000569143,0.002125266666856381,0,0.0,0
validation,jackson,ooffice_ch01_seg03,OOFFICE,5,wiener_low_energy_offline,stft_wiener,offline_file,4.999999909686139,7.707663255813698,2.7076633461275597,5.0030358842280584,7.105845991473454,2.1028101072453955,1,6.050100000720704,6.050100000720704,6.050100000720704,6.050100000720704,6.050100000720704,0.0020167000002402347,0,0.0,0
validation,jackson,ooffice_ch01_seg03,OOFFICE,5,wiener_adaptive_causal,stft_wiener,causal_blocks,4.999999909686139,6.6220685614465635,1.6220686517604248,5.0030358842280584,6.3863414673174805,1.383305583089422,150,1.6808573333340366,2.033525000115332,2.2581040007480624,2.39289999990433,252.1286000001055,0.08404286666670184,60900,0.36,13
validation,jackson,ooffice_ch01_seg03,OOFFICE,10,bypass,baseline,causal_blocks,9.999999886547332,9.999999886547332,0.0,10.001902695988612,10.001902695988612,0.0,150,0.03458800000468424,0.04048499968121176,0.06105699949330282,0.3326999994897051,5.188200000702636,0.001729400000234212,57952,0.0,0
validation,jackson,ooffice_ch01_seg03,OOFFICE,10,subtraction_initial_legacy,stft_subtraction,offline_file,9.999999886547332,6.78017467334166,-3.219825213205672,10.001902695988612,7.223160136382681,-2.7787425596059308,1,10.185500000261527,10.185500000261527,10.185500000261527,10.185500000261527,10.185500000261527,0.0033951666667538425,0,0.0,0
validation,jackson,ooffice_ch01_seg03,OOFFICE,10,subtraction_low_energy_offline,stft_subtraction,offline_file,9.999999886547332,11.803501189611517,1.8035013030641842,10.001902695988612,12.988167636921428,2.9862649409328164,1,10.041999999884865,10.041999999884865,10.041999999884865,10.041999999884865,10.041999999884865,0.003347333333294955,0,0.0,0
validation,jackson,ooffice_ch01_seg03,OOFFICE,10,subtraction_calibration_causal,stft_subtraction,causal_blocks,9.999999886547332,4.798109169983369,-5.201890716563963,10.001902695988612,4.0706632851995685,-5.931239410789043,150,0.7386313333214881,0.9362349997900309,1.1112749999574585,1.2279000002308749,110.79469999822322,0.03693156666607441,60900,0.0,13
validation,jackson,ooffice_ch01_seg03,OOFFICE,10,subtraction_adaptive_causal,stft_subtraction,causal_blocks,9.999999886547332,11.470385297073038,1.4703854105257061,10.001902695988612,11.489985145080277,1.4880824490916655,150,1.7899520000113018,2.185849999796118,2.3215270001674067,2.805199999784236,268.4928000016953,0.0894976000005651,60900,0.47333333333333333,13
validation,jackson,ooffice_ch01_seg03,OOFFICE,10,wiener_initial_legacy,stft_wiener,offline_file,9.999999886547332,8.337339998471172,-1.6626598880761598,10.001902695988612,8.06692244819794,-1.9349802477906728,1,7.217099999252241,7.217099999252241,7.217099999252241,7.217099999252241,7.217099999252241,0.002405699999750747,0,0.0,0
validation,jackson,ooffice_ch01_seg03,OOFFICE,10,wiener_low_energy_offline,stft_wiener,offline_file,9.999999886547332,12.879785746030795,2.879785859483462,10.001902695988612,12.658788819035646,2.656886123047034,1,6.358699999509554,6.358699999509554,6.358699999509554,6.358699999509554,6.358699999509554,0.0021195666665031845,0,0.0,0
validation,jackson,ooffice_ch01_seg03,OOFFICE,10,wiener_adaptive_causal,stft_wiener,causal_blocks,9.999999886547332,11.384816641945708,1.3848167553983757,10.001902695988612,11.188208394742368,1.1863056987537561,150,1.4282933332591103,1.91675500027486,2.1342739997908198,2.607700000226032,214.24399998886656,0.07141466666295553,60900,0.47333333333333333,13
validation,nicolas,dkitchen_ch01_seg01,DKITCHEN,-5,bypass,baseline,causal_blocks,-4.999999559819256,-4.999999559819256,0.0,-5.095443529689923,-5.095443529689923,0.0,150,0.02175333333070739,0.02496499960216166,0.04716699977507231,0.09680000039224979,3.2629999996061088,0.0010876666665353696,57952,0.0,0
validation,nicolas,dkitchen_ch01_seg01,DKITCHEN,-5,subtraction_initial_legacy,stft_subtraction,offline_file,-4.999999559819256,0.5866150249837324,5.586614584802988,-5.095443529689923,-3.4518336360352504,1.643609893654673,1,10.408900000584254,10.408900000584254,10.408900000584254,10.408900000584254,10.408900000584254,0.0034696333335280847,0,0.0,0
validation,nicolas,dkitchen_ch01_seg01,DKITCHEN,-5,subtraction_low_energy_offline,stft_subtraction,offline_file,-4.999999559819256,0.7279588243621171,5.727958384181373,-5.095443529689923,-1.606150895785009,3.489292633904914,1,9.574000000611704,9.574000000611704,9.574000000611704,9.574000000611704,9.574000000611704,0.003191333333537235,0,0.0,0
validation,nicolas,dkitchen_ch01_seg01,DKITCHEN,-5,subtraction_calibration_causal,stft_subtraction,causal_blocks,-4.999999559819256,1.3918461162638973,6.391845676083153,-5.095443529689923,-3.0202620077164095,2.075181521973514,150,0.605690666634473,0.944265000043742,1.0842760001287381,1.1713000003510388,90.85359999517095,0.03028453333172365,60900,0.0,13
validation,nicolas,dkitchen_ch01_seg01,DKITCHEN,-5,subtraction_adaptive_causal,stft_subtraction,causal_blocks,-4.999999559819256,0.24457145840976585,5.2445710182290215,-5.095443529689923,-0.6300829609753218,4.465360568714601,150,1.2863626666391308,1.5708450001511662,2.397179999597934,2.7878000000782777,192.9543999958696,0.06431813333195653,60900,0.3,13
validation,nicolas,dkitchen_ch01_seg01,DKITCHEN,-5,wiener_initial_legacy,stft_wiener,offline_file,-4.999999559819256,-2.211206385959377,2.7887931738598786,-5.095443529689923,-5.650744805450039,-0.5553012757601152,1,4.221000000143249,4.221000000143249,4.221000000143249,4.221000000143249,4.221000000143249,0.0014070000000477496,0,0.0,0
validation,nicolas,dkitchen_ch01_seg01,DKITCHEN,-5,wiener_low_energy_offline,stft_wiener,offline_file,-4.999999559819256,-2.940227048587616,2.05977251123164,-5.095443529689923,-4.2183383035958455,0.8771052260940779,1,3.9299000000028173,3.9299000000028173,3.9299000000028173,3.9299000000028173,3.9299000000028173,0.0013099666666676058,0,0.0,0
validation,nicolas,dkitchen_ch01_seg01,DKITCHEN,-5,wiener_adaptive_causal,stft_wiener,causal_blocks,-4.999999559819256,-3.357730893448662,1.6422686663705939,-5.095443529689923,-3.587584532750314,1.5078589969396092,150,1.1667986666179786,1.535259999718619,1.726368999716214,2.053700000033132,175.0197999926968,0.05833993333089893,60900,0.3,13
validation,nicolas,dkitchen_ch01_seg01,DKITCHEN,0,bypass,baseline,causal_blocks,3.067089591395378e-08,3.067089591395378e-08,0.0,-0.07977678020225033,-0.07977678020225033,0.0,150,0.02358666664804332,0.0342099998761114,0.04134599979806804,0.1401999998051906,3.537999997206498,0.001179333332402166,57952,0.0,0
validation,nicolas,dkitchen_ch01_seg01,DKITCHEN,0,subtraction_initial_legacy,stft_subtraction,offline_file,3.067089591395378e-08,3.4406866895501036,3.4406866588792075,-0.07977678020225033,0.7835933484674729,0.8633701286697232,1,10.193500000241329,10.193500000241329,10.193500000241329,10.193500000241329,10.193500000241329,0.0033978333334137765,0,0.0,0
validation,nicolas,dkitchen_ch01_seg01,DKITCHEN,0,subtraction_low_energy_offline,stft_subtraction,offline_file,3.067089591395378e-08,5.927545943808884,5.927545913137988,-0.07977678020225033,4.749254276465566,4.829031056667816,1,27.53500000017084,27.53500000017084,27.53500000017084,27.53500000017084,27.53500000017084,0.00917833333339028,0,0.0,0
validation,nicolas,dkitchen_ch01_seg01,DKITCHEN,0,subtraction_calibration_causal,stft_subtraction,causal_blocks,3.067089591395378e-08,3.1124241959566525,3.1124241652857565,-0.07977678020225033,0.18479647815785605,0.26457325836010637,150,0.6813073333250941,1.0044900001048496,1.8586320001122623,2.2020999995220336,102.19609999876411,0.034065366666254704,60900,0.0,13
validation,nicolas,dkitchen_ch01_seg01,DKITCHEN,0,subtraction_adaptive_causal,stft_subtraction,causal_blocks,3.067089591395378e-08,4.916634437739115,4.916634407068219,-0.07977678020225033,4.262848253718333,4.342625033920584,150,1.6324173333062693,2.0371450007132803,2.2166170001128194,2.2292999992714613,244.8625999959404,0.08162086666531347,60900,0.3333333333333333,13
validation,nicolas,dkitchen_ch01_seg01,DKITCHEN,0,wiener_initial_legacy,stft_wiener,offline_file,3.067089591395378e-08,1.8590369320084201,1.8590369013375243,-0.07977678020225033,-1.0079439117503444,-0.928167131548094,1,5.596599999989849,5.596599999989849,5.596599999989849,5.596599999989849,5.596599999989849,0.0018655333333299495,0,0.0,0
validation,nicolas,dkitchen_ch01_seg01,DKITCHEN,0,wiener_low_energy_offline,stft_wiener,offline_file,3.067089591395378e-08,2.3822863163070047,2.3822862856361087,-0.07977678020225033,1.6086881890425733,1.6884649692448237,1,3.9862000003267894,3.9862000003267894,3.9862000003267894,3.9862000003267894,3.9862000003267894,0.001328733333442263,0,0.0,0
validation,nicolas,dkitchen_ch01_seg01,DKITCHEN,0,wiener_adaptive_causal,stft_wiener,causal_blocks,3.067089591395378e-08,1.5903656498723162,1.5903656192014204,-0.07977678020225033,1.3935786387069653,1.4733554189092157,150,1.447840666630024,1.8354450002334486,1.9622029995935006,2.04200000007404,217.1760999945036,0.0723920333315012,60900,0.3333333333333333,13
validation,nicolas,dkitchen_ch01_seg01,DKITCHEN,5,bypass,baseline,causal_blocks,4.999999676136969,4.999999676136969,0.0,4.929020759740169,4.929020759740169,0.0,150,0.024407999984153623,0.03613999974731995,0.04498299999795551,0.06070000017643906,3.6611999976230436,0.0012203999992076813,57952,0.0,0
validation,nicolas,dkitchen_ch01_seg01,DKITCHEN,5,subtraction_initial_legacy,stft_subtraction,offline_file,4.999999676136969,4.9260656201702675,-0.07393405596670188,4.929020759740169,3.7764344286132263,-1.1525863311269426,1,7.914800000435207,7.914800000435207,7.914800000435207,7.914800000435207,7.914800000435207,0.002638266666811736,0,0.0,0
validation,nicolas,dkitchen_ch01_seg01,DKITCHEN,5,subtraction_low_energy_offline,stft_subtraction,offline_file,4.999999676136969,10.525810083288649,5.525810407151679,4.929020759740169,10.468617790117538,5.539597030377369,1,8.735800000067684,8.735800000067684,8.735800000067684,8.735800000067684,8.735800000067684,0.0029119333333558948,0,0.0,0
validation,nicolas,dkitchen_ch01_seg01,DKITCHEN,5,subtraction_calibration_causal,stft_subtraction,causal_blocks,4.999999676136969,3.827748102149105,-1.1722515739878645,4.929020759740169,1.9218208326267372,-3.0071999271134318,150,0.7030873333193691,0.9262249999665073,0.9941009999147354,0.9994000001825043,105.46309999790537,0.03515436666596846,60900,0.0,13
validation,nicolas,dkitchen_ch01_seg01,DKITCHEN,5,subtraction_adaptive_causal,stft_subtraction,causal_blocks,4.999999676136969,9.445705322047463,4.445705645910493,4.929020759740169,9.028518036164611,4.099497276424442,150,2.6804093333036385,2.3066050000579703,40.678184999714865,79.24000000002707,402.0613999955458,0.13402046666518194,60900,0.36666666666666664,13
validation,nicolas,dkitchen_ch01_seg01,DKITCHEN,5,wiener_initial_legacy,stft_wiener,offline_file,4.999999676136969,4.756256073109797,-0.24374360302717246,4.929020759740169,2.923036852486564,-2.0059839072536048,1,5.292200000440062,5.292200000440062,5.292200000440062,5.292200000440062,5.292200000440062,0.0017640666668133538,0,0.0,0
validation,nicolas,dkitchen_ch01_seg01,DKITCHEN,5,wiener_low_energy_offline,stft_wiener,offline_file,4.999999676136969,7.758654371677046,2.758654695540077,4.929020759740169,7.347809948954645,2.4187891892144764,1,4.617300000063551,4.617300000063551,4.617300000063551,4.617300000063551,4.617300000063551,0.0015391000000211836,0,0.0,0
validation,nicolas,dkitchen_ch01_seg01,DKITCHEN,5,wiener_adaptive_causal,stft_wiener,causal_blocks,4.999999676136969,6.539591382014516,1.5395917058775463,4.929020759740169,6.363550932336503,1.4345301725963342,150,1.6728206666872818,1.9962899998517967,2.319315000049754,2.4401000000580098,250.92310000309226,0.08364103333436408,60900,0.36666666666666664,13
validation,nicolas,dkitchen_ch01_seg01,DKITCHEN,10,bypass,baseline,causal_blocks,10.000000034196626,10.000000034196626,0.0,9.933964624359753,9.933964624359753,0.0,150,0.021392666688673973,0.026365000258010658,0.03970600049797203,0.08259999958681874,3.208900003301096,0.0010696333344336988,57952,0.0,0
validation,nicolas,dkitchen_ch01_seg01,DKITCHEN,10,subtraction_initial_legacy,stft_subtraction,offline_file,10.000000034196626,5.516995651827595,-4.483004382369031,9.933964624359753,5.389418314436889,-4.544546309922864,1,6.943300000784802,6.943300000784802,6.943300000784802,6.943300000784802,6.943300000784802,0.002314433333594934,0,0.0,0
validation,nicolas,dkitchen_ch01_seg01,DKITCHEN,10,subtraction_low_energy_offline,stft_subtraction,offline_file,10.000000034196626,13.710914102221881,3.7109140680252555,9.933964624359753,14.847826026258875,4.913861401899123,1,8.369500000299013,8.369500000299013,8.369500000299013,8.369500000299013,8.369500000299013,0.002789833333433004,0,0.0,0
validation,nicolas,dkitchen_ch01_seg01,DKITCHEN,10,subtraction_calibration_causal,stft_subtraction,causal_blocks,10.000000034196626,4.061549316070898,-5.938450718125728,9.933964624359753,2.6104850934918677,-7.3234795308678855,150,0.6501626666492181,0.8989199996449314,0.9546039996439498,1.094300000659132,97.52439999738272,0.03250813333246091,60900,0.0,13
validation,nicolas,dkitchen_ch01_seg01,DKITCHEN,10,subtraction_adaptive_causal,stft_subtraction,causal_blocks,10.000000034196626,13.060755443078174,3.0607554088815476,9.933964624359753,12.993563899199154,3.0595992748394014,150,1.7523433333250675,2.0484250003391935,2.2427989999414413,4.0689000006750575,262.8514999987601,0.08761716666625337,60900,0.38666666666666666,13
validation,nicolas,dkitchen_ch01_seg01,DKITCHEN,10,wiener_initial_legacy,stft_wiener,offline_file,10.000000034196626,6.237752963999234,-3.7622470701973922,9.933964624359753,5.528796812302705,-4.405167812057048,1,5.916699999943376,5.916699999943376,5.916699999943376,5.916699999943376,5.916699999943376,0.0019722333333144584,0,0.0,0
validation,nicolas,dkitchen_ch01_seg01,DKITCHEN,10,wiener_low_energy_offline,stft_wiener,offline_file,10.000000034196626,12.822195130096869,2.822195095900243,9.933964624359753,12.694508089824286,2.760543465464533,1,5.584999999882712,5.584999999882712,5.584999999882712,5.584999999882712,5.584999999882712,0.0018616666666275705,0,0.0,0
validation,nicolas,dkitchen_ch01_seg01,DKITCHEN,10,wiener_adaptive_causal,stft_wiener,causal_blocks,10.000000034196626,11.31798562418097,1.3179855899843442,9.933964624359753,11.1680666049859,1.2341019806261464,150,1.6049373333347223,1.9750099998418589,2.1169030000601192,2.3389999996652477,240.74060000020836,0.08024686666673612,60900,0.38666666666666666,13
validation,nicolas,dkitchen_ch01_seg02,DKITCHEN,-5,bypass,baseline,causal_blocks,-4.999999570921227,-4.999999570921227,0.0,-5.019603535776039,-5.019603535776039,0.0,150,0.030258666665758938,0.03611000020100619,0.0594800002909323,0.07920000007288763,4.538799999863841,0.0015129333332879469,57952,0.0,0
validation,nicolas,dkitchen_ch01_seg02,DKITCHEN,-5,subtraction_initial_legacy,stft_subtraction,offline_file,-4.999999570921227,3.742483282464331,8.742482853385557,-5.019603535776039,1.4517885634756713,6.47139209925171,1,10.135699999409553,10.135699999409553,10.135699999409553,10.135699999409553,10.135699999409553,0.003378566666469851,0,0.0,0
validation,nicolas,dkitchen_ch01_seg02,DKITCHEN,-5,subtraction_low_energy_offline,stft_subtraction,offline_file,-4.999999570921227,1.2299913433627383,6.229990914283965,-5.019603535776039,-0.9694359510016375,4.050167584774401,1,10.236900000563764,10.236900000563764,10.236900000563764,10.236900000563764,10.236900000563764,0.0034123000001879213,0,0.0,0
validation,nicolas,dkitchen_ch01_seg02,DKITCHEN,-5,subtraction_calibration_causal,stft_subtraction,causal_blocks,-4.999999570921227,1.1714324823660034,6.17143205328723,-5.019603535776039,-3.2507068329090267,1.768896702867012,150,0.7650506666929383,0.9777000004305586,1.2398370002574663,1.8222999997306033,114.75760000394075,0.03825253333464692,60900,0.0,13
validation,nicolas,dkitchen_ch01_seg02,DKITCHEN,-5,subtraction_adaptive_causal,stft_subtraction,causal_blocks,-4.999999570921227,-0.2075669541138296,4.792432616807397,-5.019603535776039,-1.0492416105331586,3.97036192524288,150,1.6970553333461187,2.042830000118556,2.3311109997393933,2.4029000005612033,254.55830000191781,0.08485276666730594,60900,0.30666666666666664,13
validation,nicolas,dkitchen_ch01_seg02,DKITCHEN,-5,wiener_initial_legacy,stft_wiener,offline_file,-4.999999570921227,1.3923621784198505,6.392361749341077,-5.019603535776039,-1.5563759363715741,3.4632275994044646,1,6.091799999921932,6.091799999921932,6.091799999921932,6.091799999921932,6.091799999921932,0.0020305999999739774,0,0.0,0
validation,nicolas,dkitchen_ch01_seg02,DKITCHEN,-5,wiener_low_energy_offline,stft_wiener,offline_file,-4.999999570921227,-2.821884004641933,2.1781155662792937,-5.019603535776039,-3.875284076619274,1.1443194591567645,1,5.50440000006347,5.50440000006347,5.50440000006347,5.50440000006347,5.50440000006347,0.0018348000000211566,0,0.0,0
validation,nicolas,dkitchen_ch01_seg02,DKITCHEN,-5,wiener_adaptive_causal,stft_wiener,causal_blocks,-4.999999570921227,-3.3195967529988235,1.680402817922403,-5.019603535776039,-3.4967870617968195,1.5228164739792192,150,1.4155966666779325,1.7800849996547186,1.930072000022846,2.0051000001330976,212.33950000168988,0.07077983333389663,60900,0.30666666666666664,13
validation,nicolas,dkitchen_ch01_seg02,DKITCHEN,0,bypass,baseline,causal_blocks,3.6915926185870805e-07,3.6915926185870805e-07,0.0,-0.03708008346515872,-0.03708008346515872,0.0,150,0.02765133330588772,0.037024999846835244,0.13460299996040642,0.28980000024603214,4.147699995883158,0.0013825666652943862,57952,0.0,0
validation,nicolas,dkitchen_ch01_seg02,DKITCHEN,0,subtraction_initial_legacy,stft_subtraction,offline_file,3.6915926185870805e-07,4.942927573882295,4.942927204723032,-0.03708008346515872,4.0841619361706165,4.121242019635775,1,9.84359999984008,9.84359999984008,9.84359999984008,9.84359999984008,9.84359999984008,0.0032811999999466934,0,0.0,0
validation,nicolas,dkitchen_ch01_seg02,DKITCHEN,0,subtraction_low_energy_offline,stft_subtraction,offline_file,3.6915926185870805e-07,6.283362708273428,6.2833623391141655,-0.03708008346515872,5.1947829979756825,5.231863081440841,1,10.151700000278652,10.151700000278652,10.151700000278652,10.151700000278652,10.151700000278652,0.003383900000092884,0,0.0,0
validation,nicolas,dkitchen_ch01_seg02,DKITCHEN,0,subtraction_calibration_causal,stft_subtraction,causal_blocks,3.6915926185870805e-07,2.956737330803016,2.956736961643754,-0.03708008346515872,-0.09953971096804357,-0.06245962750288485,150,0.6329166666303839,0.88610499974493,0.9708149998550649,1.0167999998884625,94.93749999455758,0.03164583333151919,60900,0.0,13
validation,nicolas,dkitchen_ch01_seg02,DKITCHEN,0,subtraction_adaptive_causal,stft_subtraction,causal_blocks,3.6915926185870805e-07,4.685075483439613,4.685075114280351,-0.03708008346515872,4.04483588090924,4.0819159643743985,150,1.4831053333242987,1.885819999870364,2.0046249998813432,2.4911999998948886,222.4657999986448,0.07415526666621493,60900,0.36,13
validation,nicolas,dkitchen_ch01_seg02,DKITCHEN,0,wiener_initial_legacy,stft_wiener,offline_file,3.6915926185870805e-07,4.343397752065707,4.343397382906445,-0.03708008346515872,2.3788639287881743,2.415944012253333,1,4.120099999454396,4.120099999454396,4.120099999454396,4.120099999454396,4.120099999454396,0.0013733666664847988,0,0.0,0
validation,nicolas,dkitchen_ch01_seg02,DKITCHEN,0,wiener_low_energy_offline,stft_wiener,offline_file,3.6915926185870805e-07,2.5252464518137336,2.525246082654472,-0.03708008346515872,1.8455196482671599,1.8825997317323186,1,4.44950000019162,4.44950000019162,4.44950000019162,4.44950000019162,4.44950000019162,0.0014831666667305399,0,0.0,0
validation,nicolas,dkitchen_ch01_seg02,DKITCHEN,0,wiener_adaptive_causal,stft_wiener,causal_blocks,3.6915926185870805e-07,1.6991814341844822,1.6991810650252204,-0.03708008346515872,1.5301140139853409,1.5671940974504996,150,1.5235686666164838,1.8868350002776424,2.4856780000573027,9.208700000272074,228.53529999247257,0.07617843333082419,60900,0.36,13
validation,nicolas,dkitchen_ch01_seg02,DKITCHEN,5,bypass,baseline,causal_blocks,4.999999817737326,4.999999817737326,0.0,4.95307614721172,4.95307614721172,0.0,150,0.030599999978827935,0.03695500035973964,0.050463999659768735,0.06260000009206124,4.58999999682419,0.0015299999989413966,57952,0.0,0
validation,nicolas,dkitchen_ch01_seg02,DKITCHEN,5,subtraction_initial_legacy,stft_subtraction,offline_file,4.999999817737326,5.423091628713475,0.4230918109761497,4.95307614721172,5.3820177062680274,0.42894155905630704,1,8.626100000583392,8.626100000583392,8.626100000583392,8.626100000583392,8.626100000583392,0.002875366666861131,0,0.0,0
validation,nicolas,dkitchen_ch01_seg02,DKITCHEN,5,subtraction_low_energy_offline,stft_subtraction,offline_file,4.999999817737326,10.424095961845328,5.4240961441080024,4.95307614721172,10.474620627391932,5.521544480180212,1,7.443199999215722,7.443199999215722,7.443199999215722,7.443199999215722,7.443199999215722,0.0024810666664052405,0,0.0,0
validation,nicolas,dkitchen_ch01_seg02,DKITCHEN,5,subtraction_calibration_causal,stft_subtraction,causal_blocks,4.999999817737326,3.720176637486556,-1.2798231802507698,4.95307614721172,1.681620369032151,-3.2714557781795692,150,0.6667173333759516,0.8832800002892325,1.1198359998797962,1.3925000002927845,100.00760000639275,0.033335866668797585,60900,0.0,13
validation,nicolas,dkitchen_ch01_seg02,DKITCHEN,5,subtraction_adaptive_causal,stft_subtraction,causal_blocks,4.999999817737326,9.23630589616748,4.236306078430154,4.95307614721172,8.844419891568995,3.8913437443572745,150,1.6832713333133142,2.2284050001871942,3.63404000043373,5.807300000014948,252.49069999699714,0.08416356666566571,60900,0.38,13
validation,nicolas,dkitchen_ch01_seg02,DKITCHEN,5,wiener_initial_legacy,stft_wiener,offline_file,4.999999817737326,5.920183869865946,0.9201840521286204,4.95307614721172,5.037273269082455,0.08419712187073447,1,4.032200000438024,4.032200000438024,4.032200000438024,4.032200000438024,4.032200000438024,0.0013440666668126748,0,0.0,0
validation,nicolas,dkitchen_ch01_seg02,DKITCHEN,5,wiener_low_energy_offline,stft_wiener,offline_file,4.999999817737326,7.795890379659735,2.795890561922409,4.95307614721172,7.37937728097748,2.42630113376576,1,4.1049999999813735,4.1049999999813735,4.1049999999813735,4.1049999999813735,4.1049999999813735,0.0013683333333271246,0,0.0,0
validation,nicolas,dkitchen_ch01_seg02,DKITCHEN,5,wiener_adaptive_causal,stft_wiener,causal_blocks,4.999999817737326,6.680384088325014,1.6803842705876884,4.95307614721172,6.520710848692315,1.5676347014805945,150,1.3309140000274056,1.8381300002602072,1.9349569998394143,2.1329000001060194,199.63710000411083,0.06654570000137028,60900,0.38,13
validation,nicolas,dkitchen_ch01_seg02,DKITCHEN,10,bypass,baseline,causal_blocks,10.000000289894198,10.000000289894198,0.0,9.947536465796073,9.947536465796073,0.0,150,0.03431066668175239,0.042609999673004495,0.056145000235119286,0.06190000021888409,5.146600002262858,0.0017155333340876193,57952,0.0,0
validation,nicolas,dkitchen_ch01_seg02,DKITCHEN,10,subtraction_initial_legacy,stft_subtraction,offline_file,10.000000289894198,5.597146635785469,-4.402853654108728,9.947536465796073,5.894382939420839,-4.053153526375234,1,8.683299999574956,8.683299999574956,8.683299999574956,8.683299999574956,8.683299999574956,0.002894433333191652,0,0.0,0
validation,nicolas,dkitchen_ch01_seg02,DKITCHEN,10,subtraction_low_energy_offline,stft_subtraction,offline_file,10.000000289894198,13.704102135311299,3.7041018454171013,9.947536465796073,15.011218955349646,5.063682489553573,1,9.788599999410508,9.788599999410508,9.788599999410508,9.788599999410508,9.788599999410508,0.003262866666470169,0,0.0,0
validation,nicolas,dkitchen_ch01_seg02,DKITCHEN,10,subtraction_calibration_causal,stft_subtraction,causal_blocks,10.000000289894198,3.995875405646878,-6.00412488424732,9.947536465796073,2.4558789219073867,-7.491657543888687,150,0.548674666667163,0.867084999799772,1.0768350004127567,1.1292999997749575,82.30120000007446,0.027433733333358152,60900,0.0,13
validation,nicolas,dkitchen_ch01_seg02,DKITCHEN,10,subtraction_adaptive_causal,stft_subtraction,causal_blocks,10.000000289894198,12.915510216697184,2.9155099268029865,9.947536465796073,12.911720676329727,2.964184210533654,150,1.7448900000029728,2.1157850002055056,2.635874999477888,2.981999999974505,261.73350000044593,0.08724450000014865,60900,0.44,13
validation,nicolas,dkitchen_ch01_seg02,DKITCHEN,10,wiener_initial_legacy,stft_wiener,offline_file,10.000000289894198,6.5514638921095125,-3.448536397784685,9.947536465796073,6.361733160302705,-3.585803305493368,1,6.105299999944691,6.105299999944691,6.105299999944691,6.105299999944691,6.105299999944691,0.0020350999999815635,0,0.0,0
validation,nicolas,dkitchen_ch01_seg02,DKITCHEN,10,wiener_low_energy_offline,stft_wiener,offline_file,10.000000289894198,13.066093592238868,3.0660933023446706,9.947536465796073,12.962420118715368,3.014883652919295,1,4.097099999853526,4.097099999853526,4.097099999853526,4.097099999853526,4.097099999853526,0.0013656999999511754,0,0.0,0
validation,nicolas,dkitchen_ch01_seg02,DKITCHEN,10,wiener_adaptive_causal,stft_wiener,causal_blocks,10.000000289894198,11.49489829912789,1.494898009233692,9.947536465796073,11.358978612736042,1.4114421469399687,150,1.660338000037882,2.114264999909209,2.3262120002618754,4.59099999989121,249.0507000056823,0.0830169000018941,60900,0.44,13
validation,nicolas,dkitchen_ch01_seg03,DKITCHEN,-5,bypass,baseline,causal_blocks,-5.000000068811023,-5.000000068811023,0.0,-5.012170925579527,-5.012170925579527,0.0,150,0.03482866669704284,0.03866500005642592,0.06813200028773268,0.08620000062364852,5.224300004556426,0.001741433334852142,57952,0.0,0
validation,nicolas,dkitchen_ch01_seg03,DKITCHEN,-5,subtraction_initial_legacy,stft_subtraction,offline_file,-5.000000068811023,3.582474539244871,8.582474608055893,-5.012170925579527,1.0926255763517139,6.104796501931241,1,11.147900000651134,11.147900000651134,11.147900000651134,11.147900000651134,11.147900000651134,0.0037159666668837112,0,0.0,0
validation,nicolas,dkitchen_ch01_seg03,DKITCHEN,-5,subtraction_low_energy_offline,stft_subtraction,offline_file,-5.000000068811023,1.9981791632192438,6.9981792320302665,-5.012170925579527,0.18985941223592098,5.202030337815448,1,10.135500000615139,10.135500000615139,10.135500000615139,10.135500000615139,10.135500000615139,0.003378500000205046,0,0.0,0
validation,nicolas,dkitchen_ch01_seg03,DKITCHEN,-5,subtraction_calibration_causal,stft_subtraction,causal_blocks,-5.000000068811023,1.2852440652646138,6.285244134075636,-5.012170925579527,-3.127849661266247,1.88432126431328,150,0.6623340000078315,0.9126350005317362,1.0338910002519694,1.201799999762443,99.35010000117472,0.033116700000391575,60900,0.0,13
validation,nicolas,dkitchen_ch01_seg03,DKITCHEN,-5,subtraction_adaptive_causal,stft_subtraction,causal_blocks,-5.000000068811023,0.8473344965872625,5.847334565398285,-5.012170925579527,0.0344322470259572,5.046603172605484,150,1.8376319999879343,2.1196549998421688,3.2910039999569554,66.7860000003202,275.64479999819014,0.09188159999939671,60900,0.26,13
validation,nicolas,dkitchen_ch01_seg03,DKITCHEN,-5,wiener_initial_legacy,stft_wiener,offline_file,-5.000000068811023,1.5046374475891824,6.504637516400205,-5.012170925579527,-1.3910798452131066,3.6210910803664205,1,3.778700000111712,3.778700000111712,3.778700000111712,3.778700000111712,3.778700000111712,0.001259566666703904,0,0.0,0
validation,nicolas,dkitchen_ch01_seg03,DKITCHEN,-5,wiener_low_energy_offline,stft_wiener,offline_file,-5.000000068811023,-2.463966812483536,2.5360332563274866,-5.012170925579527,-3.3364542299952844,1.6757166955842426,1,4.290700000638026,4.290700000638026,4.290700000638026,4.290700000638026,4.290700000638026,0.0014302333335460087,0,0.0,0
validation,nicolas,dkitchen_ch01_seg03,DKITCHEN,-5,wiener_adaptive_causal,stft_wiener,causal_blocks,-5.000000068811023,-2.811521710150287,2.1884783586607357,-5.012170925579527,-2.981956297777779,2.030214627801748,150,1.359146666606345,2.1171549997688968,3.460778999860846,3.7348999994719634,203.87199999095174,0.06795733333031724,60900,0.26,13
validation,nicolas,dkitchen_ch01_seg03,DKITCHEN,0,bypass,baseline,causal_blocks,-3.6094628475448817e-07,-3.6094628475448817e-07,0.0,-0.03256145118991261,-0.03256145118991261,0.0,150,0.03802733331516114,0.03918999987035929,0.05625499964480686,0.33059999987017363,5.70409999727417,0.0019013666657580568,57952,0.0,0
validation,nicolas,dkitchen_ch01_seg03,DKITCHEN,0,subtraction_initial_legacy,stft_subtraction,offline_file,-3.6094628475448817e-07,4.915489992326613,4.915490353272897,-0.03256145118991261,3.8934869049759184,3.9260483561658313,1,10.681000000658969,10.681000000658969,10.681000000658969,10.681000000658969,10.681000000658969,0.0035603333335529896,0,0.0,0
validation,nicolas,dkitchen_ch01_seg03,DKITCHEN,0,subtraction_low_energy_offline,stft_subtraction,offline_file,-3.6094628475448817e-07,6.796296166900638,6.7962965278469225,-0.03256145118991261,5.824182275835148,5.85674372702506,1,9.445000000596337,9.445000000596337,9.445000000596337,9.445000000596337,9.445000000596337,0.0031483333335321126,0,0.0,0
validation,nicolas,dkitchen_ch01_seg03,DKITCHEN,0,subtraction_calibration_causal,stft_subtraction,causal_blocks,-3.6094628475448817e-07,3.011762451105713,3.0117628120519977,-0.03256145118991261,0.015100641336981687,0.047662092526894295,150,0.5300406666113607,0.8591949997935439,1.042064999901412,1.8452999993314734,79.5060999917041,0.026502033330568036,60900,0.0,13
validation,nicolas,dkitchen_ch01_seg03,DKITCHEN,0,subtraction_adaptive_causal,stft_subtraction,causal_blocks,-3.6094628475448817e-07,5.608178951581001,5.608179312527286,-0.03256145118991261,4.992019771648767,5.0245812228386795,150,1.6327600000113307,2.8957049997643454,6.218316000094965,10.781599999972968,244.9140000016996,0.08163800000056654,60900,0.29333333333333333,13
validation,nicolas,dkitchen_ch01_seg03,DKITCHEN,0,wiener_initial_legacy,stft_wiener,offline_file,-3.6094628475448817e-07,4.435909399037588,4.435909759983873,-0.03256145118991261,2.4852838746590535,2.5178453258489664,1,4.328399999394605,4.328399999394605,4.328399999394605,4.328399999394605,4.328399999394605,0.0014427999997982017,0,0.0,0
validation,nicolas,dkitchen_ch01_seg03,DKITCHEN,0,wiener_low_energy_offline,stft_wiener,offline_file,-3.6094628475448817e-07,2.71780145003432,2.717801810980605,-0.03256145118991261,2.1415523690147245,2.1741138202046373,1,3.9397000000462867,3.9397000000462867,3.9397000000462867,3.9397000000462867,3.9397000000462867,0.0013132333333487622,0,0.0,0
validation,nicolas,dkitchen_ch01_seg03,DKITCHEN,0,wiener_adaptive_causal,stft_wiener,causal_blocks,-3.6094628475448817e-07,2.1744236956078926,2.1744240565541775,-0.03256145118991261,2.0075097354794176,2.0400711866693304,150,1.7292633333393799,2.7651099999275166,3.3251489996746364,7.228899999972782,259.389500000907,0.086463166666969,60900,0.29333333333333333,13
validation,nicolas,dkitchen_ch01_seg03,DKITCHEN,5,bypass,baseline,causal_blocks,4.999999722454146,4.999999722454146,0.0,4.95595128994736,4.95595128994736,0.0,150,0.03702999994857237,0.04485499957809225,0.07545199947344358,0.15329999951063655,5.554499992285855,0.0018514999974286184,57952,0.0,0
validation,nicolas,dkitchen_ch01_seg03,DKITCHEN,5,subtraction_initial_legacy,stft_subtraction,offline_file,4.999999722454146,5.442220176601281,0.44222045414713484,4.95595128994736,5.32814100948404,0.3721897195366797,1,14.090199999372999,14.090199999372999,14.090199999372999,14.090199999372999,14.090199999372999,0.004696733333124333,0,0.0,0
validation,nicolas,dkitchen_ch01_seg03,DKITCHEN,5,subtraction_low_energy_offline,stft_subtraction,offline_file,4.999999722454146,10.692109567834002,5.692109845379856,4.95595128994736,10.576538631524596,5.620587341577235,1,8.766799999648356,8.766799999648356,8.766799999648356,8.766799999648356,8.766799999648356,0.002922266666549452,0,0.0,0
validation,nicolas,dkitchen_ch01_seg03,DKITCHEN,5,subtraction_calibration_causal,stft_subtraction,causal_blocks,4.999999722454146,3.739237190057914,-1.2607625323962321,4.95595128994736,1.752652491559123,-3.203298798388237,150,0.7089159999789748,0.9077750001779349,1.2777990000995487,1.2821999998777756,106.33739999684622,0.035445799998948736,60900,0.0,13
validation,nicolas,dkitchen_ch01_seg03,DKITCHEN,5,subtraction_adaptive_causal,stft_subtraction,causal_blocks,4.999999722454146,9.825297143169621,4.825297420715475,4.95595128994736,9.45118075766384,4.49522946771648,150,1.6620513333085303,2.1329550000245945,3.037507999842998,6.039300000338699,249.30769999627955,0.08310256666542652,60900,0.35333333333333333,13
validation,nicolas,dkitchen_ch01_seg03,DKITCHEN,5,wiener_initial_legacy,stft_wiener,offline_file,4.999999722454146,5.978543232044702,0.9785435095905557,4.95595128994736,5.091059080383301,0.13510779043594123,1,4.309500000090338,4.309500000090338,4.309500000090338,4.309500000090338,4.309500000090338,0.0014365000000301127,0,0.0,0
validation,nicolas,dkitchen_ch01_seg03,DKITCHEN,5,wiener_low_energy_offline,stft_wiener,offline_file,4.999999722454146,7.808841112131299,2.808841389677153,4.95595128994736,7.412410418303521,2.456459128356161,1,6.0751999999411055,6.0751999999411055,6.0751999999411055,6.0751999999411055,6.0751999999411055,0.002025066666647035,0,0.0,0
validation,nicolas,dkitchen_ch01_seg03,DKITCHEN,5,wiener_adaptive_causal,stft_wiener,causal_blocks,4.999999722454146,7.064653195885068,2.064653473430922,4.95595128994736,6.901424617620132,1.9454733276727723,150,1.563769999993383,2.105064999886963,2.378416000146899,2.443200000016077,234.56549999900744,0.07818849999966915,60900,0.35333333333333333,13
validation,nicolas,dkitchen_ch01_seg03,DKITCHEN,10,bypass,baseline,causal_blocks,9.999999825605315,9.999999825605315,0.0,9.949484900973895,9.949484900973895,0.0,150,0.030718666633523146,0.06000999987918476,0.2055770004790235,0.28920000022480963,4.607799995028472,0.0015359333316761574,57952,0.0,0
validation,nicolas,dkitchen_ch01_seg03,DKITCHEN,10,subtraction_initial_legacy,stft_subtraction,offline_file,9.999999825605315,5.61649707867165,-4.383502746933664,9.949484900973895,5.90579177121148,-4.043693129762414,1,10.56830000015907,10.56830000015907,10.56830000015907,10.56830000015907,10.56830000015907,0.00352276666671969,0,0.0,0
validation,nicolas,dkitchen_ch01_seg03,DKITCHEN,10,subtraction_low_energy_offline,stft_subtraction,offline_file,9.999999825605315,13.977447652477244,3.977447826871929,9.949484900973895,15.05167032525234,5.102185424278446,1,10.919999999714491,10.919999999714491,10.919999999714491,10.919999999714491,10.919999999714491,0.0036399999999048305,0,0.0,0
validation,nicolas,dkitchen_ch01_seg03,DKITCHEN,10,subtraction_calibration_causal,stft_subtraction,causal_blocks,9.999999825605315,3.9998169864608384,-6.000182839144476,9.949484900973895,2.49024993284864,-7.459234968125255,150,0.769098000030984,0.9558949997426677,1.280583999923691,1.3863000003766501,115.3647000046476,0.0384549000015492,60900,0.0,13
validation,nicolas,dkitchen_ch01_seg03,DKITCHEN,10,subtraction_adaptive_causal,stft_subtraction,causal_blocks,9.999999825605315,13.103616905781925,3.10361708017661,9.949484900973895,13.069141154925086,3.1196562539511916,150,1.586579333361442,2.1248500000638155,2.561529000176957,3.6496000002443907,237.9869000042163,0.0793289666680721,60900,0.4066666666666667,13
validation,nicolas,dkitchen_ch01_seg03,DKITCHEN,10,wiener_initial_legacy,stft_wiener,offline_file,9.999999825605315,6.57276187067259,-3.4272379549327248,9.949484900973895,6.370942734125259,-3.578542166848636,1,5.01429999985703,5.01429999985703,5.01429999985703,5.01429999985703,5.01429999985703,0.0016714333332856768,0,0.0,0
validation,nicolas,dkitchen_ch01_seg03,DKITCHEN,10,wiener_low_energy_offline,stft_wiener,offline_file,9.999999825605315,13.106673294622588,3.1066734690172737,9.949484900973895,12.936531637194648,2.987046736220753,1,5.303300000377931,5.303300000377931,5.303300000377931,5.303300000377931,5.303300000377931,0.0017677666667926435,0,0.0,0
validation,nicolas,dkitchen_ch01_seg03,DKITCHEN,10,wiener_adaptive_causal,stft_wiener,causal_blocks,9.999999825605315,11.633089994958505,1.6330901693531903,9.949484900973895,11.484471608083986,1.5349867071100913,150,1.6222113333181671,1.925455000173315,2.410232000029281,2.574099999947066,243.33169999772508,0.08111056666590837,60900,0.4066666666666667,13
validation,nicolas,ooffice_ch01_seg01,OOFFICE,-5,bypass,baseline,causal_blocks,-4.999999608989044,-4.999999608989044,0.0,-5.02474271108081,-5.02474271108081,0.0,150,0.0269306666511208,0.036799999679715256,0.04845100012062176,0.06089999988034833,4.03959999766812,0.0013465333325560398,57952,0.0,0
validation,nicolas,ooffice_ch01_seg01,OOFFICE,-5,subtraction_initial_legacy,stft_subtraction,offline_file,-4.999999608989044,-2.0546374121106012,2.9453621968784427,-5.02474271108081,-6.449799505262969,-1.4250567941821588,1,9.901399999762361,9.901399999762361,9.901399999762361,9.901399999762361,9.901399999762361,0.003300466666587454,0,0.0,0
validation,nicolas,ooffice_ch01_seg01,OOFFICE,-5,subtraction_low_energy_offline,stft_subtraction,offline_file,-4.999999608989044,-2.4540007479581836,2.5459988610308604,-5.02474271108081,-4.434354513247001,0.5903881978338088,1,9.492900000623195,9.492900000623195,9.492900000623195,9.492900000623195,9.492900000623195,0.0031643000002077315,0,0.0,0
validation,nicolas,ooffice_ch01_seg01,OOFFICE,-5,subtraction_calibration_causal,stft_subtraction,causal_blocks,-4.999999608989044,-1.6232126159403226,3.3767869930487215,-5.02474271108081,-6.900199600144074,-1.8754568890632637,150,0.7367680000243126,0.8944150001298111,0.984676000107356,1.1335999997754698,110.5152000036469,0.03683840000121563,60900,0.0,13
validation,nicolas,ooffice_ch01_seg01,OOFFICE,-5,subtraction_adaptive_causal,stft_subtraction,causal_blocks,-4.999999608989044,-2.7705842520308037,2.2294153569582402,-5.02474271108081,-3.5822958532067553,1.4424468578740548,150,1.7732873333261523,2.124285000081726,2.6513409996914516,4.230100000313541,265.99309999892284,0.08866436666630761,60900,0.42,13
validation,nicolas,ooffice_ch01_seg01,OOFFICE,-5,wiener_initial_legacy,stft_wiener,offline_file,-4.999999608989044,-3.44307935701761,1.5569202519714338,-5.02474271108081,-6.837903768826709,-1.8131610577458988,1,7.111500000064552,7.111500000064552,7.111500000064552,7.111500000064552,7.111500000064552,0.0023705000000215173,0,0.0,0
validation,nicolas,ooffice_ch01_seg01,OOFFICE,-5,wiener_low_energy_offline,stft_wiener,offline_file,-4.999999608989044,-4.265509911902028,0.7344896970870156,-5.02474271108081,-5.098036344671374,-0.07329363359056362,1,7.1080000006986666,7.1080000006986666,7.1080000006986666,7.1080000006986666,7.1080000006986666,0.0023693333335662223,0,0.0,0
validation,nicolas,ooffice_ch01_seg01,OOFFICE,-5,wiener_adaptive_causal,stft_wiener,causal_blocks,-4.999999608989044,-4.396925068477713,0.6030745405113311,-5.02474271108081,-4.571273145552814,0.4534695655279961,150,1.5222940000361025,1.9185800000741435,2.1190270003444285,2.9675999994651647,228.34410000541538,0.07611470000180513,60900,0.42,13
validation,nicolas,ooffice_ch01_seg01,OOFFICE,0,bypass,baseline,causal_blocks,2.5264439344584746e-07,2.5264439344584746e-07,0.0,-0.03978996558462864,-0.03978996558462864,0.0,150,0.027419333327998174,0.03765500014196732,0.05020699987653637,0.057899999774235766,4.112899999199726,0.0013709666663999087,57952,0.0,0
validation,nicolas,ooffice_ch01_seg01,OOFFICE,0,subtraction_initial_legacy,stft_subtraction,offline_file,2.5264439344584746e-07,1.6729925910220467,1.6729923383776533,-0.03978996558462864,-1.8702642373619105,-1.830474271777282,1,10.39870000022347,10.39870000022347,10.39870000022347,10.39870000022347,10.39870000022347,0.0034662333334078235,0,0.0,0
validation,nicolas,ooffice_ch01_seg01,OOFFICE,0,subtraction_low_energy_offline,stft_subtraction,offline_file,2.5264439344584746e-07,2.5525716212639296,2.552571368619536,-0.03978996558462864,1.2314718391454629,1.2712618047300914,1,11.29029999992781,11.29029999992781,11.29029999992781,11.29029999992781,11.29029999992781,0.0037634333333092704,0,0.0,0
validation,nicolas,ooffice_ch01_seg01,OOFFICE,0,subtraction_calibration_causal,stft_subtraction,causal_blocks,2.5264439344584746e-07,1.5071700825539058,1.5071698299095124,-0.03978996558462864,-2.6756440572430087,-2.63585409165838,150,0.7620019999558281,0.9610749996681988,1.029886999958762,2.6291999993190984,114.30029999337421,0.0381000999977914,60900,0.0,13
validation,nicolas,ooffice_ch01_seg01,OOFFICE,0,subtraction_adaptive_causal,stft_subtraction,causal_blocks,2.5264439344584746e-07,2.1631088268320275,2.163108574187634,-0.03978996558462864,1.4990780485282593,1.5388680141128879,150,1.5539853333211795,2.0940200001859917,2.243517000306383,2.3769000008542207,233.09779999817692,0.07769926666605897,60900,0.42,13
validation,nicolas,ooffice_ch01_seg01,OOFFICE,0,wiener_initial_legacy,stft_wiener,offline_file,2.5264439344584746e-07,0.802261278329153,0.8022610256847595,-0.03978996558462864,-2.216896792101836,-2.1771068265172073,1,4.914699999972072,4.914699999972072,4.914699999972072,4.914699999972072,4.914699999972072,0.001638233333324024,0,0.0,0
validation,nicolas,ooffice_ch01_seg01,OOFFICE,0,wiener_low_energy_offline,stft_wiener,offline_file,2.5264439344584746e-07,0.8258788103344673,0.8258785576900739,-0.03978996558462864,0.2784448250120702,0.31823479059669885,1,5.044300000008661,5.044300000008661,5.044300000008661,5.044300000008661,5.044300000008661,0.0016814333333362204,0,0.0,0
validation,nicolas,ooffice_ch01_seg01,OOFFICE,0,wiener_adaptive_causal,stft_wiener,causal_blocks,2.5264439344584746e-07,0.5972339533387931,0.5972337006943997,-0.03978996558462864,0.4276039784464613,0.46739394403108997,150,1.672047999915473,2.0224099997903973,2.24991200039767,2.5333000003229245,250.80719998732093,0.08360239999577364,60900,0.42,13
validation,nicolas,ooffice_ch01_seg01,OOFFICE,5,bypass,baseline,causal_blocks,4.99999979379658,4.99999979379658,0.0,4.95173649784374,4.95173649784374,0.0,150,0.021587333339994075,0.03160000010211661,0.04418299966346237,0.049700000090524554,3.238100000999111,0.0010793666669997037,57952,0.0,0
validation,nicolas,ooffice_ch01_seg01,OOFFICE,5,subtraction_initial_legacy,stft_subtraction,offline_file,4.99999979379658,4.0857820527338955,-0.9142177410626848,4.95173649784374,1.9849065016504857,-2.9668299961932543,1,7.982299999639508,7.982299999639508,7.982299999639508,7.982299999639508,7.982299999639508,0.0026607666665465026,0,0.0,0
validation,nicolas,ooffice_ch01_seg01,OOFFICE,5,subtraction_low_energy_offline,stft_subtraction,offline_file,4.99999979379658,7.296068019043086,2.296068225246506,4.95173649784374,6.546965577901153,1.595229080057413,1,10.6445999999778,10.6445999999778,10.6445999999778,10.6445999999778,10.6445999999778,0.0035481999999925997,0,0.0,0
validation,nicolas,ooffice_ch01_seg01,OOFFICE,5,subtraction_calibration_causal,stft_subtraction,causal_blocks,4.99999979379658,3.210077435249307,-1.7899223585472734,4.95173649784374,0.4367758495939514,-4.514960648249788,150,0.7206433333764531,0.9146200000031965,1.5270580004198504,2.268700000058743,108.09650000646798,0.03603216666882266,60900,0.0,13
validation,nicolas,ooffice_ch01_seg01,OOFFICE,5,subtraction_adaptive_causal,stft_subtraction,causal_blocks,4.99999979379658,6.950161255206822,1.950161461410242,4.95173649784374,6.452698965966581,1.5009624681228413,150,1.6519540000444977,2.2118999999293005,3.472107999814392,5.325500000253669,247.79310000667465,0.08259770000222488,60900,0.49333333333333335,13
validation,nicolas,ooffice_ch01_seg01,OOFFICE,5,wiener_initial_legacy,stft_wiener,offline_file,4.99999979379658,4.013504576060818,-0.9864952177357624,4.95173649784374,1.8439032811102445,-3.1078332167334954,1,5.652599999848462,5.652599999848462,5.652599999848462,5.652599999848462,5.652599999848462,0.0018841999999494874,0,0.0,0
validation,nicolas,ooffice_ch01_seg01,OOFFICE,5,wiener_low_energy_offline,stft_wiener,offline_file,4.99999979379658,5.892315560279451,0.8923157664828709,4.95173649784374,5.512491170254174,0.5607546724104342,1,6.7347000003792346,6.7347000003792346,6.7347000003792346,6.7347000003792346,6.7347000003792346,0.0022449000001264117,0,0.0,0
validation,nicolas,ooffice_ch01_seg01,OOFFICE,5,wiener_adaptive_causal,stft_wiener,causal_blocks,4.99999979379658,5.542544484824221,0.5425446910276408,4.95173649784374,5.382637725353962,0.43090122751022175,150,1.810222666675448,2.2230299996408576,2.280928999789466,2.5285000001531444,271.5334000013172,0.0905111333337724,60900,0.49333333333333335,13
validation,nicolas,ooffice_ch01_seg01,OOFFICE,10,bypass,baseline,causal_blocks,9.999999810760574,9.999999810760574,0.0,9.946968122451818,9.946968122451818,0.0,150,0.03611066660596407,0.041654999267848325,0.09222900030181311,0.11839999933727086,5.4165999908946105,0.0018055333302982035,57952,0.0,0
validation,nicolas,ooffice_ch01_seg01,OOFFICE,10,subtraction_initial_legacy,stft_subtraction,offline_file,9.999999810760574,5.197105164714779,-4.802894646045795,9.946968122451818,4.521323075280625,-5.425645047171193,1,10.364800000388641,10.364800000388641,10.364800000388641,10.364800000388641,10.364800000388641,0.0034549333334628804,0,0.0,0
validation,nicolas,ooffice_ch01_seg01,OOFFICE,10,subtraction_low_energy_offline,stft_subtraction,offline_file,9.999999810760574,11.375960674949186,1.3759608641886114,9.946968122451818,11.447059785387303,1.5000916629354855,1,11.797799999840208,11.797799999840208,11.797799999840208,11.797799999840208,11.797799999840208,0.003932599999946736,0,0.0,0
validation,nicolas,ooffice_ch01_seg01,OOFFICE,10,subtraction_calibration_causal,stft_subtraction,causal_blocks,9.999999810760574,3.8770140363650585,-6.122985774395516,9.946968122451818,2.0880779407587458,-7.858890181693072,150,0.6821359999958077,0.9129250004207278,1.085913000079016,1.2367999997877632,102.32039999937115,0.03410679999979038,60900,0.0,13
validation,nicolas,ooffice_ch01_seg01,OOFFICE,10,subtraction_adaptive_causal,stft_subtraction,causal_blocks,9.999999810760574,11.183764531713559,1.1837647209529845,9.946968122451818,10.902199354378574,0.9552312319267564,150,1.697286666664392,2.061754999931509,2.364938999726291,2.489100000275357,254.5929999996588,0.08486433333321959,60900,0.5,13
validation,nicolas,ooffice_ch01_seg01,OOFFICE,10,wiener_initial_legacy,stft_wiener,offline_file,9.999999810760574,5.82697239752204,-4.173027413238534,9.946968122451818,4.779951589131069,-5.167016533320749,1,4.312000000027183,4.312000000027183,4.312000000027183,4.312000000027183,4.312000000027183,0.0014373333333423943,0,0.0,0
validation,nicolas,ooffice_ch01_seg01,OOFFICE,10,wiener_low_energy_offline,stft_wiener,offline_file,9.999999810760574,10.80080165673402,0.8008018459734458,9.946968122451818,10.624370804588725,0.6774026821369077,1,5.563100000472332,5.563100000472332,5.563100000472332,5.563100000472332,5.563100000472332,0.0018543666668241106,0,0.0,0
validation,nicolas,ooffice_ch01_seg01,OOFFICE,10,wiener_adaptive_causal,stft_wiener,causal_blocks,9.999999810760574,10.366298990454206,0.3662991796936321,9.946968122451818,10.217317993847237,0.27034987139541933,150,1.5944613333340385,2.068870000357492,3.380249999545398,5.287899999530055,239.16920000010577,0.07972306666670192,60900,0.5,13
validation,nicolas,ooffice_ch01_seg02,OOFFICE,-5,bypass,baseline,causal_blocks,-4.999999834404311,-4.999999834404311,0.0,-4.984835623766722,-4.984835623766722,0.0,150,0.03106666662764231,0.037455000028785435,0.057043999886445686,0.07760000062262407,4.659999994146347,0.0015533333313821156,57952,0.0,0
validation,nicolas,ooffice_ch01_seg02,OOFFICE,-5,subtraction_initial_legacy,stft_subtraction,offline_file,-4.999999834404311,3.885302084206546,8.885301918610857,-4.984835623766722,1.655070075207822,6.639905698974545,1,9.124300000621588,9.124300000621588,9.124300000621588,9.124300000621588,9.124300000621588,0.0030414333335405295,0,0.0,0
validation,nicolas,ooffice_ch01_seg02,OOFFICE,-5,subtraction_low_energy_offline,stft_subtraction,offline_file,-4.999999834404311,-0.4021295243632821,4.597870310041029,-4.984835623766722,-2.646082374624804,2.3387532491419183,1,11.018900000635767,11.018900000635767,11.018900000635767,11.018900000635767,11.018900000635767,0.003672966666878589,0,0.0,0
validation,nicolas,ooffice_ch01_seg02,OOFFICE,-5,subtraction_calibration_causal,stft_subtraction,causal_blocks,-4.999999834404311,0.7986699318360319,5.798669766240343,-4.984835623766722,-3.7498298269285515,1.2350057968381707,150,1.4239179999822227,1.035394999598792,23.82137099957599,61.703700000180106,213.5876999973334,0.07119589999911113,60900,0.0,13
validation,nicolas,ooffice_ch01_seg02,OOFFICE,-5,subtraction_adaptive_causal,stft_subtraction,causal_blocks,-4.999999834404311,-0.6564031961019339,4.343596638302377,-4.984835623766722,-1.4376482325420135,3.5471873912247087,150,1.7096453333094057,2.0988099991882336,2.2181130004446454,2.32030000006489,256.44679999641085,0.08548226666547028,60900,0.26666666666666666,13
validation,nicolas,ooffice_ch01_seg02,OOFFICE,-5,wiener_initial_legacy,stft_wiener,offline_file,-4.999999834404311,2.0878835334247094,7.08788336782902,-4.984835623766722,-0.6852480009616271,4.299587622805095,1,4.700800000136951,4.700800000136951,4.700800000136951,4.700800000136951,4.700800000136951,0.0015669333333789837,0,0.0,0
validation,nicolas,ooffice_ch01_seg02,OOFFICE,-5,wiener_low_energy_offline,stft_wiener,offline_file,-4.999999834404311,-3.5860357750125944,1.4139640593917164,-4.984835623766722,-4.680322021798831,0.30451360196789157,1,4.662100000132341,4.662100000132341,4.662100000132341,4.662100000132341,4.662100000132341,0.001554033333377447,0,0.0,0
validation,nicolas,ooffice_ch01_seg02,OOFFICE,-5,wiener_adaptive_causal,stft_wiener,causal_blocks,-4.999999834404311,-3.5484876012329054,1.4515122331714054,-4.984835623766722,-3.695736466958299,1.2890991568084234,150,1.5742259999509163,1.8892550005148223,2.2413329998471436,2.34809999983554,236.13389999263745,0.07871129999754582,60900,0.26666666666666666,13
validation,nicolas,ooffice_ch01_seg02,OOFFICE,0,bypass,baseline,causal_blocks,1.9750509680686254e-07,1.9750509680686254e-07,0.0,-0.01711338718045912,-0.01711338718045912,0.0,150,0.03136333333410827,0.03799499972956254,0.0757399996382444,0.10790000033011893,4.704500000116241,0.0015681666667054135,57952,0.0,0
validation,nicolas,ooffice_ch01_seg02,OOFFICE,0,subtraction_initial_legacy,stft_subtraction,offline_file,1.9750509680686254e-07,5.048444535073855,5.048444337568759,-0.01711338718045912,4.184614684106041,4.2017280712865,1,7.279500000549888,7.279500000549888,7.279500000549888,7.279500000549888,7.279500000549888,0.002426500000183296,0,0.0,0
validation,nicolas,ooffice_ch01_seg02,OOFFICE,0,subtraction_low_energy_offline,stft_subtraction,offline_file,1.9750509680686254e-07,5.023787000586388,5.0237868030812916,-0.01711338718045912,3.799251017267063,3.816364404447522,1,8.620800000244344,8.620800000244344,8.620800000244344,8.620800000244344,8.620800000244344,0.002873600000081448,0,0.0,0
validation,nicolas,ooffice_ch01_seg02,OOFFICE,0,subtraction_calibration_causal,stft_subtraction,causal_blocks,1.9750509680686254e-07,2.781574727644049,2.7815745301389523,-0.01711338718045912,-0.4084582589553213,-0.39134487177486216,150,0.5917126666584712,0.8528850004040578,1.0741290002079011,3.445800000008603,88.75689999877068,0.02958563333292356,60900,0.0,13
validation,nicolas,ooffice_ch01_seg02,OOFFICE,0,subtraction_adaptive_causal,stft_subtraction,causal_blocks,1.9750509680686254e-07,4.132480791952329,4.132480594447232,-0.01711338718045912,3.5255567519765147,3.5426701391569737,150,1.7683953332865106,2.179475000320963,2.837482000049924,5.010599999877741,265.2592999929766,0.08841976666432554,60900,0.2733333333333333,13
validation,nicolas,ooffice_ch01_seg02,OOFFICE,0,wiener_initial_legacy,stft_wiener,offline_file,1.9750509680686254e-07,4.713969961830165,4.713969764325069,-0.01711338718045912,2.932114893777843,2.949228280958302,1,5.405999999311462,5.405999999311462,5.405999999311462,5.405999999311462,5.405999999311462,0.0018019999997704872,0,0.0,0
validation,nicolas,ooffice_ch01_seg02,OOFFICE,0,wiener_low_energy_offline,stft_wiener,offline_file,1.9750509680686254e-07,1.813120651104028,1.8131204535989314,-0.01711338718045912,1.190067574150392,1.2071809613308513,1,5.6813000001056935,5.6813000001056935,5.6813000001056935,5.6813000001056935,5.6813000001056935,0.0018937666667018978,0,0.0,0
validation,nicolas,ooffice_ch01_seg02,OOFFICE,0,wiener_adaptive_causal,stft_wiener,causal_blocks,1.9750509680686254e-07,1.4207020072424092,1.4207018097373125,-0.01711338718045912,1.270508826569157,1.2876222137496163,150,1.6386433333112411,2.095210000015867,2.4814850001894215,3.9187000002129935,245.79649999668618,0.08193216666556206,60900,0.2733333333333333,13
validation,nicolas,ooffice_ch01_seg02,OOFFICE,5,bypass,baseline,causal_blocks,5.000000091487272,5.000000091487272,0.0,4.964682560655332,4.964682560655332,0.0,150,0.03488599993943353,0.04100999990441775,0.056647999881533864,0.07000000005064066,5.23289999091503,0.0017442999969716766,57952,0.0,0
validation,nicolas,ooffice_ch01_seg02,OOFFICE,5,subtraction_initial_legacy,stft_subtraction,offline_file,5.000000091487272,5.484511460363963,0.48451136887669133,4.964682560655332,5.419882106715259,0.4551995460599274,1,10.797800000545976,10.797800000545976,10.797800000545976,10.797800000545976,10.797800000545976,0.0035992666668486586,0,0.0,0
validation,nicolas,ooffice_ch01_seg02,OOFFICE,5,subtraction_low_energy_offline,stft_subtraction,offline_file,5.000000091487272,9.614276495431378,4.614276403944106,4.964682560655332,9.258853319526818,4.294170758871486,1,10.643900000104622,10.643900000104622,10.643900000104622,10.643900000104622,10.643900000104622,0.003547966666701541,0,0.0,0
validation,nicolas,ooffice_ch01_seg02,OOFFICE,5,subtraction_calibration_causal,stft_subtraction,causal_blocks,5.000000091487272,3.651656212295045,-1.3483438791922269,4.964682560655332,1.550939638726625,-3.4137429219287068,150,0.7125273333804216,0.9684350000497939,1.20381000006091,1.7814000002545072,106.87910000706324,0.03562636666902108,60900,0.0,13
validation,nicolas,ooffice_ch01_seg02,OOFFICE,5,subtraction_adaptive_causal,stft_subtraction,causal_blocks,5.000000091487272,8.727051403268224,3.7270513117809516,4.964682560655332,8.334467946979325,3.3697853863239935,150,1.570328666681841,2.0244250003997872,2.3296410006150836,3.9941000004546368,235.54930000227614,0.07851643333409204,60900,0.36,13
validation,nicolas,ooffice_ch01_seg02,OOFFICE,5,wiener_initial_legacy,stft_wiener,offline_file,5.000000091487272,6.042639161886486,1.0426390703992139,4.964682560655332,5.2479366818341,0.2832541211787678,1,4.1947999998228624,4.1947999998228624,4.1947999998228624,4.1947999998228624,4.1947999998228624,0.0013982666666076209,0,0.0,0
validation,nicolas,ooffice_ch01_seg02,OOFFICE,5,wiener_low_energy_offline,stft_wiener,offline_file,5.000000091487272,6.97689626563045,1.976896174143178,4.964682560655332,6.586517154098591,1.6218345934432596,1,4.010799999377923,4.010799999377923,4.010799999377923,4.010799999377923,4.010799999377923,0.0013369333331259743,0,0.0,0
validation,nicolas,ooffice_ch01_seg02,OOFFICE,5,wiener_adaptive_causal,stft_wiener,causal_blocks,5.000000091487272,6.399726246261491,1.3997261547742186,4.964682560655332,6.255316914962589,1.2906343543072571,150,1.5315493333340175,2.0080400001916128,2.375041000232158,3.2753999994383776,229.73240000010264,0.07657746666670089,60900,0.36,13
validation,nicolas,ooffice_ch01_seg02,OOFFICE,10,bypass,baseline,causal_blocks,10.00000018108852,10.00000018108852,0.0,9.95442902661518,9.95442902661518,0.0,150,0.023625333312035462,0.03795500019805331,0.04895499998383447,0.05560000045079505,3.543799996805319,0.001181266665601773,57952,0.0,0
validation,nicolas,ooffice_ch01_seg02,OOFFICE,10,subtraction_initial_legacy,stft_subtraction,offline_file,10.00000018108852,5.6246165700506765,-4.375383611037844,9.95442902661518,5.903988756976424,-4.050440269638757,1,8.411200000409735,8.411200000409735,8.411200000409735,8.411200000409735,8.411200000409735,0.002803733333469912,0,0.0,0
validation,nicolas,ooffice_ch01_seg02,OOFFICE,10,subtraction_low_energy_offline,stft_subtraction,offline_file,10.00000018108852,13.593725471897056,3.5937252908085355,9.95442902661518,14.37926034180498,4.424831315189799,1,7.8868999999031075,7.8868999999031075,7.8868999999031075,7.8868999999031075,7.8868999999031075,0.002628966666634369,0,0.0,0
validation,nicolas,ooffice_ch01_seg02,OOFFICE,10,subtraction_calibration_causal,stft_subtraction,causal_blocks,10.00000018108852,3.966442169974591,-6.033558011113929,9.95442902661518,2.413746619566273,-7.540682407048907,150,0.5995466666900029,0.8391099999698779,0.9431319995292136,1.4498000000457978,89.93200000350043,0.029977333334500145,60900,0.0,13
validation,nicolas,ooffice_ch01_seg02,OOFFICE,10,subtraction_adaptive_causal,stft_subtraction,causal_blocks,10.00000018108852,12.601925766716276,2.6019255856277557,9.95442902661518,12.555244827689307,2.600815801074127,150,1.5005393333558459,1.933794999968086,2.1356030005517814,4.1203000000678,225.08090000337688,0.0750269666677923,60900,0.4533333333333333,13
validation,nicolas,ooffice_ch01_seg02,OOFFICE,10,wiener_initial_legacy,stft_wiener,offline_file,10.00000018108852,6.559424552817529,-3.4405756282709916,9.95442902661518,6.35934001844121,-3.5950890081739706,1,5.779699999948207,5.779699999948207,5.779699999948207,5.779699999948207,5.779699999948207,0.0019265666666494023,0,0.0,0
validation,nicolas,ooffice_ch01_seg02,OOFFICE,10,wiener_low_energy_offline,stft_wiener,offline_file,10.00000018108852,12.29374661231861,2.2937464312300904,9.95442902661518,12.152775394315082,2.1983463676999015,1,4.88260000020091,4.88260000020091,4.88260000020091,4.88260000020091,4.88260000020091,0.0016275333334003033,0,0.0,0
validation,nicolas,ooffice_ch01_seg02,OOFFICE,10,wiener_adaptive_causal,stft_wiener,causal_blocks,10.00000018108852,11.231214701938228,1.2312145208497078,9.95442902661518,11.104253522518928,1.1498244959037471,150,1.6216560000126872,1.8734349997885147,2.1273950004342623,2.378399999543035,243.24840000190306,0.08108280000063435,60900,0.4533333333333333,13
validation,nicolas,ooffice_ch01_seg03,OOFFICE,-5,bypass,baseline,causal_blocks,-4.999999821317288,-4.999999821317288,0.0,-4.999818245461091,-4.999818245461091,0.0,150,0.030973999964771792,0.035030000071856186,0.05264600034934115,0.08590000015828991,4.646099994715769,0.0015486999982385896,57952,0.0,0
validation,nicolas,ooffice_ch01_seg03,OOFFICE,-5,subtraction_initial_legacy,stft_subtraction,offline_file,-4.999999821317288,2.4351223762260257,7.435122197543313,-4.999818245461091,-0.7739536456872256,4.225864599773866,1,8.953099999416736,8.953099999416736,8.953099999416736,8.953099999416736,8.953099999416736,0.0029843666664722455,0,0.0,0
validation,nicolas,ooffice_ch01_seg03,OOFFICE,-5,subtraction_low_energy_offline,stft_subtraction,offline_file,-4.999999821317288,0.6982598473906082,5.698259668707896,-4.999818245461091,-1.5552920846645701,3.4445261607965207,1,8.787099999608472,8.787099999608472,8.787099999608472,8.787099999608472,8.787099999608472,0.002929033333202824,0,0.0,0
validation,nicolas,ooffice_ch01_seg03,OOFFICE,-5,subtraction_calibration_causal,stft_subtraction,causal_blocks,-4.999999821317288,1.2341496392835554,6.234149460600843,-4.999818245461091,-3.1283848400103427,1.8714334054507482,150,0.7091033333199448,0.871395000604025,0.9329369997158208,1.0291999997207313,106.36549999799172,0.03545516666599724,60900,0.0,13
validation,nicolas,ooffice_ch01_seg03,OOFFICE,-5,subtraction_adaptive_causal,stft_subtraction,causal_blocks,-4.999999821317288,0.11754894408044411,5.117548765397732,-4.999818245461091,-0.7464344199705497,4.253383825490541,150,1.7984266666826443,2.1570149996023242,2.872806999866946,3.7142999999559834,269.76400000239664,0.08992133333413221,60900,0.30666666666666664,13
validation,nicolas,ooffice_ch01_seg03,OOFFICE,-5,wiener_initial_legacy,stft_wiener,offline_file,-4.999999821317288,0.1803901396161711,5.180389960933459,-4.999818245461091,-2.920661305770778,2.079156939690313,1,7.182400000601774,7.182400000601774,7.182400000601774,7.182400000601774,7.182400000601774,0.0023941333335339245,0,0.0,0
validation,nicolas,ooffice_ch01_seg03,OOFFICE,-5,wiener_low_energy_offline,stft_wiener,offline_file,-4.999999821317288,-3.0559000479964245,1.9440997733208634,-4.999818245461091,-4.164843350963022,0.8349748944980693,1,5.269300000691146,5.269300000691146,5.269300000691146,5.269300000691146,5.269300000691146,0.0017564333335637154,0,0.0,0
validation,nicolas,ooffice_ch01_seg03,OOFFICE,-5,wiener_adaptive_causal,stft_wiener,causal_blocks,-4.999999821317288,-3.3126634175776095,1.6873364037396783,-4.999818245461091,-3.4773030590841945,1.5225151863768964,150,1.4970653333390753,1.8981899998379956,2.2681990003184156,3.3099000002039247,224.5598000008613,0.07485326666695376,60900,0.30666666666666664,13
validation,nicolas,ooffice_ch01_seg03,OOFFICE,0,bypass,baseline,causal_blocks,1.9228891187553323e-07,1.9228891187553323e-07,0.0,-0.025759512722096086,-0.025759512722096086,0.0,150,0.026958666633921286,0.03536499998517683,0.04249299990078721,0.05920000057813013,4.043799995088193,0.0013479333316960644,57952,0.0,0
validation,nicolas,ooffice_ch01_seg03,OOFFICE,0,subtraction_initial_legacy,stft_subtraction,offline_file,1.9228891187553323e-07,4.433285159188748,4.433284966899836,-0.025759512722096086,2.6900394096308906,2.715798922352987,1,8.42350000039005,8.42350000039005,8.42350000039005,8.42350000039005,8.42350000039005,0.00280783333346335,0,0.0,0
validation,nicolas,ooffice_ch01_seg03,OOFFICE,0,subtraction_low_energy_offline,stft_subtraction,offline_file,1.9228891187553323e-07,5.7805717445750755,5.780571552286164,-0.025759512722096086,4.600478504862268,4.626238017584364,1,9.43459999962215,9.43459999962215,9.43459999962215,9.43459999962215,9.43459999962215,0.003144866666540717,0,0.0,0
validation,nicolas,ooffice_ch01_seg03,OOFFICE,0,subtraction_calibration_causal,stft_subtraction,causal_blocks,1.9228891187553323e-07,3.0083261908511854,3.0083259985622735,-0.025759512722096086,-0.012719576086435456,0.01303993663566063,150,0.701726666684408,0.9562100003222439,1.4342300000862447,1.5354999995906837,105.2590000026612,0.0350863333342204,60900,0.0,13
validation,nicolas,ooffice_ch01_seg03,OOFFICE,0,subtraction_adaptive_causal,stft_subtraction,causal_blocks,1.9228891187553323e-07,4.915305614168215,4.915305421879303,-0.025759512722096086,4.263075104317316,4.288834617039412,150,1.8531886666642094,2.1829399999660373,2.2700630001691025,2.5234000004275003,277.9782999996314,0.09265943333321047,60900,0.3,13
validation,nicolas,ooffice_ch01_seg03,OOFFICE,0,wiener_initial_legacy,stft_wiener,offline_file,1.9228891187553323e-07,3.570107067521189,3.570106875232277,-0.025759512722096086,1.2354829309526216,1.2612424436747176,1,5.740900000091642,5.740900000091642,5.740900000091642,5.740900000091642,5.740900000091642,0.0019136333333638806,0,0.0,0
validation,nicolas,ooffice_ch01_seg03,OOFFICE,0,wiener_low_energy_offline,stft_wiener,offline_file,1.9228891187553323e-07,2.178020657574677,2.178020465285765,-0.025759512722096086,1.4803137729904583,1.5060732857125543,1,5.5620000002818415,5.5620000002818415,5.5620000002818415,5.5620000002818415,5.5620000002818415,0.0018540000000939472,0,0.0,0
validation,nicolas,ooffice_ch01_seg03,OOFFICE,0,wiener_adaptive_causal,stft_wiener,causal_blocks,1.9228891187553323e-07,1.6512834932658702,1.6512833009769583,-0.025759512722096086,1.4864494496676985,1.5122089623897945,150,2.046315999929599,2.0234649993199127,9.685815000402599,35.197100000004866,306.9473999894399,0.10231579999647995,60900,0.3,13
validation,nicolas,ooffice_ch01_seg03,OOFFICE,5,bypass,baseline,causal_blocks,5.000000074964795,5.000000074964795,0.0,4.959618417976572,4.959618417976572,0.0,150,0.03332733336113355,0.07541499985563847,0.1596090004113647,0.16969999978755368,4.999100004170032,0.0016663666680566773,57952,0.0,0
validation,nicolas,ooffice_ch01_seg03,OOFFICE,5,subtraction_initial_legacy,stft_subtraction,offline_file,5.000000074964795,5.3117088906604994,0.3117088156957042,4.959618417976572,4.7880684758432945,-0.1715499421332778,1,11.123599999336875,11.123599999336875,11.123599999336875,11.123599999336875,11.123599999336875,0.003707866666445625,0,0.0,0
validation,nicolas,ooffice_ch01_seg03,OOFFICE,5,subtraction_low_energy_offline,stft_subtraction,offline_file,5.000000074964795,10.692710999806316,5.692710924841521,4.959618417976572,10.59730549983065,5.637687081854078,1,10.105499999554013,10.105499999554013,10.105499999554013,10.105499999554013,10.105499999554013,0.0033684999998513376,0,0.0,0
validation,nicolas,ooffice_ch01_seg03,OOFFICE,5,subtraction_calibration_causal,stft_subtraction,causal_blocks,5.000000074964795,3.7538892660914653,-1.24611080887333,4.959618417976572,1.7332318980927794,-3.2263865198837927,150,0.7181239999833148,0.9951849995104566,1.1743489998752907,1.717600000120001,107.71859999749722,0.03590619999916574,60900,0.0,13
validation,nicolas,ooffice_ch01_seg03,OOFFICE,5,subtraction_adaptive_causal,stft_subtraction,causal_blocks,5.000000074964795,9.318225384298621,4.318225309333826,4.959618417976572,8.910430415288733,3.9508119973121607,150,1.3275486666619447,1.901795000003403,2.452177000268417,3.785099999731756,199.13229999929172,0.06637743333309724,60900,0.38666666666666666,13
validation,nicolas,ooffice_ch01_seg03,OOFFICE,5,wiener_initial_legacy,stft_wiener,offline_file,5.000000074964795,5.601941274456071,0.601941199491276,4.959618417976572,4.348804369448573,-0.6108140485279989,1,4.394899999169866,4.394899999169866,4.394899999169866,4.394899999169866,4.394899999169866,0.0014649666663899552,0,0.0,0
validation,nicolas,ooffice_ch01_seg03,OOFFICE,5,wiener_low_energy_offline,stft_wiener,offline_file,5.000000074964795,7.633160731812206,2.6331606568474104,4.959618417976572,7.272210744887698,2.3125923269111253,1,4.543100000773848,4.543100000773848,4.543100000773848,4.543100000773848,4.543100000773848,0.0015143666669246159,0,0.0,0
validation,nicolas,ooffice_ch01_seg03,OOFFICE,5,wiener_adaptive_causal,stft_wiener,causal_blocks,5.000000074964795,6.533932447306412,1.5339323723416172,4.959618417976572,6.376915361089654,1.4172969431130813,150,1.3284059999932651,2.0271599999432506,3.5996329999670604,4.742500000247674,199.26089999898977,0.06642029999966326,60900,0.38666666666666666,13
validation,nicolas,ooffice_ch01_seg03,OOFFICE,10,bypass,baseline,causal_blocks,9.999999893613149,9.999999893613149,0.0,9.951384877093346,9.951384877093346,0.0,150,0.023768666687828954,0.03415500036680896,0.06598200034204593,0.25209999967046315,3.565300003174343,0.0011884333343914477,57952,0.0,0
validation,nicolas,ooffice_ch01_seg03,OOFFICE,10,subtraction_initial_legacy,stft_subtraction,offline_file,9.999999893613149,5.612523770295674,-4.387476123317475,9.951384877093346,5.724499371432495,-4.226885505660851,1,7.434300000568328,7.434300000568328,7.434300000568328,7.434300000568328,7.434300000568328,0.0024781000001894427,0,0.0,0
validation,nicolas,ooffice_ch01_seg03,OOFFICE,10,subtraction_low_energy_offline,stft_subtraction,offline_file,9.999999893613149,14.185132085836615,4.185132192223467,9.951384877093346,15.195551553212507,5.2441666761191605,1,8.31209999978455,8.31209999978455,8.31209999978455,8.31209999978455,8.31209999978455,0.0027706999999281834,0,0.0,0
validation,nicolas,ooffice_ch01_seg03,OOFFICE,10,subtraction_calibration_causal,stft_subtraction,causal_blocks,9.999999893613149,4.016764467803261,-5.983235425809887,9.951384877093346,2.48443781840421,-7.466947058689136,150,0.5048586666695579,0.8610750001935226,1.1077769999428695,1.2160999995103339,75.7288000004337,0.025242933333477897,60900,0.0,13
validation,nicolas,ooffice_ch01_seg03,OOFFICE,10,subtraction_adaptive_causal,stft_subtraction,causal_blocks,9.999999893613149,12.979903337856975,2.979903444243826,9.951384877093346,12.92587360495045,2.9744887278571035,150,1.5054626666824333,2.6005050004641794,3.538134000373247,4.408499999954074,225.819400002365,0.07527313333412167,60900,0.4266666666666667,13
validation,nicolas,ooffice_ch01_seg03,OOFFICE,10,wiener_initial_legacy,stft_wiener,offline_file,9.999999893613149,6.4753403102523865,-3.524659583360762,9.951384877093346,6.060200827094359,-3.891184049998987,1,4.420500000378524,4.420500000378524,4.420500000378524,4.420500000378524,4.420500000378524,0.0014735000001261749,0,0.0,0
validation,nicolas,ooffice_ch01_seg03,OOFFICE,10,wiener_low_energy_offline,stft_wiener,offline_file,9.999999893613149,12.770786411838904,2.770786518225755,9.951384877093346,12.631792181876198,2.680407304782852,1,4.748600000311853,4.748600000311853,4.748600000311853,4.748600000311853,4.748600000311853,0.0015828666667706177,0,0.0,0
validation,nicolas,ooffice_ch01_seg03,OOFFICE,10,wiener_adaptive_causal,stft_wiener,causal_blocks,9.999999893613149,11.309440076728945,1.3094401831157967,9.951384877093346,11.163050025017696,1.21166514792435,150,1.3273053333675005,2.0474850000937286,2.903550999835715,8.472399999845948,199.09580000512506,0.06636526666837501,60900,0.4266666666666667,13
validation,theo,dkitchen_ch01_seg01,DKITCHEN,-5,bypass,baseline,causal_blocks,-5.000000397232492,-5.000000397232492,0.0,-5.001037282438371,-5.001037282438371,0.0,150,0.024590666671429062,0.03686499999275838,0.06296499971540459,0.09489999956713291,3.6886000007143593,0.0012295333335714531,57952,0.0,0
validation,theo,dkitchen_ch01_seg01,DKITCHEN,-5,subtraction_initial_legacy,stft_subtraction,offline_file,-5.000000397232492,-0.6188284736272603,4.3811719236052316,-5.001037282438371,-8.183833985021584,-3.1827967025832136,1,16.247599999587692,16.247599999587692,16.247599999587692,16.247599999587692,16.247599999587692,0.00541586666652923,0,0.0,0
validation,theo,dkitchen_ch01_seg01,DKITCHEN,-5,subtraction_low_energy_offline,stft_subtraction,offline_file,-5.000000397232492,0.9596068669493386,5.959607264181831,-5.001037282438371,-1.3912332349079506,3.60980404753042,1,11.18049999968207,11.18049999968207,11.18049999968207,11.18049999968207,11.18049999968207,0.0037268333332273564,0,0.0,0
validation,theo,dkitchen_ch01_seg01,DKITCHEN,-5,subtraction_calibration_causal,stft_subtraction,causal_blocks,-5.000000397232492,0.6848456176086125,5.684846014841105,-5.001037282438371,-4.850591904657216,0.1504453777811543,150,0.6882059999952617,0.9376400002111039,1.023405999667375,1.1823000004369533,103.23089999928925,0.03441029999976308,60900,0.0,13
validation,theo,dkitchen_ch01_seg01,DKITCHEN,-5,subtraction_adaptive_causal,stft_subtraction,causal_blocks,-5.000000397232492,0.5690760553856524,5.569076452618145,-5.001037282438371,-0.25307940972162934,4.747957872716741,150,1.3636200000534398,1.9201650002287352,2.1953229997961894,2.591999999822292,204.54300000801595,0.06818100000267198,60900,0.24666666666666667,13
validation,theo,dkitchen_ch01_seg01,DKITCHEN,-5,wiener_initial_legacy,stft_wiener,offline_file,-5.000000397232492,-2.7030863307357396,2.2969140664967527,-5.001037282438371,-8.625278525700391,-3.624241243262021,1,4.775500000505417,4.775500000505417,4.775500000505417,4.775500000505417,4.775500000505417,0.0015918333335018058,0,0.0,0
validation,theo,dkitchen_ch01_seg01,DKITCHEN,-5,wiener_low_energy_offline,stft_wiener,offline_file,-5.000000397232492,-2.816635830144654,2.183364567087838,-5.001037282438371,-3.94440882173123,1.0566284607071408,1,4.209699999591976,4.209699999591976,4.209699999591976,4.209699999591976,4.209699999591976,0.0014032333331973252,0,0.0,0
validation,theo,dkitchen_ch01_seg01,DKITCHEN,-5,wiener_adaptive_causal,stft_wiener,causal_blocks,-5.000000397232492,-3.2679299362411802,1.732070460991312,-5.001037282438371,-3.435939969564533,1.5650973128738377,150,1.1900606666555784,1.533095000195317,1.8596620000880633,1.946700000189594,178.50909999833675,0.05950303333277892,60900,0.24666666666666667,13
validation,theo,dkitchen_ch01_seg01,DKITCHEN,0,bypass,baseline,causal_blocks,-4.0410572961335265e-07,-4.0410572961335265e-07,0.0,-0.0005818149416027666,-0.0005818149416027666,0.0,150,0.02328599995356247,0.03731000024345121,0.054678999731549875,0.08940000043367036,3.4928999930343707,0.0011642999976781236,57952,0.0,0
validation,theo,dkitchen_ch01_seg01,DKITCHEN,0,subtraction_initial_legacy,stft_subtraction,offline_file,-4.0410572961335265e-07,1.3612729434019413,1.3612733475076708,-0.0005818149416027666,-4.128540269523292,-4.127958454581689,1,7.4230999998690095,7.4230999998690095,7.4230999998690095,7.4230999998690095,7.4230999998690095,0.0024743666666230033,0,0.0,0
validation,theo,dkitchen_ch01_seg01,DKITCHEN,0,subtraction_low_energy_offline,stft_subtraction,offline_file,-4.0410572961335265e-07,6.222582227897928,6.2225826320036575,-0.0005818149416027666,5.095541117298691,5.096122932240293,1,8.165299999745912,8.165299999745912,8.165299999745912,8.165299999745912,8.165299999745912,0.0027217666665819706,0,0.0,0
validation,theo,dkitchen_ch01_seg01,DKITCHEN,0,subtraction_calibration_causal,stft_subtraction,causal_blocks,-4.0410572961335265e-07,2.0735773149078733,2.073577719013603,-0.0005818149416027666,-2.095313494295375,-2.0947316793537722,150,0.5541120000028362,0.9590150006260955,1.2709290002658225,1.6368000005968497,83.11680000042543,0.02770560000014181,60900,0.0,13
validation,theo,dkitchen_ch01_seg01,DKITCHEN,0,subtraction_adaptive_causal,stft_subtraction,causal_blocks,-4.0410572961335265e-07,5.403865593065752,5.403865997171481,-0.0005818149416027666,4.819398855036821,4.819980669978424,150,1.3628646667408855,1.9647249999707128,2.3626939999030583,3.096900000855385,204.4297000111328,0.06814323333704426,60900,0.3,13
validation,theo,dkitchen_ch01_seg01,DKITCHEN,0,wiener_initial_legacy,stft_wiener,offline_file,-4.0410572961335265e-07,0.6924056333123954,0.692406037418125,-0.0005818149416027666,-4.1675720556464295,-4.166990240704827,1,4.605899999660323,4.605899999660323,4.605899999660323,4.605899999660323,4.605899999660323,0.0015352999998867745,0,0.0,0
validation,theo,dkitchen_ch01_seg01,DKITCHEN,0,wiener_low_energy_offline,stft_wiener,offline_file,-4.0410572961335265e-07,2.531794394876062,2.531794798981792,-0.0005818149416027666,1.9232089226871896,1.9237907376287924,1,4.215999999360065,4.215999999360065,4.215999999360065,4.215999999360065,4.215999999360065,0.0014053333331200217,0,0.0,0
validation,theo,dkitchen_ch01_seg01,DKITCHEN,0,wiener_adaptive_causal,stft_wiener,causal_blocks,-4.0410572961335265e-07,1.7195841805993142,1.7195845847050437,-0.0005818149416027666,1.5914507391505541,1.592032554092157,150,1.3031286667076831,1.8928899997717945,3.21598399988032,7.7756000000590575,195.46930000615248,0.06515643333538416,60900,0.3,13
validation,theo,dkitchen_ch01_seg01,DKITCHEN,5,bypass,baseline,causal_blocks,5.000000148406375,5.000000148406375,0.0,4.999674865672013,4.999674865672013,0.0,150,0.02093199999459709,0.022400000079869642,0.02973200013911989,0.04260000059730373,3.139799999189563,0.0010465999997298543,57952,0.0,0
validation,theo,dkitchen_ch01_seg01,DKITCHEN,5,subtraction_initial_legacy,stft_subtraction,offline_file,5.000000148406375,2.2425946196968334,-2.757405528709542,4.999674865672013,-1.3656102183731413,-6.365285084045154,1,13.737300000684627,13.737300000684627,13.737300000684627,13.737300000684627,13.737300000684627,0.004579100000228209,0,0.0,0
validation,theo,dkitchen_ch01_seg01,DKITCHEN,5,subtraction_low_energy_offline,stft_subtraction,offline_file,5.000000148406375,11.728496162789563,6.728496014383188,4.999674865672013,11.682763941292402,6.683089075620389,1,7.534099999247701,7.534099999247701,7.534099999247701,7.534099999247701,7.534099999247701,0.0025113666664159004,0,0.0,0
validation,theo,dkitchen_ch01_seg01,DKITCHEN,5,subtraction_calibration_causal,stft_subtraction,causal_blocks,5.000000148406375,2.62477619850817,-2.375223949898205,4.999674865672013,-0.7245271501400814,-5.724202015812095,150,0.641410666697387,0.9711650004192047,4.151436000065559,6.712400000651542,96.21160000460804,0.032070533334869346,60900,0.0,13
validation,theo,dkitchen_ch01_seg01,DKITCHEN,5,subtraction_adaptive_causal,stft_subtraction,causal_blocks,5.000000148406375,9.906294970342366,4.90629482193599,4.999674865672013,9.5198717611885,4.520196895516488,150,1.41540733337024,2.1789449998777846,2.7788719998898115,4.418900000018766,212.311100005536,0.070770366668512,60900,0.35333333333333333,13
validation,theo,dkitchen_ch01_seg01,DKITCHEN,5,wiener_initial_legacy,stft_wiener,offline_file,5.000000148406375,2.727432277891339,-2.272567870515036,4.999674865672013,-0.5854481310908608,-5.585122996762873,1,4.2388000001665205,4.2388000001665205,4.2388000001665205,4.2388000001665205,4.2388000001665205,0.00141293333338884,0,0.0,0
validation,theo,dkitchen_ch01_seg01,DKITCHEN,5,wiener_low_energy_offline,stft_wiener,offline_file,5.000000148406375,8.1877307105528,3.1877305621464256,4.999674865672013,7.913265510165441,2.9135906444934285,1,4.236800000398944,4.236800000398944,4.236800000398944,4.236800000398944,4.236800000398944,0.001412266666799648,0,0.0,0
validation,theo,dkitchen_ch01_seg01,DKITCHEN,5,wiener_adaptive_causal,stft_wiener,causal_blocks,5.000000148406375,6.656281106478429,1.6562809580720534,4.999674865672013,6.552384186324991,1.552709320652978,150,1.215684666664553,1.7513299998427097,2.0969039996452894,2.4725000002945308,182.35269999968295,0.060784233333227654,60900,0.35333333333333333,13
validation,theo,dkitchen_ch01_seg01,DKITCHEN,10,bypass,baseline,causal_blocks,10.00000014427223,10.00000014427223,0.0,9.999818885013067,9.999818885013067,0.0,150,0.03447400000974691,0.04035499978272128,0.06110699966484384,0.1384999995934777,5.171100001462037,0.0017237000004873455,57952,0.0,0
validation,theo,dkitchen_ch01_seg01,DKITCHEN,10,subtraction_initial_legacy,stft_subtraction,offline_file,10.00000014427223,2.5660168538522576,-7.433983290419972,9.999818885013067,0.04333692825258277,-9.956481956760484,1,7.585000000290165,7.585000000290165,7.585000000290165,7.585000000290165,7.585000000290165,0.002528333333430055,0,0.0,0
validation,theo,dkitchen_ch01_seg01,DKITCHEN,10,subtraction_low_energy_offline,stft_subtraction,offline_file,10.00000014427223,15.861003625343566,5.861003481071336,9.999818885013067,16.57911697743473,6.579298092421663,1,7.936400000289723,7.936400000289723,7.936400000289723,7.936400000289723,7.936400000289723,0.002645466666763241,0,0.0,0
validation,theo,dkitchen_ch01_seg01,DKITCHEN,10,subtraction_calibration_causal,stft_subtraction,causal_blocks,10.00000014427223,2.817593944523506,-7.182406199748724,9.999818885013067,-0.1854564819108455,-10.185275366923912,150,0.5237893333590667,0.8499250003296757,1.3091660001737169,1.530300000013085,78.56840000386,0.026189466667953337,60900,0.0,13
validation,theo,dkitchen_ch01_seg01,DKITCHEN,10,subtraction_adaptive_causal,stft_subtraction,causal_blocks,10.00000014427223,13.826920725273169,3.8269205810009392,9.999818885013067,13.658709062771347,3.6588901777582805,150,1.3929266666794622,2.0262549997823944,2.963431999505698,3.3848000002763,208.93900000191934,0.06964633333397312,60900,0.36,13
validation,theo,dkitchen_ch01_seg01,DKITCHEN,10,wiener_initial_legacy,stft_wiener,offline_file,10.00000014427223,3.6367625170364084,-6.363237627235821,9.999818885013067,1.6664224997694324,-8.333396385243635,1,4.532599999947706,4.532599999947706,4.532599999947706,4.532599999947706,4.532599999947706,0.0015108666666492354,0,0.0,0
validation,theo,dkitchen_ch01_seg01,DKITCHEN,10,wiener_low_energy_offline,stft_wiener,offline_file,10.00000014427223,13.537504890088272,3.537504745816042,9.999818885013067,13.392395108311604,3.392576223298537,1,4.34049999967101,4.34049999967101,4.34049999967101,4.34049999967101,4.34049999967101,0.00144683333322367,0,0.0,0
validation,theo,dkitchen_ch01_seg01,DKITCHEN,10,wiener_adaptive_causal,stft_wiener,causal_blocks,10.00000014427223,11.494137075297141,1.4941369310249115,9.999818885013067,11.408752082013578,1.4089331970005112,150,1.3135953333282184,1.8755450003027363,4.1007439999702795,10.178399999858811,197.03929999923275,0.06567976666641091,60900,0.36,13
validation,theo,dkitchen_ch01_seg02,DKITCHEN,-5,bypass,baseline,causal_blocks,-4.999999716363442,-4.999999716363442,0.0,-4.98888085184989,-4.98888085184989,0.0,150,0.022100666707653243,0.030095000192886752,0.03920300024219609,0.1691999996182858,3.3151000061479863,0.001105033335382662,57952,0.0,0
validation,theo,dkitchen_ch01_seg02,DKITCHEN,-5,subtraction_initial_legacy,stft_subtraction,offline_file,-4.999999716363442,1.6330363985179148,6.633036114881357,-4.98888085184989,-3.400384808674719,1.5884960431751711,1,7.713999999396037,7.713999999396037,7.713999999396037,7.713999999396037,7.713999999396037,0.0025713333331320123,0,0.0,0
validation,theo,dkitchen_ch01_seg02,DKITCHEN,-5,subtraction_low_energy_offline,stft_subtraction,offline_file,-4.999999716363442,2.064864039317137,7.064863755680579,-4.98888085184989,0.21209564092361244,5.200976492773503,1,18.897899999501533,18.897899999501533,18.897899999501533,18.897899999501533,18.897899999501533,0.006299299999833845,0,0.0,0
validation,theo,dkitchen_ch01_seg02,DKITCHEN,-5,subtraction_calibration_causal,stft_subtraction,causal_blocks,-4.999999716363442,0.5259192929159346,5.525919009279377,-4.98888085184989,-5.05810850000246,-0.06922764815256954,150,0.5748653333345525,0.8847300000525136,0.948156000476956,7.286400000339199,86.22980000018288,0.028743266666727624,60900,0.0,13
validation,theo,dkitchen_ch01_seg02,DKITCHEN,-5,subtraction_adaptive_causal,stft_subtraction,causal_blocks,-4.999999716363442,-0.27170955969279315,4.728290156670649,-4.98888085184989,-1.068321186270331,3.9205596655795594,150,1.4611993333043454,2.2195100001681554,2.682097999650068,2.732099999775528,219.1798999956518,0.07305996666521726,60900,0.24,13
validation,theo,dkitchen_ch01_seg02,DKITCHEN,-5,wiener_initial_legacy,stft_wiener,offline_file,-4.999999716363442,0.39648816927175234,5.396487885635194,-4.98888085184989,-4.657023688793156,0.33185716305673374,1,4.274499999155523,4.274499999155523,4.274499999155523,4.274499999155523,4.274499999155523,0.001424833333051841,0,0.0,0
validation,theo,dkitchen_ch01_seg02,DKITCHEN,-5,wiener_low_energy_offline,stft_wiener,offline_file,-4.999999716363442,-2.441347999860438,2.5586517165030043,-4.98888085184989,-3.334955229701244,1.653925622148646,1,4.459699999642908,4.459699999642908,4.459699999642908,4.459699999642908,4.459699999642908,0.0014865666665476358,0,0.0,0
validation,theo,dkitchen_ch01_seg02,DKITCHEN,-5,wiener_adaptive_causal,stft_wiener,causal_blocks,-4.999999716363442,-3.3683350912038543,1.6316646251595879,-4.98888085184989,-3.5134529214958397,1.4754279303540505,150,1.2047060000016547,1.6969749997315373,1.999296000321918,2.305299999534327,180.70590000024822,0.06023530000008274,60900,0.24,13
validation,theo,dkitchen_ch01_seg02,DKITCHEN,0,bypass,baseline,causal_blocks,3.0395399130625987e-08,3.0395399130625987e-08,0.0,0.006298210242043114,0.006298210242043114,0.0,150,0.02122799997475037,0.022555000259671942,0.03492599987112033,0.09030000001075678,3.1841999962125556,0.0010613999987375184,57952,0.0,0
validation,theo,dkitchen_ch01_seg02,DKITCHEN,0,subtraction_initial_legacy,stft_subtraction,offline_file,3.0395399130625987e-08,2.335435739108801,2.335435708713402,0.006298210242043114,-0.9181176329590813,-0.9244158432011245,1,7.674699999370205,7.674699999370205,7.674699999370205,7.674699999370205,7.674699999370205,0.0025582333331234017,0,0.0,0
validation,theo,dkitchen_ch01_seg02,DKITCHEN,0,subtraction_low_energy_offline,stft_subtraction,offline_file,3.0395399130625987e-08,7.387131968725172,7.387131938329773,0.006298210242043114,6.576225492810705,6.569927282568662,1,9.045699999660428,9.045699999660428,9.045699999660428,9.045699999660428,9.045699999660428,0.003015233333220143,0,0.0,0
validation,theo,dkitchen_ch01_seg02,DKITCHEN,0,subtraction_calibration_causal,stft_subtraction,causal_blocks,3.0395399130625987e-08,2.000345364693056,2.000345334297657,0.006298210242043114,-2.25384245699516,-2.260140667237203,150,0.5453279999892402,0.9272050000618032,1.5699029997904284,2.814299999954528,81.79919999838603,0.02726639999946201,60900,0.0,13
validation,theo,dkitchen_ch01_seg02,DKITCHEN,0,subtraction_adaptive_causal,stft_subtraction,causal_blocks,3.0395399130625987e-08,4.604682021024776,4.604681990629377,0.006298210242043114,4.00360995653276,3.9973117462907166,150,1.4688393333684264,2.121139999826481,2.762401000290992,5.577400000220223,220.32590000526397,0.07344196666842133,60900,0.3466666666666667,13
validation,theo,dkitchen_ch01_seg02,DKITCHEN,0,wiener_initial_legacy,stft_wiener,offline_file,3.0395399130625987e-08,2.573045205676814,2.5730451752814147,0.006298210242043114,-0.9109547252121661,-0.9172529354542093,1,4.310700000132783,4.310700000132783,4.310700000132783,4.310700000132783,4.310700000132783,0.001436900000044261,0,0.0,0
validation,theo,dkitchen_ch01_seg02,DKITCHEN,0,wiener_low_energy_offline,stft_wiener,offline_file,3.0395399130625987e-08,2.9178317490202996,2.9178317186249005,0.006298210242043114,2.5507420594947705,2.5444438492527275,1,4.302499999539577,4.302499999539577,4.302499999539577,4.302499999539577,4.302499999539577,0.0014341666665131925,0,0.0,0
validation,theo,dkitchen_ch01_seg02,DKITCHEN,0,wiener_adaptive_causal,stft_wiener,causal_blocks,3.0395399130625987e-08,1.63198927604085,1.631989245645451,0.006298210242043114,1.5131719940890478,1.5068737838470048,150,1.4145506666500296,2.041180000287567,7.112122000162331,10.545000000092841,212.18259999750444,0.07072753333250148,60900,0.3466666666666667,13
validation,theo,dkitchen_ch01_seg02,DKITCHEN,5,bypass,baseline,causal_blocks,4.999999857497922,4.999999857497922,0.0,5.003586001313033,5.003586001313033,0.0,150,0.03554933332149327,0.0442899995960033,0.05795699985355886,0.06750000011379598,5.332399998223991,0.0017774666660746636,57952,0.0,0
validation,theo,dkitchen_ch01_seg02,DKITCHEN,5,subtraction_initial_legacy,stft_subtraction,offline_file,4.999999857497922,2.5915770204571165,-2.408422837040806,5.003586001313033,0.23086924235604422,-4.772716758956989,1,7.747200000267185,7.747200000267185,7.747200000267185,7.747200000267185,7.747200000267185,0.0025824000000890615,0,0.0,0
validation,theo,dkitchen_ch01_seg02,DKITCHEN,5,subtraction_low_energy_offline,stft_subtraction,offline_file,4.999999857497922,12.044162493260089,7.0441626357621665,5.003586001313033,11.872427010181944,6.868841008868912,1,7.592199999635341,7.592199999635341,7.592199999635341,7.592199999635341,7.592199999635341,0.00253073333321178,0,0.0,0
validation,theo,dkitchen_ch01_seg02,DKITCHEN,5,subtraction_calibration_causal,stft_subtraction,causal_blocks,4.999999857497922,2.595272910073353,-2.404726947424569,5.003586001313033,-0.8083029949204174,-5.81188899623345,150,0.5704140000125335,0.9189750002860819,1.0444889998689175,1.481199999943783,85.56210000188003,0.028520700000626675,60900,0.0,13
validation,theo,dkitchen_ch01_seg02,DKITCHEN,5,subtraction_adaptive_causal,stft_subtraction,causal_blocks,4.999999857497922,9.20462954247318,4.204629684975258,5.003586001313033,8.784542103584688,3.780956102271655,150,1.3323266666338895,1.7302849997122394,2.544781999595214,2.8357999999570893,199.84899999508343,0.06661633333169448,60900,0.4,13
validation,theo,dkitchen_ch01_seg02,DKITCHEN,5,wiener_initial_legacy,stft_wiener,offline_file,4.999999857497922,3.5702898407086754,-1.429710016789247,5.003586001313033,1.4842924156835777,-3.519293585629455,1,4.288099999939732,4.288099999939732,4.288099999939732,4.288099999939732,4.288099999939732,0.0014293666666465772,0,0.0,0
validation,theo,dkitchen_ch01_seg02,DKITCHEN,5,wiener_low_energy_offline,stft_wiener,offline_file,4.999999857497922,8.051832658771149,3.0518328012732265,5.003586001313033,7.840437246108413,2.8368512447953806,1,4.562199999782024,4.562199999782024,4.562199999782024,4.562199999782024,4.562199999782024,0.0015207333332606747,0,0.0,0
validation,theo,dkitchen_ch01_seg02,DKITCHEN,5,wiener_adaptive_causal,stft_wiener,causal_blocks,4.999999857497922,6.582267986667709,1.5822681291697869,5.003586001313033,6.481135302937721,1.4775493016246886,150,1.2621666667170455,2.104945000110092,2.669393000323906,2.845099999831291,189.3250000075568,0.06310833333585227,60900,0.4,13
validation,theo,dkitchen_ch01_seg02,DKITCHEN,10,bypass,baseline,causal_blocks,10.00000020102682,10.00000020102682,0.0,10.002060875585283,10.002060875585283,0.0,150,0.020651333331140147,0.021564999906331647,0.03186299969456739,0.04220000027999049,3.097699999671022,0.0010325666665570072,57952,0.0,0
validation,theo,dkitchen_ch01_seg02,DKITCHEN,10,subtraction_initial_legacy,stft_subtraction,offline_file,10.00000020102682,2.6792286841330437,-7.320771516893776,10.002060875585283,0.6603966375910284,-9.341664237994255,1,8.402099999329948,8.402099999329948,8.402099999329948,8.402099999329948,8.402099999329948,0.0028006999997766493,0,0.0,0
validation,theo,dkitchen_ch01_seg02,DKITCHEN,10,subtraction_low_energy_offline,stft_subtraction,offline_file,10.00000020102682,16.411946726402338,6.411946525375518,10.002060875585283,16.755552081599063,6.753491206013781,1,7.604499999615655,7.604499999615655,7.604499999615655,7.604499999615655,7.604499999615655,0.0025348333332052184,0,0.0,0
validation,theo,dkitchen_ch01_seg02,DKITCHEN,10,subtraction_calibration_causal,stft_subtraction,causal_blocks,10.00000020102682,2.8041288572433807,-7.195871343783439,10.002060875585283,-0.22661821088805872,-10.228679086473342,150,0.4900226666965561,0.6282449997343063,0.896108999777425,1.0062999999718159,73.50340000448341,0.024501133334827802,60900,0.0,13
validation,theo,dkitchen_ch01_seg02,DKITCHEN,10,subtraction_adaptive_causal,stft_subtraction,causal_blocks,10.00000020102682,13.200638023822757,3.2006378227959367,10.002060875585283,12.994314864406,2.9922539888207176,150,1.3671060000706348,1.9599100002324121,2.6963810002234814,2.855799999451847,205.06590001059521,0.06835530000353174,60900,0.3933333333333333,13
validation,theo,dkitchen_ch01_seg02,DKITCHEN,10,wiener_initial_legacy,stft_wiener,offline_file,10.00000020102682,3.940250160398695,-6.059750040628125,10.002060875585283,2.627967274884162,-7.374093600701121,1,4.404899999826739,4.404899999826739,4.404899999826739,4.404899999826739,4.404899999826739,0.0014682999999422464,0,0.0,0
validation,theo,dkitchen_ch01_seg02,DKITCHEN,10,wiener_low_energy_offline,stft_wiener,offline_file,10.00000020102682,13.42105594199213,3.4210557409653095,10.002060875585283,13.314096658118439,3.3120357825331563,1,4.357300000265241,4.357300000265241,4.357300000265241,4.357300000265241,4.357300000265241,0.001452433333421747,0,0.0,0
validation,theo,dkitchen_ch01_seg02,DKITCHEN,10,wiener_adaptive_causal,stft_wiener,causal_blocks,10.00000020102682,11.425424078898894,1.425423877872074,10.002060875585283,11.337170972912347,1.335110097327064,150,1.2854053333103366,1.8126150001080519,2.687274000527393,9.34049999978015,192.8107999965505,0.06427026666551683,60900,0.3933333333333333,13
validation,theo,dkitchen_ch01_seg03,DKITCHEN,-5,bypass,baseline,causal_blocks,-5.000000139750784,-5.000000139750784,0.0,-4.978729544377545,-4.978729544377545,0.0,150,0.020663333313374704,0.0213549998079543,0.02820200023052157,0.04360000002634479,3.0994999970062054,0.001033166665668735,57952,0.0,0
validation,theo,dkitchen_ch01_seg03,DKITCHEN,-5,subtraction_initial_legacy,stft_subtraction,offline_file,-5.000000139750784,1.5305938596938513,6.530593999444635,-4.978729544377545,-3.690251231195458,1.2884783131820874,1,7.910299999821291,7.910299999821291,7.910299999821291,7.910299999821291,7.910299999821291,0.002636766666607097,0,0.0,0
validation,theo,dkitchen_ch01_seg03,DKITCHEN,-5,subtraction_low_energy_offline,stft_subtraction,offline_file,-5.000000139750784,2.3714308956668453,7.371431035417629,-4.978729544377545,0.5421757500927631,5.5209052944703085,1,18.085200000314217,18.085200000314217,18.085200000314217,18.085200000314217,18.085200000314217,0.006028400000104739,0,0.0,0
validation,theo,dkitchen_ch01_seg03,DKITCHEN,-5,subtraction_calibration_causal,stft_subtraction,causal_blocks,-5.000000139750784,0.6339366881103541,5.633936827861138,-4.978729544377545,-4.878869842368738,0.099859702008807,150,0.5080846666654301,0.6869550002647878,1.0758410002836147,1.2481000003390363,76.2126999998145,0.025404233333271502,60900,0.0,13
validation,theo,dkitchen_ch01_seg03,DKITCHEN,-5,subtraction_adaptive_causal,stft_subtraction,causal_blocks,-5.000000139750784,0.7960394028748895,5.796039542625674,-4.978729544377545,0.026634531508212406,5.005364075885757,150,1.370222666664631,1.882749999685984,2.7016670003467853,4.157500000474101,205.53339999969467,0.06851113333323156,60900,0.24,13
validation,theo,dkitchen_ch01_seg03,DKITCHEN,-5,wiener_initial_legacy,stft_wiener,offline_file,-5.000000139750784,0.5030055965315233,5.503005736282308,-4.978729544377545,-4.438559314557192,0.5401702298203528,1,4.4875000003230525,4.4875000003230525,4.4875000003230525,4.4875000003230525,4.4875000003230525,0.0014958333334410174,0,0.0,0
validation,theo,dkitchen_ch01_seg03,DKITCHEN,-5,wiener_low_energy_offline,stft_wiener,offline_file,-5.000000139750784,-2.3083435660055693,2.691656573745215,-4.978729544377545,-3.2303849475872375,1.7483445967903077,1,4.141700000218407,4.141700000218407,4.141700000218407,4.141700000218407,4.141700000218407,0.001380566666739469,0,0.0,0
validation,theo,dkitchen_ch01_seg03,DKITCHEN,-5,wiener_adaptive_causal,stft_wiener,causal_blocks,-5.000000139750784,-2.843024860215065,2.156975279535719,-4.978729544377545,-2.969348141163141,2.0093814032144044,150,1.2077233333305533,1.669540000193592,2.139923999620802,2.3963999992702156,181.158499999583,0.060386166666527664,60900,0.24,13
validation,theo,dkitchen_ch01_seg03,DKITCHEN,0,bypass,baseline,causal_blocks,1.8679393505772106e-07,1.8679393505772106e-07,0.0,0.012340290828831148,0.012340290828831148,0.0,150,0.020798666658568738,0.02211000000897911,0.032269000002997913,0.04929999977321131,3.119799998785311,0.001039933332928437,57952,0.0,0
validation,theo,dkitchen_ch01_seg03,DKITCHEN,0,subtraction_initial_legacy,stft_subtraction,offline_file,1.8679393505772106e-07,2.306023707650001,2.306023520856066,0.012340290828831148,-1.078227712275508,-1.0905680031043392,1,9.215999999469204,9.215999999469204,9.215999999469204,9.215999999469204,9.215999999469204,0.0030719999998230683,0,0.0,0
validation,theo,dkitchen_ch01_seg03,DKITCHEN,0,subtraction_low_energy_offline,stft_subtraction,offline_file,1.8679393505772106e-07,7.887266873360065,7.88726668656613,0.012340290828831148,7.1624848079288626,7.150144517100031,1,7.8392000004896545,7.8392000004896545,7.8392000004896545,7.8392000004896545,7.8392000004896545,0.002613066666829885,0,0.0,0
validation,theo,dkitchen_ch01_seg03,DKITCHEN,0,subtraction_calibration_causal,stft_subtraction,causal_blocks,1.8679393505772106e-07,2.052238403509358,2.052238216715423,0.012340290828831148,-2.137273903719483,-2.149614194548314,150,0.5505086666380521,0.9484100000008764,1.2119810000331197,1.6978000003291527,82.57629999570781,0.027525433331902605,60900,0.0,13
validation,theo,dkitchen_ch01_seg03,DKITCHEN,0,subtraction_adaptive_causal,stft_subtraction,causal_blocks,1.8679393505772106e-07,5.71338739213406,5.713387205340125,0.012340290828831148,5.149761647150449,5.137421356321617,150,1.4017253333380115,2.361479999763098,3.6373500003355708,4.046499999276421,210.25880000070174,0.07008626666690058,60900,0.31333333333333335,13
validation,theo,dkitchen_ch01_seg03,DKITCHEN,0,wiener_initial_legacy,stft_wiener,offline_file,1.8679393505772106e-07,2.6402466121601833,2.6402464253662483,0.012340290828831148,-0.7692579678586787,-0.7815982586875099,1,4.194900000584312,4.194900000584312,4.194900000584312,4.194900000584312,4.194900000584312,0.0013983000001947705,0,0.0,0
validation,theo,dkitchen_ch01_seg03,DKITCHEN,0,wiener_low_energy_offline,stft_wiener,offline_file,1.8679393505772106e-07,3.0678622398306423,3.0678620530367073,0.012340290828831148,2.755382667792261,2.74304237696343,1,4.593200000272191,4.593200000272191,4.593200000272191,4.593200000272191,4.593200000272191,0.0015310666667573969,0,0.0,0
validation,theo,dkitchen_ch01_seg03,DKITCHEN,0,wiener_adaptive_causal,stft_wiener,causal_blocks,1.8679393505772106e-07,2.1947057044399028,2.1947055176459678,0.012340290828831148,2.084144093981823,2.0718038031529917,150,1.3323806667055276,1.9689850001213924,2.6772569999593485,10.386400000243157,199.85710000582912,0.06661903333527637,60900,0.31333333333333335,13
validation,theo,dkitchen_ch01_seg03,DKITCHEN,5,bypass,baseline,causal_blocks,5.000000024878651,5.000000024878651,0.0,5.007314104048576,5.007314104048576,0.0,150,0.021330000017769635,0.028734999887092244,0.04039099983856428,0.06600000051548705,3.199500002665445,0.0010665000008884817,57952,0.0,0
validation,theo,dkitchen_ch01_seg03,DKITCHEN,5,subtraction_initial_legacy,stft_subtraction,offline_file,5.000000024878651,2.58561979622547,-2.4143802286531812,5.007314104048576,0.17291366423857632,-4.83440043981,1,7.492900000215741,7.492900000215741,7.492900000215741,7.492900000215741,7.492900000215741,0.002497633333405247,0,0.0,0
validation,theo,dkitchen_ch01_seg03,DKITCHEN,5,subtraction_low_energy_offline,stft_subtraction,offline_file,5.000000024878651,12.305799889376354,7.305799864497703,5.007314104048576,12.164074434425586,7.15676033037701,1,8.306499999889638,8.306499999889638,8.306499999889638,8.306499999889638,8.306499999889638,0.0027688333332965462,0,0.0,0
validation,theo,dkitchen_ch01_seg03,DKITCHEN,5,subtraction_calibration_causal,stft_subtraction,causal_blocks,5.000000024878651,2.6159975860791262,-2.384002438799525,5.007314104048576,-0.7513386141320688,-5.758652718180645,150,0.6602440000278875,1.091490000089834,4.0349589999277296,8.792099999482161,99.03660000418313,0.033012200001394376,60900,0.0,13
validation,theo,dkitchen_ch01_seg03,DKITCHEN,5,subtraction_adaptive_causal,stft_subtraction,causal_blocks,5.000000024878651,10.1877751747138,5.187775149835148,5.007314104048576,9.820070238001588,4.812756133953012,150,1.3373186666952581,1.8463949996657896,2.7278329996715907,3.1217999994623824,200.59780000428873,0.06686593333476291,60900,0.35333333333333333,13
validation,theo,dkitchen_ch01_seg03,DKITCHEN,5,wiener_initial_legacy,stft_wiener,offline_file,5.000000024878651,3.6049881405354083,-1.3950118843432429,5.007314104048576,1.569835339863194,-3.437478764185382,1,4.578899999614805,4.578899999614805,4.578899999614805,4.578899999614805,4.578899999614805,0.0015262999998716016,0,0.0,0
validation,theo,dkitchen_ch01_seg03,DKITCHEN,5,wiener_low_energy_offline,stft_wiener,offline_file,5.000000024878651,8.132737556042747,3.1327375311640955,5.007314104048576,7.941652811645282,2.934338707596706,1,4.520600000432751,4.520600000432751,4.520600000432751,4.520600000432751,4.520600000432751,0.001506866666810917,0,0.0,0
validation,theo,dkitchen_ch01_seg03,DKITCHEN,5,wiener_adaptive_causal,stft_wiener,causal_blocks,5.000000024878651,7.1274099412023855,2.1274099163237343,5.007314104048576,7.030711536207315,2.023397432158739,150,1.2171353333724255,1.9309450000491768,2.327102000144805,2.3646999998163665,182.57030000586383,0.060856766668621276,60900,0.35333333333333333,13
validation,theo,dkitchen_ch01_seg03,DKITCHEN,10,bypass,baseline,causal_blocks,9.999999970070558,9.999999970070558,0.0,10.004486431014728,10.004486431014728,0.0,150,0.022808666659936232,0.02349499986848967,0.049360999701093526,0.2882000007957686,3.4212999989904347,0.0011404333329968115,57952,0.0,0
validation,theo,dkitchen_ch01_seg03,DKITCHEN,10,subtraction_initial_legacy,stft_subtraction,offline_file,9.999999970070558,2.6792634609942474,-7.32073650907631,10.004486431014728,0.6464879415412432,-9.357998489473484,1,7.510399999773654,7.510399999773654,7.510399999773654,7.510399999773654,7.510399999773654,0.0025034666665912178,0,0.0,0
validation,theo,dkitchen_ch01_seg03,DKITCHEN,10,subtraction_low_energy_offline,stft_subtraction,offline_file,9.999999970070558,16.579737771885625,6.579737801815067,10.004486431014728,16.95222048569069,6.947734054675964,1,8.086800000455696,8.086800000455696,8.086800000455696,8.086800000455696,8.086800000455696,0.0026956000001518987,0,0.0,0
validation,theo,dkitchen_ch01_seg03,DKITCHEN,10,subtraction_calibration_causal,stft_subtraction,causal_blocks,9.999999970070558,2.8122150315730727,-7.187784938497485,10.004486431014728,-0.20193604857864877,-10.206422479593376,150,0.5175166666413133,0.8333649999713085,1.1582359995190912,2.1326000005501555,77.627499996197,0.025875833332065667,60900,0.0,13
validation,theo,dkitchen_ch01_seg03,DKITCHEN,10,subtraction_adaptive_causal,stft_subtraction,causal_blocks,9.999999970070558,14.005658063592765,4.005658093522207,10.004486431014728,13.858269992622889,3.853783561608161,150,1.3761566666895912,2.0126399998844127,2.9833690003761144,3.395499999896856,206.42350000343868,0.06880783333447955,60900,0.37333333333333335,13
validation,theo,dkitchen_ch01_seg03,DKITCHEN,10,wiener_initial_legacy,stft_wiener,offline_file,9.999999970070558,3.957646917470385,-6.042353052600173,10.004486431014728,2.675341938441262,-7.329144492573466,1,4.1855000008581555,4.1855000008581555,4.1855000008581555,4.1855000008581555,4.1855000008581555,0.0013951666669527185,0,0.0,0
validation,theo,dkitchen_ch01_seg03,DKITCHEN,10,wiener_low_energy_offline,stft_wiener,offline_file,9.999999970070558,13.41876011335241,3.418760143281853,10.004486431014728,13.315368850698551,3.310882419683823,1,4.262200000084704,4.262200000084704,4.262200000084704,4.262200000084704,4.262200000084704,0.001420733333361568,0,0.0,0
validation,theo,dkitchen_ch01_seg03,DKITCHEN,10,wiener_adaptive_causal,stft_wiener,causal_blocks,9.999999970070558,11.92790597826804,1.927906008197482,10.004486431014728,11.846537914123614,1.842051483108886,150,1.288108000013987,1.7436299997370945,2.703492999780789,10.476000000380736,193.21620000209805,0.06440540000069934,60900,0.37333333333333335,13
validation,theo,ooffice_ch01_seg01,OOFFICE,-5,bypass,baseline,causal_blocks,-4.99999995709016,-4.99999995709016,0.0,-5.021630309082047,-5.021630309082047,0.0,150,0.020663333252741722,0.02137499977834522,0.03228599976864627,0.043000000005122274,3.0994999879112584,0.0010331666626370861,57952,0.0,0
validation,theo,ooffice_ch01_seg01,OOFFICE,-5,subtraction_initial_legacy,stft_subtraction,offline_file,-4.99999995709016,-2.6772147943314604,2.3227851627586995,-5.021630309082047,-11.030261989513196,-6.008631680431149,1,7.90930000039225,7.90930000039225,7.90930000039225,7.90930000039225,7.90930000039225,0.0026364333334640833,0,0.0,0
validation,theo,ooffice_ch01_seg01,OOFFICE,-5,subtraction_low_energy_offline,stft_subtraction,offline_file,-4.99999995709016,-2.434514334063578,2.5654856230265817,-5.021630309082047,-4.351704567699701,0.6699257413823458,1,7.630799999787996,7.630799999787996,7.630799999787996,7.630799999787996,7.630799999787996,0.002543599999929332,0,0.0,0
validation,theo,ooffice_ch01_seg01,OOFFICE,-5,subtraction_calibration_causal,stft_subtraction,causal_blocks,-4.99999995709016,-1.9352568940089871,3.0647430630811727,-5.021630309082047,-8.488042971421448,-3.466412662339401,150,0.6544033333193511,0.9584150001501252,4.593901000262065,10.324900000341586,98.16049999790266,0.032720166665967554,60900,0.0,13
validation,theo,ooffice_ch01_seg01,OOFFICE,-5,subtraction_adaptive_causal,stft_subtraction,causal_blocks,-4.99999995709016,-2.8188117903115413,2.1811881667786186,-5.021630309082047,-3.553617143594667,1.4680131654873803,150,1.356060666718501,2.168555000071137,2.6531690003230306,2.8289000001677778,203.40910000777512,0.06780303333592504,60900,0.3933333333333333,13
validation,theo,ooffice_ch01_seg01,OOFFICE,-5,wiener_initial_legacy,stft_wiener,offline_file,-4.99999995709016,-3.7711041807677335,1.2288957763224264,-5.021630309082047,-9.843756320895011,-4.822126011812964,1,4.7002000001157285,4.7002000001157285,4.7002000001157285,4.7002000001157285,4.7002000001157285,0.0015667333333719096,0,0.0,0
validation,theo,ooffice_ch01_seg01,OOFFICE,-5,wiener_low_energy_offline,stft_wiener,offline_file,-4.99999995709016,-4.247719402407383,0.7522805546827769,-5.021630309082047,-4.9961302060527295,0.0255001030293176,1,4.168499999650521,4.168499999650521,4.168499999650521,4.168499999650521,4.168499999650521,0.0013894999998835071,0,0.0,0
validation,theo,ooffice_ch01_seg01,OOFFICE,-5,wiener_adaptive_causal,stft_wiener,causal_blocks,-4.99999995709016,-4.418489054042521,0.5815109030476391,-5.021630309082047,-4.575423959009962,0.4462063500720852,150,1.236497333356965,1.892355000336465,2.6260370001909905,2.960799999527808,185.47460000354477,0.061824866667848255,60900,0.3933333333333333,13
validation,theo,ooffice_ch01_seg01,OOFFICE,0,bypass,baseline,causal_blocks,2.686051596091668e-07,2.686051596091668e-07,0.0,-0.011920279602604474,-0.011920279602604474,0.0,150,0.020830666696080396,0.02182000002903805,0.034054000143441905,0.04660000013245735,3.124600004412059,0.0010415333348040197,57952,0.0,0
validation,theo,ooffice_ch01_seg01,OOFFICE,0,subtraction_initial_legacy,stft_subtraction,offline_file,2.686051596091668e-07,0.27097806053205437,0.27097779192689475,-0.011920279602604474,-6.4753806464344,-6.463460366831796,1,9.134399999311427,9.134399999311427,9.134399999311427,9.134399999311427,9.134399999311427,0.0030447999997704756,0,0.0,0
validation,theo,ooffice_ch01_seg01,OOFFICE,0,subtraction_low_energy_offline,stft_subtraction,offline_file,2.686051596091668e-07,2.739258470166972,2.7392582015618125,-0.011920279602604474,1.6285325174806164,1.640452797083221,1,7.612399999743502,7.612399999743502,7.612399999743502,7.612399999743502,7.612399999743502,0.0025374666665811674,0,0.0,0
validation,theo,ooffice_ch01_seg01,OOFFICE,0,subtraction_calibration_causal,stft_subtraction,causal_blocks,2.686051596091668e-07,0.8284846752692567,0.8284844066640972,-0.011920279602604474,-4.489736599279876,-4.477816319677272,150,0.566582666682128,0.9470500004226771,1.5329420000489322,1.9451999996817904,84.98740000231919,0.028329133334106398,60900,0.0,13
validation,theo,ooffice_ch01_seg01,OOFFICE,0,subtraction_adaptive_causal,stft_subtraction,causal_blocks,2.686051596091668e-07,2.108644923758022,2.1086446551528626,-0.011920279602604474,1.5499880099707921,1.5619082895733967,150,1.4033426666477073,1.9707700001617914,3.751239999764945,4.934599999614875,210.5013999971561,0.07016713333238538,60900,0.43333333333333335,13
validation,theo,ooffice_ch01_seg01,OOFFICE,0,wiener_initial_legacy,stft_wiener,offline_file,2.686051596091668e-07,-0.04866212713044936,-0.04866239573560897,-0.011920279602604474,-5.237808756120895,-5.225888476518291,1,4.422799999701965,4.422799999701965,4.422799999701965,4.422799999701965,4.422799999701965,0.0014742666665673216,0,0.0,0
validation,theo,ooffice_ch01_seg01,OOFFICE,0,wiener_low_energy_offline,stft_wiener,offline_file,2.686051596091668e-07,0.8992844572827862,0.8992841886776266,-0.011920279602604474,0.5379057503865103,0.5498260299891148,1,4.13970000045083,4.13970000045083,4.13970000045083,4.13970000045083,4.13970000045083,0.0013799000001502766,0,0.0,0
validation,theo,ooffice_ch01_seg01,OOFFICE,0,wiener_adaptive_causal,stft_wiener,causal_blocks,2.686051596091668e-07,0.5699783676440509,0.5699780990388913,-0.011920279602604474,0.4521658609980467,0.4640861406006512,150,1.2611866666096223,1.973855000369439,2.4397849997148997,3.063099999963015,189.17799999144336,0.06305933333048112,60900,0.43333333333333335,13
validation,theo,ooffice_ch01_seg01,OOFFICE,5,bypass,baseline,causal_blocks,5.000000268922079,5.000000268922079,0.0,4.993535183053485,4.993535183053485,0.0,150,0.020548666683074163,0.02106499973706377,0.02789799977108478,0.045200000386103056,3.0823000024611247,0.0010274333341537083,57952,0.0,0
validation,theo,ooffice_ch01_seg01,OOFFICE,5,subtraction_initial_legacy,stft_subtraction,offline_file,5.000000268922079,1.8280903764931324,-3.171909892428947,4.993535183053485,-2.8066726414831624,-7.800207824536647,1,7.744999999886204,7.744999999886204,7.744999999886204,7.744999999886204,7.744999999886204,0.0025816666666287347,0,0.0,0
validation,theo,ooffice_ch01_seg01,OOFFICE,5,subtraction_low_energy_offline,stft_subtraction,offline_file,5.000000268922079,7.684303042745967,2.6843027738238874,4.993535183053485,7.023942363296443,2.0304071802429577,1,8.309000000735978,8.309000000735978,8.309000000735978,8.309000000735978,8.309000000735978,0.0027696666669119927,0,0.0,0
validation,theo,ooffice_ch01_seg01,OOFFICE,5,subtraction_calibration_causal,stft_subtraction,causal_blocks,5.000000268922079,2.196415757795607,-2.803584511126472,4.993535183053485,-1.8036700881095682,-6.797205271163053,150,0.6038920000234308,0.9336200001143875,1.1453649999020838,13.50559999991674,90.58380000351463,0.03019460000117154,60900,0.0,13
validation,theo,ooffice_ch01_seg01,OOFFICE,5,subtraction_adaptive_causal,stft_subtraction,causal_blocks,5.000000268922079,6.91051093799762,1.9105106690755411,4.993535183053485,6.479729394547827,1.4861942114943423,150,1.3107780000003306,1.74122500006888,2.2322990000611753,2.7177000001756824,196.6167000000496,0.06553890000001654,60900,0.44666666666666666,13
validation,theo,ooffice_ch01_seg01,OOFFICE,5,wiener_initial_legacy,stft_wiener,offline_file,5.000000268922079,2.369671616174007,-2.6303286527480725,4.993535183053485,-1.3187492377180816,-6.312284420771567,1,4.482700000153272,4.482700000153272,4.482700000153272,4.482700000153272,4.482700000153272,0.0014942333333844242,0,0.0,0
validation,theo,ooffice_ch01_seg01,OOFFICE,5,wiener_low_energy_offline,stft_wiener,offline_file,5.000000268922079,5.987538234274475,0.9875379653523959,4.993535183053485,5.7605600759009254,0.7670248928474406,1,3.994099999545142,3.994099999545142,3.994099999545142,3.994099999545142,3.994099999545142,0.0013313666665150474,0,0.0,0
validation,theo,ooffice_ch01_seg01,OOFFICE,5,wiener_adaptive_causal,stft_wiener,causal_blocks,5.000000268922079,5.523965421033204,0.523965152111125,4.993535183053485,5.426167469593609,0.432632286540124,150,1.2154566666504252,1.82437999992544,2.487274000186516,2.7350999998816405,182.31849999756378,0.06077283333252126,60900,0.44666666666666666,13
validation,theo,ooffice_ch01_seg01,OOFFICE,10,bypass,baseline,causal_blocks,9.999999887832827,9.999999887832827,0.0,9.996601123234042,9.996601123234042,0.0,150,0.022336666643241188,0.03332499986754553,0.048163999726966666,0.060599999414989725,3.350499996486178,0.0011168333321620594,57952,0.0,0
validation,theo,ooffice_ch01_seg01,OOFFICE,10,subtraction_initial_legacy,stft_subtraction,offline_file,9.999999887832827,2.4399107434505476,-7.560089144382279,9.996601123234042,-0.5605487438479332,-10.557149867081975,1,8.659000000079686,8.659000000079686,8.659000000079686,8.659000000079686,8.659000000079686,0.0028863333333598953,0,0.0,0
validation,theo,ooffice_ch01_seg01,OOFFICE,10,subtraction_low_energy_offline,stft_subtraction,offline_file,9.999999887832827,12.422305916254178,2.4223060284213513,9.996601123234042,12.203688896809371,2.2070877735753296,1,7.490899999538669,7.490899999538669,7.490899999538669,7.490899999538669,7.490899999538669,0.00249696666651289,0,0.0,0
validation,theo,ooffice_ch01_seg01,OOFFICE,10,subtraction_calibration_causal,stft_subtraction,causal_blocks,9.999999887832827,2.698087715866784,-7.301912171966043,9.996601123234042,-0.5342042533143072,-10.530805376548349,150,0.49265000000256504,0.6380199999512112,0.916725000188307,1.183600000331353,73.89750000038475,0.02463250000012825,60900,0.0,13
validation,theo,ooffice_ch01_seg01,OOFFICE,10,subtraction_adaptive_causal,stft_subtraction,causal_blocks,9.999999887832827,11.32881315207818,1.328813264245353,9.996601123234042,11.028966048690025,1.0323649254559832,150,1.3686953332762641,1.8554299999777868,3.721029000325868,4.9515999999130145,205.30429999143962,0.0684347666638132,60900,0.43333333333333335,13
validation,theo,ooffice_ch01_seg01,OOFFICE,10,wiener_initial_legacy,stft_wiener,offline_file,9.999999887832827,3.521114091657274,-6.478885796175552,9.996601123234042,1.3416315504078677,-8.654969572826174,1,38.990000000012515,38.990000000012515,38.990000000012515,38.990000000012515,38.990000000012515,0.012996666666670839,0,0.0,0
validation,theo,ooffice_ch01_seg01,OOFFICE,10,wiener_low_energy_offline,stft_wiener,offline_file,9.999999887832827,11.095286610816027,1.0952867229832002,9.996601123234042,10.953577100645814,0.9569759774117728,1,6.35839999995369,6.35839999995369,6.35839999995369,6.35839999995369,6.35839999995369,0.00211946666665123,0,0.0,0
validation,theo,ooffice_ch01_seg01,OOFFICE,10,wiener_adaptive_causal,stft_wiener,causal_blocks,9.999999887832827,10.39351060307827,0.39351071524544246,9.996601123234042,10.306707135015792,0.31010601178175,150,1.2758160000339558,1.7760950001502338,2.177491999855192,8.09679999929358,191.37240000509337,0.06379080000169779,60900,0.43333333333333335,13
validation,theo,ooffice_ch01_seg02,OOFFICE,-5,bypass,baseline,causal_blocks,-5.000000240507908,-5.000000240507908,0.0,-4.972212994769481,-4.972212994769481,0.0,150,0.020748666684085038,0.02151999956367944,0.03467299963631374,0.04189999981463188,3.1123000026127556,0.0010374333342042519,57952,0.0,0
validation,theo,ooffice_ch01_seg02,OOFFICE,-5,subtraction_initial_legacy,stft_subtraction,offline_file,-5.000000240507908,1.6856039952621338,6.685604235770041,-4.972212994769481,-3.2347851755912593,1.7374278191782215,1,7.883500000389176,7.883500000389176,7.883500000389176,7.883500000389176,7.883500000389176,0.002627833333463059,0,0.0,0
validation,theo,ooffice_ch01_seg02,OOFFICE,-5,subtraction_low_energy_offline,stft_subtraction,offline_file,-5.000000240507908,0.12090688807976002,5.1209071285876675,-4.972212994769481,-1.4549384442097737,3.517274550559707,1,7.672200000342855,7.672200000342855,7.672200000342855,7.672200000342855,7.672200000342855,0.002557400000114285,0,0.0,0
validation,theo,ooffice_ch01_seg02,OOFFICE,-5,subtraction_calibration_causal,stft_subtraction,causal_blocks,-5.000000240507908,0.17982702667483996,5.179827267182747,-4.972212994769481,-5.57023597673677,-0.5980229819672891,150,0.7527066666807514,1.019344999804161,6.374714000030488,9.42990000021382,112.9060000021127,0.03763533333403757,60900,0.0,13
validation,theo,ooffice_ch01_seg02,OOFFICE,-5,subtraction_adaptive_causal,stft_subtraction,causal_blocks,-5.000000240507908,-0.7306617353353226,4.269338505172585,-4.972212994769481,-1.4332536995061085,3.538959295263372,150,1.3947013333563518,2.055329999939204,2.3045960001036288,2.4428999995507183,209.20520000345277,0.06973506666781759,60900,0.32666666666666666,13
validation,theo,ooffice_ch01_seg02,OOFFICE,-5,wiener_initial_legacy,stft_wiener,offline_file,-5.000000240507908,0.9944638144756791,5.994464054983587,-4.972212994769481,-3.7218137712049293,1.2503992235645516,1,4.301599999962491,4.301599999962491,4.301599999962491,4.301599999962491,4.301599999962491,0.0014338666666541637,0,0.0,0
validation,theo,ooffice_ch01_seg02,OOFFICE,-5,wiener_low_energy_offline,stft_wiener,offline_file,-5.000000240507908,-3.4094329258941514,1.5905673146137564,-4.972212994769481,-4.032507196652543,0.9397057981169379,1,3.8301000004139496,3.8301000004139496,3.8301000004139496,3.8301000004139496,3.8301000004139496,0.0012767000001379831,0,0.0,0
validation,theo,ooffice_ch01_seg02,OOFFICE,-5,wiener_adaptive_causal,stft_wiener,causal_blocks,-5.000000240507908,-3.5636547204450353,1.4363455200628725,-4.972212994769481,-3.6712659189715917,1.3009470757978892,150,1.2178686666690435,1.6411749997587322,2.1859010003845465,2.5047999997696024,182.6803000003565,0.06089343333345217,60900,0.32666666666666666,13
validation,theo,ooffice_ch01_seg02,OOFFICE,0,bypass,baseline,causal_blocks,4.0603914428063604e-09,4.0603914428063604e-09,0.0,0.016014726319669423,0.016014726319669423,0.0,150,0.020496666644855093,0.02119999953720253,0.026212999482595423,0.04070000068168156,3.074499996728264,0.0010248333322427545,57952,0.0,0
validation,theo,ooffice_ch01_seg02,OOFFICE,0,subtraction_initial_legacy,stft_subtraction,offline_file,4.0603914428063604e-09,2.3636608621659896,2.363660858105598,0.016014726319669423,-0.8668200952187611,-0.8828348215384305,1,7.226200000332028,7.226200000332028,7.226200000332028,7.226200000332028,7.226200000332028,0.0024087333334440095,0,0.0,0
validation,theo,ooffice_ch01_seg02,OOFFICE,0,subtraction_low_energy_offline,stft_subtraction,offline_file,4.0603914428063604e-09,5.276896526204471,5.27689652214408,0.016014726319669423,4.3735201600425775,4.357505433722908,1,10.149300000193762,10.149300000193762,10.149300000193762,10.149300000193762,10.149300000193762,0.0033831000000645872,0,0.0,0
validation,theo,ooffice_ch01_seg02,OOFFICE,0,subtraction_calibration_causal,stft_subtraction,causal_blocks,4.0603914428063604e-09,1.8379534155395796,1.8379534114791882,0.016014726319669423,-2.601996488927761,-2.6180112152474306,150,1.0491013333497297,1.1282799996934039,2.6490109999394913,47.346899999865855,157.36520000245946,0.052455066667486484,60900,0.0,13
validation,theo,ooffice_ch01_seg02,OOFFICE,0,subtraction_adaptive_causal,stft_subtraction,causal_blocks,4.0603914428063604e-09,4.172740611325062,4.172740607264671,0.016014726319669423,3.631964147244674,3.6159494209250047,150,1.3364593333183923,1.9528000002082986,2.710297000166971,2.950799999780429,200.46889999775885,0.06682296666591962,60900,0.4,13
validation,theo,ooffice_ch01_seg02,OOFFICE,0,wiener_initial_legacy,stft_wiener,offline_file,4.0603914428063604e-09,2.87204879703862,2.8720487929782283,0.016014726319669423,-0.26804902948859366,-0.2840637558082631,1,4.043500000079803,4.043500000079803,4.043500000079803,4.043500000079803,4.043500000079803,0.0013478333333599342,0,0.0,0
validation,theo,ooffice_ch01_seg02,OOFFICE,0,wiener_low_energy_offline,stft_wiener,offline_file,4.0603914428063604e-09,1.7205882428004422,1.7205882387400508,0.016014726319669423,1.4043658860728598,1.3883511597531903,1,4.196699999738485,4.196699999738485,4.196699999738485,4.196699999738485,4.196699999738485,0.0013988999999128282,0,0.0,0
validation,theo,ooffice_ch01_seg02,OOFFICE,0,wiener_adaptive_causal,stft_wiener,causal_blocks,4.0603914428063604e-09,1.4321962909569022,1.4321962868965108,0.016014726319669423,1.3362976338480008,1.3202829075283313,150,1.4154726666856732,2.209265000465163,7.732230000274279,9.392799999659474,212.32090000285098,0.07077363333428366,60900,0.4,13
validation,theo,ooffice_ch01_seg02,OOFFICE,5,bypass,baseline,causal_blocks,4.999999803879863,4.999999803879863,0.0,5.009387324492042,5.009387324492042,0.0,150,0.023554000017611543,0.035200000638724305,0.04033799945318602,0.06229999962670263,3.5331000026417314,0.0011777000008805771,57952,0.0,0
validation,theo,ooffice_ch01_seg02,OOFFICE,5,subtraction_initial_legacy,stft_subtraction,offline_file,4.999999803879863,2.6050284618759267,-2.3949713420039362,5.009387324492042,0.24898348944853657,-4.760403835043506,1,7.586300000184565,7.586300000184565,7.586300000184565,7.586300000184565,7.586300000184565,0.0025287666667281883,0,0.0,0
validation,theo,ooffice_ch01_seg02,OOFFICE,5,subtraction_low_energy_offline,stft_subtraction,offline_file,4.999999803879863,10.262973845961982,5.262974042082119,5.009387324492042,9.835628389303913,4.826241064811871,1,7.396300000436895,7.396300000436895,7.396300000436895,7.396300000436895,7.396300000436895,0.002465433333478965,0,0.0,0
validation,theo,ooffice_ch01_seg02,OOFFICE,5,subtraction_calibration_causal,stft_subtraction,causal_blocks,4.999999803879863,2.5310014819391475,-2.4689983219407154,5.009387324492042,-0.9791604858937252,-5.988547810385768,150,0.5329226666981413,0.8391699999719998,1.4728480001576763,1.9355000003997702,79.93840000472119,0.026646133334907063,60900,0.0,13
validation,theo,ooffice_ch01_seg02,OOFFICE,5,subtraction_adaptive_causal,stft_subtraction,causal_blocks,4.999999803879863,8.818869695545246,3.8188698916653827,5.009387324492042,8.420278420248168,3.410891095756126,150,1.4103140000042913,2.0590249998349446,2.4788689998058535,3.823900000497815,211.5471000006437,0.07051570000021457,60900,0.4066666666666667,13
validation,theo,ooffice_ch01_seg02,OOFFICE,5,wiener_initial_legacy,stft_wiener,offline_file,4.999999803879863,3.688626080894603,-1.3113737229852598,5.009387324492042,1.827785118602092,-3.1816022058899502,1,4.114899999876798,4.114899999876798,4.114899999876798,4.114899999876798,4.114899999876798,0.0013716333332922659,0,0.0,0
validation,theo,ooffice_ch01_seg02,OOFFICE,5,wiener_low_energy_offline,stft_wiener,offline_file,4.999999803879863,6.853559043209132,1.853559239329269,5.009387324492042,6.667997724762654,1.6586104002706117,1,4.352099999778147,4.352099999778147,4.352099999778147,4.352099999778147,4.352099999778147,0.001450699999926049,0,0.0,0
validation,theo,ooffice_ch01_seg02,OOFFICE,5,wiener_adaptive_causal,stft_wiener,causal_blocks,4.999999803879863,6.374833519337864,1.374833715458001,5.009387324492042,6.287662578243366,1.2782752537513238,150,1.1932206666764007,1.6740650001338504,1.8481779998182883,2.460800000335439,178.98310000146012,0.059661033333820036,60900,0.4066666666666667,13
validation,theo,ooffice_ch01_seg02,OOFFICE,10,bypass,baseline,causal_blocks,9.999999890358282,9.999999890358282,0.0,10.005658436611498,10.005658436611498,0.0,150,0.020722666643753957,0.02181000004384259,0.03467700053988662,0.04269999953976367,3.1083999965630937,0.001036133332187698,57952,0.0,0
validation,theo,ooffice_ch01_seg02,OOFFICE,10,subtraction_initial_legacy,stft_subtraction,offline_file,9.999999890358282,2.684617484772207,-7.3153824055860746,10.005658436611498,0.6684869248531231,-9.337171511758374,1,7.6226999999562395,7.6226999999562395,7.6226999999562395,7.6226999999562395,7.6226999999562395,0.002540899999985413,0,0.0,0
validation,theo,ooffice_ch01_seg02,OOFFICE,10,subtraction_low_energy_offline,stft_subtraction,offline_file,9.999999890358282,14.782150143072135,4.782150252713853,10.005658436611498,14.839409136930808,4.83375070031931,1,7.660600000235718,7.660600000235718,7.660600000235718,7.660600000235718,7.660600000235718,0.002553533333411906,0,0.0,0
validation,theo,ooffice_ch01_seg02,OOFFICE,10,subtraction_calibration_causal,stft_subtraction,causal_blocks,9.999999890358282,2.7788194223491876,-7.221180468009095,10.005658436611498,-0.2987840379930085,-10.304442474604507,150,0.5372366666658005,0.8924200003093572,1.2711099999251014,1.453899999432906,80.58549999987008,0.026861833333290026,60900,0.0,13
validation,theo,ooffice_ch01_seg02,OOFFICE,10,subtraction_adaptive_causal,stft_subtraction,causal_blocks,9.999999890358282,12.91324861607616,2.913248725717878,10.005658436611498,12.685670396391176,2.6800119597796783,150,1.364452666627282,2.1280050001223567,2.9248009994716937,3.5264999996797997,204.6678999940923,0.0682226333313641,60900,0.3933333333333333,13
validation,theo,ooffice_ch01_seg02,OOFFICE,10,wiener_initial_legacy,stft_wiener,offline_file,9.999999890358282,3.9829780844292606,-6.017021805929021,10.005658436611498,2.7745607899871367,-7.231097646624361,1,4.211299999951734,4.211299999951734,4.211299999951734,4.211299999951734,4.211299999951734,0.0014037666666505781,0,0.0,0
validation,theo,ooffice_ch01_seg02,OOFFICE,10,wiener_low_energy_offline,stft_wiener,offline_file,9.999999890358282,11.961264710752825,1.9612648203945433,10.005658436611498,11.841103020482828,1.8354445838713307,1,4.241300000103365,4.241300000103365,4.241300000103365,4.241300000103365,4.241300000103365,0.0014137666667011217,0,0.0,0
validation,theo,ooffice_ch01_seg02,OOFFICE,10,wiener_adaptive_causal,stft_wiener,causal_blocks,9.999999890358282,11.217494598952328,1.217494708594046,10.005658436611498,11.135472064542801,1.1298136279313038,150,1.2313653333452141,1.5386649995889454,1.8017529999633546,8.914000000004307,184.70480000178213,0.06156826666726071,60900,0.3933333333333333,13
validation,theo,ooffice_ch01_seg03,OOFFICE,-5,bypass,baseline,causal_blocks,-4.999999916117118,-4.999999916117118,0.0,-4.976986519301723,-4.976986519301723,0.0,150,0.02159533334634034,0.0221549999423587,0.05933600010393963,0.10180000026593916,3.239300001951051,0.001079766667317017,57952,0.0,0
validation,theo,ooffice_ch01_seg03,OOFFICE,-5,subtraction_initial_legacy,stft_subtraction,offline_file,-4.999999916117118,0.760433632789994,5.760433548907112,-4.976986519301723,-5.4869417542337064,-0.5099552349319838,1,7.957900000292284,7.957900000292284,7.957900000292284,7.957900000292284,7.957900000292284,0.0026526333334307615,0,0.0,0
validation,theo,ooffice_ch01_seg03,OOFFICE,-5,subtraction_low_energy_offline,stft_subtraction,offline_file,-4.999999916117118,0.8412111493323002,5.841211065449418,-4.976986519301723,-1.275653925380543,3.7013325939211796,1,22.52330000010261,22.52330000010261,22.52330000010261,22.52330000010261,22.52330000010261,0.00750776666670087,0,0.0,0
validation,theo,ooffice_ch01_seg03,OOFFICE,-5,subtraction_calibration_causal,stft_subtraction,causal_blocks,-4.999999916117118,0.565908367724969,5.565908283842087,-4.976986519301723,-4.944458246527756,0.03252827277396708,150,0.4960120000153741,0.6416349999653902,0.8241289996567501,0.966800000242074,74.40180000230612,0.024800600000768707,60900,0.0,13
validation,theo,ooffice_ch01_seg03,OOFFICE,-5,subtraction_adaptive_causal,stft_subtraction,causal_blocks,-4.999999916117118,0.06295726227345377,5.062957178390572,-4.976986519301723,-0.689435889691097,4.287550629610625,150,1.356732000070527,2.0765200001278514,2.9306140005246544,3.4261000000697095,203.50980001057906,0.06783660000352636,60900,0.26,13
validation,theo,ooffice_ch01_seg03,OOFFICE,-5,wiener_initial_legacy,stft_wiener,offline_file,-4.999999916117118,-0.5812108577946583,4.41878905832246,-4.976986519301723,-5.920819506833097,-0.9438329875313745,1,4.440199999407923,4.440199999407923,4.440199999407923,4.440199999407923,4.440199999407923,0.0014800666664693078,0,0.0,0
validation,theo,ooffice_ch01_seg03,OOFFICE,-5,wiener_low_energy_offline,stft_wiener,offline_file,-4.999999916117118,-2.9843656432551526,2.0156342728619654,-4.976986519301723,-3.9794694067227656,0.997517112578957,1,4.428700000062236,4.428700000062236,4.428700000062236,4.428700000062236,4.428700000062236,0.0014762333333540785,0,0.0,0
validation,theo,ooffice_ch01_seg03,OOFFICE,-5,wiener_adaptive_causal,stft_wiener,causal_blocks,-4.999999916117118,-3.310349960035363,1.6896499560817548,-4.976986519301723,-3.4219838006547834,1.5550027186469393,150,1.1809066666683066,1.5900149998742559,1.8504810006015746,2.256400000078429,177.13600000024599,0.05904533333341533,60900,0.26,13
validation,theo,ooffice_ch01_seg03,OOFFICE,0,bypass,baseline,causal_blocks,-2.900393598993813e-07,-2.900393598993813e-07,0.0,0.013147199367293382,0.013147199367293382,0.0,150,0.020502000024862355,0.021355000217226916,0.028689999489870305,0.05020000025979243,3.075300003729353,0.0010251000012431177,57952,0.0,0
validation,theo,ooffice_ch01_seg03,OOFFICE,0,subtraction_initial_legacy,stft_subtraction,offline_file,-2.900393598993813e-07,2.009355204201592,2.009355494240952,0.013147199367293382,-2.2284027846229133,-2.2415499839902067,1,8.099600000605278,8.099600000605278,8.099600000605278,8.099600000605278,8.099600000605278,0.002699866666868426,0,0.0,0
validation,theo,ooffice_ch01_seg03,OOFFICE,0,subtraction_low_energy_offline,stft_subtraction,offline_file,-2.900393598993813e-07,6.3609146745621,6.360914964601459,0.013147199367293382,5.394164331901884,5.38101713253459,1,7.634699999471195,7.634699999471195,7.634699999471195,7.634699999471195,7.634699999471195,0.002544899999823732,0,0.0,0
validation,theo,ooffice_ch01_seg03,OOFFICE,0,subtraction_calibration_causal,stft_subtraction,causal_blocks,-2.900393598993813e-07,2.017101433301431,2.017101723340791,0.013147199367293382,-2.2122076660292587,-2.225354865396552,150,0.5636746666762823,0.9921649997068008,1.5363539997633737,1.8227000000479165,84.55120000144234,0.028183733333814114,60900,0.0,13
validation,theo,ooffice_ch01_seg03,OOFFICE,0,subtraction_adaptive_causal,stft_subtraction,causal_blocks,-2.900393598993813e-07,4.939548816911655,4.939549106951015,0.013147199367293382,4.39343465543816,4.3802874560708664,150,1.5406833333266452,2.230865000274205,5.050620000019965,16.934199999923294,231.1024999989968,0.07703416666633227,60900,0.24666666666666667,13
validation,theo,ooffice_ch01_seg03,OOFFICE,0,wiener_initial_legacy,stft_wiener,offline_file,-2.900393598993813e-07,2.0400287422131145,2.0400290322524746,0.013147199367293382,-1.9357850464185076,-1.948932245785801,1,4.481300000406918,4.481300000406918,4.481300000406918,4.481300000406918,4.481300000406918,0.001493766666802306,0,0.0,0
validation,theo,ooffice_ch01_seg03,OOFFICE,0,wiener_low_energy_offline,stft_wiener,offline_file,-2.900393598993813e-07,2.3317028770855894,2.3317031671249495,0.013147199367293382,1.8843897777574279,1.8712425783901345,1,4.173299999820301,4.173299999820301,4.173299999820301,4.173299999820301,4.173299999820301,0.0013910999999401004,0,0.0,0
validation,theo,ooffice_ch01_seg03,OOFFICE,0,wiener_adaptive_causal,stft_wiener,causal_blocks,-2.900393598993813e-07,1.682013304244223,1.6820135942835828,0.013147199367293382,1.5871936350926599,1.5740464357253665,150,1.267721333369991,1.7534999995859835,3.412144000048988,5.983800000649353,190.15820000549866,0.06338606666849955,60900,0.24666666666666667,13
validation,theo,ooffice_ch01_seg03,OOFFICE,5,bypass,baseline,causal_blocks,4.9999998832590045,4.9999998832590045,0.0,5.007594436972957,5.007594436972957,0.0,150,0.022684666685866734,0.03130000004603062,0.052536000339386886,0.19150000025547342,3.4027000028800103,0.0011342333342933368,57952,0.0,0
validation,theo,ooffice_ch01_seg03,OOFFICE,5,subtraction_initial_legacy,stft_subtraction,offline_file,4.9999998832590045,2.48932501178222,-2.5106748714767844,5.007594436972957,-0.35120797258878067,-5.358802409561737,1,7.555800000773161,7.555800000773161,7.555800000773161,7.555800000773161,7.555800000773161,0.0025186000002577202,0,0.0,0
validation,theo,ooffice_ch01_seg03,OOFFICE,5,subtraction_low_energy_offline,stft_subtraction,offline_file,4.9999998832590045,11.427016477969353,6.427016594710349,5.007594436972957,11.170899774265699,6.163305337292742,1,8.265299999948184,8.265299999948184,8.265299999948184,8.265299999948184,8.265299999948184,0.0027550999999827277,0,0.0,0
validation,theo,ooffice_ch01_seg03,OOFFICE,5,subtraction_calibration_causal,stft_subtraction,causal_blocks,4.9999998832590045,2.6000370542603135,-2.399962828998691,5.007594436972957,-0.7962242064156619,-5.8038186433886185,150,0.8296960000006948,0.9333800002877979,3.5509529998580116,9.21479999942676,124.45440000010421,0.04148480000003474,60900,0.0,13
validation,theo,ooffice_ch01_seg03,OOFFICE,5,subtraction_adaptive_causal,stft_subtraction,causal_blocks,4.9999998832590045,9.56024010457255,4.560240221313546,5.007594436972957,9.184713061496076,4.1771186245231195,150,1.3280753333917044,1.7767599999388037,1.9478599999183643,2.0346999999674154,199.21130000875564,0.06640376666958521,60900,0.34,13
validation,theo,ooffice_ch01_seg03,OOFFICE,5,wiener_initial_legacy,stft_wiener,offline_file,4.9999998832590045,3.3553227502526433,-1.6446771330063612,5.007594436972957,0.8858585780949301,-4.121735858878027,1,4.240799999934097,4.240799999934097,4.240799999934097,4.240799999934097,4.240799999934097,0.0014135999999780324,0,0.0,0
validation,theo,ooffice_ch01_seg03,OOFFICE,5,wiener_low_energy_offline,stft_wiener,offline_file,4.9999998832590045,7.590577266803456,2.590577383544452,5.007594436972957,7.354836896251745,2.347242459278789,1,4.192999999759195,4.192999999759195,4.192999999759195,4.192999999759195,4.192999999759195,0.0013976666665863984,0,0.0,0
validation,theo,ooffice_ch01_seg03,OOFFICE,5,wiener_adaptive_causal,stft_wiener,causal_blocks,4.9999998832590045,6.637982207721604,1.6379823244626,5.007594436972957,6.552711735324575,1.5451172983516184,150,1.2269539999761037,1.6880649998711306,2.397861999988888,2.657600000020466,184.04309999641555,0.06134769999880518,60900,0.34,13
validation,theo,ooffice_ch01_seg03,OOFFICE,10,bypass,baseline,causal_blocks,10.000000214979913,10.000000214979913,0.0,10.00447056933183,10.00447056933183,0.0,150,0.02078066667309031,0.022165000427776246,0.0320570002986642,0.04150000040681334,3.1171000009635463,0.0010390333336545154,57952,0.0,0
validation,theo,ooffice_ch01_seg03,OOFFICE,10,subtraction_initial_legacy,stft_subtraction,offline_file,10.000000214979913,2.650464341400602,-7.3495358735793115,10.00447056933183,0.457539492659865,-9.546931076671964,1,9.664600000178325,9.664600000178325,9.664600000178325,9.664600000178325,9.664600000178325,0.003221533333392775,0,0.0,0
validation,theo,ooffice_ch01_seg03,OOFFICE,10,subtraction_low_energy_offline,stft_subtraction,offline_file,10.000000214979913,16.103730701442625,6.103730486462712,10.00447056933183,16.426734496905485,6.422263927573656,1,7.952499999191787,7.952499999191787,7.952499999191787,7.952499999191787,7.952499999191787,0.002650833333063929,0,0.0,0
validation,theo,ooffice_ch01_seg03,OOFFICE,10,subtraction_calibration_causal,stft_subtraction,causal_blocks,10.000000214979913,2.8055632544353983,-7.194436960544515,10.00447056933183,-0.2229013058692074,-10.227371875201037,150,0.5232026667060078,0.8220050000090847,1.2877549997847366,1.9538999995347694,78.48040000590117,0.02616013333530039,60900,0.0,13
validation,theo,ooffice_ch01_seg03,OOFFICE,10,subtraction_adaptive_causal,stft_subtraction,causal_blocks,10.000000214979913,13.51027278201155,3.5102725670316364,10.00447056933183,13.318480476256209,3.3140099069243796,150,1.5343253333170044,2.6529200000368265,3.430198999649287,5.001499999707448,230.14879999755067,0.07671626666585023,60900,0.37333333333333335,13
validation,theo,ooffice_ch01_seg03,OOFFICE,10,wiener_initial_legacy,stft_wiener,offline_file,10.000000214979913,3.868870653047109,-6.131129561932804,10.00447056933183,2.3767915347676527,-7.627679034564176,1,4.800099999556551,4.800099999556551,4.800099999556551,4.800099999556551,4.800099999556551,0.001600033333185517,0,0.0,0
validation,theo,ooffice_ch01_seg03,OOFFICE,10,wiener_low_energy_offline,stft_wiener,offline_file,10.000000214979913,12.93228182131492,2.932281606335007,10.00447056933183,12.815013017373943,2.8105424480421135,1,6.012099999679776,6.012099999679776,6.012099999679776,6.012099999679776,6.012099999679776,0.0020040333332265923,0,0.0,0
validation,theo,ooffice_ch01_seg03,OOFFICE,10,wiener_adaptive_causal,stft_wiener,causal_blocks,10.000000214979913,11.449465558271136,1.449465343291223,10.00447056933183,11.370250963307445,1.3657803939756157,150,1.2343686666463327,1.5769449997151237,1.7521830003443026,9.530300000733405,185.1552999969499,0.061718433332316636,60900,0.37333333333333335,13
final_operational,george,pcafeter_ch01_seg01,PCAFETER,-5,bypass,baseline,causal_blocks,-4.999999781695356,-4.999999781695356,0.0,-5.051744386462989,-5.051744386462989,0.0,150,0.021350666629587067,0.023320000036619597,0.03730399995220059,0.08129999969241908,3.20259999443806,0.0010675333314793534,57952,0.0,0
final_operational,george,pcafeter_ch01_seg01,PCAFETER,-5,subtraction_initial_legacy,stft_subtraction,offline_file,-4.999999781695356,-0.7437157190528394,4.256284062642517,-5.051744386462989,-6.847509829808599,-1.7957654433456103,1,23.57769999980519,23.57769999980519,23.57769999980519,23.57769999980519,23.57769999980519,0.007859233333268397,0,0.0,0
final_operational,george,pcafeter_ch01_seg01,PCAFETER,-5,subtraction_low_energy_offline,stft_subtraction,offline_file,-4.999999781695356,0.6515079660110424,5.651507747706399,-5.051744386462989,-3.5489262018581336,1.5028181846048554,1,9.381899999425514,9.381899999425514,9.381899999425514,9.381899999425514,9.381899999425514,0.0031272999998085047,0,0.0,0
final_operational,george,pcafeter_ch01_seg01,PCAFETER,-5,subtraction_calibration_causal,stft_subtraction,causal_blocks,-4.999999781695356,0.0027076771913296955,5.002707458886686,-5.051744386462989,-6.59156586974703,-1.5398214832840411,150,0.48898466672350577,0.6362450002598051,0.7325820001278768,0.9822000001804554,73.34770000852586,0.024449233336175286,60900,0.0,13
final_operational,george,pcafeter_ch01_seg01,PCAFETER,-5,subtraction_adaptive_causal,stft_subtraction,causal_blocks,-4.999999781695356,-0.8710925230005372,4.128907258694819,-5.051744386462989,-4.062735867481687,0.9890085189813016,150,1.3224740000320405,1.7716200003633276,2.237861000103294,2.3369000000457163,198.37110000480607,0.06612370000160202,60900,0.05333333333333334,13
final_operational,george,pcafeter_ch01_seg01,PCAFETER,-5,wiener_initial_legacy,stft_wiener,offline_file,-4.999999781695356,-2.434178770212971,2.5658210114823854,-5.051744386462989,-6.520194015376339,-1.4684496289133504,1,4.226000000016938,4.226000000016938,4.226000000016938,4.226000000016938,4.226000000016938,0.0014086666666723129,0,0.0,0
final_operational,george,pcafeter_ch01_seg01,PCAFETER,-5,wiener_low_energy_offline,stft_wiener,offline_file,-4.999999781695356,-2.1668785497306633,2.833121231964693,-5.051744386462989,-4.0333141409090185,1.0184302455539704,1,4.192299999886018,4.192299999886018,4.192299999886018,4.192299999886018,4.192299999886018,0.0013974333332953393,0,0.0,0
final_operational,george,pcafeter_ch01_seg01,PCAFETER,-5,wiener_adaptive_causal,stft_wiener,causal_blocks,-4.999999781695356,-3.5970825309825267,1.4029172507128296,-5.051744386462989,-4.588914065144315,0.4628303213186742,150,1.4272466667231736,2.295780000213198,3.3877829999528317,4.294700000173179,214.08700000847602,0.07136233333615867,60900,0.05333333333333334,13
final_operational,george,pcafeter_ch01_seg01,PCAFETER,0,bypass,baseline,causal_blocks,2.5732696966137323e-07,2.5732696966137323e-07,0.0,-0.029023064310747058,-0.029023064310747058,0.0,150,0.020967333396887017,0.021554999921136186,0.03749800011064499,0.0746000005165115,3.145100009533053,0.001048366669844351,57952,0.0,0
final_operational,george,pcafeter_ch01_seg01,PCAFETER,0,subtraction_initial_legacy,stft_subtraction,offline_file,2.5732696966137323e-07,2.1707849104786443,2.170784653151675,-0.029023064310747058,-1.8323595589269102,-1.8033364946161632,1,7.41680000010092,7.41680000010092,7.41680000010092,7.41680000010092,7.41680000010092,0.002472266666700307,0,0.0,0
final_operational,george,pcafeter_ch01_seg01,PCAFETER,0,subtraction_low_energy_offline,stft_subtraction,offline_file,2.5732696966137323e-07,4.48525921204714,4.48525895472017,-0.029023064310747058,2.579984320395882,2.609007384706629,1,8.174399999916204,8.174399999916204,8.174399999916204,8.174399999916204,8.174399999916204,0.0027247999999720682,0,0.0,0
final_operational,george,pcafeter_ch01_seg01,PCAFETER,0,subtraction_calibration_causal,stft_subtraction,causal_blocks,2.5732696966137323e-07,1.9251724941405275,1.9251722368135578,-0.029023064310747058,-2.5232369582763416,-2.4942138939655947,150,0.6338046666739198,0.9978350000437785,1.6196190003302027,2.156400000785652,95.07070000108797,0.03169023333369599,60900,0.0,13
final_operational,george,pcafeter_ch01_seg01,PCAFETER,0,subtraction_adaptive_causal,stft_subtraction,causal_blocks,2.5732696966137323e-07,3.471720431689272,3.4717201743623023,-0.029023064310747058,1.5638019856483787,1.5928250499591257,150,1.391622000088925,2.117400000315682,2.6661650003188675,3.549600000042119,208.74330001333874,0.06958110000444624,60900,0.16,13
final_operational,george,pcafeter_ch01_seg01,PCAFETER,0,wiener_initial_legacy,stft_wiener,offline_file,2.5732696966137323e-07,1.7713539070648723,1.7713536497379025,-0.029023064310747058,-1.5073619516154446,-1.4783388873046976,1,4.4914000000062515,4.4914000000062515,4.4914000000062515,4.4914000000062515,4.4914000000062515,0.001497133333335417,0,0.0,0
final_operational,george,pcafeter_ch01_seg01,PCAFETER,0,wiener_low_energy_offline,stft_wiener,offline_file,2.5732696966137323e-07,2.91759138506743,2.9175911277404607,-0.029023064310747058,1.7860065332252841,1.815029597536031,1,5.198700000619283,5.198700000619283,5.198700000619283,5.198700000619283,5.198700000619283,0.0017329000002064276,0,0.0,0
final_operational,george,pcafeter_ch01_seg01,PCAFETER,0,wiener_adaptive_causal,stft_wiener,causal_blocks,2.5732696966137323e-07,1.3459538357414145,1.3459535784144447,-0.029023064310747058,0.7195637263684143,0.7485867906791613,150,1.3968426666482021,1.8393149999610612,5.9982399998170255,15.11819999996078,209.52639999723033,0.06984213333241011,60900,0.16,13
final_operational,george,pcafeter_ch01_seg01,PCAFETER,5,bypass,baseline,causal_blocks,4.999999892344808,4.999999892344808,0.0,4.983727638609375,4.983727638609375,0.0,150,0.020785999986401293,0.022155000442580786,0.03736499973456374,0.044100000195612665,3.117899997960194,0.0010392999993200647,57952,0.0,0
final_operational,george,pcafeter_ch01_seg01,PCAFETER,5,subtraction_initial_legacy,stft_subtraction,offline_file,4.999999892344808,3.4829290278947433,-1.5170708644500643,4.983727638609375,1.6816813464456253,-3.30204629216375,1,8.305700000164506,8.305700000164506,8.305700000164506,8.305700000164506,8.305700000164506,0.0027685666667215023,0,0.0,0
final_operational,george,pcafeter_ch01_seg01,PCAFETER,5,subtraction_low_energy_offline,stft_subtraction,offline_file,4.999999892344808,7.963350127926621,2.963350235581813,4.983727638609375,7.7707808577487345,2.7870532191393593,1,7.601700000122946,7.601700000122946,7.601700000122946,7.601700000122946,7.601700000122946,0.002533900000040982,0,0.0,0
final_operational,george,pcafeter_ch01_seg01,PCAFETER,5,subtraction_calibration_causal,stft_subtraction,causal_blocks,4.999999892344808,2.6654064657349474,-2.3345934266098602,4.983727638609375,-0.42546120717709573,-5.4091888457864705,150,0.5227273333366611,0.847405000331491,1.4190680001775036,1.73110000014276,78.40910000049917,0.026136366666833055,60900,0.0,13
final_operational,george,pcafeter_ch01_seg01,PCAFETER,5,subtraction_adaptive_causal,stft_subtraction,causal_blocks,4.999999892344808,7.4092997866750405,2.409299894330233,4.983727638609375,6.543677278631588,1.5599496400222126,150,1.3380006666557165,1.7341449997275034,2.4710270002378762,3.1960000005710754,200.70009999835747,0.06690003333278582,60900,0.2733333333333333,13
final_operational,george,pcafeter_ch01_seg01,PCAFETER,5,wiener_initial_legacy,stft_wiener,offline_file,4.999999892344808,4.361768380975844,-0.6382315113689634,4.983727638609375,2.451126631817049,-2.5326010067923264,1,4.107400000066264,4.107400000066264,4.107400000066264,4.107400000066264,4.107400000066264,0.0013691333333554212,0,0.0,0
final_operational,george,pcafeter_ch01_seg01,PCAFETER,5,wiener_low_energy_offline,stft_wiener,offline_file,4.999999892344808,7.873845670188267,2.873845777843459,4.983727638609375,7.317297190383725,2.3335695517743495,1,4.325899999457761,4.325899999457761,4.325899999457761,4.325899999457761,4.325899999457761,0.0014419666664859203,0,0.0,0
final_operational,george,pcafeter_ch01_seg01,PCAFETER,5,wiener_adaptive_causal,stft_wiener,causal_blocks,4.999999892344808,6.247332916646398,1.2473330243015903,4.983727638609375,5.865308696188962,0.881581057579587,150,1.2934733333531767,2.036849999876719,2.343855000217445,2.4660999997649924,194.0210000029765,0.06467366666765884,60900,0.2733333333333333,13
final_operational,george,pcafeter_ch01_seg01,PCAFETER,10,bypass,baseline,causal_blocks,10.000000280886464,10.000000280886464,0.0,9.99089025569526,9.99089025569526,0.0,150,0.020648666674484655,0.021509999987756597,0.028913999658470753,0.04340000032243552,3.097300001172698,0.0010324333337242326,57952,0.0,0
final_operational,george,pcafeter_ch01_seg01,PCAFETER,10,subtraction_initial_legacy,stft_subtraction,offline_file,10.000000280886464,3.870184839356158,-6.129815441530306,9.99089025569526,3.1657457539396923,-6.8251445017555685,1,7.500400000026275,7.500400000026275,7.500400000026275,7.500400000026275,7.500400000026275,0.0025001333333420916,0,0.0,0
final_operational,george,pcafeter_ch01_seg01,PCAFETER,10,subtraction_low_energy_offline,stft_subtraction,offline_file,10.000000280886464,11.059918843279249,1.0599185623927845,9.99089025569526,11.852542626075156,1.861652370379895,1,8.271900000181631,8.271900000181631,8.271900000181631,8.271900000181631,8.271900000181631,0.002757300000060544,0,0.0,0
final_operational,george,pcafeter_ch01_seg01,PCAFETER,10,subtraction_calibration_causal,stft_subtraction,causal_blocks,10.000000280886464,2.916875966108093,-7.083124314778371,9.99089025569526,0.31746917210199654,-9.673421083593265,150,0.5271599999650789,0.9189199998672848,1.2620259998584498,1.456299999517796,79.07399999476183,0.026357999998253945,60900,0.0,13
final_operational,george,pcafeter_ch01_seg01,PCAFETER,10,subtraction_adaptive_causal,stft_subtraction,causal_blocks,10.000000280886464,10.65717341860302,0.6571731377165548,9.99089025569526,10.537523798673426,0.5466335429781655,150,1.3315546666793427,1.8684599999232865,2.504145000493734,2.9548000002250774,199.73320000190142,0.06657773333396715,60900,0.34,13
final_operational,george,pcafeter_ch01_seg01,PCAFETER,10,wiener_initial_legacy,stft_wiener,offline_file,10.000000280886464,5.291779002592428,-4.708221278294037,9.99089025569526,4.482050816638431,-5.50883943905683,1,4.552100000182691,4.552100000182691,4.552100000182691,4.552100000182691,4.552100000182691,0.0015173666667275636,0,0.0,0
final_operational,george,pcafeter_ch01_seg01,PCAFETER,10,wiener_low_energy_offline,stft_wiener,offline_file,10.000000280886464,12.54212046985791,2.5421201889714453,9.99089025569526,12.296033777842494,2.305143522147233,1,4.177700000582263,4.177700000582263,4.177700000582263,4.177700000582263,4.177700000582263,0.0013925666668607544,0,0.0,0
final_operational,george,pcafeter_ch01_seg01,PCAFETER,10,wiener_adaptive_causal,stft_wiener,causal_blocks,10.000000280886464,11.011007636076599,1.0110073551901344,9.99089025569526,10.781856245277853,0.7909659895825918,150,1.3168826667060785,1.9485750001877022,2.48062299995581,8.9668000000529,197.53240000591177,0.06584413333530392,60900,0.34,13
final_operational,george,pcafeter_ch01_seg02,PCAFETER,-5,bypass,baseline,causal_blocks,-5.000000072343338,-5.000000072343338,0.0,-4.996648031681749,-4.996648031681749,0.0,150,0.020652666686752735,0.02116500008924049,0.032271000000037,0.042300000131945126,3.09790000301291,0.0010326333343376366,57952,0.0,0
final_operational,george,pcafeter_ch01_seg02,PCAFETER,-5,subtraction_initial_legacy,stft_subtraction,offline_file,-5.000000072343338,0.6010965509623767,5.601096623305715,-4.996648031681749,-5.231712349135252,-0.23506431745350298,1,25.1114000002417,25.1114000002417,25.1114000002417,25.1114000002417,25.1114000002417,0.008370466666747234,0,0.0,0
final_operational,george,pcafeter_ch01_seg02,PCAFETER,-5,subtraction_low_energy_offline,stft_subtraction,offline_file,-5.000000072343338,1.1555272700764712,6.155527342419809,-4.996648031681749,-2.9069146628519507,2.0897333688297985,1,10.623199999827193,10.623199999827193,10.623199999827193,10.623199999827193,10.623199999827193,0.0035410666666090642,0,0.0,0
final_operational,george,pcafeter_ch01_seg02,PCAFETER,-5,subtraction_calibration_causal,stft_subtraction,causal_blocks,-5.000000072343338,0.45161601635736437,5.451616088700703,-4.996648031681749,-6.053447745584174,-1.056799713902425,150,0.5042026666342281,0.7991549995040258,1.0237229997255772,1.256699999430566,75.63039999513421,0.025210133331711404,60900,0.0,13
final_operational,george,pcafeter_ch01_seg02,PCAFETER,-5,subtraction_adaptive_causal,stft_subtraction,causal_blocks,-5.000000072343338,-0.5755008419920662,4.424499230351272,-4.996648031681749,-3.0921565405334714,1.9044914911482778,150,1.342983999960173,1.7619349999222322,2.4324749996685555,3.185499999744934,201.44759999402595,0.06714919999800865,60900,0.07333333333333333,13
final_operational,george,pcafeter_ch01_seg02,PCAFETER,-5,wiener_initial_legacy,stft_wiener,offline_file,-5.000000072343338,-0.9934285749917898,4.0065714973515485,-4.996648031681749,-5.38924578018263,-0.39259774850088114,1,4.121200000554381,4.121200000554381,4.121200000554381,4.121200000554381,4.121200000554381,0.0013737333335181272,0,0.0,0
final_operational,george,pcafeter_ch01_seg02,PCAFETER,-5,wiener_low_energy_offline,stft_wiener,offline_file,-5.000000072343338,-1.9410168355185937,3.0589832368247447,-4.996648031681749,-3.848586704718236,1.1480613269635134,1,4.301499999201042,4.301499999201042,4.301499999201042,4.301499999201042,4.301499999201042,0.0014338333330670139,0,0.0,0
final_operational,george,pcafeter_ch01_seg02,PCAFETER,-5,wiener_adaptive_causal,stft_wiener,causal_blocks,-5.000000072343338,-3.5042921770203845,1.495707895322954,-4.996648031681749,-4.188487811967032,0.8081602197147175,150,1.3014406666540406,1.979094999569497,2.2889220001707145,2.3669000001973473,195.21609999810607,0.06507203333270202,60900,0.07333333333333333,13
final_operational,george,pcafeter_ch01_seg02,PCAFETER,0,bypass,baseline,causal_blocks,-8.654591700338273e-08,-8.654591700338273e-08,0.0,0.0021599436095402673,0.0021599436095402673,0.0,150,0.03887333330567344,0.048150000156965675,0.13144100031240652,0.16140000025188783,5.830999995851016,0.001943666665283672,57952,0.0,0
final_operational,george,pcafeter_ch01_seg02,PCAFETER,0,subtraction_initial_legacy,stft_subtraction,offline_file,-8.654591700338273e-08,2.6461966869778304,2.6461967735237475,0.0021599436095402673,-0.6350663702293509,-0.6372263138388912,1,9.074700000383018,9.074700000383018,9.074700000383018,9.074700000383018,9.074700000383018,0.0030249000001276727,0,0.0,0
final_operational,george,pcafeter_ch01_seg02,PCAFETER,0,subtraction_low_energy_offline,stft_subtraction,offline_file,-8.654591700338273e-08,5.106159410007736,5.106159496553653,0.0021599436095402673,3.5433867912057035,3.5412268475961635,1,11.170500000844186,11.170500000844186,11.170500000844186,11.170500000844186,11.170500000844186,0.0037235000002813954,0,0.0,0
final_operational,george,pcafeter_ch01_seg02,PCAFETER,0,subtraction_calibration_causal,stft_subtraction,causal_blocks,-8.654591700338273e-08,1.9636794354891909,1.963679522035108,0.0021599436095402673,-2.426923757463894,-2.4290837010734343,150,0.5160159999468306,0.8235399999648502,1.3035109998872925,1.7136999995273072,77.40239999202458,0.025800799997341528,60900,0.0,13
final_operational,george,pcafeter_ch01_seg02,PCAFETER,0,subtraction_adaptive_causal,stft_subtraction,causal_blocks,-8.654591700338273e-08,3.8553940680552348,3.855394154601152,0.0021599436095402673,2.277150461950697,2.274990518341157,150,1.3504433333340178,1.7383550000431558,2.659032999790716,3.8003999998181826,202.56650000010268,0.0675221666667009,60900,0.11333333333333333,13
final_operational,george,pcafeter_ch01_seg02,PCAFETER,0,wiener_initial_legacy,stft_wiener,offline_file,-8.654591700338273e-08,2.5079847220191227,2.50798480856504,0.0021599436095402673,-0.6727290995928528,-0.6748890432023931,1,4.594800000631949,4.594800000631949,4.594800000631949,4.594800000631949,4.594800000631949,0.0015316000002106496,0,0.0,0
final_operational,george,pcafeter_ch01_seg02,PCAFETER,0,wiener_low_energy_offline,stft_wiener,offline_file,-8.654591700338273e-08,3.1252280895632687,3.125228176109186,0.0021599436095402673,2.0891521405945115,2.0869921969849714,1,4.537799999525305,4.537799999525305,4.537799999525305,4.537799999525305,4.537799999525305,0.0015125999998417683,0,0.0,0
final_operational,george,pcafeter_ch01_seg02,PCAFETER,0,wiener_adaptive_causal,stft_wiener,causal_blocks,-8.654591700338273e-08,1.437537620251694,1.4375377067976112,0.0021599436095402673,0.9854960035587773,0.983336059949237,150,1.2864973333125818,1.8209999996997792,2.4881669997921505,9.809500000301341,192.97459999688726,0.06432486666562909,60900,0.11333333333333333,13
final_operational,george,pcafeter_ch01_seg02,PCAFETER,5,bypass,baseline,causal_blocks,4.999999535039703,4.999999535039703,0.0,5.00148918126142,5.00148918126142,0.0,150,0.026670666708620654,0.052784999525101656,0.0877100002253428,0.5067000001872657,4.000600006293098,0.0013335333354310326,57952,0.0,0
final_operational,george,pcafeter_ch01_seg02,PCAFETER,5,subtraction_initial_legacy,stft_subtraction,offline_file,4.999999535039703,3.499552628660968,-1.500446906378735,5.00148918126142,2.062817330910638,-2.9386718503507825,1,7.777299999361276,7.777299999361276,7.777299999361276,7.777299999361276,7.777299999361276,0.0025924333331204252,0,0.0,0
final_operational,george,pcafeter_ch01_seg02,PCAFETER,5,subtraction_low_energy_offline,stft_subtraction,offline_file,4.999999535039703,8.97186101278046,3.971861477740757,5.00148918126142,8.925000087379892,3.923510906118472,1,15.422700000272016,15.422700000272016,15.422700000272016,15.422700000272016,15.422700000272016,0.005140900000090672,0,0.0,0
final_operational,george,pcafeter_ch01_seg02,PCAFETER,5,subtraction_calibration_causal,stft_subtraction,causal_blocks,4.999999535039703,2.618495382721232,-2.3815041523184712,5.00148918126142,-0.5502421204435899,-5.5517313017050105,150,0.504243333349829,0.7395149999865678,1.0102000006918381,1.3030999998591142,75.63650000247435,0.02521216666749145,60900,0.0,13
final_operational,george,pcafeter_ch01_seg02,PCAFETER,5,subtraction_adaptive_causal,stft_subtraction,causal_blocks,4.999999535039703,7.8053481191494285,2.8053485841097254,5.00148918126142,7.019220436288062,2.017731255026642,150,1.3721280000148302,1.9328799995491848,2.4589200003265406,5.391400000007707,205.81920000222453,0.06860640000074152,60900,0.25333333333333335,13
final_operational,george,pcafeter_ch01_seg02,PCAFETER,5,wiener_initial_legacy,stft_wiener,offline_file,4.999999535039703,4.43453365065432,-0.5654658843853833,5.00148918126142,2.699458372151639,-2.302030809109781,1,5.9038999997937935,5.9038999997937935,5.9038999997937935,5.9038999997937935,5.9038999997937935,0.001967966666597931,0,0.0,0
final_operational,george,pcafeter_ch01_seg02,PCAFETER,5,wiener_low_energy_offline,stft_wiener,offline_file,4.999999535039703,8.20835868482775,3.2083591497880475,5.00148918126142,7.74989214269481,2.7484029614333894,1,4.367999999885797,4.367999999885797,4.367999999885797,4.367999999885797,4.367999999885797,0.0014559999999619322,0,0.0,0
final_operational,george,pcafeter_ch01_seg02,PCAFETER,5,wiener_adaptive_causal,stft_wiener,causal_blocks,4.999999535039703,6.318056947477003,1.3180574124373,5.00148918126142,6.021902820500999,1.0204136392395782,150,1.2648473333501897,1.9750200004636997,2.456621000046651,2.81269999959477,189.72710000252846,0.06324236666750949,60900,0.25333333333333335,13
final_operational,george,pcafeter_ch01_seg02,PCAFETER,10,bypass,baseline,causal_blocks,10.000000385529692,10.000000385529692,0.0,10.001113025578617,10.001113025578617,0.0,150,0.02679933331213154,0.03645000019787402,0.05753499997808823,0.1111999999920954,4.019899996819731,0.0013399666656065772,57952,0.0,0
final_operational,george,pcafeter_ch01_seg02,PCAFETER,10,subtraction_initial_legacy,stft_subtraction,offline_file,10.000000385529692,3.8087008317574913,-6.1912995537722,10.001113025578617,3.1563026000895507,-6.844810425489066,1,8.786899999904563,8.786899999904563,8.786899999904563,8.786899999904563,8.786899999904563,0.0029289666666348544,0,0.0,0
final_operational,george,pcafeter_ch01_seg02,PCAFETER,10,subtraction_low_energy_offline,stft_subtraction,offline_file,10.000000385529692,12.363538982979863,2.3635385974501713,10.001113025578617,13.053469118822921,3.0523560932443043,1,7.66869999915798,7.66869999915798,7.66869999915798,7.66869999915798,7.66869999915798,0.00255623333305266,0,0.0,0
final_operational,george,pcafeter_ch01_seg02,PCAFETER,10,subtraction_calibration_causal,stft_subtraction,causal_blocks,10.000000385529692,2.8887592576282035,-7.111241127901488,10.001113025578617,0.22128274294441624,-9.779830282634201,150,0.5138633333626785,0.8086049995199572,0.9534680000706427,1.2915000006614719,77.07950000440178,0.025693166668133927,60900,0.0,13
final_operational,george,pcafeter_ch01_seg02,PCAFETER,10,subtraction_adaptive_causal,stft_subtraction,causal_blocks,10.000000385529692,11.18776409173211,1.1877637062024178,10.001113025578617,10.997759600396364,0.9966465748177473,150,1.342756000024868,1.7027699998834576,2.254411000512845,3.270700000030047,201.4134000037302,0.0671378000012434,60900,0.34,13
final_operational,george,pcafeter_ch01_seg02,PCAFETER,10,wiener_initial_legacy,stft_wiener,offline_file,10.000000385529692,5.191886640415024,-4.808113745114667,10.001113025578617,4.418245073659441,-5.582867951919176,1,4.825500000151806,4.825500000151806,4.825500000151806,4.825500000151806,4.825500000151806,0.0016085000000506018,0,0.0,0
final_operational,george,pcafeter_ch01_seg02,PCAFETER,10,wiener_low_energy_offline,stft_wiener,offline_file,10.000000385529692,13.035670123619045,3.0356697380893536,10.001113025578617,12.831573623974439,2.830460598395822,1,4.234500000166008,4.234500000166008,4.234500000166008,4.234500000166008,4.234500000166008,0.0014115000000553362,0,0.0,0
final_operational,george,pcafeter_ch01_seg02,PCAFETER,10,wiener_adaptive_causal,stft_wiener,causal_blocks,10.000000385529692,11.05379540499396,1.0537950194642676,10.001113025578617,10.867495282483246,0.8663822569046289,150,1.3289373333039596,1.8642550001914056,2.8391199999441485,9.635899999921094,199.34059999559395,0.06644686666519799,60900,0.34,13
final_operational,george,pcafeter_ch01_seg03,PCAFETER,-5,bypass,baseline,causal_blocks,-4.99999988214011,-4.99999988214011,0.0,-4.996111390142245,-4.996111390142245,0.0,150,0.02071800000218597,0.021785000080853923,0.035870000201612066,0.04189999981463188,3.1077000003278954,0.0010359000001092984,57952,0.0,0
final_operational,george,pcafeter_ch01_seg03,PCAFETER,-5,subtraction_initial_legacy,stft_subtraction,offline_file,-4.99999988214011,-0.7918558188057001,4.2081440633344105,-4.996111390142245,-8.336473649723072,-3.340362259580827,1,7.485900000574475,7.485900000574475,7.485900000574475,7.485900000574475,7.485900000574475,0.0024953000001914916,0,0.0,0
final_operational,george,pcafeter_ch01_seg03,PCAFETER,-5,subtraction_low_energy_offline,stft_subtraction,offline_file,-4.99999988214011,0.15283140928553932,5.15283129142565,-4.996111390142245,-3.94405598491588,1.0520554052263646,1,7.9103999996732455,7.9103999996732455,7.9103999996732455,7.9103999996732455,7.9103999996732455,0.002636799999891082,0,0.0,0
final_operational,george,pcafeter_ch01_seg03,PCAFETER,-5,subtraction_calibration_causal,stft_subtraction,causal_blocks,-4.99999988214011,-0.4306006529984407,4.56939922914167,-4.996111390142245,-8.351199479842718,-3.355088089700473,150,0.589915333330282,0.7835549998162595,3.745631000301679,8.241999999881955,88.4872999995423,0.0294957666665141,60900,0.0,13
final_operational,george,pcafeter_ch01_seg03,PCAFETER,-5,subtraction_adaptive_causal,stft_subtraction,causal_blocks,-4.99999988214011,-0.8101606677433151,4.189839214396795,-4.996111390142245,-3.2557294427610457,1.740381947381199,150,1.3963266666784573,2.2784200002206485,2.4475529997562253,2.7602999998634914,209.44900000176858,0.06981633333392286,60900,0.11333333333333333,13
final_operational,george,pcafeter_ch01_seg03,PCAFETER,-5,wiener_initial_legacy,stft_wiener,offline_file,-4.99999988214011,-2.047131342091813,2.9528685400482972,-4.996111390142245,-7.129681641703272,-2.133570251561027,1,6.054299999959767,6.054299999959767,6.054299999959767,6.054299999959767,6.054299999959767,0.002018099999986589,0,0.0,0
final_operational,george,pcafeter_ch01_seg03,PCAFETER,-5,wiener_low_energy_offline,stft_wiener,offline_file,-4.99999988214011,-2.468782904056363,2.531216978083747,-4.996111390142245,-4.18894277116196,0.8071686189802847,1,5.238700000518293,5.238700000518293,5.238700000518293,5.238700000518293,5.238700000518293,0.0017462333335060976,0,0.0,0
final_operational,george,pcafeter_ch01_seg03,PCAFETER,-5,wiener_adaptive_causal,stft_wiener,causal_blocks,-4.99999988214011,-3.5421552103934855,1.4578446717466247,-4.996111390142245,-4.225298903587068,0.7708124865551769,150,1.3798539999940356,1.8898849999004597,2.642629000220037,2.896899999541347,206.97809999910532,0.06899269999970177,60900,0.11333333333333333,13
final_operational,george,pcafeter_ch01_seg03,PCAFETER,0,bypass,baseline,causal_blocks,2.1308893651448322e-07,2.1308893651448322e-07,0.0,0.0023392976730634146,0.0023392976730634146,0.0,150,0.020617333296589397,0.022065000075599524,0.028572000092026362,0.04309999985707691,3.0925999944884097,0.00103086666482947,57952,0.0,0
final_operational,george,pcafeter_ch01_seg03,PCAFETER,0,subtraction_initial_legacy,stft_subtraction,offline_file,2.1308893651448322e-07,1.8494498500391854,1.8494496369502489,0.0023392976730634146,-2.6849762866246465,-2.68731558429771,1,7.80769999983022,7.80769999983022,7.80769999983022,7.80769999983022,7.80769999983022,0.0026025666666100733,0,0.0,0
final_operational,george,pcafeter_ch01_seg03,PCAFETER,0,subtraction_low_energy_offline,stft_subtraction,offline_file,2.1308893651448322e-07,4.396622783092635,4.396622570003698,0.0023392976730634146,2.472912119603089,2.4705728219300256,1,7.559800000308314,7.559800000308314,7.559800000308314,7.559800000308314,7.559800000308314,0.002519933333436105,0,0.0,0
final_operational,george,pcafeter_ch01_seg03,PCAFETER,0,subtraction_calibration_causal,stft_subtraction,causal_blocks,2.1308893651448322e-07,1.5098086647474283,1.5098084516584918,0.0023392976730634146,-3.674558231539227,-3.6768975292122907,150,0.5229040000146293,0.636200000053577,1.3159260004158517,3.6675000001196167,78.4356000021944,0.026145200000731467,60900,0.0,13
final_operational,george,pcafeter_ch01_seg03,PCAFETER,0,subtraction_adaptive_causal,stft_subtraction,causal_blocks,2.1308893651448322e-07,3.6982649001784296,3.698264687089493,0.0023392976730634146,2.1472336322875067,2.144894334614443,150,1.3523380000333418,1.9478750002235745,2.4060040001131684,2.788200000395591,202.85070000500127,0.06761690000166709,60900,0.18666666666666668,13
final_operational,george,pcafeter_ch01_seg03,PCAFETER,0,wiener_initial_legacy,stft_wiener,offline_file,2.1308893651448322e-07,1.746670666961584,1.7466704538726474,0.0023392976730634146,-1.8566831752840347,-1.859022472957098,1,4.62840000000142,4.62840000000142,4.62840000000142,4.62840000000142,4.62840000000142,0.0015428000000004734,0,0.0,0
final_operational,george,pcafeter_ch01_seg03,PCAFETER,0,wiener_low_energy_offline,stft_wiener,offline_file,2.1308893651448322e-07,2.5644771122224546,2.564476899133518,0.0023392976730634146,1.5817541357509544,1.579414838077891,1,4.260499999872991,4.260499999872991,4.260499999872991,4.260499999872991,4.260499999872991,0.0014201666666243302,0,0.0,0
final_operational,george,pcafeter_ch01_seg03,PCAFETER,0,wiener_adaptive_causal,stft_wiener,causal_blocks,2.1308893651448322e-07,1.4060249787084929,1.4060247656195564,0.0023392976730634146,0.9400983142841597,0.9377590166110963,150,1.2573313333450642,1.6494500002863786,2.541763999815876,9.220700000696525,188.59970000175963,0.06286656666725321,60900,0.18666666666666668,13
final_operational,george,pcafeter_ch01_seg03,PCAFETER,5,bypass,baseline,causal_blocks,4.999999963656455,4.999999963656455,0.0,5.001467642462911,5.001467642462911,0.0,150,0.021232000005208345,0.026709999565355243,0.03753799996047743,0.042100000428035855,3.1848000007812516,0.0010616000002604171,57952,0.0,0
final_operational,george,pcafeter_ch01_seg03,PCAFETER,5,subtraction_initial_legacy,stft_subtraction,offline_file,4.999999963656455,3.197367356845821,-1.8026326068106338,5.001467642462911,1.030426717964291,-3.9710409244986202,1,7.768499999656342,7.768499999656342,7.768499999656342,7.768499999656342,7.768499999656342,0.0025894999998854473,0,0.0,0
final_operational,george,pcafeter_ch01_seg03,PCAFETER,5,subtraction_low_energy_offline,stft_subtraction,offline_file,4.999999963656455,8.189291669484792,3.189291705828337,5.001467642462911,7.842756710333445,2.841289067870534,1,7.7238000003490015,7.7238000003490015,7.7238000003490015,7.7238000003490015,7.7238000003490015,0.002574600000116334,0,0.0,0
final_operational,george,pcafeter_ch01_seg03,PCAFETER,5,subtraction_calibration_causal,stft_subtraction,causal_blocks,4.999999963656455,2.4450640983497167,-2.554935865306738,5.001467642462911,-1.0425367332464504,-6.0440043757093616,150,0.6422573333111359,0.9041149998665787,4.007923000162873,9.733100000630657,96.33859999667038,0.032112866665556794,60900,0.0,13
final_operational,george,pcafeter_ch01_seg03,PCAFETER,5,subtraction_adaptive_causal,stft_subtraction,causal_blocks,4.999999963656455,7.823263721707127,2.823263758050672,5.001467642462911,7.044039162911648,2.042571520448737,150,1.4726666666319943,2.283690000376736,3.2824639997306777,7.150299999921117,220.89999999479915,0.07363333333159972,60900,0.26,13
final_operational,george,pcafeter_ch01_seg03,PCAFETER,5,wiener_initial_legacy,stft_wiener,offline_file,4.999999963656455,4.079259781168894,-0.9207401824875605,5.001467642462911,1.9876010096908692,-3.013866632772042,1,4.301100000702718,4.301100000702718,4.301100000702718,4.301100000702718,4.301100000702718,0.0014337000002342393,0,0.0,0
final_operational,george,pcafeter_ch01_seg03,PCAFETER,5,wiener_low_energy_offline,stft_wiener,offline_file,4.999999963656455,7.539447031537244,2.539447067880789,5.001467642462911,7.00374455977907,2.002276917316159,1,4.257599999618833,4.257599999618833,4.257599999618833,4.257599999618833,4.257599999618833,0.0014191999998729443,0,0.0,0
final_operational,george,pcafeter_ch01_seg03,PCAFETER,5,wiener_adaptive_causal,stft_wiener,causal_blocks,4.999999963656455,6.297564046307099,1.297564082650644,5.001467642462911,6.00896658549495,1.0074989430320391,150,1.2542226666058316,1.8737699996108859,2.294711000258757,2.7955000005022157,188.13339999087475,0.06271113333029159,60900,0.26,13
final_operational,george,pcafeter_ch01_seg03,PCAFETER,10,bypass,baseline,causal_blocks,9.999999922306701,9.999999922306701,0.0,10.000977525620137,10.000977525620137,0.0,150,0.02313333338558247,0.03257000007579334,0.08424600039688808,0.13669999952981016,3.4700000078373705,0.0011566666692791234,57952,0.0,0
final_operational,george,pcafeter_ch01_seg03,PCAFETER,10,subtraction_initial_legacy,stft_subtraction,offline_file,9.999999922306701,3.731139960476273,-6.268859961830428,10.000977525620137,2.808763900018519,-7.192213625601617,1,7.965499999954773,7.965499999954773,7.965499999954773,7.965499999954773,7.965499999954773,0.0026551666666515907,0,0.0,0
final_operational,george,pcafeter_ch01_seg03,PCAFETER,10,subtraction_low_energy_offline,stft_subtraction,offline_file,9.999999922306701,11.566956927487151,1.5669570051804502,10.000977525620137,12.202226156972367,2.2012486313522306,1,7.869099999879836,7.869099999879836,7.869099999879836,7.869099999879836,7.869099999879836,0.0026230333332932787,0,0.0,0
final_operational,george,pcafeter_ch01_seg03,PCAFETER,10,subtraction_calibration_causal,stft_subtraction,causal_blocks,9.999999922306701,2.832325644828901,-7.167674277477801,10.000977525620137,0.07060423197892866,-9.930373293641209,150,0.5079359999702623,0.7982949999586681,1.198973999516962,1.432300000487885,76.19039999553934,0.025396799998513114,60900,0.0,13
final_operational,george,pcafeter_ch01_seg03,PCAFETER,10,subtraction_adaptive_causal,stft_subtraction,causal_blocks,9.999999922306701,11.28621350660605,1.2862135842993485,10.000977525620137,11.085542273413033,1.0845647477928964,150,1.4036866666962549,2.1731200002705005,2.639971000044169,3.2230999995590537,210.55300000443822,0.07018433333481273,60900,0.30666666666666664,13
final_operational,george,pcafeter_ch01_seg03,PCAFETER,10,wiener_initial_legacy,stft_wiener,offline_file,9.999999922306701,5.097195505338058,-4.902804416968643,10.000977525620137,4.150610399179619,-5.850367126440518,1,4.520200000115437,4.520200000115437,4.520200000115437,4.520200000115437,4.520200000115437,0.0015067333333718125,0,0.0,0
final_operational,george,pcafeter_ch01_seg03,PCAFETER,10,wiener_low_energy_offline,stft_wiener,offline_file,9.999999922306701,12.33995507776162,2.339955155454918,10.000977525620137,12.09002711358755,2.0890495879674127,1,4.594199999701232,4.594199999701232,4.594199999701232,4.594199999701232,4.594199999701232,0.0015313999999004106,0,0.0,0
final_operational,george,pcafeter_ch01_seg03,PCAFETER,10,wiener_adaptive_causal,stft_wiener,causal_blocks,9.999999922306701,11.043153502877699,1.0431535805709977,10.000977525620137,10.859525375837888,0.8585478502177519,150,1.2691819999902993,1.7313449997345727,3.154997999554325,9.568299999955343,190.3772999985449,0.06345909999951498,60900,0.30666666666666664,13
final_operational,george,straffic_ch01_seg01,STRAFFIC,-5,bypass,baseline,causal_blocks,-5.000000095411789,-5.000000095411789,0.0,-5.030145103492551,-5.030145103492551,0.0,150,0.020562666656284517,0.021099999685247894,0.028409999940777097,0.04069999977218686,3.0843999984426773,0.0010281333328142257,57952,0.0,0
final_operational,george,straffic_ch01_seg01,STRAFFIC,-5,subtraction_initial_legacy,stft_subtraction,offline_file,-5.000000095411789,-1.019498251976116,3.9805018434356727,-5.030145103492551,-7.032200021684457,-2.0020549181919067,1,7.816100000127335,7.816100000127335,7.816100000127335,7.816100000127335,7.816100000127335,0.0026053666667091115,0,0.0,0
final_operational,george,straffic_ch01_seg01,STRAFFIC,-5,subtraction_low_energy_offline,stft_subtraction,offline_file,-5.000000095411789,0.09664902452781729,5.096649119939606,-5.030145103492551,-2.7293045520956745,2.300840551396876,1,7.545200000095065,7.545200000095065,7.545200000095065,7.545200000095065,7.545200000095065,0.0025150666666983548,0,0.0,0
final_operational,george,straffic_ch01_seg01,STRAFFIC,-5,subtraction_calibration_causal,stft_subtraction,causal_blocks,-5.000000095411789,-0.3305716826354291,4.66942841277636,-5.030145103492551,-6.543878195140121,-1.5137330916475706,150,0.8018999999755275,1.2205849994643347,4.061067000084216,10.427700000036566,120.28499999632913,0.04009499999877638,60900,0.0,13
final_operational,george,straffic_ch01_seg01,STRAFFIC,-5,subtraction_adaptive_causal,stft_subtraction,causal_blocks,-5.000000095411789,-0.29454609991477465,4.705453995497014,-5.030145103492551,-1.4097442661736248,3.620400837318926,150,1.398660666654905,1.894484999775159,2.122778000593824,2.284500000314438,209.79909999823576,0.06993303333274525,60900,0.23333333333333334,13
final_operational,george,straffic_ch01_seg01,STRAFFIC,-5,wiener_initial_legacy,stft_wiener,offline_file,-5.000000095411789,-2.9819510637669584,2.0180490316448303,-5.030145103492551,-7.387659163797751,-2.3575140603052,1,4.166100000475126,4.166100000475126,4.166100000475126,4.166100000475126,4.166100000475126,0.0013887000001583754,0,0.0,0
final_operational,george,straffic_ch01_seg01,STRAFFIC,-5,wiener_low_energy_offline,stft_wiener,offline_file,-5.000000095411789,-3.1968893510814356,1.8031107443303531,-5.030145103492551,-4.57712438471378,0.45302071877877026,1,4.2138999997405335,4.2138999997405335,4.2138999997405335,4.2138999997405335,4.2138999997405335,0.0014046333332468446,0,0.0,0
final_operational,george,straffic_ch01_seg01,STRAFFIC,-5,wiener_adaptive_causal,stft_wiener,causal_blocks,-5.000000095411789,-3.620353930456823,1.3796461649549658,-5.030145103492551,-3.863330334393245,1.1668147690993056,150,1.334191999982674,1.8622949998189138,2.803371999862065,6.6624000000956585,200.12879999740107,0.06670959999913369,60900,0.23333333333333334,13
final_operational,george,straffic_ch01_seg01,STRAFFIC,0,bypass,baseline,causal_blocks,-2.0415634698440295e-07,-2.0415634698440295e-07,0.0,-0.016928134790950344,-0.016928134790950344,0.0,150,0.020839999991342967,0.021919999880992684,0.03211200021723924,0.04850000004807953,3.1259999987014453,0.0010419999995671485,57952,0.0,0
final_operational,george,straffic_ch01_seg01,STRAFFIC,0,subtraction_initial_legacy,stft_subtraction,offline_file,-2.0415634698440295e-07,1.73221583694402,1.7322160411003669,-0.016928134790950344,-2.697628616090135,-2.6807004812991844,1,8.658499999910418,8.658499999910418,8.658499999910418,8.658499999910418,8.658499999910418,0.002886166666636806,0,0.0,0
final_operational,george,straffic_ch01_seg01,STRAFFIC,0,subtraction_low_energy_offline,stft_subtraction,offline_file,-2.0415634698440295e-07,5.193697454801579,5.193697658957926,-0.016928134790950344,3.7896625511011965,3.806590685892147,1,7.505700000365323,7.505700000365323,7.505700000365323,7.505700000365323,7.505700000365323,0.002501900000121774,0,0.0,0
final_operational,george,straffic_ch01_seg01,STRAFFIC,0,subtraction_calibration_causal,stft_subtraction,causal_blocks,-2.0415634698440295e-07,1.6841395147347196,1.6841397188910665,-0.016928134790950344,-2.974640871509912,-2.9577127367189617,150,0.5299806666334916,0.8520999999745982,1.0313440002482819,1.1291000000710483,79.49709999502375,0.026499033331674582,60900,0.0,13
final_operational,george,straffic_ch01_seg01,STRAFFIC,0,subtraction_adaptive_causal,stft_subtraction,causal_blocks,-2.0415634698440295e-07,4.459944578295186,4.459944782451533,-0.016928134790950344,3.675458798550815,3.6923869333417656,150,1.40333666667478,2.132675000348171,3.1176799996137556,4.266900000402529,210.500500001217,0.070166833333739,60900,0.29333333333333333,13
final_operational,george,straffic_ch01_seg01,STRAFFIC,0,wiener_initial_legacy,stft_wiener,offline_file,-2.0415634698440295e-07,0.8907761392934415,0.8907763434497884,-0.016928134790950344,-2.8450145145812984,-2.828086379790348,1,4.545200000393379,4.545200000393379,4.545200000393379,4.545200000393379,4.545200000393379,0.001515066666797793,0,0.0,0
final_operational,george,straffic_ch01_seg01,STRAFFIC,0,wiener_low_energy_offline,stft_wiener,offline_file,-2.0415634698440295e-07,2.1250911527604712,2.125091356916818,-0.016928134790950344,1.3889186517480607,1.4058467865390112,1,5.036700000346173,5.036700000346173,5.036700000346173,5.036700000346173,5.036700000346173,0.0016789000001153909,0,0.0,0
final_operational,george,straffic_ch01_seg01,STRAFFIC,0,wiener_adaptive_causal,stft_wiener,causal_blocks,-2.0415634698440295e-07,1.3359045110290806,1.3359047151854275,-0.016928134790950344,1.1472787755363147,1.1642069103272652,150,1.2595446666819043,1.634939999712514,2.3515750000751696,9.136399999988498,188.93170000228565,0.06297723333409522,60900,0.29333333333333333,13
final_operational,george,straffic_ch01_seg01,STRAFFIC,5,bypass,baseline,causal_blocks,4.999999857264191,4.999999857264191,0.0,4.990495613030845,4.990495613030845,0.0,150,0.021218666588538326,0.022685000158162428,0.038662999759253476,0.07589999950141646,3.182799988280749,0.0010609333294269163,57952,0.0,0
final_operational,george,straffic_ch01_seg01,STRAFFIC,5,subtraction_initial_legacy,stft_subtraction,offline_file,4.999999857264191,3.1477187829751436,-1.8522810742890474,4.990495613030845,0.5846583125092679,-4.405837300521577,1,7.8484000005119015,7.8484000005119015,7.8484000005119015,7.8484000005119015,7.8484000005119015,0.002616133333503967,0,0.0,0
final_operational,george,straffic_ch01_seg01,STRAFFIC,5,subtraction_low_energy_offline,stft_subtraction,offline_file,4.999999857264191,9.606474150550495,4.606474293286304,4.990495613030845,9.270256439226598,4.279760826195753,1,7.562700000562472,7.562700000562472,7.562700000562472,7.562700000562472,7.562700000562472,0.0025209000001874906,0,0.0,0
final_operational,george,straffic_ch01_seg01,STRAFFIC,5,subtraction_calibration_causal,stft_subtraction,causal_blocks,4.999999857264191,2.578654089988042,-2.421345767276149,4.990495613030845,-0.8230205738072085,-5.813516186838053,150,0.6038906666678182,0.7017150001502155,3.589321999906995,7.767799999783165,90.58360000017274,0.03019453333339091,60900,0.0,13
final_operational,george,straffic_ch01_seg01,STRAFFIC,5,subtraction_adaptive_causal,stft_subtraction,causal_blocks,4.999999857264191,8.825312028351997,3.8253121710878055,4.990495613030845,8.309085185263259,3.3185895722324137,150,1.4584186666616006,2.19357999976637,3.247776000043804,6.59540000015113,218.7627999992401,0.07292093333308003,60900,0.34,13
final_operational,george,straffic_ch01_seg01,STRAFFIC,5,wiener_initial_legacy,stft_wiener,offline_file,4.999999857264191,3.5070740287358912,-1.4929258285282998,4.990495613030845,0.952625751363308,-4.037869861667537,1,4.3046000000686035,4.3046000000686035,4.3046000000686035,4.3046000000686035,4.3046000000686035,0.0014348666666895344,0,0.0,0
final_operational,george,straffic_ch01_seg01,STRAFFIC,5,wiener_low_energy_offline,stft_wiener,offline_file,4.999999857264191,7.35750102230741,2.357501165043219,4.990495613030845,6.928721198126773,1.9382255850959282,1,4.230799999277224,4.230799999277224,4.230799999277224,4.230799999277224,4.230799999277224,0.0014102666664257413,0,0.0,0
final_operational,george,straffic_ch01_seg01,STRAFFIC,5,wiener_adaptive_causal,stft_wiener,causal_blocks,4.999999857264191,6.256012928558689,1.2560130712944977,4.990495613030845,6.097683399537459,1.1071877865066142,150,1.2587786666699685,1.6884350000054829,2.182335000061356,2.5892999992720434,188.81680000049528,0.06293893333349843,60900,0.34,13
final_operational,george,straffic_ch01_seg01,STRAFFIC,10,bypass,baseline,causal_blocks,10.000000256616186,10.000000256616186,0.0,9.9946678749743,9.9946678749743,0.0,150,0.022117333301139297,0.029580000455098315,0.04907000022285495,0.13269999999465654,3.3175999951708945,0.0011058666650569648,57952,0.0,0
final_operational,george,straffic_ch01_seg01,STRAFFIC,10,subtraction_initial_legacy,stft_subtraction,offline_file,10.000000256616186,3.70869601194457,-6.2913042446716165,9.9946678749743,2.469741044238701,-7.5249268307356,1,7.473099999515398,7.473099999515398,7.473099999515398,7.473099999515398,7.473099999515398,0.0024910333331717993,0,0.0,0
final_operational,george,straffic_ch01_seg01,STRAFFIC,10,subtraction_low_energy_offline,stft_subtraction,offline_file,10.000000256616186,13.766475674933535,3.7664754183173486,9.9946678749743,14.311875801162861,4.31720792618856,1,8.249000000432716,8.249000000432716,8.249000000432716,8.249000000432716,8.249000000432716,0.002749666666810905,0,0.0,0
final_operational,george,straffic_ch01_seg01,STRAFFIC,10,subtraction_calibration_causal,stft_subtraction,causal_blocks,10.000000256616186,2.9042251040597407,-7.095775152556445,9.9946678749743,0.1409699786550957,-9.853697896319206,150,0.5243440000109937,0.8625650003068585,0.9544440002446206,1.6739000002417015,78.65160000164906,0.026217200000549685,60900,0.0,13
final_operational,george,straffic_ch01_seg01,STRAFFIC,10,subtraction_adaptive_causal,stft_subtraction,causal_blocks,10.000000256616186,12.336559785268053,2.3365595286518666,9.9946678749743,12.092998834995385,2.0983309600210838,150,1.3733673333505674,2.0096600000215394,2.8758480001033586,2.963599999930011,206.0051000025851,0.06866836666752836,60900,0.36666666666666664,13
final_operational,george,straffic_ch01_seg01,STRAFFIC,10,wiener_initial_legacy,stft_wiener,offline_file,10.000000256616186,4.809635878367599,-5.190364378248587,9.9946678749743,3.4699967888856644,-6.524671086088636,1,4.430199999660545,4.430199999660545,4.430199999660545,4.430199999660545,4.430199999660545,0.0014767333332201815,0,0.0,0
final_operational,george,straffic_ch01_seg01,STRAFFIC,10,wiener_low_energy_offline,stft_wiener,offline_file,10.000000256616186,12.81950928150923,2.819509024893044,9.9946678749743,12.613615763256263,2.618947888281962,1,4.592799999954877,4.592799999954877,4.592799999954877,4.592799999954877,4.592799999954877,0.0015309333333182924,0,0.0,0
final_operational,george,straffic_ch01_seg01,STRAFFIC,10,wiener_adaptive_causal,stft_wiener,causal_blocks,10.000000256616186,11.028015384890695,1.0280151282745091,9.9946678749743,10.892881871239176,0.8982139962648752,150,1.3683680000091651,2.2839399998701966,3.510413999683801,9.15530000020226,205.25520000137476,0.06841840000045825,60900,0.36666666666666664,13
final_operational,george,straffic_ch01_seg02,STRAFFIC,-5,bypass,baseline,causal_blocks,-4.999999834031551,-4.999999834031551,0.0,-5.069183157382237,-5.069183157382237,0.0,150,0.02123199998701845,0.023405000001730496,0.03961300009905239,0.07259999983943999,3.1847999980527675,0.0010615999993509224,57952,0.0,0
final_operational,george,straffic_ch01_seg02,STRAFFIC,-5,subtraction_initial_legacy,stft_subtraction,offline_file,-4.999999834031551,0.2846256851809429,5.2846255192124945,-5.069183157382237,-5.1573609793583906,-0.08817782197615376,1,7.717000000411645,7.717000000411645,7.717000000411645,7.717000000411645,7.717000000411645,0.002572333333470548,0,0.0,0
final_operational,george,straffic_ch01_seg02,STRAFFIC,-5,subtraction_low_energy_offline,stft_subtraction,offline_file,-4.999999834031551,1.642300301863411,6.6423001358949625,-5.069183157382237,-2.0851128049430185,2.9840703524392183,1,7.472399999642221,7.472399999642221,7.472399999642221,7.472399999642221,7.472399999642221,0.0024907999998807404,0,0.0,0
final_operational,george,straffic_ch01_seg02,STRAFFIC,-5,subtraction_calibration_causal,stft_subtraction,causal_blocks,-4.999999834031551,-0.9818774547421826,4.018122379289369,-5.069183157382237,-7.639934850607013,-2.570751693224776,150,0.6688779999543234,1.1904199995115021,3.7090629999693068,7.5968000001012115,100.3316999931485,0.033443899997716166,60900,0.0,13
final_operational,george,straffic_ch01_seg02,STRAFFIC,-5,subtraction_adaptive_causal,stft_subtraction,causal_blocks,-4.999999834031551,0.22910098998354256,5.229100824015093,-5.069183157382237,-2.4536639367341833,2.6155192206480535,150,1.4801893333484866,2.322689999800785,3.1443579998813203,3.3376000001226203,222.02840000227297,0.07400946666742432,60900,0.0,13
final_operational,george,straffic_ch01_seg02,STRAFFIC,-5,wiener_initial_legacy,stft_wiener,offline_file,-4.999999834031551,-0.9344507708696025,4.065549063161948,-5.069183157382237,-4.969579073091071,0.0996040842911654,1,3.9765000001352746,3.9765000001352746,3.9765000001352746,3.9765000001352746,3.9765000001352746,0.0013255000000450916,0,0.0,0
final_operational,george,straffic_ch01_seg02,STRAFFIC,-5,wiener_low_energy_offline,stft_wiener,offline_file,-4.999999834031551,-1.508677925176152,3.491321908855399,-5.069183157382237,-3.425063927311371,1.6441192300708658,1,4.251199999998789,4.251199999998789,4.251199999998789,4.251199999998789,4.251199999998789,0.001417066666666263,0,0.0,0
final_operational,george,straffic_ch01_seg02,STRAFFIC,-5,wiener_adaptive_causal,stft_wiener,causal_blocks,-4.999999834031551,-2.3894286583759112,2.61057117565564,-5.069183157382237,-3.206224685019386,1.862958472362851,150,1.2708466666117602,1.8799099999796454,2.448651999393404,4.172599999947124,190.62699999176402,0.06354233333058801,60900,0.0,13
final_operational,george,straffic_ch01_seg02,STRAFFIC,0,bypass,baseline,causal_blocks,-1.496366377184645e-07,-1.496366377184645e-07,0.0,-0.03879546724393247,-0.03879546724393247,0.0,150,0.020915333328351455,0.022840000337964725,0.0334340001154487,0.04239999998389976,3.1372999992527184,0.0010457666664175729,57952,0.0,0
final_operational,george,straffic_ch01_seg02,STRAFFIC,0,subtraction_initial_legacy,stft_subtraction,offline_file,-1.496366377184645e-07,2.6664871703948894,2.666487320031527,-0.03879546724393247,-0.691156825276495,-0.6523613580325626,1,7.386700000097335,7.386700000097335,7.386700000097335,7.386700000097335,7.386700000097335,0.0024622333333657784,0,0.0,0
final_operational,george,straffic_ch01_seg02,STRAFFIC,0,subtraction_low_energy_offline,stft_subtraction,offline_file,-1.496366377184645e-07,5.79951205231909,5.799512201955728,-0.03879546724393247,4.603128083521578,4.641923550765511,1,7.724699999926088,7.724699999926088,7.724699999926088,7.724699999926088,7.724699999926088,0.0025748999999753628,0,0.0,0
final_operational,george,straffic_ch01_seg02,STRAFFIC,0,subtraction_calibration_causal,stft_subtraction,causal_blocks,-1.496366377184645e-07,1.4222285776488621,1.4222287272854999,-0.03879546724393247,-3.5725132297991373,-3.533717762555205,150,0.5100506666713045,0.6753399999070091,1.1462379999011312,1.8016999993051286,76.50760000069567,0.025502533333565225,60900,0.0,13
final_operational,george,straffic_ch01_seg02,STRAFFIC,0,subtraction_adaptive_causal,stft_subtraction,causal_blocks,-1.496366377184645e-07,4.584172821976823,4.5841729716134605,-0.03879546724393247,3.0643751988076904,3.1031706660516227,150,1.4187293333088746,2.115399999729561,3.053142999970077,3.9286999999603722,212.8093999963312,0.07093646666544373,60900,0.04666666666666667,13
final_operational,george,straffic_ch01_seg02,STRAFFIC,0,wiener_initial_legacy,stft_wiener,offline_file,-1.496366377184645e-07,2.699192923606932,2.6991930732435696,-0.03879546724393247,-0.31640581004443324,-0.2776103428005008,1,4.0290000006280025,4.0290000006280025,4.0290000006280025,4.0290000006280025,4.0290000006280025,0.001343000000209334,0,0.0,0
final_operational,george,straffic_ch01_seg02,STRAFFIC,0,wiener_low_energy_offline,stft_wiener,offline_file,-1.496366377184645e-07,3.8048616291624264,3.804861778799064,-0.03879546724393247,2.8345198335468464,2.873315300790779,1,4.040299999360286,4.040299999360286,4.040299999360286,4.040299999360286,4.040299999360286,0.0013467666664534288,0,0.0,0
final_operational,george,straffic_ch01_seg02,STRAFFIC,0,wiener_adaptive_causal,stft_wiener,causal_blocks,-1.496366377184645e-07,2.5406581887011437,2.5406583383377814,-0.03879546724393247,2.0460673702096024,2.0848628374535347,150,1.2469573333570831,1.7207750000125086,2.2617329998047335,7.023299999673327,187.04360000356246,0.062347866667854156,60900,0.04666666666666667,13
final_operational,george,straffic_ch01_seg02,STRAFFIC,5,bypass,baseline,causal_blocks,5.000000269879836,5.000000269879836,0.0,4.978246803159106,4.978246803159106,0.0,150,0.037125333286288274,0.05037499954596558,0.08404299985158978,0.21240000023681205,5.568799992943241,0.0018562666643144137,57952,0.0,0
final_operational,george,straffic_ch01_seg02,STRAFFIC,5,subtraction_initial_legacy,stft_subtraction,offline_file,5.000000269879836,3.614131899993118,-1.385868369886718,4.978246803159106,2.135101658576531,-2.843145144582575,1,7.111700000677956,7.111700000677956,7.111700000677956,7.111700000677956,7.111700000677956,0.002370566666892652,0,0.0,0
final_operational,george,straffic_ch01_seg02,STRAFFIC,5,subtraction_low_energy_offline,stft_subtraction,offline_file,5.000000269879836,9.506077555549592,4.506077285669756,4.978246803159106,9.770268817282158,4.792022014123052,1,11.341100000208826,11.341100000208826,11.341100000208826,11.341100000208826,11.341100000208826,0.0037803666667362754,0,0.0,0
final_operational,george,straffic_ch01_seg02,STRAFFIC,5,subtraction_calibration_causal,stft_subtraction,causal_blocks,5.000000269879836,2.49317549417505,-2.5068247757047857,4.978246803159106,-1.0344502393329094,-6.012697042492015,150,0.5383986666978066,0.8842050001021561,1.0057660003531044,1.0873999999603257,80.75980000467098,0.026919933334890327,60900,0.0,13
final_operational,george,straffic_ch01_seg02,STRAFFIC,5,subtraction_adaptive_causal,stft_subtraction,causal_blocks,5.000000269879836,8.449320302332808,3.449320032452972,4.978246803159106,7.800671900724597,2.8224250975654908,150,1.4667133333508293,2.3574900001676715,3.123953000203983,7.208600000012666,220.0070000026244,0.07333566666754147,60900,0.22,13
final_operational,george,straffic_ch01_seg02,STRAFFIC,5,wiener_initial_legacy,stft_wiener,offline_file,5.000000269879836,4.625541819914114,-0.3744584499657222,4.978246803159106,3.0529582492880287,-1.9252885538710771,1,4.3135999994774465,4.3135999994774465,4.3135999994774465,4.3135999994774465,4.3135999994774465,0.0014378666664924822,0,0.0,0
final_operational,george,straffic_ch01_seg02,STRAFFIC,5,wiener_low_energy_offline,stft_wiener,offline_file,5.000000269879836,9.01576787857309,4.015767608693254,4.978246803159106,8.571788281595643,3.5935414784365367,1,4.17120000020077,4.17120000020077,4.17120000020077,4.17120000020077,4.17120000020077,0.0013904000000669232,0,0.0,0
final_operational,george,straffic_ch01_seg02,STRAFFIC,5,wiener_adaptive_causal,stft_wiener,causal_blocks,5.000000269879836,7.368310662235762,2.3683103923559266,4.978246803159106,7.060088549474156,2.0818417463150505,150,1.2056300000282743,1.6903199996704634,1.8133360004503623,2.1426000002975343,180.84450000424113,0.06028150000141371,60900,0.22,13
final_operational,george,straffic_ch01_seg02,STRAFFIC,10,bypass,baseline,causal_blocks,9.99999966763626,9.99999966763626,0.0,9.987814866958542,9.987814866958542,0.0,150,0.020920000006299233,0.02211000000897911,0.03027899977496415,0.051900000471505336,3.138000000944885,0.0010460000003149617,57952,0.0,0
final_operational,george,straffic_ch01_seg02,STRAFFIC,10,subtraction_initial_legacy,stft_subtraction,offline_file,9.99999966763626,3.8929991606444743,-6.107000506991786,9.987814866958542,3.268606172328257,-6.719208694630286,1,7.78100000025006,7.78100000025006,7.78100000025006,7.78100000025006,7.78100000025006,0.00259366666675002,0,0.0,0
final_operational,george,straffic_ch01_seg02,STRAFFIC,10,subtraction_low_energy_offline,stft_subtraction,offline_file,9.99999966763626,12.745786706718965,2.745787039082705,9.987814866958542,13.578335497127753,3.5905206301692107,1,7.4150999998892075,7.4150999998892075,7.4150999998892075,7.4150999998892075,7.4150999998892075,0.0024716999999630693,0,0.0,0
final_operational,george,straffic_ch01_seg02,STRAFFIC,10,subtraction_calibration_causal,stft_subtraction,causal_blocks,9.99999966763626,2.8748910231111324,-7.1251086445251275,9.987814866958542,0.08586661770428773,-9.901948249254255,150,0.5240159999872654,0.8330399997248604,1.2317970001367937,1.6685000000506989,78.60239999808982,0.026200799999363273,60900,0.0,13
final_operational,george,straffic_ch01_seg02,STRAFFIC,10,subtraction_adaptive_causal,stft_subtraction,causal_blocks,9.99999966763626,11.572612051496169,1.5726123838599086,9.987814866958542,11.511226175771125,1.523411308812582,150,1.4419559999623743,2.156930000001011,3.40003099973728,3.774199999497796,216.29339999435615,0.07209779999811872,60900,0.35333333333333333,13
final_operational,george,straffic_ch01_seg02,STRAFFIC,10,wiener_initial_legacy,stft_wiener,offline_file,9.99999966763626,5.302703323081975,-4.697296344554285,9.987814866958542,4.662666916577631,-5.325147950380911,1,4.278499999600172,4.278499999600172,4.278499999600172,4.278499999600172,4.278499999600172,0.0014261666665333905,0,0.0,0
final_operational,george,straffic_ch01_seg02,STRAFFIC,10,wiener_low_energy_offline,stft_wiener,offline_file,9.99999966763626,13.76798978486246,3.7679901172261996,9.987814866958542,13.583883738503735,3.5960688715451923,1,4.28009999995993,4.28009999995993,4.28009999995993,4.28009999995993,4.28009999995993,0.0014266999999866432,0,0.0,0
final_operational,george,straffic_ch01_seg02,STRAFFIC,10,wiener_adaptive_causal,stft_wiener,causal_blocks,9.99999966763626,11.96605633764557,1.9660566700093103,9.987814866958542,11.77231377401353,1.7844989070549868,150,1.2625459999253508,1.7524600004435342,2.3359739998159044,3.558100000191189,189.38189998880262,0.06312729999626754,60900,0.35333333333333333,13
final_operational,george,straffic_ch01_seg03,STRAFFIC,-5,bypass,baseline,causal_blocks,-5.000000212010351,-5.000000212010351,0.0,-4.860857700630032,-4.860857700630032,0.0,150,0.021968000006988102,0.03415499986658688,0.0406609999936335,0.047700000322947744,3.295200001048215,0.001098400000349405,57952,0.0,0
final_operational,george,straffic_ch01_seg03,STRAFFIC,-5,subtraction_initial_legacy,stft_subtraction,offline_file,-5.000000212010351,0.6198487427547357,5.619848954765086,-4.860857700630032,-5.040989098097723,-0.18013139746769102,1,8.209399999941525,8.209399999941525,8.209399999941525,8.209399999941525,8.209399999941525,0.002736466666647175,0,0.0,0
final_operational,george,straffic_ch01_seg03,STRAFFIC,-5,subtraction_low_energy_offline,stft_subtraction,offline_file,-5.000000212010351,2.600228952852796,7.600229164863147,-4.860857700630032,-0.4426185134172296,4.418239187212803,1,7.658100000298873,7.658100000298873,7.658100000298873,7.658100000298873,7.658100000298873,0.0025527000000996245,0,0.0,0
final_operational,george,straffic_ch01_seg03,STRAFFIC,-5,subtraction_calibration_causal,stft_subtraction,causal_blocks,-5.000000212010351,0.6392358692411528,5.639236081251504,-4.860857700630032,-5.559045840943,-0.6981881403129675,150,0.6258426666742404,0.8629199998267718,4.629157000144865,8.67980000020907,93.87640000113606,0.03129213333371202,60900,0.0,13
final_operational,george,straffic_ch01_seg03,STRAFFIC,-5,subtraction_adaptive_causal,stft_subtraction,causal_blocks,-5.000000212010351,0.895722216248464,5.895722428258814,-4.860857700630032,-1.376995725267221,3.4838619753628115,150,1.3963626667039837,2.1708449998186534,2.895042000118331,3.648799999609764,209.45440000559756,0.06981813333519919,60900,0.04666666666666667,13
final_operational,george,straffic_ch01_seg03,STRAFFIC,-5,wiener_initial_legacy,stft_wiener,offline_file,-5.000000212010351,-1.0690033523256073,3.9309968596847433,-4.860857700630032,-5.244307625963484,-0.38344992533345135,1,4.3150000001332955,4.3150000001332955,4.3150000001332955,4.3150000001332955,4.3150000001332955,0.0014383333333777653,0,0.0,0
final_operational,george,straffic_ch01_seg03,STRAFFIC,-5,wiener_low_energy_offline,stft_wiener,offline_file,-5.000000212010351,-0.8863384530731035,4.113661758937247,-4.860857700630032,-2.375628967610059,2.4852287330199734,1,4.708000000391621,4.708000000391621,4.708000000391621,4.708000000391621,4.708000000391621,0.0015693333334638737,0,0.0,0
final_operational,george,straffic_ch01_seg03,STRAFFIC,-5,wiener_adaptive_causal,stft_wiener,causal_blocks,-5.000000212010351,-2.46872392278259,2.5312762892277605,-4.860857700630032,-3.0121061736133954,1.848751527016637,150,1.1674819999583026,1.4395349994174462,1.8394709999574843,2.377599999817903,175.1222999937454,0.05837409999791513,60900,0.04666666666666667,13
final_operational,george,straffic_ch01_seg03,STRAFFIC,0,bypass,baseline,causal_blocks,-1.2236310507989996e-07,-1.2236310507989996e-07,0.0,0.07877658327053294,0.07877658327053294,0.0,150,0.02105866660713218,0.021775000095658463,0.035879000133718336,0.049199999921256676,3.1587999910698272,0.001052933330356609,57952,0.0,0
final_operational,george,straffic_ch01_seg03,STRAFFIC,0,subtraction_initial_legacy,stft_subtraction,offline_file,-1.2236310507989996e-07,2.6670003787767933,2.6670005011398983,0.07877658327053294,-0.6295214420885803,-0.7082980253591132,1,7.554199999503908,7.554199999503908,7.554199999503908,7.554199999503908,7.554199999503908,0.0025180666665013027,0,0.0,0
final_operational,george,straffic_ch01_seg03,STRAFFIC,0,subtraction_low_energy_offline,stft_subtraction,offline_file,-1.2236310507989996e-07,6.593655473106389,6.593655595469494,0.07877658327053294,5.713159119234823,5.63438253596429,1,7.73269999990589,7.73269999990589,7.73269999990589,7.73269999990589,7.73269999990589,0.0025775666666352968,0,0.0,0
final_operational,george,straffic_ch01_seg03,STRAFFIC,0,subtraction_calibration_causal,stft_subtraction,causal_blocks,-1.2236310507989996e-07,2.0744910808538237,2.0744912032169287,0.07877658327053294,-2.128019856149878,-2.206796439420411,150,0.4900673333577288,0.6362500004797762,0.9437060003347142,1.4285999995991006,73.51010000365932,0.02450336666788644,60900,0.0,13
final_operational,george,straffic_ch01_seg03,STRAFFIC,0,subtraction_adaptive_causal,stft_subtraction,causal_blocks,-1.2236310507989996e-07,5.18233469377425,5.182334816137355,0.07877658327053294,3.861730778408716,3.782954195138183,150,1.3091866667067127,1.7705049999221938,2.554113000087451,3.6324999991848017,196.3780000060069,0.06545933333533564,60900,0.13333333333333333,13
final_operational,george,straffic_ch01_seg03,STRAFFIC,0,wiener_initial_legacy,stft_wiener,offline_file,-1.2236310507989996e-07,2.4264666967626396,2.4264668191257446,0.07877658327053294,-0.728964869505796,-0.8077414527763289,1,4.7817000004215515,4.7817000004215515,4.7817000004215515,4.7817000004215515,4.7817000004215515,0.0015939000001405172,0,0.0,0
final_operational,george,straffic_ch01_seg03,STRAFFIC,0,wiener_low_energy_offline,stft_wiener,offline_file,-1.2236310507989996e-07,4.392073707268281,4.392073829631387,0.07877658327053294,3.6544345892158474,3.5756580059453142,1,4.191300000456977,4.191300000456977,4.191300000456977,4.191300000456977,4.191300000456977,0.0013971000001523255,0,0.0,0
final_operational,george,straffic_ch01_seg03,STRAFFIC,0,wiener_adaptive_causal,stft_wiener,causal_blocks,-1.2236310507989996e-07,2.4711003358588517,2.4711004582219567,0.07877658327053294,2.1064569867511436,2.027680403480611,150,1.2324173333217914,1.7055050003364154,2.335100999880523,3.096200000072713,184.8625999982687,0.06162086666608957,60900,0.13333333333333333,13
final_operational,george,straffic_ch01_seg03,STRAFFIC,5,bypass,baseline,causal_blocks,4.999999777762899,4.999999777762899,0.0,5.044645083858407,5.044645083858407,0.0,150,0.021017999958227545,0.022055000090404064,0.024301999956151118,0.048800000513438135,3.1526999937341316,0.0010508999979113771,57952,0.0,0
final_operational,george,straffic_ch01_seg03,STRAFFIC,5,subtraction_initial_legacy,stft_subtraction,offline_file,4.999999777762899,3.544248062449772,-1.4557517153131272,5.044645083858407,2.0520218927499703,-2.992623191108437,1,10.395500000413449,10.395500000413449,10.395500000413449,10.395500000413449,10.395500000413449,0.003465166666804483,0,0.0,0
final_operational,george,straffic_ch01_seg03,STRAFFIC,5,subtraction_low_energy_offline,stft_subtraction,offline_file,4.999999777762899,10.403145259764932,5.403145482002032,5.044645083858407,10.700097520830791,5.655452436972384,1,8.044000000154483,8.044000000154483,8.044000000154483,8.044000000154483,8.044000000154483,0.0026813333333848277,0,0.0,0
final_operational,george,straffic_ch01_seg03,STRAFFIC,5,subtraction_calibration_causal,stft_subtraction,causal_blocks,4.999999777762899,2.691670760833155,-2.3083290169297443,5.044645083858407,-0.37289068620192223,-5.417535770060329,150,0.6720120000197009,1.180684999872028,4.913539000272031,7.064500000524276,100.80180000295513,0.03360060000098505,60900,0.0,13
final_operational,george,straffic_ch01_seg03,STRAFFIC,5,subtraction_adaptive_causal,stft_subtraction,causal_blocks,4.999999777762899,9.028389361107795,4.028389583344896,5.044645083858407,8.475602814705187,3.43095773084678,150,1.3775706666698777,1.8461999999544785,3.365459999604347,4.384400000162714,206.63560000048165,0.06887853333349388,60900,0.24,13
final_operational,george,straffic_ch01_seg03,STRAFFIC,5,wiener_initial_legacy,stft_wiener,offline_file,4.999999777762899,4.404896303004949,-0.5951034747579502,5.044645083858407,2.589404281609013,-2.4552408022493943,1,4.448199999387725,4.448199999387725,4.448199999387725,4.448199999387725,4.448199999387725,0.0014827333331292418,0,0.0,0
final_operational,george,straffic_ch01_seg03,STRAFFIC,5,wiener_low_energy_offline,stft_wiener,offline_file,4.999999777762899,9.653609737639655,4.653609959876756,5.044645083858407,9.321197204445735,4.276552120587327,1,4.524499999206455,4.524499999206455,4.524499999206455,4.524499999206455,4.524499999206455,0.0015081666664021516,0,0.0,0
final_operational,george,straffic_ch01_seg03,STRAFFIC,5,wiener_adaptive_causal,stft_wiener,causal_blocks,4.999999777762899,7.347249432007612,2.3472496542447123,5.044645083858407,7.108627809459835,2.063982725601428,150,1.1645759999555594,1.4551100000517179,1.8834559998867908,2.2214999999050633,174.6863999933339,0.05822879999777797,60900,0.24,13
final_operational,george,straffic_ch01_seg03,STRAFFIC,10,bypass,baseline,causal_blocks,9.99999981371792,9.99999981371792,0.0,10.025392540229202,10.025392540229202,0.0,150,0.02092000004874232,0.021809999543620503,0.030731999568160945,0.04290000015316764,3.138000007311348,0.0010460000024371159,57952,0.0,0
final_operational,george,straffic_ch01_seg03,STRAFFIC,10,subtraction_initial_legacy,stft_subtraction,offline_file,9.99999981371792,3.852943082552052,-6.147056731165868,10.025392540229202,3.1945094584582456,-6.830883081770956,1,7.443999999850348,7.443999999850348,7.443999999850348,7.443999999850348,7.443999999850348,0.0024813333332834495,0,0.0,0
final_operational,george,straffic_ch01_seg03,STRAFFIC,10,subtraction_low_energy_offline,stft_subtraction,offline_file,9.99999981371792,13.626435103905148,3.626435290187228,10.025392540229202,14.513028209116738,4.4876356688875365,1,7.641799999873911,7.641799999873911,7.641799999873911,7.641799999873911,7.641799999873911,0.002547266666624637,0,0.0,0
final_operational,george,straffic_ch01_seg03,STRAFFIC,10,subtraction_calibration_causal,stft_subtraction,causal_blocks,9.99999981371792,2.9302351724258475,-7.069764641292073,10.025392540229202,0.316587799201482,-9.70880474102772,150,0.4915433333735564,0.6832399999439065,0.9711260000130987,1.3340000004973263,73.73150000603346,0.02457716666867782,60900,0.0,13
final_operational,george,straffic_ch01_seg03,STRAFFIC,10,subtraction_adaptive_causal,stft_subtraction,causal_blocks,9.99999981371792,12.162437966111275,2.1624381523933547,10.025392540229202,12.166376747807846,2.1409842075786436,150,1.3198533333282587,1.8689999998969142,2.459497999789159,3.08240000049409,197.97799999923882,0.06599266666641294,60900,0.32666666666666666,13
final_operational,george,straffic_ch01_seg03,STRAFFIC,10,wiener_initial_legacy,stft_wiener,offline_file,9.99999981371792,5.2039446760561,-4.796055137661821,10.025392540229202,4.3717021684124235,-5.653690371816778,1,4.5910999997431645,4.5910999997431645,4.5910999997431645,4.5910999997431645,4.5910999997431645,0.001530366666581055,0,0.0,0
final_operational,george,straffic_ch01_seg03,STRAFFIC,10,wiener_low_energy_offline,stft_wiener,offline_file,9.99999981371792,14.570897739030306,4.570897925312385,10.025392540229202,14.422591807521702,4.3971992672925,1,4.277000000001863,4.277000000001863,4.277000000001863,4.277000000001863,4.277000000001863,0.0014256666666672875,0,0.0,0
final_operational,george,straffic_ch01_seg03,STRAFFIC,10,wiener_adaptive_causal,stft_wiener,causal_blocks,9.99999981371792,12.065204342881906,2.065204529163985,10.025392540229202,11.906550866834431,1.8811583266052292,150,1.1977406666665047,1.6779699997641726,1.824559000178851,2.2342000002026907,179.6610999999757,0.059887033333325235,60900,0.32666666666666666,13
final_operational,lucas,pcafeter_ch01_seg01,PCAFETER,-5,bypass,baseline,causal_blocks,-5.000000358300146,-5.000000358300146,0.0,-4.851949539511786,-4.851949539511786,0.0,150,0.021135333305816555,0.028534999864859793,0.03185299969118205,0.04710000030172523,3.170299995872483,0.0010567666652908276,57952,0.0,0
final_operational,lucas,pcafeter_ch01_seg01,PCAFETER,-5,subtraction_initial_legacy,stft_subtraction,offline_file,-5.000000358300146,-0.3423518064612891,4.657648551838857,-4.851949539511786,-3.514721880429192,1.3372276590825938,1,8.082300000751275,8.082300000751275,8.082300000751275,8.082300000751275,8.082300000751275,0.0026941000002504247,0,0.0,0
final_operational,lucas,pcafeter_ch01_seg01,PCAFETER,-5,subtraction_low_energy_offline,stft_subtraction,offline_file,-5.000000358300146,0.6460701899164538,5.6460705482166,-4.851949539511786,-3.1367032187093273,1.7152463208024584,1,7.619399999384768,7.619399999384768,7.619399999384768,7.619399999384768,7.619399999384768,0.0025397999997949228,0,0.0,0
final_operational,lucas,pcafeter_ch01_seg01,PCAFETER,-5,subtraction_calibration_causal,stft_subtraction,causal_blocks,-5.000000358300146,0.33828608850661973,5.338286446806766,-4.851949539511786,-4.476050354957464,0.3758991845543216,150,0.5603926667148093,0.9354699997402345,1.388854000160787,7.567399999970803,84.05890000722138,0.028019633335740462,60900,0.0,13
final_operational,lucas,pcafeter_ch01_seg01,PCAFETER,-5,subtraction_adaptive_causal,stft_subtraction,causal_blocks,-5.000000358300146,-0.7915903610907367,4.20840999720941,-4.851949539511786,-3.8092244271681097,1.042725112343676,150,1.5132599999924423,2.269260000048233,5.509286999922514,9.979700000258163,226.98899999886635,0.07566299999962212,60900,0.1,13
final_operational,lucas,pcafeter_ch01_seg01,PCAFETER,-5,wiener_initial_legacy,stft_wiener,offline_file,-5.000000358300146,-2.4845379516989925,2.5154624066011535,-4.851949539511786,-3.8371743967985745,1.0147751427132112,1,4.270200000064506,4.270200000064506,4.270200000064506,4.270200000064506,4.270200000064506,0.001423400000021502,0,0.0,0
final_operational,lucas,pcafeter_ch01_seg01,PCAFETER,-5,wiener_low_energy_offline,stft_wiener,offline_file,-5.000000358300146,-2.2867105142176847,2.7132898440824613,-4.851949539511786,-3.688152466961591,1.163797072550195,1,4.192999999759195,4.192999999759195,4.192999999759195,4.192999999759195,4.192999999759195,0.0013976666665863984,0,0.0,0
final_operational,lucas,pcafeter_ch01_seg01,PCAFETER,-5,wiener_adaptive_causal,stft_wiener,causal_blocks,-5.000000358300146,-3.576933727164553,1.423066631135593,-4.851949539511786,-4.236136391108457,0.6158131484033289,150,1.2029319999904449,1.6992599999866786,2.5574429999778605,3.6951000001863576,180.43979999856674,0.060146599999522245,60900,0.1,13
final_operational,lucas,pcafeter_ch01_seg01,PCAFETER,0,bypass,baseline,causal_blocks,-2.395339674226807e-08,-2.395339674226807e-08,0.0,0.08375557115991515,0.08375557115991515,0.0,150,0.021160666619834956,0.025735000190252294,0.031604000059815,0.0425000007453491,3.1740999929752434,0.0010580333309917478,57952,0.0,0
final_operational,lucas,pcafeter_ch01_seg01,PCAFETER,0,subtraction_initial_legacy,stft_subtraction,offline_file,-2.395339674226807e-08,4.170949974185198,4.170949998138594,0.08375557115991515,2.5465514775806337,2.4627959064207188,1,8.025199999792676,8.025199999792676,8.025199999792676,8.025199999792676,8.025199999792676,0.0026750666665975587,0,0.0,0
final_operational,lucas,pcafeter_ch01_seg01,PCAFETER,0,subtraction_low_energy_offline,stft_subtraction,offline_file,-2.395339674226807e-08,4.880699072370833,4.880699096324229,0.08375557115991515,3.2133086806390327,3.129553109479118,1,7.511300000260235,7.511300000260235,7.511300000260235,7.511300000260235,7.511300000260235,0.0025037666667534117,0,0.0,0
final_operational,lucas,pcafeter_ch01_seg01,PCAFETER,0,subtraction_calibration_causal,stft_subtraction,causal_blocks,-2.395339674226807e-08,4.2586180026816844,4.258618026635081,0.08375557115991515,2.226782562597018,2.143026991437103,150,0.5105526666799657,0.8097849996374862,0.9780639997279649,1.4961999995648512,76.58290000199486,0.025527633333998285,60900,0.0,13
final_operational,lucas,pcafeter_ch01_seg01,PCAFETER,0,subtraction_adaptive_causal,stft_subtraction,causal_blocks,-2.395339674226807e-08,3.7953349756857264,3.795334999639123,0.08375557115991515,2.150657518589108,2.066901947429193,150,1.3266313333527553,1.9874249998338183,2.4064699999235013,3.420899999582616,198.9947000029133,0.06633156666763777,60900,0.25333333333333335,13
final_operational,lucas,pcafeter_ch01_seg01,PCAFETER,0,wiener_initial_legacy,stft_wiener,offline_file,-2.395339674226807e-08,2.409450754323497,2.4094507782768937,0.08375557115991515,1.7931809259480311,1.709425354788116,1,4.191699999864795,4.191699999864795,4.191699999864795,4.191699999864795,4.191699999864795,0.0013972333332882652,0,0.0,0
final_operational,lucas,pcafeter_ch01_seg01,PCAFETER,0,wiener_low_energy_offline,stft_wiener,offline_file,-2.395339674226807e-08,2.62357866364139,2.6235786875947866,0.08375557115991515,1.9915531453993085,1.9077975742393933,1,4.292099999474885,4.292099999474885,4.292099999474885,4.292099999474885,4.292099999474885,0.0014306999998249619,0,0.0,0
final_operational,lucas,pcafeter_ch01_seg01,PCAFETER,0,wiener_adaptive_causal,stft_wiener,causal_blocks,-2.395339674226807e-08,1.4036138692574371,1.403613893210834,0.08375557115991515,1.063398721043388,0.9796431498834728,150,1.2466200000017125,1.8997349998699058,2.141050000145694,2.8008999997837236,186.99300000025687,0.06233100000008562,60900,0.25333333333333335,13
final_operational,lucas,pcafeter_ch01_seg01,PCAFETER,5,bypass,baseline,causal_blocks,5.000000235345274,5.000000235345274,0.0,5.047389804170409,5.047389804170409,0.0,150,0.03000266668702049,0.03870999998980551,0.05189600062294621,0.22340000032272656,4.500400003053073,0.0015001333343510244,57952,0.0,0
final_operational,lucas,pcafeter_ch01_seg01,PCAFETER,5,subtraction_initial_legacy,stft_subtraction,offline_file,5.000000235345274,8.648139198832983,3.6481389634877086,5.047389804170409,8.015906893106346,2.9685170889359362,1,8.960200000728946,8.960200000728946,8.960200000728946,8.960200000728946,8.960200000728946,0.0029867333335763155,0,0.0,0
final_operational,lucas,pcafeter_ch01_seg01,PCAFETER,5,subtraction_low_energy_offline,stft_subtraction,offline_file,5.000000235345274,9.068997230715693,4.068996995370419,5.047389804170409,8.678067045164013,3.630677240993604,1,8.80940000024566,8.80940000024566,8.80940000024566,8.80940000024566,8.80940000024566,0.002936466666748553,0,0.0,0
final_operational,lucas,pcafeter_ch01_seg01,PCAFETER,5,subtraction_calibration_causal,stft_subtraction,causal_blocks,5.000000235345274,8.162963849871968,3.162963614526694,5.047389804170409,7.762644461700299,2.71525465752989,150,0.5363720000301934,0.8115650004583586,0.9115380000912405,5.375800000365416,80.45580000452901,0.02681860000150967,60900,0.0,13
final_operational,lucas,pcafeter_ch01_seg01,PCAFETER,5,subtraction_adaptive_causal,stft_subtraction,causal_blocks,5.000000235345274,8.257988670152775,3.257988434807501,5.047389804170409,7.5556773263899215,2.5082875222195122,150,1.2885886666602648,1.9061300002704227,2.0470109997222607,2.219400000285532,193.28829999903974,0.06442943333301325,60900,0.30666666666666664,13
final_operational,lucas,pcafeter_ch01_seg01,PCAFETER,5,wiener_initial_legacy,stft_wiener,offline_file,5.000000235345274,7.334559815307003,2.334559579961729,5.047389804170409,7.05569808752181,2.0083082833514005,1,4.388800000015181,4.388800000015181,4.388800000015181,4.388800000015181,4.388800000015181,0.0014629333333383936,0,0.0,0
final_operational,lucas,pcafeter_ch01_seg01,PCAFETER,5,wiener_low_energy_offline,stft_wiener,offline_file,5.000000235345274,7.513371436839473,2.5133712014941993,5.047389804170409,7.239782799999674,2.1923929958292643,1,7.163000000218744,7.163000000218744,7.163000000218744,7.163000000218744,7.163000000218744,0.0023876666667395816,0,0.0,0
final_operational,lucas,pcafeter_ch01_seg01,PCAFETER,5,wiener_adaptive_causal,stft_wiener,causal_blocks,5.000000235345274,6.377240927225022,1.3772406918797477,5.047389804170409,6.223754813332988,1.1763650091625788,150,1.1851746667040668,1.3810950000333826,1.7625540000335604,1.7868000004455098,177.77620000561,0.05925873333520334,60900,0.30666666666666664,13
final_operational,lucas,pcafeter_ch01_seg01,PCAFETER,10,bypass,baseline,causal_blocks,9.999999994129759,9.999999994129759,0.0,10.026872358358219,10.026872358358219,0.0,150,0.029227333228239633,0.0349000001733657,0.04476500013879557,0.06409999969037017,4.384099984235945,0.0014613666614119818,57952,0.0,0
final_operational,lucas,pcafeter_ch01_seg01,PCAFETER,10,subtraction_initial_legacy,stft_subtraction,offline_file,9.999999994129759,13.014943193446285,3.0149431993165265,10.026872358358219,13.011533678860506,2.984661320502287,1,8.921499999814841,8.921499999814841,8.921499999814841,8.921499999814841,8.921499999814841,0.002973833333271614,0,0.0,0
final_operational,lucas,pcafeter_ch01_seg01,PCAFETER,10,subtraction_low_energy_offline,stft_subtraction,offline_file,9.999999994129759,13.325273495436786,3.325273501307027,10.026872358358219,13.661855223146791,3.6349828647885722,1,9.509199999229168,9.509199999229168,9.509199999229168,9.509199999229168,9.509199999229168,0.003169733333076389,0,0.0,0
final_operational,lucas,pcafeter_ch01_seg01,PCAFETER,10,subtraction_calibration_causal,stft_subtraction,causal_blocks,9.999999994129759,12.007308618911793,2.007308624782034,10.026872358358219,12.476624640357144,2.4497522819989257,150,0.5483586667044923,0.8132699998895981,1.0022349997416309,1.0523999999350053,82.25380000567384,0.027417933335224614,60900,0.0,13
final_operational,lucas,pcafeter_ch01_seg01,PCAFETER,10,subtraction_adaptive_causal,stft_subtraction,causal_blocks,9.999999994129759,12.700028893994324,2.7000288998645647,10.026872358358219,12.606239834510848,2.5793674761526297,150,1.2948206666987971,1.747695000449311,2.452490999548897,2.852300000085961,194.22310000481957,0.06474103333493986,60900,0.34,13
final_operational,lucas,pcafeter_ch01_seg01,PCAFETER,10,wiener_initial_legacy,stft_wiener,offline_file,9.999999994129759,12.299669307284889,2.29966931315513,10.026872358358219,12.164302127580802,2.1374297692225834,1,4.082800000105635,4.082800000105635,4.082800000105635,4.082800000105635,4.082800000105635,0.0013609333333685452,0,0.0,0
final_operational,lucas,pcafeter_ch01_seg01,PCAFETER,10,wiener_low_energy_offline,stft_wiener,offline_file,9.999999994129759,12.41038702464544,2.4103870305156807,10.026872358358219,12.299646758955351,2.2727744005971324,1,5.880099999558297,5.880099999558297,5.880099999558297,5.880099999558297,5.880099999558297,0.001960033333186099,0,0.0,0
final_operational,lucas,pcafeter_ch01_seg01,PCAFETER,10,wiener_adaptive_causal,stft_wiener,causal_blocks,9.999999994129759,11.330069095626055,1.3300691014962958,10.026872358358219,11.267603349311413,1.2407309909531943,150,1.230455333309995,1.8803750000188288,2.6629419997061543,3.254899999774352,184.56829999649926,0.06152276666549975,60900,0.34,13
final_operational,lucas,pcafeter_ch01_seg02,PCAFETER,-5,bypass,baseline,causal_blocks,-5.00000026618771,-5.00000026618771,0.0,-4.903831061946092,-4.903831061946092,0.0,150,0.024434666641658016,0.024559999792472753,0.09037800016812964,0.39199999991978984,3.6651999962487025,0.001221733332082901,57952,0.0,0
final_operational,lucas,pcafeter_ch01_seg02,PCAFETER,-5,subtraction_initial_legacy,stft_subtraction,offline_file,-5.00000026618771,1.234991999800987,6.234992265988697,-4.903831061946092,-1.9294501050388189,2.9743809569072734,1,7.547799999883864,7.547799999883864,7.547799999883864,7.547799999883864,7.547799999883864,0.002515933333294621,0,0.0,0
final_operational,lucas,pcafeter_ch01_seg02,PCAFETER,-5,subtraction_low_energy_offline,stft_subtraction,offline_file,-5.00000026618771,1.1754242029178346,6.175424469105545,-4.903831061946092,-2.305720404973624,2.598110656972468,1,8.104800000182877,8.104800000182877,8.104800000182877,8.104800000182877,8.104800000182877,0.002701600000060959,0,0.0,0
final_operational,lucas,pcafeter_ch01_seg02,PCAFETER,-5,subtraction_calibration_causal,stft_subtraction,causal_blocks,-5.00000026618771,1.010619847014285,6.010620113201995,-4.903831061946092,-3.7345742862185602,1.1692567757275318,150,0.5193213332859159,0.9059199997409448,1.1432549996970909,1.2378999999782536,77.89819999288738,0.025966066664295795,60900,0.0,13
final_operational,lucas,pcafeter_ch01_seg02,PCAFETER,-5,subtraction_adaptive_causal,stft_subtraction,causal_blocks,-5.00000026618771,-0.5982146324593847,4.401785633728325,-4.903831061946092,-3.283038711672384,1.620792350273708,150,1.5387826666422673,2.202935000150318,7.844383999881756,9.55950000025041,230.8173999963401,0.07693913333211337,60900,0.10666666666666667,13
final_operational,lucas,pcafeter_ch01_seg02,PCAFETER,-5,wiener_initial_legacy,stft_wiener,offline_file,-5.00000026618771,-1.0722681438753268,3.927732122312383,-4.903831061946092,-2.6764747922667698,2.2273562696793223,1,4.483000000618631,4.483000000618631,4.483000000618631,4.483000000618631,4.483000000618631,0.0014943333335395437,0,0.0,0
final_operational,lucas,pcafeter_ch01_seg02,PCAFETER,-5,wiener_low_energy_offline,stft_wiener,offline_file,-5.00000026618771,-2.1025971400582497,2.8974031261294604,-4.903831061946092,-3.5092894143461435,1.3945416475999486,1,4.483900000195717,4.483900000195717,4.483900000195717,4.483900000195717,4.483900000195717,0.0014946333333985724,0,0.0,0
final_operational,lucas,pcafeter_ch01_seg02,PCAFETER,-5,wiener_adaptive_causal,stft_wiener,causal_blocks,-5.00000026618771,-3.4979285265396958,1.5020717396480143,-4.903831061946092,-4.092667379813025,0.811163682133067,150,1.190989333372272,1.740875000496089,1.911353000350572,2.8476999996200902,178.6484000058408,0.059549466668613604,60900,0.10666666666666667,13
final_operational,lucas,pcafeter_ch01_seg02,PCAFETER,0,bypass,baseline,causal_blocks,3.023220022592427e-07,3.023220022592427e-07,0.0,0.05455715386559861,0.05455715386559861,0.0,150,0.022510000017064158,0.027265000562692873,0.039640000040890265,0.22019999960321002,3.3765000025596237,0.001125500000853208,57952,0.0,0
final_operational,lucas,pcafeter_ch01_seg02,PCAFETER,0,subtraction_initial_legacy,stft_subtraction,offline_file,3.023220022592427e-07,5.4061438281874885,5.406143525865486,0.05455715386559861,3.9646904080314886,3.91013325416589,1,7.492900000215741,7.492900000215741,7.492900000215741,7.492900000215741,7.492900000215741,0.002497633333405247,0,0.0,0
final_operational,lucas,pcafeter_ch01_seg02,PCAFETER,0,subtraction_low_energy_offline,stft_subtraction,offline_file,3.023220022592427e-07,5.330051545131914,5.330051242809912,0.05455715386559861,3.831481978545095,3.7769248246794964,1,8.227799999986019,8.227799999986019,8.227799999986019,8.227799999986019,8.227799999986019,0.0027425999999953397,0,0.0,0
final_operational,lucas,pcafeter_ch01_seg02,PCAFETER,0,subtraction_calibration_causal,stft_subtraction,causal_blocks,3.023220022592427e-07,4.493615471574711,4.493615169252709,0.05455715386559861,2.624297895904131,2.5697407420385328,150,0.48364333335484844,0.5955800004358022,0.9484429999338307,1.1684999999488355,72.54650000322727,0.024182166667742422,60900,0.0,13
final_operational,lucas,pcafeter_ch01_seg02,PCAFETER,0,subtraction_adaptive_causal,stft_subtraction,causal_blocks,3.023220022592427e-07,3.9811806712777127,3.9811803689557106,0.05455715386559861,2.490317729250541,2.4357605753849425,150,1.2570240000301662,1.674119999643153,2.0646499999747867,2.2787999996580766,188.55360000452492,0.0628512000015083,60900,0.26,13
final_operational,lucas,pcafeter_ch01_seg02,PCAFETER,0,wiener_initial_legacy,stft_wiener,offline_file,3.023220022592427e-07,3.70967667957552,3.7096763772535177,0.05455715386559861,2.9610361922068096,2.906479038341211,1,5.401599999458995,5.401599999458995,5.401599999458995,5.401599999458995,5.401599999458995,0.0018005333331529982,0,0.0,0
final_operational,lucas,pcafeter_ch01_seg02,PCAFETER,0,wiener_low_energy_offline,stft_wiener,offline_file,3.023220022592427e-07,2.8113880772623308,2.8113877749403287,0.05455715386559861,2.161290015079704,2.1067328612141054,1,4.331400000410213,4.331400000410213,4.331400000410213,4.331400000410213,4.331400000410213,0.0014438000001367375,0,0.0,0
final_operational,lucas,pcafeter_ch01_seg02,PCAFETER,0,wiener_adaptive_causal,stft_wiener,causal_blocks,3.023220022592427e-07,1.4860745892440665,1.4860742869220642,0.05455715386559861,1.1760641196409336,1.121506965775335,150,1.2413420000302722,1.7184649997034274,2.980598000203818,7.656299999325711,186.20130000454083,0.06206710000151361,60900,0.26,13
final_operational,lucas,pcafeter_ch01_seg02,PCAFETER,5,bypass,baseline,causal_blocks,5.000000106503957,5.000000106503957,0.0,5.031068746037617,5.031068746037617,0.0,150,0.021675999978469918,0.022864999800731308,0.03720799950315267,0.051900000471505336,3.2513999967704876,0.0010837999989234959,57952,0.0,0
final_operational,lucas,pcafeter_ch01_seg02,PCAFETER,5,subtraction_initial_legacy,stft_subtraction,offline_file,5.000000106503957,9.601502447701078,4.601502341197121,5.031068746037617,9.256670361881984,4.225601615844367,1,7.633700000042154,7.633700000042154,7.633700000042154,7.633700000042154,7.633700000042154,0.002544566666680718,0,0.0,0
final_operational,lucas,pcafeter_ch01_seg02,PCAFETER,5,subtraction_low_energy_offline,stft_subtraction,offline_file,5.000000106503957,9.458491309005533,4.458491202501576,5.031068746037617,9.182037479379932,4.1509687333423155,1,7.90080000024318,7.90080000024318,7.90080000024318,7.90080000024318,7.90080000024318,0.00263360000008106,0,0.0,0
final_operational,lucas,pcafeter_ch01_seg02,PCAFETER,5,subtraction_calibration_causal,stft_subtraction,causal_blocks,5.000000106503957,8.148206670784866,3.148206564280909,5.031068746037617,8.010804632840857,2.9797358868032404,150,0.5037773332757448,0.8259400006409113,1.1663210000733664,1.3465000001815497,75.56659999136173,0.02518886666378724,60900,0.0,13
final_operational,lucas,pcafeter_ch01_seg02,PCAFETER,5,subtraction_adaptive_causal,stft_subtraction,causal_blocks,5.000000106503957,8.467274571035908,3.4672744645319513,5.031068746037617,7.804902514363198,2.7738337683255807,150,1.4917199999581499,2.314929999738523,5.911964999941095,11.544400000275346,223.75799999372248,0.07458599999790749,60900,0.32,13
final_operational,lucas,pcafeter_ch01_seg02,PCAFETER,5,wiener_initial_legacy,stft_wiener,offline_file,5.000000106503957,8.535242575755444,3.5352424692514868,5.031068746037617,8.2112272431693,3.180158497131684,1,4.319099999520404,4.319099999520404,4.319099999520404,4.319099999520404,4.319099999520404,0.0014396999998401345,0,0.0,0
final_operational,lucas,pcafeter_ch01_seg02,PCAFETER,5,wiener_low_energy_offline,stft_wiener,offline_file,5.000000106503957,7.680911501653509,2.6809113951495522,5.031068746037617,7.397052382074644,2.3659836360370274,1,4.360100000667444,4.360100000667444,4.360100000667444,4.360100000667444,4.360100000667444,0.001453366666889148,0,0.0,0
final_operational,lucas,pcafeter_ch01_seg02,PCAFETER,5,wiener_adaptive_causal,stft_wiener,causal_blocks,5.000000106503957,6.4545511726939875,1.4545510661900307,5.031068746037617,6.308069855288933,1.2770011092513158,150,1.2190140000287404,1.7336400001113337,3.1319079999775568,3.3980999996856553,182.85210000431107,0.06095070000143702,60900,0.32,13
final_operational,lucas,pcafeter_ch01_seg02,PCAFETER,10,bypass,baseline,causal_blocks,10.000000289398692,10.000000289398692,0.0,10.017832572370732,10.017832572370732,0.0,150,0.021144000032412198,0.022510000326292353,0.03774700065150673,0.07899999945948366,3.17160000486183,0.00105720000162061,57952,0.0,0
final_operational,lucas,pcafeter_ch01_seg02,PCAFETER,10,subtraction_initial_legacy,stft_subtraction,offline_file,10.000000289398692,13.72880972512158,3.728809435722889,10.017832572370732,14.044624591545354,4.026792019174621,1,7.7003000005788635,7.7003000005788635,7.7003000005788635,7.7003000005788635,7.7003000005788635,0.002566766666859621,0,0.0,0
final_operational,lucas,pcafeter_ch01_seg02,PCAFETER,10,subtraction_low_energy_offline,stft_subtraction,offline_file,10.000000289398692,13.82248824693827,3.822487957539579,10.017832572370732,14.26342380719126,4.245591234820527,1,7.622799999808194,7.622799999808194,7.622799999808194,7.622799999808194,7.622799999808194,0.002540933333269398,0,0.0,0
final_operational,lucas,pcafeter_ch01_seg02,PCAFETER,10,subtraction_calibration_causal,stft_subtraction,causal_blocks,10.000000289398692,11.838796787219339,1.8387964978206472,10.017832572370732,12.5784251185631,2.5605925461923675,150,0.49298866667110514,0.7137299997339134,0.9872809999887977,1.1187000000063563,73.94830000066577,0.024649433333555255,60900,0.0,13
final_operational,lucas,pcafeter_ch01_seg02,PCAFETER,10,subtraction_adaptive_causal,stft_subtraction,causal_blocks,10.000000289398692,12.913299638482519,2.913299349083827,10.017832572370732,12.80506810842996,2.787235536059228,150,1.2892233332786418,1.8318700002964754,2.269268000045485,4.352599999947415,193.38349999179627,0.06446116666393209,60900,0.3466666666666667,13
final_operational,lucas,pcafeter_ch01_seg02,PCAFETER,10,wiener_initial_legacy,stft_wiener,offline_file,10.000000289398692,13.387067220580342,3.38706693118165,10.017832572370732,13.242975843927036,3.2251432715563038,1,4.769300000589283,4.769300000589283,4.769300000589283,4.769300000589283,4.769300000589283,0.0015897666668630943,0,0.0,0
final_operational,lucas,pcafeter_ch01_seg02,PCAFETER,10,wiener_low_energy_offline,stft_wiener,offline_file,10.000000289398692,12.69529929021073,2.6952990008120388,10.017832572370732,12.584036457516085,2.5662038851453524,1,4.243100000167033,4.243100000167033,4.243100000167033,4.243100000167033,4.243100000167033,0.0014143666667223442,0,0.0,0
final_operational,lucas,pcafeter_ch01_seg02,PCAFETER,10,wiener_adaptive_causal,stft_wiener,causal_blocks,10.000000289398692,11.43536037381166,1.4353600844129684,10.017832572370732,11.372032811459627,1.354200239088895,150,1.4976873333277279,2.5559699999575916,6.004569000024246,8.310700000038196,224.65309999915917,0.07488436666638638,60900,0.3466666666666667,13
final_operational,lucas,pcafeter_ch01_seg03,PCAFETER,-5,bypass,baseline,causal_blocks,-4.999999866344697,-4.999999866344697,0.0,-4.980430143630113,-4.980430143630113,0.0,150,0.03166199998304364,0.05915500023547793,0.06205299999237468,0.09669999963080045,4.749299997456546,0.0015830999991521821,57952,0.0,0
final_operational,lucas,pcafeter_ch01_seg03,PCAFETER,-5,subtraction_initial_legacy,stft_subtraction,offline_file,-4.999999866344697,0.04524401890390767,5.045243885248605,-4.980430143630113,-3.542169285497187,1.4382608581329261,1,7.9788999992160825,7.9788999992160825,7.9788999992160825,7.9788999992160825,7.9788999992160825,0.0026596333330720276,0,0.0,0
final_operational,lucas,pcafeter_ch01_seg03,PCAFETER,-5,subtraction_low_energy_offline,stft_subtraction,offline_file,-4.999999866344697,0.10340217414715379,5.103402040491851,-4.980430143630113,-3.7600406650294556,1.2203894786006577,1,7.749999999759893,7.749999999759893,7.749999999759893,7.749999999759893,7.749999999759893,0.002583333333253298,0,0.0,0
final_operational,lucas,pcafeter_ch01_seg03,PCAFETER,-5,subtraction_calibration_causal,stft_subtraction,causal_blocks,-4.999999866344697,0.3479594365252495,5.347959302869946,-4.980430143630113,-4.918089894913685,0.062340248716428626,150,0.4960679999809751,0.7636199996341014,0.9535229999983129,1.1114000008092262,74.41019999714626,0.024803399999048754,60900,0.0,13
final_operational,lucas,pcafeter_ch01_seg03,PCAFETER,-5,subtraction_adaptive_causal,stft_subtraction,causal_blocks,-4.999999866344697,-0.9892800347704322,4.010719831574265,-4.980430143630113,-3.76124118002335,1.2191889636067632,150,1.4660193333293137,2.226165000092804,6.100391000727536,9.525500000563625,219.90289999939705,0.07330096666646568,60900,0.16666666666666666,13
final_operational,lucas,pcafeter_ch01_seg03,PCAFETER,-5,wiener_initial_legacy,stft_wiener,offline_file,-4.999999866344697,-1.8311408880126003,3.168858978332097,-4.980430143630113,-3.6260328203623,1.3543973232678135,1,4.206900000099267,4.206900000099267,4.206900000099267,4.206900000099267,4.206900000099267,0.0014023000000330892,0,0.0,0
final_operational,lucas,pcafeter_ch01_seg03,PCAFETER,-5,wiener_low_energy_offline,stft_wiener,offline_file,-4.999999866344697,-2.5296738181031038,2.4703260482415934,-4.980430143630113,-4.019975147867886,0.9604549957622277,1,4.580100000566745,4.580100000566745,4.580100000566745,4.580100000566745,4.580100000566745,0.0015267000001889148,0,0.0,0
final_operational,lucas,pcafeter_ch01_seg03,PCAFETER,-5,wiener_adaptive_causal,stft_wiener,causal_blocks,-4.999999866344697,-3.5812107447240953,1.418789121620602,-4.980430143630113,-4.235408830709864,0.7450213129202492,150,1.2035253333488072,1.798284999995303,2.4623980002161217,2.9416999996101367,180.52880000232108,0.06017626666744036,60900,0.16666666666666666,13
final_operational,lucas,pcafeter_ch01_seg03,PCAFETER,0,bypass,baseline,causal_blocks,1.5118185348371294e-07,1.5118185348371294e-07,0.0,0.011165316192740934,0.011165316192740934,0.0,150,0.02107999998164208,0.022575000230062862,0.031608000053893186,0.04659999922296265,3.161999997246312,0.001053999999082104,57952,0.0,0
final_operational,lucas,pcafeter_ch01_seg03,PCAFETER,0,subtraction_initial_legacy,stft_subtraction,offline_file,1.5118185348371294e-07,4.530684856959018,4.530684705777165,0.011165316192740934,2.852048570189845,2.840883253997104,1,7.851899999877787,7.851899999877787,7.851899999877787,7.851899999877787,7.851899999877787,0.0026172999999592625,0,0.0,0
final_operational,lucas,pcafeter_ch01_seg03,PCAFETER,0,subtraction_low_energy_offline,stft_subtraction,offline_file,1.5118185348371294e-07,4.522967947328169,4.5229677961463155,0.011165316192740934,2.78123537986138,2.770070063668639,1,7.501400000364811,7.501400000364811,7.501400000364811,7.501400000364811,7.501400000364811,0.0025004666667882702,0,0.0,0
final_operational,lucas,pcafeter_ch01_seg03,PCAFETER,0,subtraction_calibration_causal,stft_subtraction,causal_blocks,1.5118185348371294e-07,4.161580030350167,4.161579879168313,0.011165316192740934,2.0611156069826864,2.0499502907899454,150,0.6091146666403802,0.9556300002714121,1.5448950001791601,3.2478000002811314,91.36719999605702,0.030455733332019008,60900,0.0,13
final_operational,lucas,pcafeter_ch01_seg03,PCAFETER,0,subtraction_adaptive_causal,stft_subtraction,causal_blocks,1.5118185348371294e-07,3.6558249426314955,3.655824791449642,0.011165316192740934,2.1177596025463528,2.106594286353612,150,1.3420086666640902,1.947080000036294,2.2344640000483196,2.446800000143412,201.30129999961355,0.06710043333320452,60900,0.3,13
final_operational,lucas,pcafeter_ch01_seg03,PCAFETER,0,wiener_initial_legacy,stft_wiener,offline_file,1.5118185348371294e-07,3.081489208451243,3.081489057269389,0.011165316192740934,2.285907239373692,2.274741923180951,1,6.6053000000465545,6.6053000000465545,6.6053000000465545,6.6053000000465545,6.6053000000465545,0.0022017666666821847,0,0.0,0
final_operational,lucas,pcafeter_ch01_seg03,PCAFETER,0,wiener_low_energy_offline,stft_wiener,offline_file,1.5118185348371294e-07,2.3864411457302754,2.3864409945484217,0.011165316192740934,1.7460059008987747,1.7348405847060338,1,8.091599999715982,8.091599999715982,8.091599999715982,8.091599999715982,8.091599999715982,0.0026971999999053273,0,0.0,0
final_operational,lucas,pcafeter_ch01_seg03,PCAFETER,0,wiener_adaptive_causal,stft_wiener,causal_blocks,1.5118185348371294e-07,1.388542138362049,1.3885419871801956,0.011165316192740934,1.0565250695933948,1.0453597534006538,150,1.2563860000288212,1.7204750005021188,2.4360600000181862,3.233899999941059,188.45790000432316,0.06281930000144105,60900,0.3,13
final_operational,lucas,pcafeter_ch01_seg03,PCAFETER,5,bypass,baseline,causal_blocks,5.000000294948036,5.000000294948036,0.0,5.006435651668124,5.006435651668124,0.0,150,0.020869333335819345,0.022149999540488335,0.029863999980079766,0.04340000032243552,3.1304000003729016,0.0010434666667909671,57952,0.0,0
final_operational,lucas,pcafeter_ch01_seg03,PCAFETER,5,subtraction_initial_legacy,stft_subtraction,offline_file,5.000000294948036,8.960561472633211,3.9605611776851752,5.006435651668124,8.435265394177756,3.428829742509633,1,7.533399999374524,7.533399999374524,7.533399999374524,7.533399999374524,7.533399999374524,0.002511133333124841,0,0.0,0
final_operational,lucas,pcafeter_ch01_seg03,PCAFETER,5,subtraction_low_energy_offline,stft_subtraction,offline_file,5.000000294948036,9.063128954857994,4.0631286599099585,5.006435651668124,8.582196501986637,3.575760850318513,1,7.93950000024779,7.93950000024779,7.93950000024779,7.93950000024779,7.93950000024779,0.0026465000000825967,0,0.0,0
final_operational,lucas,pcafeter_ch01_seg03,PCAFETER,5,subtraction_calibration_causal,stft_subtraction,causal_blocks,5.000000294948036,8.051561636453814,3.051561341505778,5.006435651668124,7.784660823732924,2.7782251720648006,150,0.47795733333866036,0.5768350002654187,0.8284369998000325,1.0525999996389146,71.69360000079905,0.023897866666933016,60900,0.0,13
final_operational,lucas,pcafeter_ch01_seg03,PCAFETER,5,subtraction_adaptive_causal,stft_subtraction,causal_blocks,5.000000294948036,8.214730087954571,3.2147297930065353,5.006435651668124,7.519311479019838,2.5128758273517144,150,1.3379913333543907,1.8698150003729095,2.4769199999536746,9.29340000038792,200.6987000031586,0.06689956666771953,60900,0.37333333333333335,13
final_operational,lucas,pcafeter_ch01_seg03,PCAFETER,5,wiener_initial_legacy,stft_wiener,offline_file,5.000000294948036,7.995163757478231,2.9951634625301953,5.006435651668124,7.643806317348313,2.637370665680189,1,4.232300000694522,4.232300000694522,4.232300000694522,4.232300000694522,4.232300000694522,0.001410766666898174,0,0.0,0
final_operational,lucas,pcafeter_ch01_seg03,PCAFETER,5,wiener_low_energy_offline,stft_wiener,offline_file,5.000000294948036,7.337803624645348,2.337803329697312,5.006435651668124,7.076375619348777,2.0699399676806536,1,4.282799999600684,4.282799999600684,4.282799999600684,4.282799999600684,4.282799999600684,0.0014275999998668947,0,0.0,0
final_operational,lucas,pcafeter_ch01_seg03,PCAFETER,5,wiener_adaptive_causal,stft_wiener,causal_blocks,5.000000294948036,6.344256644604381,1.3442563496563453,5.006435651668124,6.186555995614568,1.1801203439464443,150,1.3445506666903384,2.0226599996931314,4.390618999886984,10.433200000079523,201.68260000355076,0.06722753333451692,60900,0.37333333333333335,13
final_operational,lucas,pcafeter_ch01_seg03,PCAFETER,10,bypass,baseline,causal_blocks,10.000000266938489,10.000000266938489,0.0,10.003774732045246,10.003774732045246,0.0,150,0.020859999937480705,0.021755000125267543,0.029118000120433845,0.04290000015316764,3.1289999906221055,0.0010429999968740351,57952,0.0,0
final_operational,lucas,pcafeter_ch01_seg03,PCAFETER,10,subtraction_initial_legacy,stft_subtraction,offline_file,10.000000266938489,13.242131215886875,3.242130948948386,10.003774732045246,13.420747009166316,3.4169722771210704,1,7.945700000163924,7.945700000163924,7.945700000163924,7.945700000163924,7.945700000163924,0.002648566666721308,0,0.0,0
final_operational,lucas,pcafeter_ch01_seg03,PCAFETER,10,subtraction_low_energy_offline,stft_subtraction,offline_file,10.000000266938489,13.499004714037442,3.4990044470989528,10.003774732045246,13.709760786126605,3.705986054081359,1,7.795299999997951,7.795299999997951,7.795299999997951,7.795299999997951,7.795299999997951,0.0025984333333326504,0,0.0,0
final_operational,lucas,pcafeter_ch01_seg03,PCAFETER,10,subtraction_calibration_causal,stft_subtraction,causal_blocks,10.000000266938489,11.840247075939468,1.8402468090009787,10.003774732045246,12.496036727775834,2.4922619957305887,150,0.47492600003655144,0.5816400002913724,0.7596709999597806,0.8856000004016096,71.23890000548272,0.023746300001827574,60900,0.0,13
final_operational,lucas,pcafeter_ch01_seg03,PCAFETER,10,subtraction_adaptive_causal,stft_subtraction,causal_blocks,10.000000266938489,12.755218693715086,2.7552184267765973,10.003774732045246,12.60490327536756,2.6011285433223144,150,1.2813279999681981,1.763884999809306,1.8414430003213054,2.0818999992116005,192.19919999522972,0.0640663999984099,60900,0.4066666666666667,13
final_operational,lucas,pcafeter_ch01_seg03,PCAFETER,10,wiener_initial_legacy,stft_wiener,offline_file,10.000000266938489,12.89557773964481,2.8955774727063215,10.003774732045246,12.73401671140429,2.730241979359045,1,4.418499999701453,4.418499999701453,4.418499999701453,4.418499999701453,4.418499999701453,0.0014728333332338177,0,0.0,0
final_operational,lucas,pcafeter_ch01_seg03,PCAFETER,10,wiener_low_energy_offline,stft_wiener,offline_file,10.000000266938489,12.284595714461409,2.2845954475229195,10.003774732045246,12.176846478412369,2.173071746367123,1,4.15659999998752,4.15659999998752,4.15659999998752,4.15659999998752,4.15659999998752,0.0013855333333291735,0,0.0,0
final_operational,lucas,pcafeter_ch01_seg03,PCAFETER,10,wiener_adaptive_causal,stft_wiener,causal_blocks,10.000000266938489,11.32121902863609,1.321218761697601,10.003774732045246,11.25121833866826,1.2474436066230137,150,1.2442666666902369,1.9560899998850798,2.6584379993710154,2.8050000000803266,186.64000000353553,0.062213333334511844,60900,0.4066666666666667,13
final_operational,lucas,straffic_ch01_seg01,STRAFFIC,-5,bypass,baseline,causal_blocks,-5.000000234775345,-5.000000234775345,0.0,-4.93968320816847,-4.93968320816847,0.0,150,0.021555333320672315,0.02967000032185749,0.04024600005323005,0.049000000217347406,3.233299998100847,0.0010777666660336156,57952,0.0,0
final_operational,lucas,straffic_ch01_seg01,STRAFFIC,-5,subtraction_initial_legacy,stft_subtraction,offline_file,-5.000000234775345,0.4482473691317093,5.448247603907054,-4.93968320816847,-0.36344337913060293,4.576239829037867,1,8.716700000150013,8.716700000150013,8.716700000150013,8.716700000150013,8.716700000150013,0.002905566666716671,0,0.0,0
final_operational,lucas,straffic_ch01_seg01,STRAFFIC,-5,subtraction_low_energy_offline,stft_subtraction,offline_file,-5.000000234775345,0.4730092201531574,5.473009454928502,-4.93968320816847,-0.9042395461995932,4.035443661968876,1,8.753799999794865,8.753799999794865,8.753799999794865,8.753799999794865,8.753799999794865,0.002917933333264955,0,0.0,0
final_operational,lucas,straffic_ch01_seg01,STRAFFIC,-5,subtraction_calibration_causal,stft_subtraction,causal_blocks,-5.000000234775345,1.8588503194272363,6.858850554202581,-4.93968320816847,0.6702633652917571,5.609946573460227,150,0.5299766666515401,0.7993649993750295,1.1329210000167194,2.052699999694596,79.49649999773101,0.026498833332577004,60900,0.0,13
final_operational,lucas,straffic_ch01_seg01,STRAFFIC,-5,subtraction_adaptive_causal,stft_subtraction,causal_blocks,-5.000000234775345,-0.26198240973912046,4.738017825036224,-4.93968320816847,-1.1655235344405375,3.774159673727932,150,1.3199153332728504,1.7896600005315122,2.2992279999198213,7.912199999736913,197.98729999092757,0.06599576666364253,60900,0.38666666666666666,13
final_operational,lucas,straffic_ch01_seg01,STRAFFIC,-5,wiener_initial_legacy,stft_wiener,offline_file,-5.000000234775345,-2.412017683356114,2.587982551419231,-4.93968320816847,-2.5613285190074464,2.378354689161023,1,5.744199999753619,5.744199999753619,5.744199999753619,5.744199999753619,5.744199999753619,0.0019147333332512062,0,0.0,0
final_operational,lucas,straffic_ch01_seg01,STRAFFIC,-5,wiener_low_energy_offline,stft_wiener,offline_file,-5.000000234775345,-3.1733203866749617,1.8266798481003832,-4.93968320816847,-3.5061065826522637,1.433576625516206,1,4.264000000148371,4.264000000148371,4.264000000148371,4.264000000148371,4.264000000148371,0.0014213333333827904,0,0.0,0
final_operational,lucas,straffic_ch01_seg01,STRAFFIC,-5,wiener_adaptive_causal,stft_wiener,causal_blocks,-5.000000234775345,-3.6169455038779867,1.3830547308973582,-4.93968320816847,-3.7144675608867166,1.225215647281753,150,1.3648073333085147,2.0341250002275038,5.9636409998620366,6.87000000016269,204.7210999962772,0.06824036666542573,60900,0.38666666666666666,13
final_operational,lucas,straffic_ch01_seg01,STRAFFIC,0,bypass,baseline,causal_blocks,-2.533296896570296e-07,-2.533296896570296e-07,0.0,0.03400272798717228,0.03400272798717228,0.0,150,0.020686666690986993,0.021599999854515772,0.027016000040021013,0.041900000724126585,3.1030000036480487,0.0010343333345493495,57952,0.0,0
final_operational,lucas,straffic_ch01_seg01,STRAFFIC,0,subtraction_initial_legacy,stft_subtraction,offline_file,-2.533296896570296e-07,5.388662864549529,5.388663117879219,0.03400272798717228,4.868053672878368,4.834050944891196,1,8.773799999289622,8.773799999289622,8.773799999289622,8.773799999289622,8.773799999289622,0.0029245999997632075,0,0.0,0
final_operational,lucas,straffic_ch01_seg01,STRAFFIC,0,subtraction_low_energy_offline,stft_subtraction,offline_file,-2.533296896570296e-07,5.470640663838598,5.4706409171682875,0.03400272798717228,4.69684421693572,4.662841488948548,1,7.816700000148558,7.816700000148558,7.816700000148558,7.816700000148558,7.816700000148558,0.002605566666716186,0,0.0,0
final_operational,lucas,straffic_ch01_seg01,STRAFFIC,0,subtraction_calibration_causal,stft_subtraction,causal_blocks,-2.533296896570296e-07,6.592720172913564,6.592720426243254,0.03400272798717228,5.891335453102564,5.857332725115392,150,0.47204199993454193,0.5870199998298629,0.7938460003333603,0.9633999998186482,70.80629999018129,0.023602099996727095,60900,0.0,13
final_operational,lucas,straffic_ch01_seg01,STRAFFIC,0,subtraction_adaptive_causal,stft_subtraction,causal_blocks,-2.533296896570296e-07,4.63346589158879,4.633466144918479,0.03400272798717228,4.075267094808343,4.041264366821171,150,1.266987333316744,1.7138150000391759,1.985380000032819,2.0956000007572584,190.0480999975116,0.0633493666658372,60900,0.4066666666666667,13
final_operational,lucas,straffic_ch01_seg01,STRAFFIC,0,wiener_initial_legacy,stft_wiener,offline_file,-2.533296896570296e-07,2.600741395886068,2.600741649215758,0.03400272798717228,2.503990271737471,2.4699875437502987,1,4.515399999945657,4.515399999945657,4.515399999945657,4.515399999945657,4.515399999945657,0.001505133333315219,0,0.0,0
final_operational,lucas,straffic_ch01_seg01,STRAFFIC,0,wiener_low_energy_offline,stft_wiener,offline_file,-2.533296896570296e-07,1.9082025198066144,1.908202773136304,0.03400272798717228,1.7518205277859398,1.7178177997987676,1,4.238600000462611,4.238600000462611,4.238600000462611,4.238600000462611,4.238600000462611,0.0014128666668208705,0,0.0,0
final_operational,lucas,straffic_ch01_seg01,STRAFFIC,0,wiener_adaptive_causal,stft_wiener,causal_blocks,-2.533296896570296e-07,1.3715899047693412,1.3715901580990308,0.03400272798717228,1.317692623282941,1.2836898952957687,150,1.2057299999893683,1.8444649996581557,2.3669180003889747,2.6211000003968365,180.85949999840523,0.06028649999946841,60900,0.4066666666666667,13
final_operational,lucas,straffic_ch01_seg01,STRAFFIC,5,bypass,baseline,causal_blocks,4.99999966037397,4.99999966037397,0.0,5.019170059288149,5.019170059288149,0.0,150,0.0420506666705478,0.05927500005782348,0.3156270000181392,0.3420000002734014,6.30760000058217,0.00210253333352739,57952,0.0,0
final_operational,lucas,straffic_ch01_seg01,STRAFFIC,5,subtraction_initial_legacy,stft_subtraction,offline_file,4.99999966037397,10.262269218802011,5.2622695584280414,5.019170059288149,9.941067225299054,4.921897166010905,1,7.592200000544835,7.592200000544835,7.592200000544835,7.592200000544835,7.592200000544835,0.002530733333514945,0,0.0,0
final_operational,lucas,straffic_ch01_seg01,STRAFFIC,5,subtraction_low_energy_offline,stft_subtraction,offline_file,4.99999966037397,10.43096879490438,5.430969134530411,5.019170059288149,10.0573216944788,5.03815163519065,1,7.754199999908451,7.754199999908451,7.754199999908451,7.754199999908451,7.754199999908451,0.002584733333302817,0,0.0,0
final_operational,lucas,straffic_ch01_seg01,STRAFFIC,5,subtraction_calibration_causal,stft_subtraction,causal_blocks,4.99999966037397,11.083405295675862,6.083405635301892,5.019170059288149,10.734293689295662,5.715123630007512,150,0.6917986666788541,1.04428500017093,1.4999210001587908,1.640600000428094,103.76980000182812,0.0345899333339427,60900,0.0,13
final_operational,lucas,straffic_ch01_seg01,STRAFFIC,5,subtraction_adaptive_causal,stft_subtraction,causal_blocks,4.99999966037397,9.49570464167267,4.495704981298701,5.019170059288149,9.180168667869083,4.160998608580933,150,1.3014453333016718,1.9287700005406796,2.603945999835557,2.8872000002593268,195.21679999525077,0.06507226666508359,60900,0.41333333333333333,13
final_operational,lucas,straffic_ch01_seg01,STRAFFIC,5,wiener_initial_legacy,stft_wiener,offline_file,4.99999966037397,7.621937179870464,2.6219375194964947,5.019170059288149,7.542353370962145,2.5231833116739955,1,11.590999999498308,11.590999999498308,11.590999999498308,11.590999999498308,11.590999999498308,0.003863666666499436,0,0.0,0
final_operational,lucas,straffic_ch01_seg01,STRAFFIC,5,wiener_low_energy_offline,stft_wiener,offline_file,4.99999966037397,6.98718733155734,1.9871876711833707,5.019170059288149,6.909294375903857,1.890124316615708,1,4.512399999839545,4.512399999839545,4.512399999839545,4.512399999839545,4.512399999839545,0.0015041333332798483,0,0.0,0
final_operational,lucas,straffic_ch01_seg01,STRAFFIC,5,wiener_adaptive_causal,stft_wiener,causal_blocks,4.99999966037397,6.3451438755472935,1.345144215173324,5.019170059288149,6.3160645067011725,1.296894447413023,150,1.283391333314891,1.7825450000600527,2.772867000066973,14.046899999812013,192.50869999723363,0.06416956666574454,60900,0.41333333333333333,13
final_operational,lucas,straffic_ch01_seg01,STRAFFIC,10,bypass,baseline,causal_blocks,9.99999968286709,9.99999968286709,0.0,10.010817985139152,10.010817985139152,0.0,150,0.021082666711057147,0.022874999376654152,0.03880000046592604,0.053200000365905,3.1624000066585722,0.0010541333355528575,57952,0.0,0
final_operational,lucas,straffic_ch01_seg01,STRAFFIC,10,subtraction_initial_legacy,stft_subtraction,offline_file,9.99999968286709,14.912957904412137,4.912958221545047,10.010817985139152,14.777125576597388,4.7663075914582365,1,7.606899999700545,7.606899999700545,7.606899999700545,7.606899999700545,7.606899999700545,0.002535633333233515,0,0.0,0
final_operational,lucas,straffic_ch01_seg01,STRAFFIC,10,subtraction_low_energy_offline,stft_subtraction,offline_file,9.99999968286709,15.55732486960557,5.557325186738479,10.010817985139152,15.450209607904085,5.4393916227649335,1,7.979200000590936,7.979200000590936,7.979200000590936,7.979200000590936,7.979200000590936,0.002659733333530312,0,0.0,0
final_operational,lucas,straffic_ch01_seg01,STRAFFIC,10,subtraction_calibration_causal,stft_subtraction,causal_blocks,9.99999968286709,14.971139045191373,4.971139362324283,10.010817985139152,14.922739443627005,4.911921458487853,150,0.5353620000096271,0.9005399999750806,1.1445789995923394,1.7363999995723134,80.30430000144406,0.026768100000481354,60900,0.0,13
final_operational,lucas,straffic_ch01_seg01,STRAFFIC,10,subtraction_adaptive_causal,stft_subtraction,causal_blocks,9.99999968286709,14.35314866209995,4.353148979232861,10.010817985139152,14.198876162786716,4.188058177647564,150,1.486246666675773,2.3213949999444594,4.562049999813068,12.024099999507598,222.93700000136596,0.07431233333378866,60900,0.46,13
final_operational,lucas,straffic_ch01_seg01,STRAFFIC,10,wiener_initial_legacy,stft_wiener,offline_file,9.99999968286709,12.643616787378757,2.6436171045116676,10.010817985139152,12.572791222061838,2.561973236922686,1,6.996800000706571,6.996800000706571,6.996800000706571,6.996800000706571,6.996800000706571,0.0023322666669021905,0,0.0,0
final_operational,lucas,straffic_ch01_seg01,STRAFFIC,10,wiener_low_energy_offline,stft_wiener,offline_file,9.99999968286709,12.176254221719065,2.1762545388519747,10.010817985139152,12.147278173797908,2.1364601886587558,1,6.392700000105833,6.392700000105833,6.392700000105833,6.392700000105833,6.392700000105833,0.0021309000000352776,0,0.0,0
final_operational,lucas,straffic_ch01_seg01,STRAFFIC,10,wiener_adaptive_causal,stft_wiener,causal_blocks,9.99999968286709,11.337585434466481,1.3375857515993914,10.010817985139152,11.321489069976106,1.3106710848369545,150,1.2483000000429456,1.9301399997402768,2.1024570000736253,2.5592000001779525,187.24500000644184,0.06241500000214728,60900,0.46,13
final_operational,lucas,straffic_ch01_seg02,STRAFFIC,-5,bypass,baseline,causal_blocks,-5.0000000017316335,-5.0000000017316335,0.0,-4.8996672697784085,-4.8996672697784085,0.0,150,0.022106000002774333,0.0265500003024499,0.04175500049313995,0.16010000035748817,3.31590000041615,0.0011053000001387165,57952,0.0,0
final_operational,lucas,straffic_ch01_seg02,STRAFFIC,-5,subtraction_initial_legacy,stft_subtraction,offline_file,-5.0000000017316335,0.8103797284488463,5.81037973018048,-4.8996672697784085,-0.7455007298802451,4.1541665398981635,1,7.413700000142853,7.413700000142853,7.413700000142853,7.413700000142853,7.413700000142853,0.002471233333380951,0,0.0,0
final_operational,lucas,straffic_ch01_seg02,STRAFFIC,-5,subtraction_low_energy_offline,stft_subtraction,offline_file,-5.0000000017316335,1.8728202550171156,6.872820256748749,-4.8996672697784085,-0.9815702242027126,3.918097045575696,1,7.934399999612651,7.934399999612651,7.934399999612651,7.934399999612651,7.934399999612651,0.0026447999998708838,0,0.0,0
final_operational,lucas,straffic_ch01_seg02,STRAFFIC,-5,subtraction_calibration_causal,stft_subtraction,causal_blocks,-5.0000000017316335,-0.31450494579978583,4.685495055931848,-4.8996672697784085,-2.71641830891517,2.1832489608632386,150,0.6261673333210638,1.3264649993288904,1.6845850000572673,2.1745000003647874,93.92509999815957,0.03130836666605319,60900,0.0,13
final_operational,lucas,straffic_ch01_seg02,STRAFFIC,-5,subtraction_adaptive_causal,stft_subtraction,causal_blocks,-5.0000000017316335,0.18924903049193417,5.189249032223568,-4.8996672697784085,-2.2326460753582102,2.6670211944201982,150,1.302993333320046,1.7506950001461514,2.0821859994612155,3.4838999999919906,195.4489999980069,0.0651496666660023,60900,0.06666666666666667,13
final_operational,lucas,straffic_ch01_seg02,STRAFFIC,-5,wiener_initial_legacy,stft_wiener,offline_file,-5.0000000017316335,-1.0916486597120012,3.9083513420196323,-4.8996672697784085,-1.5974615047159633,3.3022057650624452,1,10.49689999945258,10.49689999945258,10.49689999945258,10.49689999945258,10.49689999945258,0.0034989666664841934,0,0.0,0
final_operational,lucas,straffic_ch01_seg02,STRAFFIC,-5,wiener_low_energy_offline,stft_wiener,offline_file,-5.0000000017316335,-1.7469727865188016,3.253027215212832,-4.8996672697784085,-2.7964223814586946,2.103244888319714,1,4.161199999543896,4.161199999543896,4.161199999543896,4.161199999543896,4.161199999543896,0.001387066666514632,0,0.0,0
final_operational,lucas,straffic_ch01_seg02,STRAFFIC,-5,wiener_adaptive_causal,stft_wiener,causal_blocks,-5.0000000017316335,-2.4659730997935285,2.534026901938105,-4.8996672697784085,-3.073460504845839,1.8262067649325693,150,1.3239440000143077,1.9560049999654436,3.9455449999149783,10.701899999730813,198.59160000214615,0.06619720000071538,60900,0.06666666666666667,13
final_operational,lucas,straffic_ch01_seg02,STRAFFIC,0,bypass,baseline,causal_blocks,-1.8519578529266418e-07,-1.8519578529266418e-07,0.0,0.056647232871159726,0.056647232871159726,0.0,150,0.021249999990686774,0.023105000036593975,0.03730900003574774,0.08340000022144523,3.187499998603016,0.0010624999995343387,57952,0.0,0
final_operational,lucas,straffic_ch01_seg02,STRAFFIC,0,subtraction_initial_legacy,stft_subtraction,offline_file,-1.8519578529266418e-07,5.41942805049349,5.419428235689275,0.056647232871159726,4.461533179546286,4.404885946675126,1,10.339099999328027,10.339099999328027,10.339099999328027,10.339099999328027,10.339099999328027,0.003446366666442676,0,0.0,0
final_operational,lucas,straffic_ch01_seg02,STRAFFIC,0,subtraction_low_energy_offline,stft_subtraction,offline_file,-1.8519578529266418e-07,5.96778088454898,5.967781069744765,0.056647232871159726,4.7061242015786,4.64947696870744,1,8.340800000041781,8.340800000041781,8.340800000041781,8.340800000041781,8.340800000041781,0.002780266666680594,0,0.0,0
final_operational,lucas,straffic_ch01_seg02,STRAFFIC,0,subtraction_calibration_causal,stft_subtraction,causal_blocks,-1.8519578529266418e-07,4.090044129054149,4.090044314249934,0.056647232871159726,2.634078559922715,2.5774313270515554,150,0.5296146666599574,0.8871199996065104,1.1588749999918944,1.321000000643835,79.4421999989936,0.026480733332997868,60900,0.0,13
final_operational,lucas,straffic_ch01_seg02,STRAFFIC,0,subtraction_adaptive_causal,stft_subtraction,causal_blocks,-1.8519578529266418e-07,4.490984433705688,4.490984618901473,0.056647232871159726,3.0652291130135536,3.008581880142394,150,1.3230000000051707,1.932700000043041,2.3014419996525235,2.5186000002577202,198.45000000077562,0.06615000000025854,60900,0.15333333333333332,13
final_operational,lucas,straffic_ch01_seg02,STRAFFIC,0,wiener_initial_legacy,stft_wiener,offline_file,-1.8519578529266418e-07,3.812850545523248,3.8128507307190334,0.056647232871159726,3.4898315266442923,3.4331842937731327,1,5.060899999989488,5.060899999989488,5.060899999989488,5.060899999989488,5.060899999989488,0.0016869666666631626,0,0.0,0
final_operational,lucas,straffic_ch01_seg02,STRAFFIC,0,wiener_low_energy_offline,stft_wiener,offline_file,-1.8519578529266418e-07,3.1237379724489096,3.123738157644695,0.056647232871159726,2.6001945964874364,2.543547363616277,1,5.772299999989627,5.772299999989627,5.772299999989627,5.772299999989627,5.772299999989627,0.0019240999999965425,0,0.0,0
final_operational,lucas,straffic_ch01_seg02,STRAFFIC,0,wiener_adaptive_causal,stft_wiener,causal_blocks,-1.8519578529266418e-07,2.394739251397758,2.3947394365935435,0.056647232871159726,2.008912027802526,1.9522647949313663,150,1.2095880000379111,1.8000700001266503,2.0908910003163315,2.172900000005029,181.43820000568667,0.060479400001895556,60900,0.15333333333333332,13
final_operational,lucas,straffic_ch01_seg02,STRAFFIC,5,bypass,baseline,causal_blocks,4.999999794448364,4.999999794448364,0.0,5.031984292530366,5.031984292530366,0.0,150,0.020839999979216373,0.02181000004384259,0.02811799978189809,0.039399999877787195,3.125999996882456,0.0010419999989608186,57952,0.0,0
final_operational,lucas,straffic_ch01_seg02,STRAFFIC,5,subtraction_initial_legacy,stft_subtraction,offline_file,4.999999794448364,9.813790565292285,4.813790770843921,5.031984292530366,9.339573226095192,4.307588933564826,1,8.108500000162167,8.108500000162167,8.108500000162167,8.108500000162167,8.108500000162167,0.002702833333387389,0,0.0,0
final_operational,lucas,straffic_ch01_seg02,STRAFFIC,5,subtraction_low_energy_offline,stft_subtraction,offline_file,4.999999794448364,9.7988101529408,4.798810358492435,5.031984292530366,9.481504323622541,4.449520031092176,1,7.477799999833223,7.477799999833223,7.477799999833223,7.477799999833223,7.477799999833223,0.002492599999944408,0,0.0,0
final_operational,lucas,straffic_ch01_seg02,STRAFFIC,5,subtraction_calibration_causal,stft_subtraction,causal_blocks,4.999999794448364,8.228677809326605,3.2286780148782412,5.031984292530366,7.524674771385467,2.492690478855101,150,0.5548813333492338,0.9577150000950491,1.5562689998387185,1.9267999996372964,83.23220000238507,0.02774406666746169,60900,0.0,13
final_operational,lucas,straffic_ch01_seg02,STRAFFIC,5,subtraction_adaptive_causal,stft_subtraction,causal_blocks,4.999999794448364,8.61646114982397,3.6164613553756055,5.031984292530366,7.974409197430604,2.9424249049002382,150,1.2810940000175226,1.7510050005057554,2.2128829999201103,3.0247999993662233,192.1641000026284,0.06405470000087614,60900,0.25333333333333335,13
final_operational,lucas,straffic_ch01_seg02,STRAFFIC,5,wiener_initial_legacy,stft_wiener,offline_file,4.999999794448364,8.700272202175029,3.700272407726665,5.031984292530366,8.497926254901087,3.465941962370721,1,4.226699999890116,4.226699999890116,4.226699999890116,4.226699999890116,4.226699999890116,0.0014088999999633718,0,0.0,0
final_operational,lucas,straffic_ch01_seg02,STRAFFIC,5,wiener_low_energy_offline,stft_wiener,offline_file,4.999999794448364,7.886063586242045,2.8860637917936813,5.031984292530366,7.631497305982804,2.5995130134524382,1,4.284600000573846,4.284600000573846,4.284600000573846,4.284600000573846,4.284600000573846,0.001428200000191282,0,0.0,0
final_operational,lucas,straffic_ch01_seg02,STRAFFIC,5,wiener_adaptive_causal,stft_wiener,causal_blocks,4.999999794448364,7.201038360510507,2.2010385660621434,5.031984292530366,6.994948429393712,1.962964136863346,150,1.3543099999697006,1.9546649993571907,8.172490999895672,9.151700000074925,203.1464999954551,0.06771549999848503,60900,0.25333333333333335,13
final_operational,lucas,straffic_ch01_seg02,STRAFFIC,10,bypass,baseline,causal_blocks,9.999999804375868,9.999999804375868,0.0,10.01808449707659,10.01808449707659,0.0,150,0.020772666630364256,0.021554999921136186,0.02785999977277237,0.04939999962516595,3.1158999945546384,0.0010386333315182128,57952,0.0,0
final_operational,lucas,straffic_ch01_seg02,STRAFFIC,10,subtraction_initial_legacy,stft_subtraction,offline_file,9.999999804375868,14.022422507458055,4.022422703082187,10.01808449707659,13.948678895660425,3.9305943985838354,1,9.878699999717355,9.878699999717355,9.878699999717355,9.878699999717355,9.878699999717355,0.003292899999905785,0,0.0,0
final_operational,lucas,straffic_ch01_seg02,STRAFFIC,10,subtraction_low_energy_offline,stft_subtraction,offline_file,9.999999804375868,13.791183060515635,3.7911832561397674,10.01808449707659,14.012949108583612,3.9948646115070225,1,7.873300000028394,7.873300000028394,7.873300000028394,7.873300000028394,7.873300000028394,0.002624433333342798,0,0.0,0
final_operational,lucas,straffic_ch01_seg02,STRAFFIC,10,subtraction_calibration_causal,stft_subtraction,causal_blocks,9.999999804375868,12.043384733458202,2.0433849290823343,10.01808449707659,11.889643463336501,1.8715589662599115,150,0.5643720000261965,0.9666750003816549,1.6553269998166757,2.786700000797282,84.65580000392947,0.028218600001309824,60900,0.0,13
final_operational,lucas,straffic_ch01_seg02,STRAFFIC,10,subtraction_adaptive_causal,stft_subtraction,causal_blocks,9.999999804375868,12.674815569426862,2.674815765050994,10.01808449707659,12.543523169966331,2.5254386728897416,150,1.314967999945414,1.9114300002911473,2.2823529998277072,2.6649999999790452,197.24519999181211,0.06574839999727071,60900,0.34,13
final_operational,lucas,straffic_ch01_seg02,STRAFFIC,10,wiener_initial_legacy,stft_wiener,offline_file,9.999999804375868,13.665670809661085,3.6656710052852173,10.01808449707659,13.54875721610468,3.5306727190280895,1,4.198200000246288,4.198200000246288,4.198200000246288,4.198200000246288,4.198200000246288,0.001399400000082096,0,0.0,0
final_operational,lucas,straffic_ch01_seg02,STRAFFIC,10,wiener_low_energy_offline,stft_wiener,offline_file,9.999999804375868,12.73411176989923,2.734111965523361,10.01808449707659,12.626517598484012,2.6084331014074227,1,4.211899999972957,4.211899999972957,4.211899999972957,4.211899999972957,4.211899999972957,0.0014039666666576522,0,0.0,0
final_operational,lucas,straffic_ch01_seg02,STRAFFIC,10,wiener_adaptive_causal,stft_wiener,causal_blocks,9.999999804375868,11.993333859613887,1.9933340552380194,10.01808449707659,11.899353565753813,1.8812690686772235,150,1.1921893332995144,1.734975000181293,2.1775720004643513,2.8707999999824096,178.82839999492717,0.05960946666497572,60900,0.34,13
final_operational,lucas,straffic_ch01_seg03,STRAFFIC,-5,bypass,baseline,causal_blocks,-4.999999819595546,-4.999999819595546,0.0,-5.190400104614428,-5.190400104614428,0.0,150,0.021021333347259013,0.0229300002047239,0.03157299967824654,0.04330000047048088,3.1532000020888518,0.0010510666673629505,57952,0.0,0
final_operational,lucas,straffic_ch01_seg03,STRAFFIC,-5,subtraction_initial_legacy,stft_subtraction,offline_file,-4.999999819595546,1.9292203680638056,6.929220187659352,-5.190400104614428,-0.3374181574981313,4.852981947116296,1,7.578100000500854,7.578100000500854,7.578100000500854,7.578100000500854,7.578100000500854,0.0025260333335002847,0,0.0,0
final_operational,lucas,straffic_ch01_seg03,STRAFFIC,-5,subtraction_low_energy_offline,stft_subtraction,offline_file,-4.999999819595546,2.4109396947132753,7.410939514308821,-5.190400104614428,-0.4728265088423489,4.717573595772079,1,7.556599999588798,7.556599999588798,7.556599999588798,7.556599999588798,7.556599999588798,0.002518866666529599,0,0.0,0
final_operational,lucas,straffic_ch01_seg03,STRAFFIC,-5,subtraction_calibration_causal,stft_subtraction,causal_blocks,-4.999999819595546,2.265986514186378,7.265986333781925,-5.190400104614428,-0.8293826400369003,4.361017464577527,150,0.5199480000010226,0.788025000156267,1.2804939997658937,1.407600000675302,77.99220000015339,0.02599740000005113,60900,0.0,13
final_operational,lucas,straffic_ch01_seg03,STRAFFIC,-5,subtraction_adaptive_causal,stft_subtraction,causal_blocks,-4.999999819595546,0.7273859913714484,5.727385810966995,-5.190400104614428,-1.7546151397604592,3.4357849648539682,150,1.3367559999702887,1.9189800000731334,2.309988000242809,2.902699999140168,200.5133999955433,0.06683779999851443,60900,0.11333333333333333,13
final_operational,lucas,straffic_ch01_seg03,STRAFFIC,-5,wiener_initial_legacy,stft_wiener,offline_file,-4.999999819595546,-0.7794689480583412,4.220530871537205,-5.190400104614428,-1.799678310509609,3.3907217941048184,1,4.200599999421684,4.200599999421684,4.200599999421684,4.200599999421684,4.200599999421684,0.0014001999998072279,0,0.0,0
final_operational,lucas,straffic_ch01_seg03,STRAFFIC,-5,wiener_low_energy_offline,stft_wiener,offline_file,-4.999999819595546,-1.401333420160178,3.598666399435368,-5.190400104614428,-2.66597480100313,2.524425303611298,1,4.565700000057404,4.565700000057404,4.565700000057404,4.565700000057404,4.565700000057404,0.0015219000000191347,0,0.0,0
final_operational,lucas,straffic_ch01_seg03,STRAFFIC,-5,wiener_adaptive_causal,stft_wiener,causal_blocks,-4.999999819595546,-2.557517926232693,2.442481893362853,-5.190400104614428,-3.304050079040298,1.8863500255741297,150,1.273855999903996,1.7470350000621675,5.127054000195114,8.095700000012584,191.0783999855994,0.06369279999519979,60900,0.11333333333333333,13
final_operational,lucas,straffic_ch01_seg03,STRAFFIC,0,bypass,baseline,causal_blocks,-4.324921954254158e-07,-4.324921954254158e-07,0.0,-0.10616238466734365,-0.10616238466734365,0.0,150,0.03790399997645485,0.040705000265006654,0.047550999634040636,0.06489999941550195,5.685599996468227,0.0018951999988227424,57952,0.0,0
final_operational,lucas,straffic_ch01_seg03,STRAFFIC,0,subtraction_initial_legacy,stft_subtraction,offline_file,-4.324921954254158e-07,6.144880856809873,6.144881289302069,-0.10616238466734365,5.017145509767696,5.123307894435039,1,13.375499999710883,13.375499999710883,13.375499999710883,13.375499999710883,13.375499999710883,0.004458499999903627,0,0.0,0
final_operational,lucas,straffic_ch01_seg03,STRAFFIC,0,subtraction_low_energy_offline,stft_subtraction,offline_file,-4.324921954254158e-07,6.231249982381603,6.231250414873799,-0.10616238466734365,5.063369268082292,5.169531652749636,1,8.285900000373658,8.285900000373658,8.285900000373658,8.285900000373658,8.285900000373658,0.0027619666667912193,0,0.0,0
final_operational,lucas,straffic_ch01_seg03,STRAFFIC,0,subtraction_calibration_causal,stft_subtraction,causal_blocks,-4.324921954254158e-07,5.972800545048248,5.972800977540444,-0.10616238466734365,4.72833207486646,4.834494459533803,150,0.5025846666649159,0.74160999988635,1.0418650000883645,1.1082000000897096,75.38769999973738,0.025129233333245793,60900,0.0,13
final_operational,lucas,straffic_ch01_seg03,STRAFFIC,0,subtraction_adaptive_causal,stft_subtraction,causal_blocks,-4.324921954254158e-07,4.935743383970573,4.935743816462769,-0.10616238466734365,3.5799825780292,3.6861449626965435,150,1.3433033333240019,2.0280400002775423,2.7121349995923083,3.121800000371877,201.49549999860028,0.0671651666662001,60900,0.26666666666666666,13
final_operational,lucas,straffic_ch01_seg03,STRAFFIC,0,wiener_initial_legacy,stft_wiener,offline_file,-4.324921954254158e-07,3.9773609594519614,3.977361391944157,-0.10616238466734365,3.424447086716685,3.530609471384029,1,4.420800000843883,4.420800000843883,4.420800000843883,4.420800000843883,4.420800000843883,0.0014736000002812943,0,0.0,0
final_operational,lucas,straffic_ch01_seg03,STRAFFIC,0,wiener_low_energy_offline,stft_wiener,offline_file,-4.324921954254158e-07,3.3857235835001696,3.385724015992365,-0.10616238466734365,2.7254290263666956,2.831591411034039,1,4.234600000017963,4.234600000017963,4.234600000017963,4.234600000017963,4.234600000017963,0.001411533333339321,0,0.0,0
final_operational,lucas,straffic_ch01_seg03,STRAFFIC,0,wiener_adaptive_causal,stft_wiener,causal_blocks,-4.324921954254158e-07,2.2597156880936415,2.259716120585837,-0.10616238466734365,1.8222810406581813,1.928443425325525,150,1.1844046666192298,1.6471900001306488,2.1096090002356496,2.5650999996287283,177.66069999288447,0.05922023333096149,60900,0.26666666666666666,13
final_operational,lucas,straffic_ch01_seg03,STRAFFIC,5,bypass,baseline,causal_blocks,4.999999645961593,4.999999645961593,0.0,4.940851950110314,4.940851950110314,0.0,150,0.025411333305479882,0.032520000058866565,0.05543300006138435,0.5409000004874542,3.811699995821982,0.001270566665273994,57952,0.0,0
final_operational,lucas,straffic_ch01_seg03,STRAFFIC,5,subtraction_initial_legacy,stft_subtraction,offline_file,4.999999645961593,10.199688797796503,5.199689151834909,4.940851950110314,9.81447313659105,4.873621186480735,1,7.419900000058988,7.419900000058988,7.419900000058988,7.419900000058988,7.419900000058988,0.0024733000000196625,0,0.0,0
final_operational,lucas,straffic_ch01_seg03,STRAFFIC,5,subtraction_low_energy_offline,stft_subtraction,offline_file,4.999999645961593,9.901243409846295,4.901243763884701,4.940851950110314,9.702717800180121,4.761865850069807,1,7.685699999456119,7.685699999456119,7.685699999456119,7.685699999456119,7.685699999456119,0.0025618999998187064,0,0.0,0
final_operational,lucas,straffic_ch01_seg03,STRAFFIC,5,subtraction_calibration_causal,stft_subtraction,causal_blocks,4.999999645961593,9.530646571296504,4.530646925334911,4.940851950110314,9.335501702823635,4.39464975271332,150,0.4804506666672144,0.5867299996225483,0.8414269997956575,0.9604999995644903,72.06760000008217,0.024022533333360723,60900,0.0,13
final_operational,lucas,straffic_ch01_seg03,STRAFFIC,5,subtraction_adaptive_causal,stft_subtraction,causal_blocks,4.999999645961593,9.025273915661101,4.025274269699508,4.940851950110314,8.44904166376223,3.508189713651916,150,1.332792666653404,1.7452999995384741,2.696592000229427,4.336099999818543,199.9188999980106,0.0666396333326702,60900,0.31333333333333335,13
final_operational,lucas,straffic_ch01_seg03,STRAFFIC,5,wiener_initial_legacy,stft_wiener,offline_file,4.999999645961593,8.711655784930885,3.7116561389692917,4.940851950110314,8.421967884818946,3.4811159347086313,1,6.430700000237266,6.430700000237266,6.430700000237266,6.430700000237266,6.430700000237266,0.0021435666667457554,0,0.0,0
final_operational,lucas,straffic_ch01_seg03,STRAFFIC,5,wiener_low_energy_offline,stft_wiener,offline_file,4.999999645961593,8.088856485925895,3.0888568399643015,4.940851950110314,7.773873472711528,2.8330215226012134,1,7.713700000749668,7.713700000749668,7.713700000749668,7.713700000749668,7.713700000749668,0.0025712333335832227,0,0.0,0
final_operational,lucas,straffic_ch01_seg03,STRAFFIC,5,wiener_adaptive_causal,stft_wiener,causal_blocks,4.999999645961593,7.124392035930369,2.1243923899687758,4.940851950110314,6.886195581411876,1.9453436313015615,150,1.2333386666311223,1.5916599998490706,3.1771569997726923,7.301499999812222,185.00079999466834,0.061666933331556116,60900,0.31333333333333335,13
final_operational,lucas,straffic_ch01_seg03,STRAFFIC,10,bypass,baseline,causal_blocks,9.999999696456118,9.999999696456118,0.0,9.967178717817598,9.967178717817598,0.0,150,0.02560866665589856,0.03780000001825101,0.041104000547420576,0.12140000035287812,3.841299998384784,0.001280433332794928,57952,0.0,0
final_operational,lucas,straffic_ch01_seg03,STRAFFIC,10,subtraction_initial_legacy,stft_subtraction,offline_file,9.999999696456118,14.180248777377415,4.180249080921296,9.967178717817598,14.276593385499467,4.309414667681869,1,7.621199999448436,7.621199999448436,7.621199999448436,7.621199999448436,7.621199999448436,0.0025403999998161453,0,0.0,0
final_operational,lucas,straffic_ch01_seg03,STRAFFIC,10,subtraction_low_energy_offline,stft_subtraction,offline_file,9.999999696456118,13.876853299186532,3.8768536027304137,9.967178717817598,14.240907011690485,4.273728293872887,1,7.707400000072084,7.707400000072084,7.707400000072084,7.707400000072084,7.707400000072084,0.0025691333333573616,0,0.0,0
final_operational,lucas,straffic_ch01_seg03,STRAFFIC,10,subtraction_calibration_causal,stft_subtraction,causal_blocks,9.999999696456118,13.0210967295395,3.0210970330833824,9.967178717817598,13.3761306118075,3.4089518939899026,150,0.6415153333667453,0.9558699999615781,3.7406699999791755,7.277099999555503,96.22730000501178,0.03207576666833726,60900,0.0,13
final_operational,lucas,straffic_ch01_seg03,STRAFFIC,10,subtraction_adaptive_causal,stft_subtraction,causal_blocks,9.999999696456118,13.065537763606862,3.0655380671507437,9.967178717817598,12.996906834347719,3.029728116530121,150,1.3634979999369534,1.995154999713121,3.118839999779075,4.732999999760068,204.524699990543,0.06817489999684767,60900,0.38666666666666666,13
final_operational,lucas,straffic_ch01_seg03,STRAFFIC,10,wiener_initial_legacy,stft_wiener,offline_file,9.999999696456118,13.503560311406627,3.5035606149505085,9.967178717817598,13.357441095065884,3.390262377248286,1,4.354900000180351,4.354900000180351,4.354900000180351,4.354900000180351,4.354900000180351,0.0014516333333934501,0,0.0,0
final_operational,lucas,straffic_ch01_seg03,STRAFFIC,10,wiener_low_energy_offline,stft_wiener,offline_file,9.999999696456118,12.986286680668018,2.9862869842118993,9.967178717817598,12.852628651446283,2.885449933628685,1,4.466999999749532,4.466999999749532,4.466999999749532,4.466999999749532,4.466999999749532,0.0014889999999165109,0,0.0,0
final_operational,lucas,straffic_ch01_seg03,STRAFFIC,10,wiener_adaptive_causal,stft_wiener,causal_blocks,9.999999696456118,11.934614614297823,1.9346149178417047,9.967178717817598,11.816609706938356,1.8494309891207585,150,1.1883159999888449,1.815920000217374,2.19877000001361,2.2957000001042616,178.24739999832673,0.05941579999944224,60900,0.38666666666666666,13
final_operational,yweweler,pcafeter_ch01_seg01,PCAFETER,-5,bypass,baseline,causal_blocks,-4.999999834543093,-4.999999834543093,0.0,-4.96277195929731,-4.96277195929731,0.0,150,0.02076999998583536,0.021754999625045457,0.0336030003472842,0.04450000051292591,3.115499997875304,0.001038499999291768,57952,0.0,0
final_operational,yweweler,pcafeter_ch01_seg01,PCAFETER,-5,subtraction_initial_legacy,stft_subtraction,offline_file,-4.999999834543093,0.03526222821377763,5.035262062756871,-4.96277195929731,-5.5992856429774385,-0.6365136836801284,1,7.685900000069523,7.685900000069523,7.685900000069523,7.685900000069523,7.685900000069523,0.002561966666689841,0,0.0,0
final_operational,yweweler,pcafeter_ch01_seg01,PCAFETER,-5,subtraction_low_energy_offline,stft_subtraction,offline_file,-4.999999834543093,0.44686392139163206,5.446863755934725,-4.96277195929731,-3.6853228910095064,1.2774490682878037,1,7.494800000131363,7.494800000131363,7.494800000131363,7.494800000131363,7.494800000131363,0.0024982666667104545,0,0.0,0
final_operational,yweweler,pcafeter_ch01_seg01,PCAFETER,-5,subtraction_calibration_causal,stft_subtraction,causal_blocks,-4.999999834543093,0.37846057084380735,5.3784604053869005,-4.96277195929731,-6.18860649029933,-1.22583453100202,150,0.5189686666623553,0.8608750000348647,1.1586299995724394,1.4363999998749932,77.8452999993533,0.025948433333117766,60900,0.0,13
final_operational,yweweler,pcafeter_ch01_seg01,PCAFETER,-5,subtraction_adaptive_causal,stft_subtraction,causal_blocks,-4.999999834543093,-0.8328708638644251,4.167128970678668,-4.96277195929731,-3.7138742152590014,1.2488977440383087,150,1.3080720000289148,1.7510799997580757,2.2877259994402244,3.3518000000185566,196.21080000433722,0.06540360000144574,60900,0.10666666666666667,13
final_operational,yweweler,pcafeter_ch01_seg01,PCAFETER,-5,wiener_initial_legacy,stft_wiener,offline_file,-4.999999834543093,-1.5660970287507983,3.433902805792295,-4.96277195929731,-5.387974631651682,-0.4252026723543718,1,5.720500000279571,5.720500000279571,5.720500000279571,5.720500000279571,5.720500000279571,0.0019068333334265237,0,0.0,0
final_operational,yweweler,pcafeter_ch01_seg01,PCAFETER,-5,wiener_low_energy_offline,stft_wiener,offline_file,-4.999999834543093,-2.319862312876853,2.68013752166624,-4.96277195929731,-3.970131444021675,0.9926405152756352,1,6.058099999791011,6.058099999791011,6.058099999791011,6.058099999791011,6.058099999791011,0.0020193666665970036,0,0.0,0
final_operational,yweweler,pcafeter_ch01_seg01,PCAFETER,-5,wiener_adaptive_causal,stft_wiener,causal_blocks,-4.999999834543093,-3.594899187149207,1.405100647393886,-4.96277195929731,-4.3666145777185355,0.5961573815787746,150,1.2484826666513982,1.8405500000426398,2.6341209999281974,6.88090000039665,187.27239999770973,0.06242413333256991,60900,0.10666666666666667,13
final_operational,yweweler,pcafeter_ch01_seg01,PCAFETER,0,bypass,baseline,causal_blocks,1.3733924755767092e-08,1.3733924755767092e-08,0.0,0.020978596441966927,0.020978596441966927,0.0,150,0.022409999983210582,0.023020000071483075,0.03864800029987223,0.2324999995835242,3.3614999974815873,0.0011204999991605291,57952,0.0,0
final_operational,yweweler,pcafeter_ch01_seg01,PCAFETER,0,subtraction_initial_legacy,stft_subtraction,offline_file,1.3733924755767092e-08,3.1369071817894207,3.136907168055496,0.020978596441966927,0.3868163496785544,0.36583775323658746,1,8.288700000775862,8.288700000775862,8.288700000775862,8.288700000775862,8.288700000775862,0.0027629000002586204,0,0.0,0
final_operational,yweweler,pcafeter_ch01_seg01,PCAFETER,0,subtraction_low_energy_offline,stft_subtraction,offline_file,1.3733924755767092e-08,4.566365109354316,4.566365095620391,0.020978596441966927,2.7174856390378417,2.696507042595875,1,7.428800000525371,7.428800000525371,7.428800000525371,7.428800000525371,7.428800000525371,0.00247626666684179,0,0.0,0
final_operational,yweweler,pcafeter_ch01_seg01,PCAFETER,0,subtraction_calibration_causal,stft_subtraction,causal_blocks,1.3733924755767092e-08,1.92660706221251,1.9266070484785853,0.020978596441966927,-2.5274252088193694,-2.5484038052613363,150,0.6952279999920089,1.2199399999644798,4.074722999848729,8.544600000277569,104.28419999880134,0.03476139999960045,60900,0.0,13
final_operational,yweweler,pcafeter_ch01_seg01,PCAFETER,0,subtraction_adaptive_causal,stft_subtraction,causal_blocks,1.3733924755767092e-08,3.666391135110696,3.6663911213767713,0.020978596441966927,1.9877836407001273,1.9668050442581604,150,1.2928693333803192,1.7346000000088666,2.1539470002062417,4.263300000275194,193.93040000704787,0.06464346666901595,60900,0.24666666666666667,13
final_operational,yweweler,pcafeter_ch01_seg01,PCAFETER,0,wiener_initial_legacy,stft_wiener,offline_file,1.3733924755767092e-08,3.0211500596504774,3.021150045916553,0.020978596441966927,0.3351739386820412,0.3141953422400743,1,4.374699999971199,4.374699999971199,4.374699999971199,4.374699999971199,4.374699999971199,0.001458233333323733,0,0.0,0
final_operational,yweweler,pcafeter_ch01_seg01,PCAFETER,0,wiener_low_energy_offline,stft_wiener,offline_file,1.3733924755767092e-08,2.6342058050976442,2.6342057913637196,0.020978596441966927,1.7769097956366642,1.7559311991946973,1,4.60060000023077,4.60060000023077,4.60060000023077,4.60060000023077,4.60060000023077,0.0015335333334102568,0,0.0,0
final_operational,yweweler,pcafeter_ch01_seg01,PCAFETER,0,wiener_adaptive_causal,stft_wiener,causal_blocks,1.3733924755767092e-08,1.3805112037586589,1.3805111900247342,0.020978596441966927,0.9401109010549524,0.9191323046129855,150,1.1908359999749034,1.62103500010744,1.8914330001098276,2.2810000000390573,178.6253999962355,0.05954179999874517,60900,0.24666666666666667,13
final_operational,yweweler,pcafeter_ch01_seg01,PCAFETER,5,bypass,baseline,causal_blocks,4.999999787295253,4.999999787295253,0.0,5.0118273577843375,5.0118273577843375,0.0,150,0.02065466670198172,0.02161000033993332,0.02749099983702759,0.039200000173877925,3.098200005297258,0.001032733335099086,57952,0.0,0
final_operational,yweweler,pcafeter_ch01_seg01,PCAFETER,5,subtraction_initial_legacy,stft_subtraction,offline_file,4.999999787295253,4.5222163283208525,-0.47778345897440033,5.0118273577843375,4.526533565987948,-0.48529379179638976,1,7.582899999761139,7.582899999761139,7.582899999761139,7.582899999761139,7.582899999761139,0.002527633333253713,0,0.0,0
final_operational,yweweler,pcafeter_ch01_seg01,PCAFETER,5,subtraction_low_energy_offline,stft_subtraction,offline_file,4.999999787295253,8.569244069474728,3.5692442821794748,5.0118273577843375,8.169627335377355,3.157799977593017,1,7.583199999317003,7.583199999317003,7.583199999317003,7.583199999317003,7.583199999317003,0.0025277333331056675,0,0.0,0
final_operational,yweweler,pcafeter_ch01_seg01,PCAFETER,5,subtraction_calibration_causal,stft_subtraction,causal_blocks,4.999999787295253,2.5025107007511584,-2.4974890865440944,5.0118273577843375,-0.7196932871928876,-5.731520644977225,150,0.5319359999763643,0.8569099999476743,1.4050559997940573,1.69240000013815,79.79039999645465,0.026596799998818216,60900,0.0,13
final_operational,yweweler,pcafeter_ch01_seg01,PCAFETER,5,subtraction_adaptive_causal,stft_subtraction,causal_blocks,4.999999787295253,7.93479973459754,2.934799947302287,5.0118273577843375,7.174429893965698,2.1626025361813603,150,1.4494540000426543,2.800349999779425,4.098377999580395,6.069699999898148,217.41810000639816,0.07247270000213273,60900,0.3333333333333333,13
final_operational,yweweler,pcafeter_ch01_seg01,PCAFETER,5,wiener_initial_legacy,stft_wiener,offline_file,4.999999787295253,5.536480027707913,0.5364802404126605,5.0118273577843375,4.57139252470494,-0.44043483307939724,1,5.062199999883887,5.062199999883887,5.062199999883887,5.062199999883887,5.062199999883887,0.0016873999999612959,0,0.0,0
final_operational,yweweler,pcafeter_ch01_seg01,PCAFETER,5,wiener_low_energy_offline,stft_wiener,offline_file,4.999999787295253,7.473770590363898,2.4737708030686454,5.0118273577843375,7.102161860246465,2.0903345024621274,1,5.468000000291795,5.468000000291795,5.468000000291795,5.468000000291795,5.468000000291795,0.0018226666667639317,0,0.0,0
final_operational,yweweler,pcafeter_ch01_seg01,PCAFETER,5,wiener_adaptive_causal,stft_wiener,causal_blocks,4.999999787295253,6.301530244455767,1.3015304571605144,5.0118273577843375,6.070084852806578,1.0582574950222403,150,1.2525706666868548,2.0326700002897264,2.4601869999969472,2.707699999518809,187.88560000302823,0.06262853333434275,60900,0.3333333333333333,13
final_operational,yweweler,pcafeter_ch01_seg01,PCAFETER,10,bypass,baseline,causal_blocks,9.99999997555053,9.99999997555053,0.0,10.006677306972572,10.006677306972572,0.0,150,0.02309599997412685,0.03821999980573309,0.03966300041611247,0.06709999979648273,3.4643999961190275,0.0011547999987063424,57952,0.0,0
final_operational,yweweler,pcafeter_ch01_seg01,PCAFETER,10,subtraction_initial_legacy,stft_subtraction,offline_file,9.99999997555053,5.007605472201168,-4.992394503349362,10.006677306972572,6.384713086228623,-3.6219642207439486,1,9.378899999319401,9.378899999319401,9.378899999319401,9.378899999319401,9.378899999319401,0.0031262999997731336,0,0.0,0
final_operational,yweweler,pcafeter_ch01_seg01,PCAFETER,10,subtraction_low_energy_offline,stft_subtraction,offline_file,9.99999997555053,12.571980879090647,2.5719809035401173,10.006677306972572,13.015462549512565,3.008785242539993,1,8.945700000367651,8.945700000367651,8.945700000367651,8.945700000367651,8.945700000367651,0.0029819000001225504,0,0.0,0
final_operational,yweweler,pcafeter_ch01_seg01,PCAFETER,10,subtraction_calibration_causal,stft_subtraction,causal_blocks,9.99999997555053,2.698643051451239,-7.3013569240992915,10.006677306972572,-0.06814978777005293,-10.074827094742625,150,0.5937953332916853,0.988789999973957,3.708001999566461,6.7245999998704065,89.0692999937528,0.029689766664584265,60900,0.0,13
final_operational,yweweler,pcafeter_ch01_seg01,PCAFETER,10,subtraction_adaptive_causal,stft_subtraction,causal_blocks,9.99999997555053,12.12892260436291,2.1289226288123793,10.006677306972572,11.995153404687766,1.9884760977151945,150,1.5500853333530056,2.643634999731145,4.558181000547846,5.389099999774771,232.51280000295083,0.07750426666765027,60900,0.41333333333333333,13
final_operational,yweweler,pcafeter_ch01_seg01,PCAFETER,10,wiener_initial_legacy,stft_wiener,offline_file,9.99999997555053,6.394819645724203,-3.605180329826327,10.006677306972572,6.630783503317358,-3.375893803655214,1,5.858999999873049,5.858999999873049,5.858999999873049,5.858999999873049,5.858999999873049,0.001952999999957683,0,0.0,0
final_operational,yweweler,pcafeter_ch01_seg01,PCAFETER,10,wiener_low_energy_offline,stft_wiener,offline_file,9.99999997555053,12.340521224945382,2.340521249394852,10.006677306972572,12.179616801299796,2.172939494327224,1,4.474399999708112,4.474399999708112,4.474399999708112,4.474399999708112,4.474399999708112,0.0014914666665693705,0,0.0,0
final_operational,yweweler,pcafeter_ch01_seg01,PCAFETER,10,wiener_adaptive_causal,stft_wiener,causal_blocks,9.99999997555053,11.196603597430244,1.1966036218797136,10.006677306972572,11.08278239059379,1.0761050836212185,150,1.2386979999549415,1.7848650001724307,2.5165300000298845,3.2092999999804306,185.80469999324123,0.061934899997747074,60900,0.41333333333333333,13
final_operational,yweweler,pcafeter_ch01_seg02,PCAFETER,-5,bypass,baseline,causal_blocks,-5.000000271007249,-5.000000271007249,0.0,-4.646168709428552,-4.646168709428552,0.0,150,0.020788666679436574,0.021764999610240917,0.028403000324033152,0.043399999412940815,3.118300001915486,0.0010394333339718287,57952,0.0,0
final_operational,yweweler,pcafeter_ch01_seg02,PCAFETER,-5,subtraction_initial_legacy,stft_subtraction,offline_file,-5.000000271007249,1.3896422850510393,6.389642556058288,-4.646168709428552,-3.203909628419587,1.4422590810089648,1,8.360499999980675,8.360499999980675,8.360499999980675,8.360499999980675,8.360499999980675,0.0027868333333268915,0,0.0,0
final_operational,yweweler,pcafeter_ch01_seg02,PCAFETER,-5,subtraction_low_energy_offline,stft_subtraction,offline_file,-5.000000271007249,1.1212776164079221,6.121277887415171,-4.646168709428552,-2.4786538535751994,2.1675148558533524,1,8.038500000111526,8.038500000111526,8.038500000111526,8.038500000111526,8.038500000111526,0.002679500000037175,0,0.0,0
final_operational,yweweler,pcafeter_ch01_seg02,PCAFETER,-5,subtraction_calibration_causal,stft_subtraction,causal_blocks,-5.000000271007249,0.6904886776900119,5.6904889486972605,-4.646168709428552,-5.236575135248838,-0.5904064258202864,150,0.5065886666549583,0.7654700002149183,1.162784000034662,1.2361999997665407,75.98829999824375,0.025329433332747914,60900,0.0,13
final_operational,yweweler,pcafeter_ch01_seg02,PCAFETER,-5,subtraction_adaptive_causal,stft_subtraction,causal_blocks,-5.000000271007249,-0.4957585322539357,4.504241738753313,-4.646168709428552,-2.5984117664248156,2.047756943003736,150,1.330302666683565,2.0481199998357593,3.015815999951879,3.4389000002192915,199.54540000253473,0.06651513333417824,60900,0.09333333333333334,13
final_operational,yweweler,pcafeter_ch01_seg02,PCAFETER,-5,wiener_initial_legacy,stft_wiener,offline_file,-5.000000271007249,-0.2432644872086973,4.756735783798551,-4.646168709428552,-3.8418362475545758,0.804332461873976,1,4.526600000644976,4.526600000644976,4.526600000644976,4.526600000644976,4.526600000644976,0.0015088666668816586,0,0.0,0
final_operational,yweweler,pcafeter_ch01_seg02,PCAFETER,-5,wiener_low_energy_offline,stft_wiener,offline_file,-5.000000271007249,-2.1492819219720323,2.8507183490352164,-4.646168709428552,-3.534992238019759,1.1111764714087928,1,4.128600000512961,4.128600000512961,4.128600000512961,4.128600000512961,4.128600000512961,0.0013762000001709869,0,0.0,0
final_operational,yweweler,pcafeter_ch01_seg02,PCAFETER,-5,wiener_adaptive_causal,stft_wiener,causal_blocks,-5.000000271007249,-3.4900449406433904,1.5099553303638582,-4.646168709428552,-3.7527575749782267,0.893411134450325,150,1.1637259999709688,1.5282250002201174,2.176987999873738,2.679799999896204,174.55889999564533,0.05818629999854844,60900,0.09333333333333334,13
final_operational,yweweler,pcafeter_ch01_seg02,PCAFETER,0,bypass,baseline,causal_blocks,2.5988192716637244e-07,2.5988192716637244e-07,0.0,0.20200991820886735,0.20200991820886735,0.0,150,0.021040000004480437,0.02171000060116057,0.034429999550411566,0.0549000005776179,3.1560000006720657,0.001052000000224022,57952,0.0,0
final_operational,yweweler,pcafeter_ch01_seg02,PCAFETER,0,subtraction_initial_legacy,stft_subtraction,offline_file,2.5988192716637244e-07,3.719918694787094,3.719918434905167,0.20200991820886735,1.7909917953686287,1.5889818771597615,1,16.808499999569904,16.808499999569904,16.808499999569904,16.808499999569904,16.808499999569904,0.005602833333189968,0,0.0,0
final_operational,yweweler,pcafeter_ch01_seg02,PCAFETER,0,subtraction_low_energy_offline,stft_subtraction,offline_file,2.5988192716637244e-07,5.150296192147118,5.15029593226519,0.20200991820886735,3.56762443154276,3.3656145133338926,1,7.489099999475002,7.489099999475002,7.489099999475002,7.489099999475002,7.489099999475002,0.0024963666664916673,0,0.0,0
final_operational,yweweler,pcafeter_ch01_seg02,PCAFETER,0,subtraction_calibration_causal,stft_subtraction,causal_blocks,2.5988192716637244e-07,2.041860995565879,2.0418607356839518,0.20200991820886735,-2.215450914612908,-2.4174608328217757,150,0.4818913333171319,0.6019549997745338,0.8497600003192923,0.9134000001722598,72.28369999756978,0.024094566665856593,60900,0.0,13
final_operational,yweweler,pcafeter_ch01_seg02,PCAFETER,0,subtraction_adaptive_causal,stft_subtraction,causal_blocks,2.5988192716637244e-07,4.082766484969168,4.082766225087241,0.20200991820886735,2.7619334912127567,2.559923573003889,150,1.4607326667222271,2.211605000002236,5.6551190002027925,9.26880000042729,219.10990000833408,0.07303663333611136,60900,0.22,13
final_operational,yweweler,pcafeter_ch01_seg02,PCAFETER,0,wiener_initial_legacy,stft_wiener,offline_file,2.5988192716637244e-07,3.5486111218705227,3.5486108619885957,0.20200991820886735,1.1097030124529699,0.9076930942441025,1,4.277300000467221,4.277300000467221,4.277300000467221,4.277300000467221,4.277300000467221,0.0014257666668224072,0,0.0,0
final_operational,yweweler,pcafeter_ch01_seg02,PCAFETER,0,wiener_low_energy_offline,stft_wiener,offline_file,2.5988192716637244e-07,2.8331955362339123,2.833195276351985,0.20200991820886735,2.1112518150475164,1.909241896838649,1,4.147399999965273,4.147399999965273,4.147399999965273,4.147399999965273,4.147399999965273,0.001382466666655091,0,0.0,0
final_operational,yweweler,pcafeter_ch01_seg02,PCAFETER,0,wiener_adaptive_causal,stft_wiener,causal_blocks,2.5988192716637244e-07,1.4896226103720334,1.4896223504901063,0.20200991820886735,1.3157246496716815,1.1137147314628142,150,1.2228239999846362,1.7359499996928192,2.4727300000722585,7.439199999680568,183.42359999769542,0.06114119999923181,60900,0.22,13
final_operational,yweweler,pcafeter_ch01_seg02,PCAFETER,5,bypass,baseline,causal_blocks,4.999999732979853,4.999999732979853,0.0,5.115453320445992,5.115453320445992,0.0,150,0.021052666706964374,0.025429999504922227,0.03306100018562574,0.0396999994336511,3.157900006044656,0.0010526333353482187,57952,0.0,0
final_operational,yweweler,pcafeter_ch01_seg02,PCAFETER,5,subtraction_initial_legacy,stft_subtraction,offline_file,4.999999732979853,4.709437935798346,-0.2905617971815069,5.115453320445992,4.870824012574848,-0.24462930787114434,1,7.7937000005476875,7.7937000005476875,7.7937000005476875,7.7937000005476875,7.7937000005476875,0.0025979000001825625,0,0.0,0
final_operational,yweweler,pcafeter_ch01_seg02,PCAFETER,5,subtraction_low_energy_offline,stft_subtraction,offline_file,4.999999732979853,9.062238753185609,4.062239020205756,5.115453320445992,8.810540440980546,3.695087120534554,1,7.334699999773875,7.334699999773875,7.334699999773875,7.334699999773875,7.334699999773875,0.002444899999924625,0,0.0,0
final_operational,yweweler,pcafeter_ch01_seg02,PCAFETER,5,subtraction_calibration_causal,stft_subtraction,causal_blocks,4.999999732979853,2.564156634416336,-2.4358430985635167,5.115453320445992,-0.6556556150911436,-5.771108935537136,150,0.5101413333492625,0.8065400000759834,1.0596489999443286,1.3761000000158674,76.52120000238938,0.025507066667463125,60900,0.0,13
final_operational,yweweler,pcafeter_ch01_seg02,PCAFETER,5,subtraction_adaptive_causal,stft_subtraction,causal_blocks,4.999999732979853,8.415170321492642,3.4151705885127894,5.115453320445992,7.752401644948403,2.636948324502411,150,1.3459400000101596,2.089380000370511,3.0720919999566827,3.5906000002796645,201.89100000152393,0.06729700000050798,60900,0.2866666666666667,13
final_operational,yweweler,pcafeter_ch01_seg02,PCAFETER,5,wiener_initial_legacy,stft_wiener,offline_file,4.999999732979853,5.5423199230165165,0.5423201900366639,5.115453320445992,4.562473371161467,-0.5529799492845253,1,6.624099999498867,6.624099999498867,6.624099999498867,6.624099999498867,6.624099999498867,0.002208033333166289,0,0.0,0
final_operational,yweweler,pcafeter_ch01_seg02,PCAFETER,5,wiener_low_energy_offline,stft_wiener,offline_file,4.999999732979853,7.763488070867267,2.7634883378874147,5.115453320445992,7.444962361676649,2.329509041230657,1,4.495199999837496,4.495199999837496,4.495199999837496,4.495199999837496,4.495199999837496,0.001498399999945832,0,0.0,0
final_operational,yweweler,pcafeter_ch01_seg02,PCAFETER,5,wiener_adaptive_causal,stft_wiener,causal_blocks,4.999999732979853,6.452521938971625,1.4525222059917722,5.115453320445992,6.349418724853569,1.2339654044075772,150,1.2942973333398793,1.9442799997250397,2.527421000149842,2.8161000000181957,194.14460000098188,0.06471486666699396,60900,0.2866666666666667,13
final_operational,yweweler,pcafeter_ch01_seg02,PCAFETER,10,bypass,baseline,causal_blocks,9.999999758084975,9.999999758084975,0.0,10.066397687557778,10.066397687557778,0.0,150,0.030223333354418475,0.03831000058198697,0.04345799986367632,0.06519999988086056,4.5335000031627715,0.001511166667720924,57952,0.0,0
final_operational,yweweler,pcafeter_ch01_seg02,PCAFETER,10,subtraction_initial_legacy,stft_subtraction,offline_file,9.999999758084975,5.075265572561138,-4.924734185523837,10.066397687557778,6.307492952303825,-3.758904735253953,1,7.474500000171247,7.474500000171247,7.474500000171247,7.474500000171247,7.474500000171247,0.002491500000057082,0,0.0,0
final_operational,yweweler,pcafeter_ch01_seg02,PCAFETER,10,subtraction_low_energy_offline,stft_subtraction,offline_file,9.999999758084975,13.13917340421958,3.139173646134605,10.066397687557778,13.62256313741332,3.5561654498555413,1,7.109099999979662,7.109099999979662,7.109099999979662,7.109099999979662,7.109099999979662,0.002369699999993221,0,0.0,0
final_operational,yweweler,pcafeter_ch01_seg02,PCAFETER,10,subtraction_calibration_causal,stft_subtraction,causal_blocks,9.999999758084975,2.731097780553278,-7.268901977531697,10.066397687557778,-0.06582886674873867,-10.132226554306516,150,0.5263306666832553,0.7933500001854553,0.9103759997560698,1.123600000028091,78.9496000024883,0.026316533334162766,60900,0.0,13
final_operational,yweweler,pcafeter_ch01_seg02,PCAFETER,10,subtraction_adaptive_causal,stft_subtraction,causal_blocks,9.999999758084975,12.555263703681232,2.5552639455962574,10.066397687557778,12.390690807804422,2.3242931202466437,150,1.4913319999808057,2.6611749998664873,6.051322999937823,7.913499999631313,223.69979999712086,0.07456659999904029,60900,0.38666666666666666,13
final_operational,yweweler,pcafeter_ch01_seg02,PCAFETER,10,wiener_initial_legacy,stft_wiener,offline_file,9.999999758084975,6.307530354654171,-3.6924694034308043,10.066397687557778,6.361287595382352,-3.705110092175426,1,4.364899999927729,4.364899999927729,4.364899999927729,4.364899999927729,4.364899999927729,0.0014549666666425765,0,0.0,0
final_operational,yweweler,pcafeter_ch01_seg02,PCAFETER,10,wiener_low_energy_offline,stft_wiener,offline_file,9.999999758084975,12.814410775677786,2.8144110175928105,10.066397687557778,12.695085714268949,2.6286880267111705,1,3.894399999808229,3.894399999808229,3.894399999808229,3.894399999808229,3.894399999808229,0.0012981333332694096,0,0.0,0
final_operational,yweweler,pcafeter_ch01_seg02,PCAFETER,10,wiener_adaptive_causal,stft_wiener,causal_blocks,9.999999758084975,11.374068682775736,1.3740689246907607,10.066397687557778,11.322118618525217,1.2557209309674384,150,1.154752000014317,1.5060799995353586,2.033717999966026,2.5759000000107335,173.21280000214756,0.05773760000071585,60900,0.38666666666666666,13
final_operational,yweweler,pcafeter_ch01_seg03,PCAFETER,-5,bypass,baseline,causal_blocks,-5.00000034848064,-5.00000034848064,0.0,-5.127393382143175,-5.127393382143175,0.0,150,0.02096999993833985,0.022984999714026334,0.03150599974105716,0.04369999987829942,3.1454999907509773,0.0010484999969169924,57952,0.0,0
final_operational,yweweler,pcafeter_ch01_seg03,PCAFETER,-5,subtraction_initial_legacy,stft_subtraction,offline_file,-5.00000034848064,-0.4077370872494585,4.592263261231182,-5.127393382143175,-7.077024390241183,-1.9496310080980077,1,7.414499999867985,7.414499999867985,7.414499999867985,7.414499999867985,7.414499999867985,0.002471499999955995,0,0.0,0
final_operational,yweweler,pcafeter_ch01_seg03,PCAFETER,-5,subtraction_low_energy_offline,stft_subtraction,offline_file,-5.00000034848064,0.052704967486937856,5.052705315967578,-5.127393382143175,-4.133259455821131,0.9941339263220446,1,7.177499999670545,7.177499999670545,7.177499999670545,7.177499999670545,7.177499999670545,0.0023924999998901817,0,0.0,0
final_operational,yweweler,pcafeter_ch01_seg03,PCAFETER,-5,subtraction_calibration_causal,stft_subtraction,causal_blocks,-5.00000034848064,-0.22009161948837616,4.779908728992264,-5.127393382143175,-7.538915473673123,-2.411522091529948,150,0.5254073332798725,0.7735149999916755,1.2361620000592664,1.4101999995546066,78.81109999198088,0.026270366663993627,60900,0.0,13
final_operational,yweweler,pcafeter_ch01_seg03,PCAFETER,-5,subtraction_adaptive_causal,stft_subtraction,causal_blocks,-5.00000034848064,-0.8175123572103671,4.182487991270273,-5.127393382143175,-3.282420795808156,1.8449725863350195,150,1.2702253333130404,1.7649700001129525,2.0202490001065594,2.1425999993880396,190.53379999695608,0.06351126666565203,60900,0.12,13
final_operational,yweweler,pcafeter_ch01_seg03,PCAFETER,-5,wiener_initial_legacy,stft_wiener,offline_file,-5.00000034848064,-1.6952855495783723,3.3047147989022676,-5.127393382143175,-6.278390744274123,-1.1509973621309477,1,6.319299999631767,6.319299999631767,6.319299999631767,6.319299999631767,6.319299999631767,0.002106433333210589,0,0.0,0
final_operational,yweweler,pcafeter_ch01_seg03,PCAFETER,-5,wiener_low_energy_offline,stft_wiener,offline_file,-5.00000034848064,-2.542628791953147,2.4573715565274927,-5.127393382143175,-4.343546550672006,0.7838468314711697,1,3.9138000001912587,3.9138000001912587,3.9138000001912587,3.9138000001912587,3.9138000001912587,0.001304600000063753,0,0.0,0
final_operational,yweweler,pcafeter_ch01_seg03,PCAFETER,-5,wiener_adaptive_causal,stft_wiener,causal_blocks,-5.00000034848064,-3.5332158972691086,1.4667844512115313,-5.127393382143175,-4.248107915828337,0.8792854663148386,150,1.2295633333693938,1.7377700002271008,2.6126789999761955,3.2733999996708008,184.43450000540906,0.06147816666846969,60900,0.12,13
final_operational,yweweler,pcafeter_ch01_seg03,PCAFETER,0,bypass,baseline,causal_blocks,-6.964108938207446e-08,-6.964108938207446e-08,0.0,-0.07112750499787827,-0.07112750499787827,0.0,150,0.02081266669241207,0.022409999974115632,0.030730000480616554,0.0455999997939216,3.1219000038618105,0.0010406333346206036,57952,0.0,0
final_operational,yweweler,pcafeter_ch01_seg03,PCAFETER,0,subtraction_initial_legacy,stft_subtraction,offline_file,-6.964108938207446e-08,2.4702918354724686,2.470291905113558,-0.07112750499787827,-1.1556373297750628,-1.0845098247771845,1,8.384599999772036,8.384599999772036,8.384599999772036,8.384599999772036,8.384599999772036,0.0027948666665906785,0,0.0,0
final_operational,yweweler,pcafeter_ch01_seg03,PCAFETER,0,subtraction_low_energy_offline,stft_subtraction,offline_file,-6.964108938207446e-08,4.454401898097063,4.454401967738153,-0.07112750499787827,2.5989879721527753,2.6701154771506537,1,7.228999999824737,7.228999999824737,7.228999999824737,7.228999999824737,7.228999999824737,0.0024096666666082456,0,0.0,0
final_operational,yweweler,pcafeter_ch01_seg03,PCAFETER,0,subtraction_calibration_causal,stft_subtraction,causal_blocks,-6.964108938207446e-08,1.588168821578999,1.5881688912200884,-0.07112750499787827,-3.4564947519877913,-3.385367246989913,150,0.5421806667012182,0.6224950001978867,1.4269480001075776,8.127899999635702,81.32710000518273,0.02710903333506091,60900,0.0,13
final_operational,yweweler,pcafeter_ch01_seg03,PCAFETER,0,subtraction_adaptive_causal,stft_subtraction,causal_blocks,-6.964108938207446e-08,3.795038915076749,3.7950389847178383,-0.07112750499787827,2.331502831144163,2.402630336142041,150,1.3352726667168706,1.6394299997955386,2.1798810001473603,13.313500000549539,200.29090000753058,0.06676363333584352,60900,0.24,13
final_operational,yweweler,pcafeter_ch01_seg03,PCAFETER,0,wiener_initial_legacy,stft_wiener,offline_file,-6.964108938207446e-08,2.359877657457576,2.3598777270986653,-0.07112750499787827,-0.7388335287538097,-0.6677060237559315,1,4.413599999679718,4.413599999679718,4.413599999679718,4.413599999679718,4.413599999679718,0.0014711999998932395,0,0.0,0
final_operational,yweweler,pcafeter_ch01_seg03,PCAFETER,0,wiener_low_energy_offline,stft_wiener,offline_file,-6.964108938207446e-08,2.443943391001477,2.4439434606425663,-0.07112750499787827,1.5942063131309527,1.665333818128831,1,4.153300000325544,4.153300000325544,4.153300000325544,4.153300000325544,4.153300000325544,0.001384433333441848,0,0.0,0
final_operational,yweweler,pcafeter_ch01_seg03,PCAFETER,0,wiener_adaptive_causal,stft_wiener,causal_blocks,-6.964108938207446e-08,1.4428453577149658,1.4428454273560551,-0.07112750499787827,1.0219740012212988,1.0931015062191771,150,1.2987973333595921,2.014044999941687,3.5056679999161036,5.027900000641239,194.81960000393883,0.06493986666797961,60900,0.24,13
final_operational,yweweler,pcafeter_ch01_seg03,PCAFETER,5,bypass,baseline,causal_blocks,5.00000007022578,5.00000007022578,0.0,4.960353717380725,4.960353717380725,0.0,150,0.02412799998637638,0.03327499985061876,0.05479900018144667,0.2640000002429588,3.619199997956457,0.001206399999318819,57952,0.0,0
final_operational,yweweler,pcafeter_ch01_seg03,PCAFETER,5,subtraction_initial_legacy,stft_subtraction,offline_file,5.00000007022578,4.057082196451745,-0.9429178737740349,4.960353717380725,3.088890845697411,-1.8714628716833142,1,7.115399999747751,7.115399999747751,7.115399999747751,7.115399999747751,7.115399999747751,0.002371799999915917,0,0.0,0
final_operational,yweweler,pcafeter_ch01_seg03,PCAFETER,5,subtraction_low_energy_offline,stft_subtraction,offline_file,5.00000007022578,8.61419375099081,3.6141936807650294,4.960353717380725,8.16555859138637,3.205204874005645,1,7.2505999996792525,7.2505999996792525,7.2505999996792525,7.2505999996792525,7.2505999996792525,0.0024168666665597507,0,0.0,0
final_operational,yweweler,pcafeter_ch01_seg03,PCAFETER,5,subtraction_calibration_causal,stft_subtraction,causal_blocks,5.00000007022578,2.3720531785600016,-2.627946891665778,4.960353717380725,-1.19177103509084,-6.152124752471565,150,0.5320786666682883,0.8842349999667929,1.1589439993986146,1.3676999997187522,79.81180000024324,0.026603933333414414,60900,0.0,13
final_operational,yweweler,pcafeter_ch01_seg03,PCAFETER,5,subtraction_adaptive_causal,stft_subtraction,causal_blocks,5.00000007022578,8.181446304026146,3.181446233800366,4.960353717380725,7.479066218891807,2.5187125015110823,150,1.3180213333240924,2.0205800001349417,2.3602279998613063,2.746600000136823,197.70319999861385,0.06590106666620461,60900,0.36,13
final_operational,yweweler,pcafeter_ch01_seg03,PCAFETER,5,wiener_initial_legacy,stft_wiener,offline_file,5.00000007022578,4.890865316434836,-0.1091347537909435,4.960353717380725,3.3670628124855444,-1.5932909048951807,1,4.2775000001711305,4.2775000001711305,4.2775000001711305,4.2775000001711305,4.2775000001711305,0.0014258333333903768,0,0.0,0
final_operational,yweweler,pcafeter_ch01_seg03,PCAFETER,5,wiener_low_energy_offline,stft_wiener,offline_file,5.00000007022578,7.354638829582144,2.354638759356364,4.960353717380725,6.9639681487514835,2.0036144313707585,1,3.853999999591906,3.853999999591906,3.853999999591906,3.853999999591906,3.853999999591906,0.0012846666665306354,0,0.0,0
final_operational,yweweler,pcafeter_ch01_seg03,PCAFETER,5,wiener_adaptive_causal,stft_wiener,causal_blocks,5.00000007022578,6.370196943377076,1.3701968731512961,4.960353717380725,6.139525191612552,1.1791714742318273,150,1.3825493333691459,2.146749999837992,3.196352000322801,3.5378000002310728,207.3824000053719,0.0691274666684573,60900,0.36,13
final_operational,yweweler,pcafeter_ch01_seg03,PCAFETER,10,bypass,baseline,causal_blocks,9.999999742518238,9.999999742518238,0.0,9.978006507158732,9.978006507158732,0.0,150,0.021798000004006706,0.022209999860933746,0.03991399988990432,0.21039999955974054,3.2697000006010057,0.0010899000002003352,57952,0.0,0
final_operational,yweweler,pcafeter_ch01_seg03,PCAFETER,10,subtraction_initial_legacy,stft_subtraction,offline_file,9.999999742518238,4.773966753797404,-5.226032988720834,9.978006507158732,5.500822479254101,-4.477184027904631,1,7.173400000283436,7.173400000283436,7.173400000283436,7.173400000283436,7.173400000283436,0.002391133333427812,0,0.0,0
final_operational,yweweler,pcafeter_ch01_seg03,PCAFETER,10,subtraction_low_energy_offline,stft_subtraction,offline_file,9.999999742518238,12.771943507716575,2.771943765198337,9.978006507158732,13.165580217811355,3.1875737106526234,1,7.346700000198325,7.346700000198325,7.346700000198325,7.346700000198325,7.346700000198325,0.0024489000000661085,0,0.0,0
final_operational,yweweler,pcafeter_ch01_seg03,PCAFETER,10,subtraction_calibration_causal,stft_subtraction,causal_blocks,9.999999742518238,2.6612059836099977,-7.33879375890824,9.978006507158732,-0.24206581707258412,-10.220072324231316,150,0.5432006666584736,0.9395199998380118,1.3056070001675832,2.006499999879452,81.48009999877104,0.02716003333292368,60900,0.0,13
final_operational,yweweler,pcafeter_ch01_seg03,PCAFETER,10,subtraction_adaptive_causal,stft_subtraction,causal_blocks,9.999999742518238,12.39267408314479,2.3926743406265523,9.978006507158732,12.22440514427834,2.246398637119608,150,1.4766993333008334,2.3292700000183677,6.001514000263304,13.26710000012099,221.50489999512502,0.07383496666504168,60900,0.44,13
final_operational,yweweler,pcafeter_ch01_seg03,PCAFETER,10,wiener_initial_legacy,stft_wiener,offline_file,9.999999742518238,6.020443089702548,-3.97955665281569,9.978006507158732,5.76374516468919,-4.214261342469541,1,3.9060999997673207,3.9060999997673207,3.9060999997673207,3.9060999997673207,3.9060999997673207,0.0013020333332557736,0,0.0,0
final_operational,yweweler,pcafeter_ch01_seg03,PCAFETER,10,wiener_low_energy_offline,stft_wiener,offline_file,9.999999742518238,12.324264814338168,2.32426507181993,9.978006507158732,12.154219233871979,2.1762127267132474,1,4.108099999939441,4.108099999939441,4.108099999939441,4.108099999939441,4.108099999939441,0.0013693666666464803,0,0.0,0
final_operational,yweweler,pcafeter_ch01_seg03,PCAFETER,10,wiener_adaptive_causal,stft_wiener,causal_blocks,9.999999742518238,11.281991267160173,1.2819915246419349,9.978006507158732,11.160650201907501,1.1826436947487693,150,1.2160579999969439,2.0132249999733154,2.528675000048678,3.103500000179338,182.40869999954157,0.06080289999984719,60900,0.44,13
final_operational,yweweler,straffic_ch01_seg01,STRAFFIC,-5,bypass,baseline,causal_blocks,-4.999999923109237,-4.999999923109237,0.0,-5.0262025134415245,-5.0262025134415245,0.0,150,0.02384533334407024,0.0405400001000089,0.06145200004539215,0.19249999968451448,3.576800001610536,0.001192266667203512,57952,0.0,0
final_operational,yweweler,straffic_ch01_seg01,STRAFFIC,-5,subtraction_initial_legacy,stft_subtraction,offline_file,-4.999999923109237,-0.6156554526750034,4.384344470434233,-5.0262025134415245,-5.706075341619519,-0.6798728281779942,1,7.134599999517377,7.134599999517377,7.134599999517377,7.134599999517377,7.134599999517377,0.0023781999998391257,0,0.0,0
final_operational,yweweler,straffic_ch01_seg01,STRAFFIC,-5,subtraction_low_energy_offline,stft_subtraction,offline_file,-4.999999923109237,0.6023852453245947,5.602385168433831,-5.0262025134415245,-1.0897900889205243,3.9364124245210004,1,7.565500000055181,7.565500000055181,7.565500000055181,7.565500000055181,7.565500000055181,0.002521833333351727,0,0.0,0
final_operational,yweweler,straffic_ch01_seg01,STRAFFIC,-5,subtraction_calibration_causal,stft_subtraction,causal_blocks,-4.999999923109237,-0.32244366242564737,4.677556260683589,-5.0262025134415245,-6.8804025024524655,-1.854199989010941,150,0.6088580000141519,1.0502999999516753,2.0542110002861556,2.7593000004344503,91.32870000212279,0.030442900000707596,60900,0.0,13
final_operational,yweweler,straffic_ch01_seg01,STRAFFIC,-5,subtraction_adaptive_causal,stft_subtraction,causal_blocks,-4.999999923109237,-0.3219027315547171,4.67809719155452,-5.0262025134415245,-1.2676220157160119,3.7585804977255126,150,1.347778666652933,1.9139350000386912,2.387300999289436,2.9039999999440624,202.16679999793996,0.06738893333264666,60900,0.2733333333333333,13
final_operational,yweweler,straffic_ch01_seg01,STRAFFIC,-5,wiener_initial_legacy,stft_wiener,offline_file,-4.999999923109237,-2.7945784843881967,2.2054214387210402,-5.0262025134415245,-6.682507176751664,-1.6563046633101397,1,3.9711999997962266,3.9711999997962266,3.9711999997962266,3.9711999997962266,3.9711999997962266,0.0013237333332654089,0,0.0,0
final_operational,yweweler,straffic_ch01_seg01,STRAFFIC,-5,wiener_low_energy_offline,stft_wiener,offline_file,-4.999999923109237,-3.061710662606545,1.938289260502692,-5.0262025134415245,-3.7064369532865324,1.319765560154992,1,3.8765000008424977,3.8765000008424977,3.8765000008424977,3.8765000008424977,3.8765000008424977,0.0012921666669474992,0,0.0,0
final_operational,yweweler,straffic_ch01_seg01,STRAFFIC,-5,wiener_adaptive_causal,stft_wiener,causal_blocks,-4.999999923109237,-3.6367401065797096,1.3632598165295273,-5.0262025134415245,-3.8096596998436376,1.2165428135978869,150,1.2350946666568536,1.8267400003423957,3.0227379994630574,3.2158000003619236,185.26419999852806,0.06175473333284268,60900,0.2733333333333333,13
final_operational,yweweler,straffic_ch01_seg01,STRAFFIC,0,bypass,baseline,causal_blocks,-4.0355391535005354e-08,-4.0355391535005354e-08,0.0,-0.014718194614061519,-0.014718194614061519,0.0,150,0.0208839999504562,0.02191000030506984,0.032171000148082364,0.0486999997519888,3.13259999256843,0.00104419999752281,57952,0.0,0
final_operational,yweweler,straffic_ch01_seg01,STRAFFIC,0,subtraction_initial_legacy,stft_subtraction,offline_file,-4.0355391535005354e-08,2.467501741415499,2.4675017817708906,-0.014718194614061519,-1.044596174535732,-1.0298779799216704,1,7.675700000618235,7.675700000618235,7.675700000618235,7.675700000618235,7.675700000618235,0.002558566666872745,0,0.0,0
final_operational,yweweler,straffic_ch01_seg01,STRAFFIC,0,subtraction_low_energy_offline,stft_subtraction,offline_file,-4.0355391535005354e-08,5.819077656011679,5.819077696367071,-0.014718194614061519,4.952457472853163,4.967175667467224,1,7.203400000435067,7.203400000435067,7.203400000435067,7.203400000435067,7.203400000435067,0.0024011333334783558,0,0.0,0
final_operational,yweweler,straffic_ch01_seg01,STRAFFIC,0,subtraction_calibration_causal,stft_subtraction,causal_blocks,-4.0355391535005354e-08,1.5787262012641738,1.5787262416195653,-0.014718194614061519,-3.360585213080789,-3.3458670184667274,150,0.5178873333716183,0.8083550002083938,1.0829380000723166,1.3135999997757608,77.68310000574274,0.025894366668580915,60900,0.0,13
final_operational,yweweler,straffic_ch01_seg01,STRAFFIC,0,subtraction_adaptive_causal,stft_subtraction,causal_blocks,-4.0355391535005354e-08,4.56097010796273,4.5609701483181215,-0.014718194614061519,3.9604756003359287,3.9751937949499903,150,1.449912666697249,2.111770000374234,5.549501999712409,12.130400000387453,217.48690000458737,0.07249563333486246,60900,0.35333333333333333,13
final_operational,yweweler,straffic_ch01_seg01,STRAFFIC,0,wiener_initial_legacy,stft_wiener,offline_file,-4.0355391535005354e-08,1.284758540829949,1.2847585811853404,-0.014718194614061519,-1.9820765300058145,-1.967358335391753,1,4.263100000571285,4.263100000571285,4.263100000571285,4.263100000571285,4.263100000571285,0.0014210333335237617,0,0.0,0
final_operational,yweweler,straffic_ch01_seg01,STRAFFIC,0,wiener_low_energy_offline,stft_wiener,offline_file,-4.0355391535005354e-08,2.1609939373217664,2.160993977677158,-0.014718194614061519,1.8722662679862236,1.8869844626002852,1,3.831699999864213,3.831699999864213,3.831699999864213,3.831699999864213,3.831699999864213,0.001277233333288071,0,0.0,0
final_operational,yweweler,straffic_ch01_seg01,STRAFFIC,0,wiener_adaptive_causal,stft_wiener,causal_blocks,-4.0355391535005354e-08,1.3383094346656363,1.3383094750210278,-0.014718194614061519,1.2366416446851194,1.251359839299181,150,1.2207953333321104,1.872809999849778,2.3435150000659597,2.5531999999657273,183.11929999981658,0.06103976666660552,60900,0.35333333333333333,13
final_operational,yweweler,straffic_ch01_seg01,STRAFFIC,5,bypass,baseline,causal_blocks,4.999999728252937,4.999999728252937,0.0,4.991733079225828,4.991733079225828,0.0,150,0.020635333330574213,0.021775000095658463,0.02895999996326276,0.04089999947609613,3.095299999586132,0.0010317666665287106,57952,0.0,0
final_operational,yweweler,straffic_ch01_seg01,STRAFFIC,5,subtraction_initial_legacy,stft_subtraction,offline_file,4.999999728252937,4.176088103322953,-0.823911624929984,4.991733079225828,2.8097266101899865,-2.182006469035841,1,7.116700000551646,7.116700000551646,7.116700000551646,7.116700000551646,7.116700000551646,0.002372233333517215,0,0.0,0
final_operational,yweweler,straffic_ch01_seg01,STRAFFIC,5,subtraction_low_energy_offline,stft_subtraction,offline_file,4.999999728252937,10.895232171715607,5.89523244346267,4.991733079225828,10.527415842270845,5.535682763045017,1,7.341399999859277,7.341399999859277,7.341399999859277,7.341399999859277,7.341399999859277,0.0024471333332864256,0,0.0,0
final_operational,yweweler,straffic_ch01_seg01,STRAFFIC,5,subtraction_calibration_causal,stft_subtraction,causal_blocks,4.999999728252937,2.3854312757377203,-2.6145684525152166,4.991733079225828,-1.2243229198840093,-6.216055999109837,150,0.5054426666417081,0.7861550001507566,0.9548630003519064,1.3039000004937407,75.81639999625622,0.025272133332085406,60900,0.0,13
final_operational,yweweler,straffic_ch01_seg01,STRAFFIC,5,subtraction_adaptive_causal,stft_subtraction,causal_blocks,4.999999728252937,9.27242425695223,4.272424528699292,4.991733079225828,8.911933709169087,3.9202006299432597,150,1.2929479999972198,1.7984100003559425,2.2840820001420066,2.6595999997880426,193.94219999958295,0.06464739999986098,60900,0.4,13
final_operational,yweweler,straffic_ch01_seg01,STRAFFIC,5,wiener_initial_legacy,stft_wiener,offline_file,4.999999728252937,4.192313763600886,-0.8076859646520509,4.991733079225828,2.11121240830587,-2.8805206709199576,1,3.978099999585538,3.978099999585538,3.978099999585538,3.978099999585538,3.978099999585538,0.0013260333331951795,0,0.0,0
final_operational,yweweler,straffic_ch01_seg01,STRAFFIC,5,wiener_low_energy_offline,stft_wiener,offline_file,4.999999728252937,7.380302990106515,2.3803032618535784,4.991733079225828,7.241490042697087,2.2497569634712598,1,5.818900000122085,5.818900000122085,5.818900000122085,5.818900000122085,5.818900000122085,0.0019396333333740283,0,0.0,0
final_operational,yweweler,straffic_ch01_seg01,STRAFFIC,5,wiener_adaptive_causal,stft_wiener,causal_blocks,4.999999728252937,6.2565585441500495,1.2565588158971126,4.991733079225828,6.192118026314512,1.2003849470886845,150,1.2232940000406718,1.7833600003086751,2.389073000085771,3.688700000566314,183.49410000610078,0.06116470000203359,60900,0.4,13
final_operational,yweweler,straffic_ch01_seg01,STRAFFIC,10,bypass,baseline,causal_blocks,9.999999708112004,9.999999708112004,0.0,9.995358900041529,9.995358900041529,0.0,150,0.02148266662819272,0.027794999959951334,0.03932800003894951,0.0608000000283937,3.2223999942289083,0.0010741333314096362,57952,0.0,0
final_operational,yweweler,straffic_ch01_seg01,STRAFFIC,10,subtraction_initial_legacy,stft_subtraction,offline_file,9.999999708112004,4.888959980172684,-5.111039727939319,9.995358900041529,5.327367365662722,-4.667991534378807,1,7.116499999938242,7.116499999938242,7.116499999938242,7.116499999938242,7.116499999938242,0.0023721666666460806,0,0.0,0
final_operational,yweweler,straffic_ch01_seg01,STRAFFIC,10,subtraction_low_energy_offline,stft_subtraction,offline_file,9.999999708112004,15.881198549786111,5.881198841674108,9.995358900041529,15.87024972584521,5.874890825803682,1,10.245800000120653,10.245800000120653,10.245800000120653,10.245800000120653,10.245800000120653,0.0034152666667068843,0,0.0,0
final_operational,yweweler,straffic_ch01_seg01,STRAFFIC,10,subtraction_calibration_causal,stft_subtraction,causal_blocks,9.999999708112004,2.6684349601693045,-7.331564747942699,9.995358900041529,-0.2716738097146832,-10.267032709756212,150,0.5031946666713338,0.8424149996699266,1.0310739999295035,1.1167000002387795,75.47920000070008,0.02515973333356669,60900,0.0,13
final_operational,yweweler,straffic_ch01_seg01,STRAFFIC,10,subtraction_adaptive_causal,stft_subtraction,causal_blocks,9.999999708112004,13.742158374540484,3.7421586664284803,9.995358900041529,13.558977366447703,3.563618466406174,150,1.4086933333358804,1.9120000001748847,7.819423999644633,9.031000000504719,211.30400000038208,0.07043466666679403,60900,0.5,13
final_operational,yweweler,straffic_ch01_seg01,STRAFFIC,10,wiener_initial_legacy,stft_wiener,offline_file,9.999999708112004,5.724273304291918,-4.2757264038200855,9.995358900041529,5.016621803325744,-4.9787370967157845,1,5.273800000395568,5.273800000395568,5.273800000395568,5.273800000395568,5.273800000395568,0.0017579333334651892,0,0.0,0
final_operational,yweweler,straffic_ch01_seg01,STRAFFIC,10,wiener_low_energy_offline,stft_wiener,offline_file,9.999999708112004,12.642839435529572,2.6428397274175683,9.995358900041529,12.57930815444401,2.583949254402482,1,3.818199999841454,3.818199999841454,3.818199999841454,3.818199999841454,3.818199999841454,0.0012727333332804847,0,0.0,0
final_operational,yweweler,straffic_ch01_seg01,STRAFFIC,10,wiener_adaptive_causal,stft_wiener,causal_blocks,9.999999708112004,11.131689217749944,1.1316895096379405,9.995358900041529,11.086955977064756,1.091597077023227,150,1.1884686666295845,1.5024799999082459,2.274222999431,5.63010000041686,178.27029999443766,0.059423433331479224,60900,0.5,13
final_operational,yweweler,straffic_ch01_seg02,STRAFFIC,-5,bypass,baseline,causal_blocks,-5.0000002873083735,-5.0000002873083735,0.0,-5.078113473659355,-5.078113473659355,0.0,150,0.027188666705721214,0.042204999954265056,0.049955000176851165,0.2801000000545173,4.078300005858182,0.0013594333352860606,57952,0.0,0
final_operational,yweweler,straffic_ch01_seg02,STRAFFIC,-5,subtraction_initial_legacy,stft_subtraction,offline_file,-5.0000002873083735,1.1802571483856836,6.180257435694057,-5.078113473659355,-3.1345880298928916,1.9435254437664637,1,7.364500000221597,7.364500000221597,7.364500000221597,7.364500000221597,7.364500000221597,0.002454833333407199,0,0.0,0
final_operational,yweweler,straffic_ch01_seg02,STRAFFIC,-5,subtraction_low_energy_offline,stft_subtraction,offline_file,-5.0000002873083735,1.7681396999076184,6.768139987215992,-5.078113473659355,-1.47462005987903,3.6034934137803254,1,7.840700000087963,7.840700000087963,7.840700000087963,7.840700000087963,7.840700000087963,0.002613566666695988,0,0.0,0
final_operational,yweweler,straffic_ch01_seg02,STRAFFIC,-5,subtraction_calibration_causal,stft_subtraction,causal_blocks,-5.0000002873083735,-0.6275799251180524,4.372420362190321,-5.078113473659355,-7.2650192471043535,-2.186905773444998,150,0.5096686666972042,0.8368799999971087,0.9445720000439902,1.2665000003835303,76.45030000458064,0.025483433334860212,60900,0.0,13
final_operational,yweweler,straffic_ch01_seg02,STRAFFIC,-5,subtraction_adaptive_causal,stft_subtraction,causal_blocks,-5.0000002873083735,0.303145276747861,5.303145564056234,-5.078113473659355,-2.060517980827411,3.017595492831944,150,1.2786066666679592,1.7017949999171829,2.2817000002669348,2.627099999699567,191.7910000001939,0.06393033333339797,60900,0.02666666666666667,13
final_operational,yweweler,straffic_ch01_seg02,STRAFFIC,-5,wiener_initial_legacy,stft_wiener,offline_file,-5.0000002873083735,-0.13949885770853868,4.860501429599835,-5.078113473659355,-3.4528260487134466,1.6252874249459088,1,3.919800000403484,3.919800000403484,3.919800000403484,3.919800000403484,3.919800000403484,0.0013066000001344946,0,0.0,0
final_operational,yweweler,straffic_ch01_seg02,STRAFFIC,-5,wiener_low_energy_offline,stft_wiener,offline_file,-5.0000002873083735,-1.6077972103523577,3.392203076956016,-5.078113473659355,-3.076089578520434,2.0020238951389215,1,3.8579000001845998,3.8579000001845998,3.8579000001845998,3.8579000001845998,3.8579000001845998,0.0012859666667282,0,0.0,0
final_operational,yweweler,straffic_ch01_seg02,STRAFFIC,-5,wiener_adaptive_causal,stft_wiener,causal_blocks,-5.0000002873083735,-2.3938812116665082,2.6061190756418653,-5.078113473659355,-3.072552099632937,2.0055613740264184,150,1.29724466669965,1.8870400002924708,3.3168810005190608,6.529700000101002,194.5867000049475,0.06486223333498249,60900,0.02666666666666667,13
final_operational,yweweler,straffic_ch01_seg02,STRAFFIC,0,bypass,baseline,causal_blocks,-3.0497770081177186e-07,-3.0497770081177186e-07,0.0,-0.043790450052729926,-0.043790450052729926,0.0,150,0.02399800000906301,0.03086499978053325,0.11161200029164264,0.2655000007507624,3.5997000013594516,0.0011999000004531506,57952,0.0,0
final_operational,yweweler,straffic_ch01_seg02,STRAFFIC,0,subtraction_initial_legacy,stft_subtraction,offline_file,-3.0497770081177186e-07,3.962928460904937,3.962928765882638,-0.043790450052729926,2.1792083380993743,2.222998788152104,1,8.025800000723393,8.025800000723393,8.025800000723393,8.025800000723393,8.025800000723393,0.0026752666669077976,0,0.0,0
final_operational,yweweler,straffic_ch01_seg02,STRAFFIC,0,subtraction_low_energy_offline,stft_subtraction,offline_file,-3.0497770081177186e-07,6.102170900278628,6.102171205256329,-0.043790450052729926,4.89057550720776,4.93436595726049,1,7.607800000187126,7.607800000187126,7.607800000187126,7.607800000187126,7.607800000187126,0.002535933333395709,0,0.0,0
final_operational,yweweler,straffic_ch01_seg02,STRAFFIC,0,subtraction_calibration_causal,stft_subtraction,causal_blocks,-3.0497770081177186e-07,1.5715592567332908,1.5715595617109916,-0.043790450052729926,-3.3627661766404415,-3.318975726587712,150,0.5271606666246953,0.8425600000464324,1.0489830001824882,2.063099999759288,79.0740999937043,0.026358033331234765,60900,0.0,13
final_operational,yweweler,straffic_ch01_seg02,STRAFFIC,0,subtraction_adaptive_causal,stft_subtraction,causal_blocks,-3.0497770081177186e-07,4.711906370230549,4.71190667520825,-0.043790450052729926,3.3520995086252574,3.395889958677987,150,1.327723333264051,1.856164999799147,2.7023539997026074,7.250900000144611,199.15849998960766,0.06638616666320256,60900,0.14666666666666667,13
final_operational,yweweler,straffic_ch01_seg02,STRAFFIC,0,wiener_initial_legacy,stft_wiener,offline_file,-3.0497770081177186e-07,4.0031802016410385,4.003180506618739,-0.043790450052729926,1.820074615303751,1.863865065356481,1,4.170500000327593,4.170500000327593,4.170500000327593,4.170500000327593,4.170500000327593,0.0013901666667758643,0,0.0,0
final_operational,yweweler,straffic_ch01_seg02,STRAFFIC,0,wiener_low_energy_offline,stft_wiener,offline_file,-3.0497770081177186e-07,3.5191904074513354,3.5191907124290362,-0.043790450052729926,2.8204182721980993,2.864208722250829,1,5.744600000070932,5.744600000070932,5.744600000070932,5.744600000070932,5.744600000070932,0.0019148666666903107,0,0.0,0
final_operational,yweweler,straffic_ch01_seg02,STRAFFIC,0,wiener_adaptive_causal,stft_wiener,causal_blocks,-3.0497770081177186e-07,2.524713875959521,2.524714180937222,-0.043790450052729926,2.1144080670020697,2.1581985170547995,150,1.3164646666882618,1.9359800000529501,5.165284000122462,9.371400000418362,197.46970000323927,0.06582323333441309,60900,0.14666666666666667,13
final_operational,yweweler,straffic_ch01_seg02,STRAFFIC,5,bypass,baseline,causal_blocks,4.999999979362904,4.999999979362904,0.0,4.975451690754142,4.975451690754142,0.0,150,0.026863333356838364,0.03773000012188276,0.050109000039810725,0.3538000000844477,4.029500003525754,0.001343166667841918,57952,0.0,0
final_operational,yweweler,straffic_ch01_seg02,STRAFFIC,5,subtraction_initial_legacy,stft_subtraction,offline_file,4.999999979362904,4.932972778771661,-0.06702720059124356,4.975451690754142,5.499138618258611,0.5236869275044684,1,7.106000000021595,7.106000000021595,7.106000000021595,7.106000000021595,7.106000000021595,0.002368666666673865,0,0.0,0
final_operational,yweweler,straffic_ch01_seg02,STRAFFIC,5,subtraction_low_energy_offline,stft_subtraction,offline_file,4.999999979362904,9.956137522028751,4.9561375426658465,4.975451690754142,9.828681046927363,4.8532293561732205,1,10.431199999402452,10.431199999402452,10.431199999402452,10.431199999402452,10.431199999402452,0.003477066666467484,0,0.0,0
final_operational,yweweler,straffic_ch01_seg02,STRAFFIC,5,subtraction_calibration_causal,stft_subtraction,causal_blocks,4.999999979362904,2.406410222435265,-2.5935897569276394,4.975451690754142,-1.1627064635937328,-6.138158154347876,150,0.5289926666349251,0.8307550000608896,1.0969049994218938,1.4748000003237394,79.34889999523875,0.026449633331746252,60900,0.0,13
final_operational,yweweler,straffic_ch01_seg02,STRAFFIC,5,subtraction_adaptive_causal,stft_subtraction,causal_blocks,4.999999979362904,8.843959809997825,3.8439598306349207,4.975451690754142,8.237235938312812,3.26178424755867,150,1.2722406666580355,1.6999050001231806,1.9862180002655778,2.222099999926286,190.83609999870532,0.06361203333290177,60900,0.3,13
final_operational,yweweler,straffic_ch01_seg02,STRAFFIC,5,wiener_initial_legacy,stft_wiener,offline_file,4.999999979362904,5.943721393226217,0.9437214138633125,4.975451690754142,5.415903679615357,0.4404519888612146,1,4.076600000189501,4.076600000189501,4.076600000189501,4.076600000189501,4.076600000189501,0.0013588666667298337,0,0.0,0
final_operational,yweweler,straffic_ch01_seg02,STRAFFIC,5,wiener_low_energy_offline,stft_wiener,offline_file,4.999999979362904,8.37721670646301,3.3772167271001052,4.975451690754142,8.04841146409666,3.072959773342517,1,4.300500000681495,4.300500000681495,4.300500000681495,4.300500000681495,4.300500000681495,0.0014335000002271652,0,0.0,0
final_operational,yweweler,straffic_ch01_seg02,STRAFFIC,5,wiener_adaptive_causal,stft_wiener,causal_blocks,4.999999979362904,7.3548403864840655,2.354840407121161,4.975451690754142,7.122512217486747,2.147060526732605,150,1.6313153333370185,2.2039850001419836,11.785048999809032,24.93970000068657,244.6973000005528,0.08156576666685093,60900,0.3,13
final_operational,yweweler,straffic_ch01_seg02,STRAFFIC,10,bypass,baseline,causal_blocks,9.999999781593278,9.999999781593278,0.0,9.986253292007184,9.986253292007184,0.0,150,0.02081133338530587,0.021919999880992684,0.034603000240167554,0.046299999667098746,3.12170000779588,0.0010405666692652933,57952,0.0,0
final_operational,yweweler,straffic_ch01_seg02,STRAFFIC,10,subtraction_initial_legacy,stft_subtraction,offline_file,9.999999781593278,5.162043003267232,-4.8379567783260455,9.986253292007184,6.6834037720732455,-3.3028495199339387,1,7.754299999760406,7.754299999760406,7.754299999760406,7.754299999760406,7.754299999760406,0.002584766666586802,0,0.0,0
final_operational,yweweler,straffic_ch01_seg02,STRAFFIC,10,subtraction_low_energy_offline,stft_subtraction,offline_file,9.999999781593278,13.600412956998976,3.6004131754056985,9.986253292007184,14.013596737765962,4.027343445758778,1,7.4513999998089275,7.4513999998089275,7.4513999998089275,7.4513999998089275,7.4513999998089275,0.002483799999936309,0,0.0,0
final_operational,yweweler,straffic_ch01_seg02,STRAFFIC,10,subtraction_calibration_causal,stft_subtraction,causal_blocks,9.999999781593278,2.6719969971618966,-7.328002784431382,9.986253292007184,-0.2548262027701032,-10.241079494777287,150,0.537871333296304,0.8401949996368784,1.236610999931143,2.1055999995951424,80.6806999944456,0.0268935666648152,60900,0.0,13
final_operational,yweweler,straffic_ch01_seg02,STRAFFIC,10,subtraction_adaptive_causal,stft_subtraction,causal_blocks,9.999999781593278,12.610330317458157,2.610330535864879,9.986253292007184,12.504384761302331,2.518131469295147,150,1.4698933332995996,2.2139800002605625,2.7393499995469024,8.489600000757491,220.48399999493995,0.07349466666497999,60900,0.38666666666666666,13
final_operational,yweweler,straffic_ch01_seg02,STRAFFIC,10,wiener_initial_legacy,stft_wiener,offline_file,9.999999781593278,6.460412193524495,-3.539587588068783,9.986253292007184,6.827374711080804,-3.1588785809263804,1,3.9930000002641464,3.9930000002641464,3.9930000002641464,3.9930000002641464,3.9930000002641464,0.0013310000000880489,0,0.0,0
final_operational,yweweler,straffic_ch01_seg02,STRAFFIC,10,wiener_low_energy_offline,stft_wiener,offline_file,9.999999781593278,13.062122193018507,3.0621224114252286,9.986253292007184,12.912480526153063,2.9262272341458786,1,3.922699999748147,3.922699999748147,3.922699999748147,3.922699999748147,3.922699999748147,0.0013075666665827157,0,0.0,0
final_operational,yweweler,straffic_ch01_seg02,STRAFFIC,10,wiener_adaptive_causal,stft_wiener,causal_blocks,9.999999781593278,12.040249012735211,2.0402492311419334,9.986253292007184,11.906458898120585,1.9202056061134005,150,1.194488666678808,1.7386150002039347,1.952332000209935,2.3157000005085138,179.1733000018212,0.0597244333339404,60900,0.38666666666666666,13
final_operational,yweweler,straffic_ch01_seg03,STRAFFIC,-5,bypass,baseline,causal_blocks,-4.999999945162558,-4.999999945162558,0.0,-4.930240939969221,-4.930240939969221,0.0,150,0.02134466663846979,0.02330999964215152,0.04453400005331784,0.06320000011328375,3.2016999957704684,0.0010672333319234895,57952,0.0,0
final_operational,yweweler,straffic_ch01_seg03,STRAFFIC,-5,subtraction_initial_legacy,stft_subtraction,offline_file,-4.999999945162558,1.1437817577729013,6.143781702935459,-4.930240939969221,-3.6631545263821446,1.2670864135870765,1,11.726900000212481,11.726900000212481,11.726900000212481,11.726900000212481,11.726900000212481,0.003908966666737494,0,0.0,0
final_operational,yweweler,straffic_ch01_seg03,STRAFFIC,-5,subtraction_low_energy_offline,stft_subtraction,offline_file,-4.999999945162558,3.050791124426415,8.050791069588973,-4.930240939969221,0.28468361739841336,5.214924557367635,1,8.153100000527047,8.153100000527047,8.153100000527047,8.153100000527047,8.153100000527047,0.0027177000001756824,0,0.0,0
final_operational,yweweler,straffic_ch01_seg03,STRAFFIC,-5,subtraction_calibration_causal,stft_subtraction,causal_blocks,-4.999999945162558,0.693179666510792,5.69317961167335,-4.930240939969221,-5.450967592030802,-0.5207266520615805,150,0.5076993333750579,0.7540299996435349,1.1146350003218668,1.4215000001058797,76.15490000625869,0.025384966668752895,60900,0.0,13
final_operational,yweweler,straffic_ch01_seg03,STRAFFIC,-5,subtraction_adaptive_causal,stft_subtraction,causal_blocks,-4.999999945162558,0.9400929822243775,5.940092927386935,-4.930240939969221,-1.215879776626057,3.714361163343164,150,1.2728353333113773,1.6500400001859816,2.0295300003454018,2.529299999878276,190.9252999967066,0.06364176666556887,60900,0.04666666666666667,13
final_operational,yweweler,straffic_ch01_seg03,STRAFFIC,-5,wiener_initial_legacy,stft_wiener,offline_file,-4.999999945162558,-0.6581832643943595,4.341816680768199,-4.930240939969221,-4.409278884022322,0.5209620559468995,1,3.7227000002530986,3.7227000002530986,3.7227000002530986,3.7227000002530986,3.7227000002530986,0.0012409000000843662,0,0.0,0
final_operational,yweweler,straffic_ch01_seg03,STRAFFIC,-5,wiener_low_energy_offline,stft_wiener,offline_file,-4.999999945162558,-0.665964490299074,4.334035454863484,-4.930240939969221,-2.009836044855152,2.920404895114069,1,3.7658000001101755,3.7658000001101755,3.7658000001101755,3.7658000001101755,3.7658000001101755,0.0012552666667033918,0,0.0,0
final_operational,yweweler,straffic_ch01_seg03,STRAFFIC,-5,wiener_adaptive_causal,stft_wiener,causal_blocks,-4.999999945162558,-2.440049158018336,2.559950787144222,-4.930240939969221,-2.958514070231585,1.971726869737636,150,1.3348680000187112,2.0890350001081965,2.9642200001308012,17.070699999749195,200.23020000280667,0.06674340000093555,60900,0.04666666666666667,13
final_operational,yweweler,straffic_ch01_seg03,STRAFFIC,0,bypass,baseline,causal_blocks,3.447803565083639e-08,3.447803565083639e-08,0.0,0.03943705920791278,0.03943705920791278,0.0,150,0.02082133334018484,0.0221549999423587,0.029233999966891102,0.04330000047048088,3.123200001027726,0.001041066667009242,57952,0.0,0
final_operational,yweweler,straffic_ch01_seg03,STRAFFIC,0,subtraction_initial_legacy,stft_subtraction,offline_file,3.447803565083639e-08,3.4831786487880674,3.483178614310032,0.03943705920791278,1.192655068858858,1.1532180096509452,1,8.162199999787845,8.162199999787845,8.162199999787845,8.162199999787845,8.162199999787845,0.002720733333262615,0,0.0,0
final_operational,yweweler,straffic_ch01_seg03,STRAFFIC,0,subtraction_low_energy_offline,stft_subtraction,offline_file,3.447803565083639e-08,6.992684270206495,6.9926842357284595,0.03943705920791278,6.234761452548581,6.195324393340668,1,7.223099999464466,7.223099999464466,7.223099999464466,7.223099999464466,7.223099999464466,0.0024076999998214887,0,0.0,0
final_operational,yweweler,straffic_ch01_seg03,STRAFFIC,0,subtraction_calibration_causal,stft_subtraction,causal_blocks,3.447803565083639e-08,2.026979225087459,2.0269791906094237,0.03943705920791278,-2.2515983998363165,-2.2910354590442292,150,0.5266306666271703,0.8749349997287931,1.1314859999947653,1.3048999999227817,78.99459999407554,0.026331533331358514,60900,0.0,13
final_operational,yweweler,straffic_ch01_seg03,STRAFFIC,0,subtraction_adaptive_causal,stft_subtraction,causal_blocks,3.447803565083639e-08,5.3975404396090445,5.397540405131009,0.03943705920791278,4.202317600404568,4.162880541196655,150,1.2962173333289684,1.6650850001497017,2.338254000205778,7.412500000100408,194.43259999934526,0.06481086666644842,60900,0.17333333333333334,13
final_operational,yweweler,straffic_ch01_seg03,STRAFFIC,0,wiener_initial_legacy,stft_wiener,offline_file,3.447803565083639e-08,3.0818716878570527,3.081871653379017,0.03943705920791278,0.4073710326820442,0.3679339734741314,1,3.6283999997976935,3.6283999997976935,3.6283999997976935,3.6283999997976935,3.6283999997976935,0.001209466666599231,0,0.0,0
final_operational,yweweler,straffic_ch01_seg03,STRAFFIC,0,wiener_low_energy_offline,stft_wiener,offline_file,3.447803565083639e-08,4.413620537890272,4.413620503412236,0.03943705920791278,3.765355309713694,3.725918250505781,1,3.9746000002196524,3.9746000002196524,3.9746000002196524,3.9746000002196524,3.9746000002196524,0.001324866666739884,0,0.0,0
final_operational,yweweler,straffic_ch01_seg03,STRAFFIC,0,wiener_adaptive_causal,stft_wiener,causal_blocks,3.447803565083639e-08,2.51181194426983,2.5118119097917946,0.03943705920791278,2.213955172385493,2.17451811317758,150,1.2599919999653746,1.663999999982479,3.880661999992285,10.375500000009197,188.99879999480618,0.06299959999826872,60900,0.17333333333333334,13
final_operational,yweweler,straffic_ch01_seg03,STRAFFIC,5,bypass,baseline,causal_blocks,5.000000172855873,5.000000172855873,0.0,5.022339279693123,5.022339279693123,0.0,150,0.020951333329624806,0.022874999785926768,0.03517299980558162,0.042300000131945126,3.142699999443721,0.0010475666664812404,57952,0.0,0
final_operational,yweweler,straffic_ch01_seg03,STRAFFIC,5,subtraction_initial_legacy,stft_subtraction,offline_file,5.000000172855873,4.585136800125261,-0.41486337273061213,5.022339279693123,4.51893516086355,-0.5034041188295735,1,7.263300000886375,7.263300000886375,7.263300000886375,7.263300000886375,7.263300000886375,0.0024211000002954584,0,0.0,0
final_operational,yweweler,straffic_ch01_seg03,STRAFFIC,5,subtraction_low_energy_offline,stft_subtraction,offline_file,5.000000172855873,10.923258456840927,5.923258283985054,5.022339279693123,11.152869477527185,6.130530197834061,1,7.024800000181131,7.024800000181131,7.024800000181131,7.024800000181131,7.024800000181131,0.0023416000000603767,0,0.0,0
final_operational,yweweler,straffic_ch01_seg03,STRAFFIC,5,subtraction_calibration_causal,stft_subtraction,causal_blocks,5.000000172855873,2.5488837012288545,-2.451116471627018,5.022339279693123,-0.6525705916594932,-5.674909871352616,150,0.5585839999912423,0.8714200002032156,1.662267000046995,2.1226999997452367,83.78759999868635,0.027929199999562115,60900,0.0,13
final_operational,yweweler,straffic_ch01_seg03,STRAFFIC,5,subtraction_adaptive_causal,stft_subtraction,causal_blocks,5.000000172855873,9.643187023207746,4.643186850351873,5.022339279693123,9.150915990727135,4.128576711034012,150,1.283447999976488,1.7374600001858194,2.664369999893095,2.773700000034296,192.5171999964732,0.0641723999988244,60900,0.2866666666666667,13
final_operational,yweweler,straffic_ch01_seg03,STRAFFIC,5,wiener_initial_legacy,stft_wiener,offline_file,5.000000172855873,5.272430386126919,0.2724302132710461,5.022339279693123,4.052759645247214,-0.9695796344459096,1,3.8974999997662962,3.8974999997662962,3.8974999997662962,3.8974999997662962,3.8974999997662962,0.0012991666665887653,0,0.0,0
final_operational,yweweler,straffic_ch01_seg03,STRAFFIC,5,wiener_low_energy_offline,stft_wiener,offline_file,5.000000172855873,9.500292332009042,4.50029215915317,5.022339279693123,9.236683367352427,4.2143440876593035,1,4.509800000050745,4.509800000050745,4.509800000050745,4.509800000050745,4.509800000050745,0.0015032666666835819,0,0.0,0
final_operational,yweweler,straffic_ch01_seg03,STRAFFIC,5,wiener_adaptive_causal,stft_wiener,causal_blocks,5.000000172855873,7.426833901082207,2.4268337282263346,5.022339279693123,7.262436206221324,2.2400969265282002,150,1.2422786666320462,1.9749699995827534,2.5985700002001932,2.8658000001087203,186.34179999480693,0.06211393333160231,60900,0.2866666666666667,13
final_operational,yweweler,straffic_ch01_seg03,STRAFFIC,10,bypass,baseline,causal_blocks,10.00000014537384,10.00000014537384,0.0,10.012709580509235,10.012709580509235,0.0,150,0.026260000031470554,0.038454999958048575,0.05432600055428336,0.2454999994370155,3.939000004720583,0.0013130000015735277,57952,0.0,0
final_operational,yweweler,straffic_ch01_seg03,STRAFFIC,10,subtraction_initial_legacy,stft_subtraction,offline_file,10.00000014537384,5.0240835207849575,-4.975916624588882,10.012709580509235,6.257670579188054,-3.7550390013211805,1,6.915500000104657,6.915500000104657,6.915500000104657,6.915500000104657,6.915500000104657,0.0023051666667015525,0,0.0,0
final_operational,yweweler,straffic_ch01_seg03,STRAFFIC,10,subtraction_low_energy_offline,stft_subtraction,offline_file,10.00000014537384,14.597748273861429,4.59774812848759,10.012709580509235,15.232379501097707,5.219669920588473,1,8.29169999997248,8.29169999997248,8.29169999997248,8.29169999997248,8.29169999997248,0.0027638999999908265,0,0.0,0
final_operational,yweweler,straffic_ch01_seg03,STRAFFIC,10,subtraction_calibration_causal,stft_subtraction,causal_blocks,10.00000014537384,2.7234175231406303,-7.276582622233208,10.012709580509235,-0.04840003737842855,-10.061109617887663,150,0.5893993333484104,1.0849300000700157,1.8359400002555022,2.4667000006957096,88.40990000226157,0.029469966667420522,60900,0.0,13
final_operational,yweweler,straffic_ch01_seg03,STRAFFIC,10,subtraction_adaptive_causal,stft_subtraction,causal_blocks,10.00000014537384,13.558849762731622,3.558849617357783,10.012709580509235,13.522236125862115,3.5095265453528803,150,1.488547999997536,2.2631899998032163,3.1746950001888647,6.014300000060757,223.2821999996304,0.0744273999998768,60900,0.3933333333333333,13
final_operational,yweweler,straffic_ch01_seg03,STRAFFIC,10,wiener_initial_legacy,stft_wiener,offline_file,10.00000014537384,6.216061775678839,-3.783938369695,10.012709580509235,6.189484197109895,-3.8232253833993397,1,3.787900000133959,3.787900000133959,3.787900000133959,3.787900000133959,3.787900000133959,0.0012626333333779864,0,0.0,0
final_operational,yweweler,straffic_ch01_seg03,STRAFFIC,10,wiener_low_energy_offline,stft_wiener,offline_file,10.00000014537384,14.314941427486518,4.314941282112679,10.012709580509235,14.202300235220997,4.189590654711763,1,3.822099999524653,3.822099999524653,3.822099999524653,3.822099999524653,3.822099999524653,0.0012740333331748843,0,0.0,0
final_operational,yweweler,straffic_ch01_seg03,STRAFFIC,10,wiener_adaptive_causal,stft_wiener,causal_blocks,10.00000014537384,12.26368618902157,2.2636860436477306,10.012709580509235,12.171191175420537,2.1584815949113025,150,1.28915466667119,1.8959800001539397,5.244086000120606,9.355799999866576,193.37320000067848,0.06445773333355949,60900,0.3933333333333333,13
